{"features":[{"geometry":{"coordinates":[[[61.8,30.85],[61.83,31.03],[61.69,31.37],[60.82,31.49],[60.77,32.03],[60.83,32.25],[60.56,33.14],[60.92,33.51],[60.51,33.64],[60.49,34.09],[60.64,34.31],[60.89,34.32],[60.7,34.52],[60.95,34.64],[61.07,34.81],[61.15,35.1],[61.1,35.26],[61.19,35.3],[61.27,35.62],[61.6,35.43],[62.01,35.44],[62.23,35.29],[62.29,35.14],[62.43,35.28],[62.69,35.25],[63.08,35.44],[63.08,35.62],[63.21,35.7],[63.1,35.86],[63.43,35.87],[63.89,36.03],[64.05,36.0],[64.06,36.11],[64.48,36.27],[64.78,36.94],[64.78,37.12],[65.06,37.23],[65.54,37.26],[65.76,37.58],[66.29,37.33],[67.01,37.38],[67.26,37.19],[67.5,37.28],[67.75,37.23],[67.77,37.11],[68.02,36.93],[68.67,37.28],[68.82,37.25],[68.84,37.33],[68.92,37.28],[68.89,37.34],[69.31,37.12],[69.44,37.22],[69.38,37.44],[69.51,37.58],[69.92,37.62],[70.16,37.54],[70.28,37.7],[70.17,37.95],[70.26,37.94],[70.47,38.12],[70.66,38.41],[70.95,38.47],[71.36,38.25],[71.26,37.93],[71.6,37.9],[71.43,37.07],[71.65,36.69],[71.84,36.7],[72.26,36.97],[72.66,37.03],[72.79,37.22],[73.3,37.46],[73.75,37.43],[73.74,37.34],[73.6,37.26],[73.71,37.22],[74.32,37.43],[74.66,37.39],[74.89,37.23],[74.79,37.21],[74.72,37.3],[74.49,37.23],[74.37,37.15],[74.54,36.96],[74.39,36.99],[74.04,36.82],[73.64,36.9],[72.63,36.83],[72.17,36.71],[72.17,36.65],[71.77,36.48],[71.78,36.4],[71.61,36.46],[71.56,36.33],[71.17,36.05],[71.46,35.79],[71.62,35.43],[71.53,35.3],[71.64,35.19],[71.47,34.95],[71.08,34.67],[71.07,34.56],[70.96,34.53],[71.12,34.36],[71.06,34.05],[70.52,33.94],[69.87,34.02],[69.85,33.93],[69.96,33.75],[70.12,33.72],[70.15,33.51],[70.29,33.32],[69.99,33.13],[69.49,33.03],[69.48,32.86],[69.38,32.77],[69.43,32.66],[69.23,32.46],[69.3,31.94],[69.04,31.67],[68.8,31.6],[68.68,31.77],[68.42,31.78],[68.55,31.75],[68.5,31.73],[68.14,31.82],[67.97,31.64],[67.57,31.53],[67.61,31.41],[67.77,31.39],[67.76,31.33],[67.35,31.21],[67.04,31.24],[66.94,31.31],[66.7,31.2],[66.55,30.98],[66.37,30.92],[66.27,30.6],[66.31,30.24],[66.22,30.06],[66.34,29.96],[66.2,29.84],[65.04,29.54],[64.48,29.57],[64.17,29.48],[64.09,29.39],[63.57,29.5],[62.48,29.41],[60.84,29.86],[61.8,30.85]]],"type":"Polygon"},"properties":{"name":"Afghanistan"},"type":"Feature"},{"geometry":{"coordinates":[[[32.99,34.67],[33.03,34.57],[32.76,34.65],[32.99,34.67]]],"type":"Polygon"},"properties":{"name":"Akrotiri Sovereign Base Area"},"type":"Feature"},{"geometry":{"coordinates":[[[[20.45,60.0],[20.28,59.96],[20.34,60.02],[20.45,60.0]]],[[[20.23,60.01],[20.18,59.97],[20.03,60.04],[20.16,60.09],[20.23,60.01]]],[[[20.39,60.03],[20.46,60.07],[20.45,60.04],[20.39,60.03]]],[[[19.91,60.1],[19.75,60.1],[19.85,60.18],[20.04,60.18],[20.04,60.09],[19.91,60.1]]],[[[20.2,60.09],[20.22,60.15],[20.3,60.12],[20.2,60.09]]],[[[19.57,60.13],[19.51,60.18],[19.58,60.26],[19.67,60.19],[19.57,60.13]]],[[[20.39,60.2],[20.35,60.24],[20.38,60.27],[20.44,60.25],[20.39,60.2]]],[[[20.91,59.93],[20.92,59.91],[20.87,59.92],[20.91,59.93]]],[[[20.98,59.92],[20.91,59.95],[20.99,59.95],[20.98,59.92]]],[[[20.59,60.01],[20.5,60.01],[20.54,60.06],[20.59,60.01]]],[[[20.64,60.13],[20.64,60.14],[20.68,60.14],[20.64,60.13]]],[[[20.66,60.21],[20.67,60.23],[20.72,60.21],[20.66,60.21]]],[[[20.85,60.27],[20.85,60.25],[20.79,60.24],[20.85,60.27]]],[[[20.76,60.37],[20.79,60.35],[20.74,60.31],[20.76,60.37]]],[[[21.06,60.47],[21.09,60.48],[21.09,60.45],[21.06,60.47]]]],"type":"MultiPolygon"},"properties":{"name":"Aland"},"type":"Feature"},{"geometry":{"coordinates":[[[20.3,39.72],[20.2,39.64],[19.99,39.69],[20.01,39.87],[19.91,39.91],[19.86,40.05],[19.48,40.21],[19.29,40.42],[19.47,40.35],[19.39,40.54],[19.45,40.55],[19.3,40.65],[19.38,40.91],[19.52,40.92],[19.5,41.0],[19.48,40.95],[19.45,40.93],[19.52,41.26],[19.39,41.41],[19.52,41.51],[19.44,41.59],[19.61,41.61],[19.59,41.82],[19.37,41.85],[19.37,42.1],[19.27,42.18],[19.7,42.65],[19.78,42.47],[20.04,42.56],[20.24,42.32],[20.5,42.21],[20.6,41.95],[20.5,41.73],[20.53,41.59],[20.44,41.55],[20.54,41.4],[20.5,41.24],[20.72,40.91],[20.96,40.89],[20.94,40.77],[21.04,40.66],[20.94,40.47],[20.77,40.42],[20.65,40.09],[20.3,39.99],[20.4,39.82],[20.28,39.8],[20.3,39.72]]],"type":"Polygon"},"properties":{"name":"Albania"},"type":"Feature"},{"geometry":{"coordinates":[[[-8.68,27.29],[-8.68,28.69],[-7.62,29.39],[-7.35,29.38],[-7.15,29.51],[-6.78,29.45],[-6.41,29.57],[-5.76,29.61],[-5.72,29.52],[-5.54,29.52],[-5.18,29.98],[-4.37,30.51],[-3.65,30.71],[-3.66,30.84],[-3.55,30.96],[-3.73,31.18],[-3.84,31.17],[-3.82,31.34],[-3.67,31.39],[-3.66,31.65],[-2.83,31.79],[-2.94,32.05],[-2.88,32.08],[-2.52,32.13],[-1.21,32.09],[-1.2,32.15],[-1.31,32.17],[-1.24,32.36],[-1.03,32.49],[-1.42,32.74],[-1.56,32.93],[-1.5,33.06],[-1.67,33.24],[-1.62,33.55],[-1.75,33.7],[-1.67,34.08],[-1.81,34.37],[-1.7,34.48],[-1.87,34.6],[-1.77,34.74],[-2.19,35.0],[-2.22,35.09],[-1.76,35.13],[-1.29,35.36],[-1.03,35.68],[-0.8,35.77],[-0.63,35.72],[-0.48,35.89],[-0.08,35.79],[0.34,36.21],[1.35,36.54],[2.35,36.64],[2.6,36.6],[2.93,36.81],[3.14,36.74],[3.23,36.81],[3.48,36.78],[3.87,36.92],[4.79,36.9],[5.3,36.64],[5.73,36.83],[6.2,36.9],[6.42,37.09],[6.95,36.89],[7.23,36.97],[7.22,37.09],[7.8,36.99],[7.77,36.89],[7.91,36.85],[8.23,36.96],[8.6,36.94],[8.64,36.84],[8.41,36.78],[8.43,36.66],[8.17,36.53],[8.36,36.43],[8.24,35.83],[8.34,35.54],[8.29,35.33],[8.43,35.24],[8.3,35.07],[8.24,34.65],[7.83,34.41],[7.77,34.24],[7.52,34.1],[7.48,33.89],[7.72,33.23],[8.09,33.09],[8.28,32.84],[8.33,32.53],[9.05,32.07],[9.52,30.23],[9.29,30.12],[9.67,29.61],[9.83,29.13],[9.78,28.27],[9.93,27.83],[9.72,27.29],[9.91,26.86],[9.9,26.65],[9.84,26.5],[9.48,26.35],[9.38,26.17],[10.01,25.33],[10.03,24.86],[10.19,24.75],[10.24,24.6],[10.41,24.47],[10.7,24.56],[11.54,24.3],[11.97,23.52],[7.48,20.87],[5.79,19.45],[3.33,18.98],[3.1,19.14],[3.26,19.39],[3.2,19.82],[2.4,20.06],[2.2,20.27],[2.07,20.21],[1.78,20.3],[1.56,20.6],[1.15,20.74],[1.15,21.1],[-5.17,25.21],[-8.68,27.29]]],"type":"Polygon"},"properties":{"name":"Algeria"},"type":"Feature"},{"geometry":{"coordinates":[[[[-168.16,-14.52],[-168.16,-14.53],[-168.17,-14.52],[-168.16,-14.52]]],[[[-170.83,-14.32],[-170.57,-14.26],[-170.66,-14.29],[-170.76,-14.37],[-170.83,-14.32]]],[[[-169.52,-14.27],[-169.54,-14.24],[-169.46,-14.22],[-169.52,-14.27]]],[[[-169.66,-14.19],[-169.68,-14.17],[-169.67,-14.17],[-169.66,-14.19]]],[[[-171.09,-11.05],[-171.07,-11.05],[-171.07,-11.06],[-171.09,-11.05]]]],"type":"MultiPolygon"},"properties":{"name":"American Samoa"},"type":"Feature"},{"geometry":{"coordinates":[[[1.47,42.64],[1.77,42.56],[1.64,42.47],[1.44,42.44],[1.47,42.64]]],"type":"Polygon"},"properties":{"name":"Andorra"},"type":"Feature"},{"geometry":{"coordinates":[[[[11.67,-16.56],[11.7,-16.5],[11.74,-16.71],[11.67,-16.56]]],[[[12.57,-17.23],[12.24,-17.22],[12.09,-17.14],[11.82,-17.26],[11.75,-17.23],[11.82,-16.48],[11.74,-15.86],[11.99,-15.62],[12.06,-15.23],[12.15,-15.17],[12.33,-14.43],[12.33,-14.09],[12.42,-13.88],[12.5,-13.86],[12.52,-13.43],[12.94,-12.98],[12.94,-12.82],[13.18,-12.6],[13.39,-12.57],[13.64,-12.25],[13.79,-11.79],[13.85,-11.11],[13.73,-10.76],[13.77,-10.68],[13.53,-10.41],[13.0,-9.09],[12.99,-9.04],[13.09,-8.89],[13.14,-8.87],[13.01,-9.08],[13.2,-8.82],[13.38,-8.76],[13.38,-8.35],[12.85,-7.27],[12.83,-6.91],[12.55,-6.63],[12.29,-6.1],[12.82,-6.03],[13.18,-5.86],[16.52,-5.89],[16.73,-6.19],[16.71,-6.47],[16.77,-6.71],[16.97,-7.01],[16.95,-7.2],[17.18,-7.43],[17.32,-7.75],[17.6,-8.1],[17.87,-8.04],[18.1,-8.11],[18.12,-8.02],[18.51,-8.0],[18.52,-7.93],[19.36,-8.0],[19.36,-7.57],[19.51,-7.48],[19.52,-7.0],[20.29,-7.0],[20.32,-6.92],[20.61,-6.92],[20.52,-7.29],[21.8,-7.3],[21.85,-7.59],[21.75,-8.0],[21.94,-8.46],[21.79,-9.41],[21.88,-9.66],[22.16,-9.93],[22.31,-10.37],[22.32,-10.76],[22.17,-10.85],[22.24,-11.25],[22.5,-11.04],[23.01,-11.1],[23.46,-10.96],[23.83,-11.03],[23.97,-10.87],[24.0,-10.98],[24.06,-11.41],[23.95,-11.64],[23.95,-12.15],[24.03,-12.39],[23.87,-12.79],[24.0,-13.0],[21.98,-13.0],[21.98,-16.17],[22.15,-16.6],[22.33,-16.67],[22.77,-17.17],[23.38,-17.64],[21.39,-18.01],[21.16,-17.93],[20.81,-18.03],[20.34,-17.85],[19.77,-17.89],[18.89,-17.8],[18.64,-17.64],[18.45,-17.39],[13.98,-17.42],[13.52,-17.12],[13.48,-17.01],[13.01,-16.98],[12.57,-17.23]]],[[[13.07,-4.66],[12.8,-4.74],[12.68,-4.92],[12.44,-5.06],[12.53,-5.16],[12.51,-5.73],[12.21,-5.76],[12.15,-5.62],[12.23,-5.47],[12.02,-5.05],[12.1,-5.08],[12.14,-5.01],[12.01,-5.02],[12.19,-4.76],[12.32,-4.78],[12.39,-4.61],[12.62,-4.56],[12.74,-4.4],[12.84,-4.4],[13.07,-4.66]]]],"type":"MultiPolygon"},"properties":{"name":"Angola"},"type":"Feature"},{"geometry":{"coordinates":[[[[-63.04,18.27],[-62.97,18.28],[-63.17,18.17],[-63.04,18.27]]],[[[-63.25,18.27],[-63.26,18.28],[-63.25,18.29],[-63.25,18.27]]]],"type":"MultiPolygon"},"properties":{"name":"Anguilla"},"type":"Feature"},{"geometry":{"coordinates":[[[[-169.86,-83.15],[-171.9,-82.84],[-168.79,-83.21],[-169.86,-83.15]]],[[[-162.4,-83.15],[-163.26,-83.08],[-163.81,-82.85],[-162.48,-82.88],[-161.58,-83.02],[-162.4,-83.15]]],[[[-158.04,-82.08],[-159.02,-81.79],[-157.81,-82.04],[-158.04,-82.08]]],[[[-163.66,-81.46],[-163.99,-81.4],[-163.85,-81.32],[-162.98,-81.27],[-160.68,-81.46],[-160.63,-81.5],[-160.69,-81.51],[-160.41,-81.57],[-163.75,-81.47],[-163.66,-81.46]]],[[[-154.99,-79.93],[-155.67,-79.82],[-153.89,-80.02],[-154.99,-79.93]]],[[[-155.72,-79.77],[-155.58,-79.78],[-155.79,-79.82],[-155.82,-79.78],[-155.72,-79.77]]],[[[-163.04,-79.78],[-163.16,-79.74],[-162.69,-79.81],[-163.4,-79.78],[-163.04,-79.78]]],[[[-158.95,-79.77],[-160.71,-79.85],[-163.48,-79.49],[-164.33,-79.29],[-164.22,-79.29],[-164.31,-79.22],[-164.18,-79.0],[-163.78,-78.93],[-163.83,-78.91],[-163.24,-78.71],[-162.14,-78.79],[-159.52,-79.47],[-158.95,-79.77]]],[[[-148.83,-77.45],[-149.21,-77.46],[-149.06,-77.42],[-148.83,-77.45]]],[[[-149.34,-77.28],[-148.92,-77.38],[-149.67,-77.3],[-149.34,-77.28]]],[[[-151.5,-77.29],[-151.51,-77.27],[-150.99,-77.22],[-150.35,-77.35],[-151.5,-77.29]]],[[[-153.47,-77.21],[-153.05,-77.24],[-153.11,-77.26],[-153.47,-77.21]]],[[[-147.46,-77.25],[-147.6,-77.18],[-147.19,-77.21],[-147.46,-77.25]]],[[[-154.19,-77.15],[-154.56,-77.11],[-154.28,-77.06],[-154.05,-77.1],[-154.19,-77.15]]],[[[-150.8,-76.99],[-150.39,-76.88],[-149.84,-76.88],[-149.22,-77.12],[-150.8,-76.99]]],[[[-149.3,-76.91],[-149.22,-76.9],[-148.44,-76.97],[-148.94,-77.03],[-149.3,-76.91]]],[[[-146.39,-76.89],[-147.03,-77.01],[-147.13,-76.88],[-147.07,-76.82],[-146.25,-76.88],[-146.12,-76.95],[-146.39,-76.89]]],[[[-149.49,-76.77],[-149.31,-76.71],[-148.31,-76.77],[-149.15,-76.84],[-149.49,-76.77]]],[[[-150.08,-76.74],[-150.6,-76.8],[-150.88,-76.74],[-150.21,-76.69],[-150.08,-76.74]]],[[[-148.81,-76.61],[-148.47,-76.68],[-149.15,-76.64],[-148.81,-76.61]]],[[[-147.73,-76.58],[-147.56,-76.66],[-148.01,-76.57],[-147.73,-76.58]]],[[[-147.06,-76.63],[-146.84,-76.7],[-146.95,-76.72],[-147.37,-76.62],[-147.26,-76.57],[-147.3,-76.52],[-147.16,-76.5],[-146.82,-76.58],[-146.79,-76.65],[-147.06,-76.63]]],[[[-146.66,-76.28],[-147.06,-76.25],[-147.46,-76.1],[-146.89,-76.12],[-146.66,-76.28]]],[[[-146.02,-75.62],[-146.16,-75.57],[-145.72,-75.52],[-145.41,-75.59],[-145.2,-75.69],[-146.02,-75.62]]],[[[-127.55,-74.64],[-128.09,-74.49],[-128.19,-74.32],[-127.24,-74.42],[-127.13,-74.47],[-127.23,-74.53],[-127.17,-74.55],[-127.55,-74.64]]],[[[-131.21,-74.61],[-131.85,-74.55],[-132.18,-74.42],[-131.67,-74.32],[-130.97,-74.41],[-130.97,-74.52],[-131.21,-74.61]]],[[[-132.59,-74.5],[-132.9,-74.43],[-132.5,-74.39],[-132.36,-74.43],[-132.59,-74.5]]],[[[-117.17,-74.36],[-117.4,-74.37],[-117.31,-74.31],[-116.99,-74.28],[-117.17,-74.36]]],[[[-132.18,-74.13],[-132.12,-74.15],[-132.3,-74.13],[-132.18,-74.13]]],[[[-121.03,-74.16],[-121.07,-74.28],[-120.94,-74.31],[-121.1,-74.35],[-122.24,-74.41],[-122.9,-74.34],[-123.03,-74.25],[-122.73,-74.22],[-122.95,-74.14],[-122.74,-74.0],[-122.33,-73.92],[-123.35,-73.84],[-123.07,-73.68],[-120.54,-73.75],[-120.38,-73.83],[-120.74,-73.88],[-120.29,-73.92],[-120.25,-74.0],[-121.03,-74.16]]],[[[-117.2,-74.2],[-117.4,-74.13],[-116.4,-73.87],[-116.14,-73.9],[-116.65,-74.07],[-116.49,-74.08],[-117.2,-74.2]]],[[[-119.64,-74.0],[-119.86,-73.88],[-119.77,-73.85],[-119.9,-73.82],[-119.12,-73.78],[-118.87,-73.89],[-119.5,-74.11],[-119.92,-74.1],[-119.64,-74.0]]],[[[-127.5,-73.43],[-127.15,-73.28],[-126.1,-73.3],[-125.6,-73.43],[-125.61,-73.52],[-125.21,-73.64],[-125.27,-73.7],[-125.88,-73.7],[-125.87,-73.78],[-125.26,-73.79],[-124.99,-73.88],[-124.9,-73.8],[-124.53,-73.73],[-124.03,-73.86],[-124.21,-73.93],[-123.75,-74.07],[-123.9,-74.18],[-123.81,-74.22],[-123.93,-74.26],[-125.2,-74.16],[-125.11,-74.12],[-126.48,-73.84],[-126.41,-73.78],[-126.55,-73.67],[-126.87,-73.65],[-127.01,-73.74],[-127.25,-73.73],[-127.17,-73.6],[-127.47,-73.55],[-127.43,-73.49],[-127.5,-73.43]]],[[[-105.04,-73.14],[-105.16,-73.01],[-104.96,-72.94],[-104.53,-73.17],[-104.86,-73.21],[-105.04,-73.14]]],[[[-97.94,-72.66],[-97.75,-72.68],[-97.94,-72.73],[-98.13,-72.69],[-97.94,-72.66]]],[[[-95.94,-72.55],[-96.71,-72.52],[-96.94,-72.58],[-97.26,-72.51],[-98.58,-72.57],[-98.67,-72.54],[-98.54,-72.46],[-99.4,-72.5],[-99.47,-72.46],[-99.19,-72.38],[-101.97,-72.19],[-102.32,-72.06],[-102.09,-71.97],[-100.13,-71.82],[-99.94,-71.89],[-100.45,-72.0],[-99.95,-71.98],[-99.86,-72.05],[-99.5,-71.93],[-98.69,-72.11],[-98.63,-72.1],[-98.79,-72.0],[-99.15,-71.92],[-98.86,-71.77],[-98.53,-71.76],[-97.98,-71.86],[-98.29,-71.97],[-98.23,-72.05],[-98.35,-72.16],[-98.07,-72.08],[-97.85,-72.12],[-97.95,-72.16],[-97.76,-72.14],[-97.89,-71.91],[-97.6,-71.89],[-97.47,-71.91],[-97.62,-71.95],[-97.36,-71.98],[-97.62,-72.1],[-97.39,-72.21],[-96.99,-71.85],[-96.36,-71.84],[-96.07,-71.91],[-96.14,-72.01],[-96.51,-72.01],[-96.38,-72.06],[-97.0,-72.21],[-96.72,-72.26],[-95.66,-72.05],[-95.59,-72.08],[-95.69,-72.09],[-95.72,-72.1],[-95.5,-72.15],[-95.64,-72.21],[-96.23,-72.23],[-96.42,-72.29],[-95.98,-72.26],[-95.43,-72.33],[-95.52,-72.4],[-96.1,-72.46],[-95.94,-72.55]]],[[[-66.7,-79.67],[-65.55,-79.78],[-65.9,-79.84],[-65.45,-79.95],[-66.31,-80.08],[-66.42,-79.96],[-67.03,-79.9],[-66.81,-79.79],[-67.84,-79.56],[-65.79,-79.62],[-66.7,-79.67]]],[[[-67.51,-79.4],[-67.24,-79.46],[-67.42,-79.5],[-68.57,-79.44],[-67.47,-79.31],[-68.45,-79.32],[-68.02,-79.23],[-67.06,-79.26],[-67.51,-79.4]]],[[[-67.6,-79.14],[-68.23,-79.17],[-68.03,-79.13],[-67.6,-79.14]]],[[[-68.95,-79.1],[-69.66,-79.41],[-69.5,-79.42],[-69.82,-79.46],[-69.49,-79.53],[-69.74,-79.57],[-69.65,-79.6],[-70.34,-79.7],[-71.44,-79.65],[-71.82,-79.48],[-71.6,-79.2],[-70.59,-78.89],[-67.58,-78.37],[-66.99,-78.31],[-66.61,-78.36],[-68.95,-79.1]]],[[[-75.52,-78.81],[-75.49,-78.86],[-75.66,-78.81],[-75.39,-78.74],[-75.52,-78.81]]],[[[-73.8,-73.4],[-73.82,-73.39],[-73.74,-73.37],[-73.8,-73.4]]],[[[-74.01,-73.41],[-74.16,-73.31],[-73.87,-73.19],[-73.89,-73.12],[-73.52,-73.13],[-74.01,-73.41]]],[[[-71.89,-73.19],[-71.8,-73.22],[-72.1,-73.21],[-71.89,-73.19]]],[[[-74.51,-73.25],[-74.76,-73.3],[-74.55,-73.32],[-74.55,-73.39],[-74.36,-73.46],[-74.59,-73.61],[-75.87,-73.35],[-76.13,-73.16],[-75.86,-73.05],[-75.52,-73.11],[-75.04,-73.04],[-75.78,-72.89],[-75.3,-72.82],[-74.31,-72.92],[-74.22,-72.99],[-74.51,-73.25]]],[[[-89.33,-72.93],[-89.69,-73.09],[-90.22,-73.08],[-90.34,-72.99],[-90.01,-72.98],[-89.83,-72.85],[-89.33,-72.93]]],[[[-90.76,-72.98],[-91.03,-73.15],[-91.51,-73.2],[-91.45,-72.95],[-91.33,-72.9],[-91.69,-72.61],[-90.92,-72.56],[-90.76,-72.7],[-90.93,-72.85],[-90.74,-72.86],[-90.76,-72.98]]],[[[-93.82,-72.86],[-93.75,-72.91],[-94.13,-72.87],[-93.82,-72.86]]],[[[-93.27,-72.64],[-93.39,-72.6],[-93.11,-72.56],[-93.27,-72.64]]],[[[-95.27,-72.65],[-94.55,-72.47],[-94.4,-72.61],[-95.27,-72.65]]],[[[-70.45,-72.23],[-70.42,-72.24],[-70.65,-72.25],[-70.45,-72.23]]],[[[-76.54,-70.97],[-76.38,-70.89],[-75.2,-70.78],[-74.95,-70.58],[-74.6,-70.79],[-74.47,-70.75],[-74.46,-70.58],[-74.1,-70.66],[-74.13,-70.57],[-73.88,-70.57],[-73.55,-70.72],[-74.4,-70.98],[-76.13,-71.14],[-76.47,-71.07],[-76.54,-70.97]]],[[[-72.43,-72.55],[-72.8,-72.59],[-73.16,-72.43],[-72.68,-72.27],[-72.18,-72.36],[-70.71,-72.4],[-70.12,-72.24],[-70.46,-72.14],[-71.37,-72.29],[-72.06,-72.16],[-70.77,-71.99],[-70.72,-71.91],[-71.39,-71.83],[-71.83,-71.9],[-71.83,-71.8],[-72.34,-71.61],[-72.55,-71.75],[-72.68,-71.74],[-72.71,-71.86],[-72.86,-71.92],[-73.88,-71.86],[-73.5,-72.01],[-74.0,-72.17],[-74.36,-72.04],[-74.82,-72.06],[-75.36,-71.92],[-75.44,-71.84],[-75.18,-71.75],[-75.41,-71.66],[-75.08,-71.53],[-74.29,-71.66],[-74.44,-71.45],[-74.22,-71.38],[-73.53,-71.61],[-73.34,-71.54],[-73.66,-71.41],[-73.63,-71.34],[-72.19,-71.37],[-72.32,-71.29],[-73.12,-71.14],[-72.79,-71.06],[-71.69,-71.16],[-71.36,-71.07],[-71.34,-70.97],[-70.41,-70.95],[-70.21,-70.99],[-70.0,-71.15],[-69.84,-71.15],[-69.79,-70.85],[-70.7,-70.83],[-71.27,-70.68],[-71.0,-70.47],[-70.12,-70.33],[-69.59,-70.39],[-70.23,-70.24],[-70.2,-70.14],[-70.7,-70.11],[-71.06,-70.22],[-71.81,-70.03],[-71.93,-69.94],[-71.83,-69.8],[-71.91,-69.71],[-71.72,-69.64],[-71.74,-69.57],[-71.62,-69.45],[-72.1,-69.31],[-72.04,-69.3],[-72.16,-69.23],[-72.1,-69.16],[-72.2,-69.08],[-72.01,-68.96],[-70.47,-68.78],[-70.11,-68.89],[-70.11,-69.0],[-69.99,-69.09],[-70.09,-69.14],[-70.02,-69.19],[-70.14,-69.24],[-70.11,-69.3],[-69.74,-69.29],[-69.32,-69.63],[-69.28,-69.92],[-68.72,-70.37],[-68.33,-70.8],[-68.48,-70.81],[-68.3,-70.87],[-68.23,-71.34],[-68.27,-71.44],[-68.16,-71.61],[-68.22,-71.86],[-68.48,-71.9],[-68.34,-72.06],[-68.44,-72.24],[-68.76,-72.22],[-68.92,-72.36],[-69.23,-72.43],[-69.14,-72.5],[-69.22,-72.54],[-70.07,-72.63],[-70.65,-72.67],[-70.74,-72.56],[-70.92,-72.65],[-72.41,-72.67],[-72.51,-72.64],[-72.43,-72.55]]],[[[-71.82,-70.3],[-71.73,-70.27],[-71.32,-70.3],[-71.6,-70.45],[-71.82,-70.3]]],[[[-70.65,-70.32],[-70.78,-70.33],[-70.75,-70.25],[-70.63,-70.25],[-70.65,-70.32]]],[[[-75.23,-69.84],[-75.44,-69.77],[-74.96,-69.72],[-74.72,-69.76],[-74.4,-69.96],[-74.63,-69.98],[-74.6,-70.1],[-74.87,-70.18],[-75.69,-70.11],[-75.83,-70.02],[-75.73,-69.89],[-75.23,-69.84]]],[[[-72.31,-69.5],[-71.96,-69.67],[-72.02,-69.71],[-71.97,-69.75],[-72.77,-69.65],[-72.98,-69.51],[-72.75,-69.41],[-72.31,-69.5]]],[[[-90.55,-68.73],[-90.5,-68.79],[-90.61,-68.82],[-90.55,-68.73]]],[[[-67.24,-68.17],[-67.25,-68.14],[-67.13,-68.14],[-67.24,-68.17]]],[[[-66.95,-67.85],[-66.86,-67.87],[-66.9,-67.89],[-67.04,-67.86],[-66.95,-67.85]]],[[[-67.23,-67.83],[-67.34,-67.82],[-67.08,-67.83],[-67.29,-67.88],[-67.23,-67.83]]],[[[-67.64,-67.68],[-67.77,-67.67],[-67.5,-67.59],[-67.12,-67.64],[-67.39,-67.78],[-67.74,-67.73],[-67.64,-67.68]]],[[[-66.93,-67.51],[-66.81,-67.52],[-67.16,-67.59],[-66.93,-67.51]]],[[[-67.69,-67.32],[-67.6,-67.31],[-67.67,-67.36],[-67.69,-67.32]]],[[[-67.69,-67.28],[-67.81,-67.26],[-67.7,-67.21],[-67.6,-67.2],[-67.69,-67.28]]],[[[-68.32,-66.79],[-67.86,-66.63],[-67.66,-66.65],[-68.03,-66.94],[-67.92,-67.0],[-67.99,-67.06],[-67.68,-67.15],[-68.25,-67.37],[-67.97,-67.39],[-68.12,-67.57],[-68.39,-67.55],[-68.56,-67.74],[-68.88,-67.76],[-69.16,-67.58],[-69.15,-67.48],[-68.32,-66.79]]],[[[-67.55,-67.11],[-67.68,-67.13],[-67.65,-67.08],[-67.59,-67.05],[-67.55,-67.11]]],[[[-67.41,-66.74],[-67.24,-66.83],[-67.38,-66.9],[-67.6,-66.88],[-67.41,-66.74]]],[[[-67.06,-66.33],[-67.02,-66.36],[-67.16,-66.39],[-67.06,-66.33]]],[[[-66.92,-66.25],[-66.88,-66.26],[-67.12,-66.25],[-66.92,-66.25]]],[[[-66.6,-66.21],[-66.91,-66.3],[-66.77,-66.23],[-66.77,-66.11],[-66.59,-66.07],[-66.6,-66.21]]],[[[-66.03,-65.92],[-65.89,-65.89],[-65.91,-65.92],[-66.03,-65.92]]],[[[-59.57,-80.29],[-59.76,-80.34],[-59.73,-80.41],[-59.85,-80.53],[-59.47,-80.49],[-59.88,-80.65],[-59.68,-80.66],[-60.65,-80.96],[-62.52,-80.86],[-62.96,-80.78],[-63.14,-80.59],[-63.79,-80.61],[-64.28,-80.75],[-66.7,-80.41],[-66.8,-80.33],[-66.24,-80.19],[-66.17,-80.22],[-66.2,-80.34],[-65.92,-80.39],[-61.75,-80.37],[-61.18,-80.25],[-61.52,-80.24],[-61.81,-80.06],[-61.24,-79.98],[-61.52,-79.89],[-60.08,-79.66],[-60.49,-79.74],[-59.8,-79.77],[-59.85,-79.82],[-59.66,-79.85],[-59.85,-79.84],[-59.86,-79.9],[-59.63,-79.91],[-59.85,-79.94],[-59.78,-80.06],[-59.96,-80.08],[-59.52,-80.11],[-59.28,-80.22],[-59.6,-80.22],[-59.57,-80.29]]],[[[-60.78,-72.56],[-60.97,-72.59],[-60.91,-72.54],[-60.78,-72.56]]],[[[-60.24,-72.18],[-60.11,-72.22],[-60.13,-72.25],[-60.24,-72.18]]],[[[-60.53,-71.05],[-60.96,-70.98],[-60.81,-70.92],[-60.59,-70.93],[-60.53,-71.05]]],[[[-60.98,-70.62],[-60.9,-70.52],[-60.57,-70.51],[-60.44,-70.58],[-60.72,-70.71],[-60.98,-70.62]]],[[[-61.27,-69.85],[-61.11,-69.96],[-61.33,-69.98],[-61.4,-69.91],[-61.27,-69.85]]],[[[-61.92,-69.54],[-61.88,-69.59],[-61.98,-69.72],[-62.13,-69.72],[-62.2,-69.51],[-62.58,-69.19],[-62.38,-69.15],[-62.09,-69.23],[-61.82,-69.37],[-61.73,-69.49],[-61.92,-69.54]]],[[[-60.78,-68.79],[-61.02,-68.71],[-60.79,-68.69],[-60.65,-68.78],[-60.78,-68.79]]],[[[-64.75,-67.59],[-64.56,-67.62],[-64.93,-67.67],[-64.94,-67.6],[-64.75,-67.59]]],[[[-65.76,-65.95],[-65.73,-65.99],[-65.8,-65.99],[-65.76,-65.95]]],[[[-65.28,-65.89],[-65.34,-65.84],[-65.2,-65.86],[-65.28,-65.89]]],[[[-66.04,-65.74],[-66.07,-65.66],[-65.96,-65.55],[-65.62,-65.53],[-65.67,-65.66],[-65.91,-65.71],[-65.81,-65.84],[-66.17,-65.87],[-66.16,-65.77],[-66.04,-65.74]]],[[[-65.67,-65.49],[-65.53,-65.47],[-65.66,-65.51],[-65.67,-65.49]]],[[[-59.78,-65.17],[-59.84,-65.13],[-59.77,-65.09],[-59.44,-65.23],[-59.78,-65.17]]],[[[-63.07,-64.84],[-62.92,-64.88],[-62.99,-64.9],[-63.12,-64.86],[-63.07,-64.84]]],[[[-63.59,-64.91],[-63.44,-64.83],[-63.52,-64.82],[-63.16,-64.72],[-63.31,-64.86],[-63.59,-64.91]]],[[[-63.01,-64.82],[-63.03,-64.81],[-62.85,-64.81],[-63.01,-64.82]]],[[[-62.68,-64.67],[-62.63,-64.72],[-62.68,-64.75],[-62.68,-64.67]]],[[[-62.07,-64.63],[-62.02,-64.62],[-62.04,-64.66],[-62.07,-64.63]]],[[[-62.05,-64.54],[-62.01,-64.55],[-62.11,-64.62],[-62.15,-64.58],[-62.05,-64.54]]],[[[-63.35,-64.76],[-63.56,-64.73],[-63.51,-64.76],[-63.68,-64.85],[-64.3,-64.7],[-64.2,-64.59],[-63.86,-64.5],[-63.93,-64.46],[-63.66,-64.42],[-63.69,-64.35],[-63.57,-64.27],[-63.35,-64.24],[-63.15,-64.31],[-63.36,-64.44],[-63.11,-64.4],[-63.24,-64.48],[-63.09,-64.46],[-63.28,-64.58],[-63.0,-64.52],[-62.83,-64.57],[-63.35,-64.76]]],[[[-61.6,-64.39],[-61.63,-64.36],[-61.49,-64.38],[-61.6,-64.39]]],[[[-62.59,-64.45],[-62.67,-64.4],[-62.46,-64.24],[-62.62,-64.13],[-62.49,-64.09],[-62.56,-64.05],[-62.31,-64.02],[-62.27,-64.1],[-62.01,-64.14],[-62.21,-64.18],[-62.05,-64.21],[-62.38,-64.46],[-62.79,-64.48],[-62.59,-64.45]]],[[[-61.69,-64.1],[-61.66,-64.17],[-61.75,-64.16],[-61.69,-64.1]]],[[[-61.78,-63.97],[-61.96,-64.09],[-62.06,-64.07],[-61.78,-63.97]]],[[[-60.79,-63.83],[-60.8,-63.75],[-60.67,-63.72],[-60.8,-63.67],[-60.55,-63.7],[-60.7,-63.81],[-60.63,-63.86],[-60.74,-63.9],[-60.96,-63.84],[-60.79,-63.83]]],[[[-61.68,-63.81],[-61.81,-63.73],[-61.62,-63.73],[-61.68,-63.81]]],[[[-59.78,-63.59],[-59.87,-63.57],[-59.84,-63.54],[-59.78,-63.59]]],[[[-62.2,-63.24],[-61.95,-63.31],[-62.28,-63.35],[-62.2,-63.24]]],[[[-62.52,-62.91],[-62.31,-62.88],[-62.43,-62.99],[-62.71,-63.09],[-62.52,-62.91]]],[[[-60.7,-62.96],[-60.56,-63.01],[-60.74,-62.96],[-60.69,-62.9],[-60.5,-62.96],[-60.7,-62.96]]],[[[-61.41,-62.73],[-61.2,-62.73],[-61.41,-62.82],[-61.51,-62.76],[-61.41,-62.73]]],[[[-60.81,-62.57],[-60.8,-62.47],[-60.49,-62.58],[-60.13,-62.46],[-60.01,-62.53],[-60.08,-62.56],[-60.02,-62.63],[-59.8,-62.61],[-60.29,-62.76],[-60.3,-62.68],[-60.43,-62.72],[-60.32,-62.63],[-60.38,-62.61],[-61.06,-62.68],[-61.19,-62.59],[-60.81,-62.57]]],[[[-60.0,-62.45],[-59.55,-62.5],[-59.67,-62.55],[-60.0,-62.45]]],[[[-59.38,-62.44],[-59.7,-62.37],[-59.6,-62.35],[-59.44,-62.36],[-59.38,-62.44]]],[[[-59.22,-62.29],[-59.0,-62.23],[-58.83,-62.31],[-59.07,-62.35],[-59.22,-62.29]]],[[[-30.25,-79.89],[-29.99,-79.97],[-30.37,-80.02],[-30.47,-79.99],[-30.28,-79.98],[-30.53,-79.9],[-30.68,-79.96],[-31.54,-79.9],[-31.87,-79.85],[-31.72,-79.81],[-32.09,-79.81],[-31.88,-79.75],[-32.16,-79.71],[-31.64,-79.64],[-31.1,-79.81],[-30.23,-79.84],[-30.65,-79.74],[-29.61,-79.91],[-30.25,-79.89]]],[[[-30.93,-79.68],[-30.8,-79.65],[-30.65,-79.74],[-30.93,-79.68]]],[[[-32.29,-79.52],[-31.91,-79.57],[-32.21,-79.63],[-32.17,-79.67],[-32.6,-79.66],[-32.49,-79.65],[-32.56,-79.63],[-32.29,-79.52]]],[[[-50.26,-79.54],[-50.25,-79.44],[-50.39,-79.33],[-50.74,-79.28],[-50.48,-79.13],[-50.45,-79.0],[-50.56,-78.96],[-50.21,-78.83],[-50.43,-78.81],[-50.2,-78.59],[-49.28,-78.2],[-49.07,-78.04],[-47.22,-77.77],[-45.93,-77.82],[-44.51,-78.04],[-43.82,-78.25],[-43.73,-78.39],[-43.92,-78.6],[-45.3,-78.68],[-45.22,-78.74],[-45.37,-78.79],[-43.74,-78.8],[-43.46,-78.96],[-43.45,-79.11],[-43.13,-79.18],[-43.35,-79.24],[-43.07,-79.36],[-42.94,-79.52],[-42.98,-79.79],[-43.14,-79.95],[-43.86,-80.0],[-43.44,-80.11],[-43.53,-80.2],[-49.72,-80.69],[-49.7,-80.77],[-49.8,-80.79],[-54.16,-80.88],[-54.41,-80.74],[-54.38,-80.58],[-54.1,-80.56],[-53.42,-80.19],[-53.41,-80.11],[-52.89,-80.18],[-52.28,-80.08],[-52.52,-80.2],[-52.4,-80.18],[-50.26,-79.54]]],[[[-36.73,-79.3],[-36.94,-79.18],[-36.59,-79.28],[-36.66,-79.22],[-35.5,-79.09],[-33.92,-79.31],[-36.73,-79.3]]],[[[-48.81,-77.74],[-48.75,-77.75],[-49.45,-77.86],[-48.81,-77.74]]],[[[-47.43,-81.92],[-47.26,-81.97],[-47.58,-82.02],[-47.26,-82.07],[-46.23,-81.92],[-46.23,-81.99],[-46.01,-82.09],[-46.05,-82.14],[-45.95,-82.13],[-46.69,-82.41],[-46.45,-82.47],[-46.52,-82.5],[-46.05,-82.55],[-45.72,-82.44],[-45.52,-82.53],[-44.54,-82.38],[-44.14,-82.24],[-44.01,-82.26],[-44.15,-82.39],[-44.01,-82.39],[-43.16,-82.12],[-43.26,-82.05],[-43.17,-81.89],[-41.94,-81.61],[-41.84,-81.45],[-41.59,-81.34],[-41.05,-81.18],[-40.4,-81.17],[-38.79,-80.86],[-37.23,-81.09],[-36.82,-80.98],[-36.03,-80.92],[-35.21,-80.7],[-35.47,-80.65],[-35.36,-80.62],[-33.48,-80.62],[-33.18,-80.55],[-33.46,-80.5],[-32.93,-80.54],[-32.03,-80.44],[-30.35,-80.5],[-31.32,-80.31],[-29.72,-80.26],[-29.86,-80.22],[-29.76,-80.18],[-24.25,-80.08],[-22.53,-79.92],[-24.26,-79.82],[-24.26,-79.72],[-24.73,-79.78],[-30.67,-79.59],[-29.54,-79.28],[-30.54,-79.28],[-29.94,-79.11],[-30.2,-79.1],[-30.14,-79.07],[-30.24,-79.03],[-32.82,-79.24],[-34.22,-79.14],[-34.15,-79.12],[-36.25,-78.85],[-36.41,-78.75],[-36.44,-78.63],[-36.02,-78.22],[-35.58,-78.15],[-35.62,-78.08],[-35.49,-78.05],[-35.31,-77.84],[-34.5,-77.85],[-34.46,-77.82],[-34.77,-77.69],[-34.32,-77.47],[-32.5,-77.13],[-31.92,-77.15],[-31.7,-76.98],[-30.66,-76.85],[-30.15,-76.64],[-28.86,-76.35],[-26.99,-76.17],[-25.95,-75.93],[-24.21,-75.76],[-22.53,-75.64],[-21.27,-75.71],[-20.67,-75.62],[-20.73,-75.54],[-20.4,-75.47],[-19.24,-75.55],[-18.97,-75.51],[-18.99,-75.44],[-18.25,-75.46],[-18.87,-75.25],[-18.55,-75.15],[-18.51,-75.02],[-18.26,-74.99],[-17.8,-74.78],[-17.97,-74.64],[-17.62,-74.59],[-17.57,-74.37],[-16.6,-74.31],[-15.64,-74.43],[-15.2,-74.36],[-15.32,-74.32],[-15.3,-74.22],[-14.53,-73.98],[-14.36,-73.86],[-14.72,-73.78],[-15.69,-73.95],[-16.52,-73.89],[-15.83,-73.79],[-16.58,-73.69],[-16.54,-73.47],[-15.98,-73.3],[-15.99,-73.21],[-15.9,-73.15],[-15.57,-73.08],[-14.88,-73.04],[-14.44,-73.16],[-13.92,-73.11],[-14.01,-73.07],[-13.9,-72.99],[-14.39,-72.71],[-13.38,-72.84],[-12.58,-72.58],[-11.39,-72.42],[-11.33,-72.33],[-11.41,-72.3],[-11.24,-72.18],[-11.38,-72.17],[-11.03,-72.05],[-11.12,-72.04],[-10.98,-71.98],[-10.85,-71.78],[-12.15,-71.64],[-12.37,-71.45],[-12.35,-71.36],[-11.66,-71.28],[-11.72,-71.33],[-11.65,-71.41],[-10.76,-71.58],[-10.6,-71.53],[-10.73,-71.41],[-10.65,-71.32],[-9.99,-71.12],[-10.45,-70.99],[-10.07,-70.91],[-9.94,-70.94],[-9.98,-71.03],[-9.89,-71.08],[-9.05,-71.21],[-8.99,-71.28],[-9.13,-71.41],[-8.75,-71.47],[-8.83,-71.53],[-8.72,-71.59],[-8.72,-71.7],[-8.41,-71.73],[-8.16,-71.58],[-8.09,-71.66],[-7.6,-71.63],[-7.78,-71.49],[-7.57,-71.33],[-7.56,-71.15],[-7.88,-70.99],[-7.96,-70.87],[-7.91,-70.84],[-7.28,-70.79],[-6.62,-70.92],[-6.43,-70.74],[-6.01,-70.68],[-5.68,-70.73],[-5.57,-70.84],[-5.72,-71.03],[-6.04,-71.12],[-6.1,-71.16],[-6.06,-71.22],[-6.28,-71.31],[-6.15,-71.37],[-3.94,-71.37],[-3.99,-71.32],[-3.94,-71.29],[-3.49,-71.52],[-3.47,-71.44],[-3.34,-71.43],[-3.29,-71.29],[-2.99,-71.36],[-2.99,-71.28],[-2.68,-71.26],[-2.11,-71.49],[-1.97,-71.42],[-1.4,-71.44],[-1.31,-71.4],[-1.31,-71.32],[-1.14,-71.26],[-0.81,-71.38],[-0.95,-71.62],[-0.52,-71.77],[0.23,-71.35],[2.52,-70.9],[4.22,-70.78],[5.02,-70.64],[7.67,-70.52],[7.44,-70.34],[7.41,-70.22],[7.48,-70.19],[7.89,-70.18],[7.83,-70.37],[7.93,-70.47],[8.44,-70.48],[8.84,-70.35],[9.14,-70.38],[9.15,-70.29],[8.9,-70.19],[9.29,-70.08],[9.66,-70.25],[9.66,-70.34],[9.98,-70.45],[11.24,-70.76],[11.85,-70.78],[12.08,-70.67],[12.09,-70.55],[12.32,-70.37],[13.04,-70.23],[12.44,-70.07],[12.97,-70.05],[13.34,-70.27],[13.85,-70.35],[15.04,-70.29],[15.83,-70.38],[15.96,-70.19],[16.58,-70.13],[16.65,-70.22],[16.51,-70.45],[18.09,-70.54],[18.5,-70.5],[18.25,-70.33],[18.94,-70.17],[19.29,-70.25],[19.17,-70.27],[19.3,-70.37],[18.92,-70.63],[18.93,-70.74],[19.29,-70.91],[19.57,-70.95],[21.2,-70.81],[21.16,-70.65],[21.21,-70.58],[21.75,-70.23],[22.58,-70.54],[22.48,-70.61],[21.83,-70.66],[22.37,-70.69],[22.33,-70.76],[23.29,-70.82],[23.75,-70.4],[24.11,-70.41],[24.42,-70.54],[24.46,-70.61],[24.27,-70.68],[24.32,-70.74],[24.97,-70.95],[25.98,-71.04],[26.93,-70.92],[27.28,-70.99],[27.32,-70.93],[27.16,-70.87],[27.63,-70.74],[28.45,-70.69],[29.84,-70.31],[31.28,-70.24],[32.75,-70.01],[32.87,-69.93],[32.84,-69.78],[32.99,-69.66],[33.0,-69.5],[32.95,-69.36],[32.49,-69.08],[32.51,-68.9],[33.22,-68.67],[34.3,-68.69],[34.37,-68.81],[33.6,-69.05],[34.36,-69.13],[34.62,-69.07],[35.13,-69.26],[35.2,-69.29],[35.1,-69.46],[35.23,-69.54],[35.08,-69.67],[35.24,-69.74],[36.71,-69.63],[37.04,-69.89],[37.24,-69.83],[37.19,-69.78],[37.28,-69.73],[37.79,-69.68],[37.79,-69.76],[38.24,-69.77],[38.02,-69.85],[38.26,-69.95],[38.22,-70.02],[38.94,-70.2],[39.08,-70.15],[38.82,-70.06],[38.8,-69.99],[39.19,-69.89],[39.25,-69.85],[39.14,-69.83],[39.16,-69.73],[39.78,-69.61],[39.69,-69.54],[39.8,-69.53],[39.74,-69.49],[39.85,-69.38],[39.7,-69.31],[39.81,-69.28],[39.71,-69.02],[39.86,-68.83],[40.52,-68.72],[40.75,-68.75],[41.01,-68.6],[41.54,-68.47],[42.54,-68.38],[42.56,-68.22],[42.83,-68.1],[43.78,-68.05],[44.0,-67.97],[44.8,-67.98],[44.62,-67.86],[44.97,-67.73],[45.4,-67.7],[45.59,-67.74],[45.52,-67.8],[45.58,-67.82],[45.77,-67.76],[45.74,-67.71],[45.82,-67.67],[46.22,-67.65],[46.4,-67.75],[46.41,-67.62],[46.62,-67.59],[46.31,-67.56],[46.31,-67.47],[46.23,-67.45],[46.28,-67.33],[46.48,-67.28],[46.91,-67.27],[46.99,-67.35],[47.44,-67.41],[46.92,-67.51],[46.98,-67.54],[46.93,-67.58],[47.33,-67.57],[47.12,-67.63],[47.19,-67.66],[47.09,-67.71],[47.63,-67.66],[47.31,-67.74],[47.36,-67.77],[47.55,-67.78],[47.91,-67.65],[48.45,-67.73],[48.17,-67.89],[48.25,-68.02],[48.38,-68.02],[48.72,-67.73],[48.58,-67.47],[49.17,-67.38],[49.33,-67.29],[49.31,-67.22],[49.41,-67.22],[49.07,-67.15],[48.48,-67.19],[48.35,-67.12],[48.36,-67.02],[49.22,-66.82],[49.35,-66.95],[49.16,-67.0],[49.88,-67.08],[49.7,-67.29],[50.15,-67.12],[50.64,-67.24],[50.72,-67.24],[50.65,-67.18],[50.88,-67.22],[50.82,-67.18],[50.98,-67.17],[50.96,-67.11],[50.46,-67.07],[50.52,-66.99],[50.45,-66.94],[50.83,-66.77],[50.24,-66.74],[50.19,-66.57],[50.32,-66.39],[50.54,-66.3],[51.35,-66.22],[51.77,-66.04],[53.79,-65.85],[55.18,-65.93],[55.86,-66.12],[56.4,-66.46],[56.45,-66.4],[56.81,-66.41],[57.28,-66.58],[57.28,-66.71],[57.01,-66.73],[56.62,-66.68],[56.56,-66.61],[56.5,-66.69],[56.19,-66.58],[55.99,-66.59],[56.17,-66.71],[56.51,-66.74],[56.38,-66.81],[56.54,-66.79],[56.39,-66.83],[56.71,-66.9],[56.27,-66.88],[56.32,-66.91],[56.15,-66.95],[56.37,-67.01],[55.73,-67.26],[56.15,-67.2],[56.09,-67.35],[56.17,-67.41],[56.56,-67.11],[56.97,-67.05],[57.36,-67.09],[57.31,-67.04],[57.59,-66.99],[58.14,-67.1],[58.05,-67.23],[58.27,-67.15],[58.92,-67.18],[59.09,-67.24],[58.99,-67.31],[58.55,-67.23],[58.68,-67.34],[59.13,-67.42],[58.99,-67.49],[59.26,-67.48],[59.51,-67.61],[59.59,-67.59],[59.51,-67.52],[59.66,-67.51],[59.66,-67.4],[60.47,-67.37],[61.17,-67.51],[61.13,-67.54],[61.24,-67.59],[62.12,-67.56],[62.62,-67.66],[63.11,-67.53],[63.65,-67.5],[64.72,-67.65],[66.72,-67.79],[67.13,-67.76],[68.38,-67.9],[69.11,-67.85],[69.35,-67.73],[69.64,-67.76],[69.63,-68.12],[70.18,-68.49],[69.63,-68.59],[69.57,-68.62],[69.68,-68.63],[69.6,-68.72],[69.67,-68.71],[69.28,-68.83],[69.86,-68.87],[69.3,-69.05],[69.73,-69.17],[69.74,-69.3],[69.26,-69.37],[68.92,-69.31],[68.74,-69.39],[68.9,-69.45],[68.73,-69.55],[69.36,-69.62],[68.88,-69.74],[69.21,-69.8],[69.02,-69.95],[68.57,-70.02],[68.18,-69.72],[68.12,-69.85],[67.91,-69.98],[67.57,-70.02],[67.48,-70.2],[67.22,-70.26],[67.71,-70.28],[67.68,-70.35],[67.98,-70.45],[68.42,-70.4],[68.56,-70.47],[68.69,-70.35],[68.92,-70.3],[69.17,-70.32],[69.26,-70.43],[69.21,-70.69],[68.9,-71.04],[68.55,-71.18],[68.67,-71.2],[68.06,-71.35],[67.83,-71.54],[67.87,-71.68],[67.53,-71.8],[67.61,-71.83],[67.45,-71.9],[67.51,-71.99],[67.26,-72.08],[67.33,-72.13],[67.32,-72.33],[67.08,-72.63],[66.98,-72.93],[66.33,-73.13],[66.56,-73.23],[67.1,-73.2],[67.02,-73.27],[67.22,-73.31],[68.02,-73.15],[68.12,-72.95],[67.96,-72.83],[67.92,-72.69],[68.33,-72.51],[69.08,-72.42],[69.56,-72.46],[69.67,-72.3],[69.95,-72.26],[69.8,-72.19],[69.86,-72.12],[70.53,-72.05],[70.73,-71.95],[70.45,-71.83],[71.28,-71.73],[71.05,-71.67],[71.1,-71.62],[71.54,-71.61],[71.16,-71.46],[71.25,-71.39],[71.2,-71.34],[71.54,-71.25],[71.34,-71.18],[71.54,-70.96],[71.85,-70.84],[71.73,-70.77],[72.0,-70.66],[72.35,-70.68],[72.65,-70.47],[72.85,-70.44],[72.64,-70.16],[72.77,-70.07],[73.23,-69.98],[73.25,-69.86],[73.41,-69.8],[73.7,-69.86],[74.07,-69.71],[74.32,-69.81],[74.3,-69.92],[74.72,-69.84],[74.78,-69.91],[74.94,-69.86],[75.09,-69.94],[75.28,-69.81],[75.44,-69.94],[75.92,-69.78],[75.75,-69.62],[75.82,-69.53],[76.38,-69.41],[76.41,-69.48],[76.61,-69.37],[76.81,-69.36],[77.0,-69.21],[77.84,-69.13],[77.92,-69.01],[78.04,-69.0],[77.95,-68.98],[78.03,-68.93],[77.94,-68.92],[77.99,-68.82],[78.67,-68.7],[78.46,-68.65],[78.54,-68.6],[78.46,-68.49],[78.75,-68.26],[82.06,-67.67],[82.36,-67.7],[82.59,-67.6],[83.62,-67.64],[83.66,-67.59],[83.43,-67.55],[83.39,-67.45],[84.49,-67.11],[84.96,-67.08],[85.62,-67.19],[86.07,-67.04],[86.7,-67.06],[87.97,-66.77],[88.16,-66.78],[88.25,-66.86],[88.73,-66.78],[90.4,-66.82],[91.09,-66.58],[91.96,-66.5],[92.76,-66.63],[93.02,-66.56],[93.62,-66.58],[93.73,-66.6],[93.68,-66.65],[93.74,-66.75],[94.92,-66.48],[95.28,-66.53],[95.35,-66.64],[95.56,-66.71],[96.11,-66.57],[96.61,-66.61],[97.08,-66.49],[97.7,-66.68],[98.25,-66.45],[98.54,-66.45],[98.54,-66.62],[99.07,-66.49],[98.72,-66.64],[98.82,-66.73],[98.71,-66.77],[98.83,-66.91],[99.02,-66.69],[99.17,-66.75],[99.53,-66.56],[99.56,-66.67],[100.28,-66.43],[100.5,-66.52],[100.64,-66.46],[100.47,-66.4],[100.85,-66.38],[101.48,-66.06],[101.17,-66.03],[101.34,-65.94],[102.34,-65.95],[102.71,-65.86],[103.61,-66.01],[103.91,-65.98],[106.35,-66.43],[107.78,-66.55],[107.88,-66.63],[107.7,-66.74],[107.71,-66.85],[108.21,-66.63],[108.3,-66.76],[108.62,-66.82],[108.86,-66.97],[109.13,-66.88],[109.61,-66.92],[110.42,-66.66],[110.74,-66.71],[110.6,-66.53],[110.72,-66.41],[110.49,-66.31],[110.93,-66.05],[113.2,-65.77],[114.43,-66.23],[114.31,-66.36],[114.48,-66.42],[114.32,-66.51],[115.11,-66.48],[115.65,-66.61],[115.78,-66.79],[115.39,-67.0],[114.03,-67.19],[113.65,-67.46],[113.7,-67.5],[114.67,-67.34],[114.58,-67.42],[114.67,-67.42],[115.25,-67.31],[115.21,-67.29],[115.34,-67.22],[115.85,-67.23],[116.23,-67.1],[116.36,-67.15],[116.94,-66.95],[116.88,-67.14],[117.54,-67.08],[117.71,-67.17],[118.43,-67.03],[118.25,-67.15],[118.46,-67.18],[119.33,-67.13],[120.35,-66.93],[120.45,-66.98],[118.73,-67.28],[118.96,-67.42],[121.52,-67.09],[122.19,-66.86],[123.56,-66.75],[124.02,-66.59],[124.26,-66.59],[124.37,-66.66],[124.34,-66.72],[124.72,-66.76],[125.15,-66.66],[125.41,-66.42],[125.94,-66.3],[126.18,-66.47],[126.33,-66.47],[126.37,-66.56],[126.43,-66.35],[126.55,-66.44],[126.85,-66.45],[126.57,-66.67],[126.82,-66.69],[126.68,-66.76],[126.68,-66.85],[127.06,-66.85],[127.0,-66.93],[127.08,-66.96],[127.08,-67.14],[127.18,-66.99],[127.36,-66.93],[127.4,-67.07],[128.07,-67.02],[128.16,-67.1],[128.52,-67.15],[128.76,-67.03],[129.06,-67.17],[129.44,-66.96],[129.39,-66.86],[129.58,-66.73],[129.47,-66.69],[129.72,-66.44],[130.1,-66.28],[130.56,-66.26],[130.7,-66.15],[131.76,-66.24],[132.48,-66.15],[132.83,-66.19],[133.28,-66.08],[133.79,-66.11],[134.43,-66.31],[134.11,-66.5],[134.35,-66.52],[134.77,-66.34],[135.18,-66.33],[135.17,-66.26],[135.3,-66.22],[135.34,-66.1],[135.49,-66.11],[135.65,-66.28],[135.63,-66.35],[136.13,-66.24],[136.54,-66.41],[136.66,-66.54],[136.73,-66.48],[136.64,-66.46],[136.66,-66.4],[136.74,-66.35],[137.46,-66.34],[138.14,-66.5],[138.13,-66.62],[138.38,-66.53],[139.25,-66.57],[139.87,-66.69],[139.82,-66.8],[140.52,-66.73],[141.28,-66.86],[141.58,-66.78],[141.98,-66.8],[142.48,-67.03],[142.82,-67.02],[143.51,-66.84],[143.86,-66.92],[143.88,-67.07],[143.75,-67.14],[144.07,-67.09],[144.11,-67.18],[144.23,-67.02],[144.51,-67.02],[144.66,-67.12],[144.56,-67.2],[144.32,-67.17],[144.51,-67.23],[144.3,-67.42],[144.18,-67.35],[144.09,-67.42],[144.19,-67.6],[143.88,-67.78],[143.84,-67.85],[143.95,-67.83],[143.88,-67.93],[144.16,-67.89],[144.14,-67.95],[144.25,-67.95],[144.47,-67.79],[144.91,-67.74],[145.28,-67.52],[145.44,-67.51],[145.62,-67.74],[145.73,-67.59],[146.05,-67.59],[146.19,-67.62],[146.23,-67.69],[146.11,-67.75],[146.3,-67.85],[146.44,-67.73],[146.53,-67.77],[146.41,-67.95],[146.87,-67.94],[146.56,-68.14],[146.6,-68.18],[147.06,-68.04],[147.05,-68.13],[146.72,-68.3],[147.11,-68.29],[147.06,-68.42],[147.66,-68.36],[148.0,-68.46],[148.24,-68.41],[148.44,-68.47],[148.69,-68.4],[148.86,-68.45],[149.15,-68.4],[149.21,-68.46],[149.39,-68.38],[149.78,-68.49],[149.88,-68.46],[149.68,-68.37],[150.38,-68.44],[150.96,-68.34],[151.11,-68.46],[150.97,-68.72],[151.02,-68.78],[151.16,-68.88],[151.28,-68.83],[151.57,-68.92],[151.57,-68.69],[151.92,-68.67],[152.16,-68.74],[152.53,-68.71],[153.09,-68.88],[153.32,-68.86],[153.38,-68.77],[153.84,-68.76],[153.7,-68.55],[153.87,-68.49],[153.68,-68.38],[153.71,-68.3],[153.88,-68.28],[154.72,-68.53],[154.77,-68.62],[154.45,-68.63],[154.59,-68.73],[154.52,-68.8],[154.79,-68.71],[155.01,-68.9],[155.31,-68.89],[155.39,-69.01],[155.29,-69.04],[155.64,-69.13],[155.76,-69.1],[155.54,-68.98],[155.78,-68.95],[156.0,-69.11],[156.35,-69.2],[157.14,-69.16],[157.42,-69.44],[157.65,-69.38],[157.5,-69.35],[157.53,-69.23],[157.91,-69.17],[158.55,-69.35],[158.82,-69.32],[159.1,-69.51],[159.24,-69.43],[159.77,-69.51],[160.33,-69.8],[160.25,-69.87],[159.76,-69.89],[159.88,-69.99],[160.14,-69.97],[160.76,-70.1],[161.25,-70.46],[161.18,-70.58],[161.26,-70.53],[161.28,-70.63],[161.45,-70.69],[161.31,-70.8],[161.36,-70.9],[161.93,-70.91],[162.34,-71.11],[162.43,-71.03],[162.22,-70.85],[162.04,-70.83],[162.09,-70.66],[162.0,-70.44],[162.09,-70.31],[162.6,-70.27],[163.17,-70.59],[163.45,-70.66],[163.87,-70.63],[163.9,-70.78],[164.01,-70.79],[164.2,-70.64],[164.03,-70.53],[164.24,-70.49],[165.43,-70.57],[165.93,-70.68],[166.37,-70.58],[166.84,-70.68],[166.46,-70.71],[166.47,-70.77],[167.7,-70.79],[167.87,-70.92],[167.14,-71.0],[167.88,-71.01],[168.1,-71.11],[167.87,-71.13],[167.76,-71.23],[168.67,-71.18],[168.76,-71.28],[169.13,-71.34],[169.52,-71.52],[169.98,-71.56],[170.18,-71.67],[170.36,-71.54],[170.21,-71.31],[170.28,-71.3],[170.66,-71.68],[170.81,-71.7],[170.97,-71.83],[170.59,-72.01],[170.33,-71.8],[170.14,-71.93],[170.26,-71.95],[170.2,-72.02],[170.05,-72.02],[170.09,-72.08],[170.02,-72.17],[169.77,-72.22],[170.01,-72.29],[169.89,-72.43],[170.28,-72.33],[170.34,-72.43],[170.26,-72.6],[169.13,-72.49],[168.71,-72.36],[168.32,-72.37],[168.87,-72.58],[169.3,-72.58],[169.47,-72.68],[169.93,-72.74],[169.58,-72.96],[169.58,-73.08],[169.17,-73.1],[169.25,-73.19],[169.21,-73.28],[168.89,-73.22],[168.98,-73.09],[168.71,-73.12],[168.75,-73.08],[168.39,-72.97],[168.3,-72.99],[168.4,-73.1],[168.33,-73.17],[167.17,-73.15],[166.52,-72.93],[166.58,-72.88],[166.34,-72.9],[166.41,-72.99],[166.77,-73.06],[166.71,-73.12],[166.87,-73.22],[166.74,-73.33],[166.78,-73.37],[167.1,-73.25],[167.93,-73.36],[167.62,-73.36],[167.72,-73.45],[167.25,-73.41],[167.22,-73.48],[166.99,-73.47],[167.08,-73.51],[167.03,-73.57],[166.85,-73.59],[166.75,-73.49],[166.45,-73.59],[166.14,-73.48],[166.22,-73.57],[165.82,-73.58],[166.29,-73.73],[166.14,-73.81],[165.58,-73.81],[165.79,-73.87],[165.65,-73.91],[165.2,-73.86],[165.24,-73.61],[165.03,-73.41],[165.36,-73.34],[164.91,-73.39],[164.53,-73.33],[164.44,-73.37],[164.89,-73.48],[164.91,-73.66],[164.71,-73.78],[164.95,-73.89],[164.87,-73.93],[165.31,-74.03],[164.41,-73.94],[164.82,-74.04],[164.89,-74.12],[164.81,-74.15],[164.86,-74.21],[165.46,-74.49],[165.43,-74.63],[165.18,-74.53],[164.85,-74.59],[164.34,-74.5],[163.68,-74.62],[163.67,-74.47],[163.53,-74.46],[163.56,-74.36],[163.47,-74.34],[163.1,-74.42],[163.27,-74.54],[163.05,-74.71],[162.94,-74.6],[162.81,-74.6],[162.77,-74.71],[162.59,-74.75],[162.58,-74.85],[162.36,-74.84],[162.49,-74.94],[162.79,-74.99],[162.55,-75.1],[162.66,-75.17],[162.6,-75.22],[162.26,-75.27],[161.78,-75.19],[160.58,-75.38],[162.19,-75.39],[162.31,-75.53],[162.03,-75.57],[162.9,-75.82],[162.79,-75.91],[162.54,-75.92],[162.71,-75.98],[162.74,-76.07],[162.39,-76.06],[162.52,-76.1],[162.36,-76.08],[162.3,-76.1],[162.45,-76.13],[162.09,-76.2],[162.33,-76.28],[162.75,-76.24],[162.79,-76.28],[162.7,-76.31],[162.88,-76.44],[162.42,-76.64],[162.84,-76.66],[162.97,-76.79],[162.3,-76.95],[163.16,-77.04],[163.12,-77.08],[163.38,-77.18],[163.54,-77.36],[163.82,-77.43],[163.8,-77.53],[163.51,-77.57],[163.72,-77.61],[163.44,-77.67],[164.24,-77.78],[163.73,-77.88],[164.56,-77.89],[164.53,-77.99],[164.34,-78.03],[164.4,-78.09],[163.84,-78.23],[164.64,-78.33],[165.1,-78.25],[165.23,-78.19],[165.16,-78.17],[165.23,-78.12],[165.49,-78.02],[165.6,-78.12],[165.34,-78.2],[165.71,-78.27],[165.73,-78.4],[167.06,-78.51],[167.23,-78.67],[166.55,-78.71],[166.09,-78.57],[164.41,-78.6],[163.48,-78.78],[163.06,-78.74],[162.9,-78.81],[162.91,-78.88],[162.62,-78.95],[162.45,-78.88],[162.48,-78.78],[162.13,-78.76],[161.76,-78.61],[161.88,-78.52],[161.82,-78.48],[161.55,-78.51],[161.34,-78.58],[161.56,-78.75],[161.52,-78.8],[161.76,-78.84],[161.63,-78.87],[162.07,-79.07],[161.49,-79.02],[161.35,-78.91],[161.0,-78.93],[161.2,-78.96],[161.1,-79.06],[160.7,-79.04],[160.75,-79.07],[160.39,-79.17],[160.52,-79.24],[160.46,-79.3],[160.73,-79.34],[160.66,-79.41],[161.03,-79.47],[160.62,-79.45],[160.14,-79.58],[159.64,-79.53],[159.88,-79.66],[160.84,-79.62],[159.5,-79.82],[159.82,-79.93],[160.33,-79.86],[160.85,-79.96],[161.47,-79.9],[158.78,-80.26],[158.73,-80.32],[158.17,-80.42],[158.59,-80.48],[160.77,-80.38],[161.04,-80.5],[160.56,-80.47],[160.66,-80.53],[159.75,-80.57],[159.88,-80.65],[160.26,-80.68],[161.18,-80.64],[161.01,-80.76],[161.35,-80.78],[159.58,-80.77],[159.5,-80.84],[160.88,-80.91],[160.64,-80.93],[160.91,-80.99],[160.55,-81.01],[160.82,-81.1],[160.54,-81.12],[160.81,-81.19],[160.61,-81.19],[161.14,-81.24],[160.13,-81.2],[160.63,-81.32],[160.4,-81.33],[160.35,-81.39],[161.07,-81.38],[160.84,-81.43],[160.89,-81.47],[161.45,-81.42],[161.52,-81.45],[161.01,-81.55],[162.48,-81.69],[162.53,-81.72],[162.45,-81.73],[162.62,-81.75],[162.24,-81.82],[162.89,-81.81],[163.1,-81.87],[162.61,-81.91],[163.03,-81.94],[162.9,-81.95],[163.92,-82.19],[160.64,-82.42],[160.8,-82.49],[162.53,-82.48],[163.44,-82.55],[163.16,-82.45],[164.67,-82.34],[165.56,-82.49],[165.3,-82.58],[165.37,-82.61],[166.23,-82.64],[166.53,-82.7],[166.43,-82.75],[166.54,-82.78],[167.31,-82.82],[167.35,-82.84],[167.17,-82.9],[167.41,-82.92],[167.11,-82.97],[167.66,-83.06],[168.12,-82.96],[168.59,-83.0],[168.87,-83.15],[168.08,-83.18],[168.53,-83.23],[168.42,-83.27],[167.0,-83.2],[168.03,-83.31],[167.96,-83.33],[168.03,-83.36],[169.38,-83.34],[169.43,-83.37],[169.36,-83.42],[169.47,-83.45],[169.63,-83.37],[170.4,-83.49],[171.19,-83.45],[171.58,-83.5],[170.92,-83.53],[171.96,-83.62],[171.87,-83.64],[172.05,-83.66],[171.91,-83.69],[172.0,-83.72],[172.82,-83.67],[173.72,-83.76],[173.29,-83.86],[173.41,-83.88],[174.97,-83.83],[175.44,-83.9],[175.16,-83.96],[175.3,-83.98],[178.53,-84.12],[178.41,-84.16],[179.35,-84.2],[179.79,-84.28],[179.6,-84.31],[180.0,-84.35],[180.0,-90.0],[-180.0,-90.0],[-180.0,-84.35],[-178.3,-84.31],[-177.7,-84.42],[-176.06,-84.4],[-176.51,-84.44],[-175.88,-84.55],[-175.25,-84.5],[-175.14,-84.45],[-175.22,-84.44],[-175.18,-84.41],[-168.25,-84.65],[-168.06,-84.77],[-167.44,-84.87],[-162.85,-84.88],[-158.87,-85.08],[-158.47,-85.16],[-158.57,-85.1],[-158.16,-85.16],[-156.93,-85.2],[-155.5,-85.13],[-157.64,-84.9],[-155.79,-84.9],[-156.11,-84.89],[-155.59,-84.84],[-158.38,-84.79],[-158.25,-84.77],[-163.86,-84.55],[-164.1,-84.48],[-163.27,-84.49],[-163.66,-84.43],[-165.19,-84.43],[-166.42,-84.37],[-163.0,-84.36],[-165.15,-84.14],[-165.01,-84.06],[-163.7,-84.05],[-164.04,-83.99],[-163.89,-83.96],[-163.99,-83.94],[-164.98,-83.8],[-167.68,-83.77],[-167.2,-83.83],[-167.3,-83.84],[-168.08,-83.78],[-167.99,-83.77],[-168.26,-83.74],[-167.68,-83.74],[-168.34,-83.69],[-168.61,-83.62],[-168.53,-83.57],[-168.58,-83.53],[-169.08,-83.49],[-168.78,-83.48],[-171.74,-83.23],[-170.96,-83.26],[-174.03,-82.92],[-174.37,-82.78],[-173.18,-82.92],[-172.51,-82.87],[-171.41,-82.95],[-170.93,-83.06],[-170.72,-83.2],[-169.6,-83.31],[-169.54,-83.3],[-169.73,-83.24],[-165.09,-83.2],[-164.85,-83.25],[-164.99,-83.36],[-164.66,-83.5],[-164.18,-83.53],[-164.11,-83.51],[-164.17,-83.4],[-163.13,-83.32],[-162.37,-83.42],[-162.26,-83.45],[-162.46,-83.47],[-162.17,-83.52],[-160.07,-83.48],[-159.19,-83.54],[-159.0,-83.46],[-157.56,-83.39],[-156.92,-83.23],[-158.56,-83.13],[-155.59,-83.05],[-155.06,-82.8],[-152.54,-82.55],[-152.9,-82.37],[-154.84,-81.94],[-153.69,-81.75],[-153.82,-81.68],[-155.0,-81.49],[-157.06,-81.35],[-157.15,-81.32],[-157.1,-81.27],[-156.45,-81.15],[-147.63,-80.92],[-147.55,-80.89],[-148.45,-80.78],[-148.41,-80.75],[-149.46,-80.72],[-148.89,-80.7],[-149.45,-80.68],[-149.04,-80.66],[-149.25,-80.64],[-149.19,-80.63],[-148.26,-80.64],[-149.68,-80.59],[-149.5,-80.57],[-150.24,-80.53],[-150.32,-80.51],[-150.08,-80.5],[-150.42,-80.43],[-151.01,-80.43],[-149.97,-80.39],[-150.73,-80.32],[-150.57,-80.31],[-150.8,-80.25],[-150.13,-80.19],[-150.37,-80.07],[-148.83,-80.13],[-147.55,-80.05],[-148.95,-79.97],[-148.19,-79.97],[-149.0,-79.86],[-147.98,-79.94],[-147.16,-79.95],[-147.07,-79.91],[-147.9,-79.9],[-147.59,-79.87],[-148.14,-79.81],[-147.77,-79.78],[-150.45,-79.56],[-152.0,-79.34],[-151.7,-79.25],[-152.41,-79.26],[-151.72,-79.08],[-152.94,-79.17],[-154.97,-79.03],[-156.53,-78.66],[-156.5,-78.59],[-156.09,-78.56],[-156.05,-78.49],[-154.52,-78.43],[-154.58,-78.42],[-154.29,-78.39],[-154.14,-78.25],[-153.82,-78.23],[-154.21,-78.22],[-154.4,-78.14],[-155.12,-78.26],[-155.25,-78.21],[-154.98,-78.21],[-155.04,-78.15],[-156.35,-78.2],[-156.63,-78.14],[-157.2,-78.25],[-158.34,-77.97],[-158.64,-77.85],[-158.12,-77.56],[-158.29,-77.51],[-158.14,-77.43],[-158.33,-77.34],[-158.18,-77.21],[-158.31,-77.13],[-158.22,-77.07],[-157.84,-77.07],[-157.02,-77.36],[-156.47,-77.26],[-156.83,-77.19],[-156.59,-77.11],[-155.87,-77.06],[-155.48,-77.17],[-154.89,-77.1],[-154.41,-77.15],[-153.32,-77.34],[-153.94,-77.42],[-153.86,-77.44],[-152.58,-77.5],[-152.61,-77.44],[-152.48,-77.41],[-152.49,-77.32],[-152.35,-77.3],[-152.1,-77.39],[-151.51,-77.42],[-151.37,-77.45],[-151.47,-77.49],[-151.42,-77.51],[-149.97,-77.82],[-149.25,-77.76],[-149.79,-77.62],[-148.88,-77.71],[-148.67,-77.67],[-148.81,-77.56],[-147.76,-77.46],[-149.06,-77.32],[-148.8,-77.23],[-148.97,-77.23],[-148.77,-77.1],[-147.85,-77.26],[-147.66,-77.42],[-147.71,-77.36],[-147.58,-77.39],[-146.98,-77.24],[-146.38,-77.5],[-145.46,-77.52],[-145.41,-77.48],[-145.96,-77.36],[-145.81,-77.35],[-145.95,-77.23],[-145.25,-77.23],[-146.38,-77.0],[-145.31,-77.06],[-145.59,-76.92],[-145.96,-76.86],[-145.4,-76.78],[-145.46,-76.75],[-146.11,-76.71],[-146.47,-76.59],[-146.39,-76.56],[-147.08,-76.43],[-148.45,-76.51],[-149.71,-76.38],[-149.55,-76.3],[-148.54,-76.23],[-148.69,-76.16],[-148.2,-76.09],[-147.06,-76.25],[-146.49,-76.33],[-146.25,-76.42],[-145.35,-76.43],[-145.54,-76.32],[-146.5,-76.09],[-146.21,-75.92],[-144.22,-75.82],[-144.16,-75.8],[-144.2,-75.72],[-143.97,-75.7],[-144.36,-75.62],[-142.68,-75.56],[-142.54,-75.54],[-142.58,-75.45],[-142.47,-75.43],[-141.86,-75.52],[-141.53,-75.77],[-140.65,-75.81],[-141.33,-75.53],[-140.28,-75.43],[-139.57,-75.15],[-137.74,-75.06],[-137.09,-75.18],[-136.35,-75.18],[-136.43,-75.13],[-136.37,-75.11],[-137.01,-75.01],[-136.86,-74.96],[-136.83,-74.76],[-136.22,-74.7],[-135.7,-74.75],[-135.65,-74.71],[-135.7,-74.68],[-135.42,-74.57],[-134.52,-74.64],[-134.59,-74.74],[-134.37,-74.81],[-134.41,-74.86],[-133.87,-74.93],[-132.79,-74.77],[-132.58,-74.83],[-132.09,-74.76],[-129.98,-74.91],[-127.24,-74.68],[-126.11,-74.76],[-124.37,-74.71],[-124.05,-74.81],[-121.77,-74.79],[-118.87,-74.6],[-118.62,-74.52],[-119.14,-74.5],[-118.98,-74.4],[-117.97,-74.26],[-117.84,-74.34],[-117.98,-74.4],[-117.81,-74.41],[-117.88,-74.47],[-117.79,-74.52],[-116.69,-74.56],[-116.05,-74.5],[-116.08,-74.42],[-115.91,-74.39],[-115.89,-74.46],[-115.65,-74.53],[-114.87,-74.48],[-114.84,-74.39],[-115.07,-74.26],[-115.12,-74.09],[-114.8,-73.94],[-114.21,-73.86],[-113.95,-73.91],[-114.24,-74.08],[-113.61,-74.03],[-113.44,-74.1],[-113.42,-74.17],[-113.95,-74.26],[-113.69,-74.3],[-113.81,-74.34],[-113.75,-74.41],[-113.8,-74.45],[-113.23,-74.4],[-113.62,-74.58],[-114.36,-74.7],[-113.83,-74.71],[-113.97,-74.88],[-114.28,-75.02],[-114.11,-75.07],[-112.92,-74.87],[-111.54,-74.8],[-111.51,-74.74],[-111.71,-74.72],[-111.93,-74.55],[-111.33,-74.48],[-111.74,-74.41],[-111.9,-74.28],[-111.59,-74.17],[-110.8,-74.33],[-110.55,-74.24],[-110.25,-74.37],[-110.45,-74.41],[-110.19,-74.43],[-110.1,-74.55],[-110.32,-74.66],[-110.24,-74.72],[-110.29,-74.78],[-110.68,-74.83],[-111.62,-75.2],[-111.3,-75.24],[-109.87,-75.23],[-109.69,-75.15],[-106.59,-75.38],[-105.14,-75.18],[-105.03,-75.11],[-104.55,-75.16],[-101.76,-75.08],[-101.56,-75.15],[-101.66,-75.31],[-101.15,-75.37],[-101.11,-75.43],[-99.43,-75.3],[-99.01,-75.34],[-98.4,-75.24],[-98.74,-75.22],[-98.43,-75.13],[-98.9,-75.17],[-99.38,-75.11],[-99.32,-74.96],[-99.44,-74.91],[-100.52,-74.89],[-99.92,-74.77],[-100.11,-74.72],[-100.02,-74.64],[-100.11,-74.63],[-99.8,-74.54],[-100.13,-74.47],[-100.93,-74.55],[-101.4,-74.5],[-101.46,-74.48],[-101.38,-74.43],[-101.43,-74.37],[-101.3,-74.27],[-101.43,-74.28],[-101.37,-74.2],[-101.59,-74.0],[-102.85,-73.92],[-102.92,-73.86],[-102.8,-73.72],[-102.98,-73.68],[-103.0,-73.61],[-101.39,-73.67],[-101.16,-73.77],[-100.63,-73.78],[-99.58,-73.71],[-99.47,-73.68],[-99.59,-73.63],[-99.5,-73.62],[-98.81,-73.63],[-98.87,-73.59],[-99.59,-73.52],[-99.41,-73.49],[-99.71,-73.47],[-99.77,-73.36],[-102.87,-73.31],[-103.31,-73.15],[-103.26,-73.01],[-103.43,-72.85],[-103.04,-72.71],[-102.09,-72.77],[-102.19,-72.89],[-102.72,-73.0],[-102.08,-72.98],[-101.96,-73.06],[-100.77,-72.98],[-100.32,-73.07],[-99.85,-73.0],[-97.72,-73.03],[-97.98,-73.17],[-97.42,-73.12],[-96.47,-73.3],[-95.84,-73.33],[-95.75,-73.26],[-95.19,-73.21],[-94.13,-73.31],[-93.57,-73.18],[-92.8,-73.14],[-91.95,-73.18],[-91.84,-73.26],[-91.08,-73.34],[-90.53,-73.28],[-90.16,-73.14],[-89.23,-73.11],[-89.28,-73.04],[-89.05,-72.93],[-89.12,-72.9],[-89.11,-72.76],[-89.42,-72.64],[-89.35,-72.63],[-88.17,-72.73],[-88.11,-72.84],[-88.41,-72.92],[-88.42,-73.02],[-88.71,-73.12],[-88.41,-73.27],[-87.35,-73.17],[-87.36,-73.26],[-86.95,-73.38],[-85.68,-73.18],[-85.58,-73.2],[-85.66,-73.26],[-85.53,-73.39],[-85.1,-73.49],[-83.75,-73.56],[-83.76,-73.63],[-83.88,-73.67],[-83.81,-73.74],[-82.93,-73.71],[-82.14,-73.89],[-81.18,-73.7],[-81.09,-73.59],[-81.33,-73.48],[-81.36,-73.32],[-81.23,-73.25],[-80.81,-73.26],[-80.39,-73.41],[-80.2,-73.4],[-80.65,-73.08],[-80.65,-73.0],[-80.49,-72.95],[-79.65,-73.04],[-78.78,-73.34],[-78.74,-73.41],[-78.86,-73.52],[-78.84,-73.61],[-77.53,-73.47],[-76.88,-73.46],[-76.72,-73.52],[-76.73,-73.59],[-77.24,-73.81],[-77.08,-73.88],[-76.78,-73.79],[-76.28,-73.82],[-75.27,-73.62],[-74.66,-73.74],[-74.28,-73.66],[-74.03,-73.72],[-73.69,-73.59],[-73.57,-73.65],[-73.23,-73.56],[-73.07,-73.44],[-72.38,-73.47],[-72.24,-73.39],[-71.06,-73.27],[-70.29,-73.29],[-68.78,-73.11],[-67.51,-72.83],[-67.5,-72.74],[-67.22,-72.59],[-67.19,-72.46],[-66.75,-72.11],[-66.79,-71.96],[-67.48,-71.59],[-67.62,-71.43],[-67.44,-71.24],[-67.54,-71.21],[-67.46,-71.19],[-67.51,-71.11],[-67.4,-71.07],[-67.41,-70.99],[-67.64,-70.85],[-67.67,-70.64],[-67.95,-70.31],[-68.48,-70.05],[-68.36,-69.68],[-68.82,-69.43],[-68.31,-69.4],[-68.28,-69.28],[-67.39,-69.5],[-67.27,-69.44],[-67.34,-69.39],[-67.25,-69.27],[-66.89,-69.23],[-66.84,-69.18],[-66.96,-69.12],[-66.76,-69.07],[-66.94,-69.05],[-66.84,-68.97],[-67.27,-68.94],[-67.48,-68.84],[-66.96,-68.75],[-67.01,-68.61],[-67.17,-68.53],[-66.86,-68.37],[-67.16,-68.3],[-66.77,-68.31],[-66.63,-68.25],[-66.69,-68.19],[-66.95,-68.22],[-67.21,-68.08],[-67.07,-68.04],[-67.27,-67.97],[-66.85,-67.91],[-66.83,-67.87],[-66.89,-67.83],[-66.77,-67.78],[-67.08,-67.78],[-66.74,-67.73],[-66.97,-67.69],[-66.77,-67.59],[-66.53,-67.61],[-66.51,-67.53],[-66.99,-67.47],[-67.61,-67.55],[-67.52,-67.51],[-67.66,-67.48],[-67.48,-67.33],[-67.55,-67.26],[-67.44,-67.19],[-67.61,-67.18],[-67.48,-67.05],[-67.3,-67.1],[-67.22,-66.97],[-67.12,-67.02],[-67.1,-66.93],[-66.95,-66.94],[-66.89,-67.17],[-66.98,-67.28],[-66.79,-67.31],[-66.71,-67.19],[-66.46,-67.34],[-66.53,-67.11],[-66.44,-67.09],[-66.61,-67.04],[-66.42,-66.88],[-66.55,-66.81],[-66.55,-66.65],[-66.26,-66.58],[-65.8,-66.72],[-65.69,-66.68],[-65.65,-66.65],[-65.77,-66.6],[-65.69,-66.59],[-65.66,-66.43],[-65.55,-66.4],[-65.87,-66.3],[-65.64,-66.21],[-65.71,-66.15],[-65.6,-66.1],[-65.09,-66.15],[-65.32,-66.04],[-65.26,-65.96],[-64.89,-65.93],[-64.58,-66.03],[-64.49,-65.95],[-64.69,-65.84],[-64.67,-65.75],[-64.4,-65.81],[-64.34,-65.72],[-64.48,-65.63],[-64.05,-65.69],[-64.23,-65.55],[-64.08,-65.51],[-63.8,-65.61],[-63.83,-65.55],[-63.68,-65.52],[-64.09,-65.41],[-63.98,-65.37],[-64.11,-65.27],[-64.05,-65.26],[-64.08,-65.17],[-63.87,-65.05],[-63.26,-65.08],[-63.08,-65.17],[-62.99,-65.13],[-63.01,-65.04],[-63.23,-64.97],[-62.87,-64.92],[-62.79,-64.81],[-62.58,-64.91],[-62.41,-64.88],[-62.67,-64.78],[-62.5,-64.73],[-62.57,-64.66],[-62.5,-64.6],[-62.31,-64.66],[-62.37,-64.75],[-62.14,-64.78],[-62.22,-64.74],[-61.97,-64.69],[-61.92,-64.57],[-61.8,-64.58],[-61.81,-64.49],[-61.58,-64.66],[-61.49,-64.61],[-61.61,-64.53],[-61.43,-64.55],[-61.44,-64.47],[-61.58,-64.44],[-61.46,-64.37],[-61.3,-64.43],[-61.09,-64.39],[-61.1,-64.3],[-60.94,-64.28],[-60.96,-64.16],[-60.84,-64.16],[-60.99,-64.06],[-60.77,-64.09],[-60.73,-64.01],[-60.31,-63.92],[-59.97,-63.96],[-59.81,-63.77],[-59.77,-63.86],[-59.43,-63.91],[-59.35,-63.71],[-58.94,-63.67],[-58.9,-63.54],[-58.17,-63.46],[-58.17,-63.38],[-58.03,-63.41],[-57.86,-63.31],[-57.37,-63.22],[-57.03,-63.28],[-57.05,-63.42],[-56.94,-63.4],[-56.99,-63.46],[-56.78,-63.6],[-57.12,-63.65],[-57.18,-63.6],[-57.1,-63.56],[-57.13,-63.5],[-57.45,-63.44],[-57.42,-63.56],[-57.72,-63.55],[-57.77,-63.59],[-57.6,-63.6],[-58.1,-63.66],[-58.7,-63.99],[-58.82,-64.22],[-59.11,-64.23],[-58.75,-64.29],[-58.95,-64.36],[-58.78,-64.43],[-58.82,-64.54],[-58.99,-64.51],[-59.01,-64.43],[-59.33,-64.44],[-59.46,-64.31],[-59.66,-64.39],[-59.65,-64.52],[-59.55,-64.54],[-59.59,-64.59],[-59.77,-64.57],[-59.77,-64.42],[-60.01,-64.4],[-60.01,-64.47],[-60.26,-64.57],[-60.42,-64.52],[-60.36,-64.64],[-60.67,-64.71],[-61.05,-65.01],[-61.38,-65.05],[-61.73,-64.97],[-61.74,-65.09],[-61.56,-65.16],[-61.63,-65.24],[-61.96,-65.19],[-62.2,-65.3],[-62.03,-65.37],[-62.1,-65.4],[-62.07,-65.48],[-61.7,-65.55],[-62.08,-65.6],[-62.09,-65.71],[-62.36,-65.81],[-62.37,-65.92],[-62.02,-66.11],[-61.6,-66.17],[-61.65,-66.03],[-61.31,-66.09],[-61.36,-65.93],[-61.28,-65.91],[-61.03,-66.04],[-61.01,-65.91],[-60.55,-65.96],[-60.7,-66.04],[-60.71,-66.13],[-60.84,-66.05],[-61.02,-66.08],[-60.88,-66.19],[-60.99,-66.34],[-61.15,-66.33],[-61.19,-66.18],[-61.47,-66.11],[-61.49,-66.26],[-61.78,-66.21],[-61.67,-66.39],[-61.75,-66.48],[-61.98,-66.27],[-61.97,-66.2],[-62.67,-66.23],[-62.76,-66.32],[-62.51,-66.48],[-62.69,-66.51],[-62.7,-66.58],[-62.46,-66.64],[-62.64,-66.72],[-63.21,-66.25],[-63.81,-66.19],[-63.71,-66.25],[-63.87,-66.27],[-63.57,-66.39],[-63.9,-66.38],[-63.76,-66.43],[-63.91,-66.5],[-63.8,-66.59],[-64.02,-66.56],[-64.13,-66.64],[-63.75,-66.79],[-63.76,-66.9],[-64.04,-66.94],[-64.31,-66.84],[-64.37,-66.91],[-64.52,-66.9],[-64.53,-66.76],[-64.62,-66.77],[-64.77,-66.85],[-64.71,-66.99],[-64.96,-66.9],[-64.88,-66.96],[-64.97,-67.03],[-64.69,-67.15],[-65.07,-67.2],[-64.75,-67.31],[-65.33,-67.4],[-65.48,-67.26],[-65.46,-67.35],[-65.58,-67.31],[-65.62,-67.37],[-65.5,-67.46],[-65.61,-67.5],[-65.59,-67.55],[-65.34,-67.66],[-65.58,-67.73],[-65.58,-67.84],[-65.71,-67.86],[-65.33,-67.98],[-65.78,-68.09],[-65.76,-68.17],[-65.23,-68.16],[-64.94,-68.02],[-64.99,-68.09],[-64.76,-68.11],[-65.49,-68.32],[-65.44,-68.38],[-64.98,-68.41],[-65.35,-68.53],[-65.24,-68.63],[-64.66,-68.67],[-64.53,-68.77],[-64.37,-68.74],[-64.03,-68.83],[-64.18,-68.75],[-64.0,-68.75],[-64.33,-68.64],[-64.18,-68.65],[-64.26,-68.57],[-63.99,-68.49],[-62.87,-68.42],[-62.92,-68.51],[-63.24,-68.45],[-63.76,-68.58],[-63.81,-68.72],[-63.21,-68.84],[-63.51,-68.81],[-63.41,-68.94],[-63.9,-68.98],[-63.3,-69.06],[-63.44,-69.16],[-63.17,-69.16],[-62.99,-69.37],[-62.75,-69.35],[-62.4,-69.52],[-62.39,-69.71],[-62.53,-69.86],[-62.01,-70.08],[-61.87,-70.21],[-62.01,-70.29],[-62.39,-70.22],[-62.32,-70.28],[-62.44,-70.3],[-62.41,-70.41],[-62.17,-70.42],[-62.14,-70.55],[-61.47,-70.49],[-61.35,-70.56],[-61.68,-70.62],[-61.63,-70.67],[-61.69,-70.71],[-62.13,-70.72],[-62.01,-70.79],[-62.03,-70.9],[-61.31,-70.86],[-61.27,-70.93],[-61.37,-71.02],[-61.18,-71.03],[-61.21,-71.1],[-60.93,-71.18],[-61.28,-71.22],[-60.92,-71.34],[-60.98,-71.37],[-61.42,-71.32],[-61.13,-71.41],[-61.55,-71.45],[-61.54,-71.51],[-61.73,-71.53],[-61.72,-71.6],[-62.11,-71.64],[-61.56,-71.69],[-61.14,-71.53],[-60.95,-71.62],[-60.98,-71.66],[-60.78,-71.68],[-60.8,-71.78],[-61.1,-71.71],[-61.16,-71.72],[-61.03,-71.83],[-61.09,-71.87],[-62.44,-71.92],[-62.11,-72.01],[-62.35,-72.1],[-62.25,-72.14],[-61.67,-72.05],[-61.17,-72.17],[-61.17,-72.07],[-60.69,-72.0],[-60.69,-72.12],[-61.07,-72.19],[-60.69,-72.23],[-60.67,-72.33],[-61.0,-72.36],[-60.64,-72.43],[-61.46,-72.41],[-61.37,-72.47],[-61.47,-72.5],[-61.28,-72.53],[-61.22,-72.64],[-61.42,-72.65],[-61.14,-72.78],[-61.0,-72.69],[-60.55,-72.66],[-60.49,-72.79],[-60.76,-73.07],[-60.55,-72.98],[-60.28,-73.05],[-60.08,-72.87],[-59.95,-72.9],[-59.9,-72.99],[-60.03,-73.12],[-59.98,-73.24],[-60.03,-73.28],[-60.38,-73.32],[-60.6,-73.18],[-60.73,-73.4],[-60.83,-73.38],[-60.88,-73.24],[-60.95,-73.34],[-61.08,-73.35],[-61.23,-73.2],[-62.07,-73.13],[-61.65,-73.25],[-62.0,-73.23],[-61.57,-73.35],[-61.93,-73.37],[-61.69,-73.54],[-61.45,-73.48],[-60.8,-73.58],[-61.15,-73.74],[-60.73,-73.72],[-60.99,-73.96],[-61.69,-73.89],[-61.79,-73.91],[-61.58,-73.97],[-61.86,-74.03],[-61.06,-74.07],[-61.13,-74.16],[-61.4,-74.25],[-61.55,-74.18],[-61.98,-74.24],[-61.86,-74.33],[-60.65,-74.25],[-60.98,-74.42],[-60.91,-74.45],[-60.98,-74.5],[-61.54,-74.54],[-62.36,-74.4],[-61.79,-74.71],[-61.79,-74.78],[-62.13,-74.95],[-62.53,-75.0],[-62.59,-74.95],[-62.59,-74.77],[-62.7,-74.68],[-63.27,-74.67],[-63.29,-74.72],[-63.08,-74.91],[-63.57,-74.87],[-63.61,-74.94],[-64.09,-75.0],[-63.28,-75.02],[-63.04,-75.15],[-64.16,-75.22],[-64.43,-75.32],[-63.08,-75.35],[-63.16,-75.41],[-66.22,-76.01],[-68.1,-76.15],[-67.95,-76.22],[-69.55,-76.33],[-70.18,-76.45],[-69.75,-76.47],[-70.05,-76.5],[-69.82,-76.52],[-70.1,-76.57],[-69.83,-76.61],[-70.09,-76.68],[-69.94,-76.67],[-70.01,-76.69],[-71.71,-76.76],[-73.94,-76.65],[-73.77,-76.72],[-75.21,-76.57],[-75.67,-76.56],[-75.59,-76.61],[-75.81,-76.64],[-76.54,-76.52],[-76.77,-76.58],[-76.71,-76.67],[-77.46,-76.48],[-77.38,-76.55],[-77.51,-76.56],[-77.43,-76.63],[-77.69,-76.49],[-77.51,-76.63],[-77.52,-76.73],[-76.82,-77.01],[-77.0,-77.04],[-75.87,-77.35],[-75.53,-77.54],[-75.08,-77.44],[-72.72,-77.58],[-72.8,-77.7],[-73.47,-78.01],[-74.27,-78.13],[-73.93,-78.11],[-74.06,-78.14],[-75.05,-78.23],[-75.22,-78.14],[-77.69,-77.93],[-79.42,-77.88],[-80.77,-77.67],[-80.66,-77.72],[-81.16,-77.85],[-81.67,-77.84],[-77.41,-78.42],[-77.33,-78.6],[-77.75,-78.74],[-80.3,-78.85],[-82.49,-78.47],[-83.77,-77.97],[-83.83,-78.0],[-83.73,-78.14],[-83.56,-78.18],[-83.59,-78.23],[-82.94,-78.47],[-83.11,-78.51],[-83.24,-78.4],[-83.68,-78.33],[-83.74,-78.42],[-83.89,-78.42],[-83.25,-78.77],[-81.74,-79.07],[-81.39,-79.22],[-81.11,-79.2],[-81.32,-79.3],[-81.17,-79.45],[-80.49,-79.58],[-80.39,-79.51],[-80.55,-79.41],[-80.54,-79.32],[-80.43,-79.26],[-76.53,-79.31],[-76.07,-79.44],[-75.92,-79.54],[-76.1,-79.73],[-76.63,-79.94],[-77.42,-80.01],[-79.69,-79.98],[-78.27,-80.18],[-76.27,-80.08],[-76.25,-80.18],[-76.1,-80.29],[-75.97,-80.27],[-75.41,-80.49],[-75.71,-80.64],[-74.95,-80.77],[-75.77,-80.84],[-75.55,-80.89],[-74.84,-80.92],[-74.1,-80.8],[-72.59,-80.96],[-72.58,-80.83],[-72.46,-80.75],[-70.82,-80.61],[-70.4,-80.67],[-70.4,-80.82],[-70.03,-80.89],[-69.98,-80.98],[-69.17,-81.03],[-68.45,-80.98],[-68.06,-81.04],[-68.42,-81.09],[-68.37,-81.11],[-65.17,-81.51],[-62.21,-81.59],[-62.08,-81.65],[-64.08,-81.69],[-63.88,-81.6],[-64.2,-81.69],[-64.71,-81.7],[-64.51,-81.64],[-64.62,-81.62],[-65.69,-81.71],[-65.62,-81.78],[-63.48,-81.78],[-63.54,-81.83],[-63.48,-81.84],[-66.26,-81.95],[-65.63,-81.99],[-65.94,-82.1],[-66.06,-82.2],[-65.86,-82.24],[-66.08,-82.29],[-66.03,-82.31],[-65.23,-82.26],[-65.07,-82.41],[-64.46,-82.35],[-64.53,-82.38],[-64.44,-82.41],[-63.84,-82.3],[-63.33,-82.34],[-63.19,-82.26],[-62.07,-82.29],[-60.4,-82.17],[-61.12,-82.34],[-62.8,-82.52],[-62.5,-82.68],[-62.54,-82.72],[-61.93,-82.97],[-62.18,-83.03],[-61.83,-82.99],[-61.62,-83.06],[-61.31,-82.89],[-61.15,-82.96],[-61.07,-82.91],[-60.97,-83.01],[-61.11,-83.16],[-61.85,-83.37],[-60.9,-83.39],[-61.11,-83.45],[-60.95,-83.48],[-59.47,-83.46],[-57.7,-82.91],[-56.34,-82.65],[-55.92,-82.48],[-55.22,-82.52],[-55.02,-82.35],[-53.92,-82.21],[-54.3,-82.19],[-52.64,-82.16],[-50.76,-81.96],[-47.43,-81.92]]],[[[-20.84,-74.46],[-20.98,-74.21],[-21.12,-74.14],[-22.04,-74.11],[-21.15,-73.95],[-20.89,-73.68],[-20.61,-73.59],[-20.5,-73.79],[-20.69,-74.1],[-20.37,-74.39],[-20.53,-74.5],[-20.84,-74.46]]],[[[-16.52,-72.52],[-16.36,-72.46],[-16.1,-72.69],[-16.3,-72.71],[-16.49,-72.62],[-16.52,-72.52]]],[[[-12.97,-72.06],[-12.81,-72.0],[-12.49,-72.17],[-12.88,-72.14],[-12.97,-72.06]]],[[[-3.41,-71.07],[-3.23,-71.05],[-2.94,-71.23],[-3.34,-71.19],[-3.41,-71.07]]],[[[-2.3,-71.02],[-2.8,-71.17],[-2.86,-71.05],[-2.67,-70.99],[-3.59,-70.74],[-3.53,-70.68],[-2.62,-70.7],[-2.5,-70.73],[-2.72,-70.82],[-2.08,-70.83],[-2.3,-71.02]]],[[[1.95,-70.6],[2.15,-70.65],[2.12,-70.68],[1.95,-70.6]]],[[[-6.45,-70.44],[-6.01,-70.4],[-5.88,-70.55],[-6.19,-70.58],[-6.45,-70.44]]],[[[2.58,-70.52],[3.14,-70.37],[3.26,-70.44],[3.06,-70.59],[2.68,-70.62],[2.58,-70.52]]],[[[-2.83,-70.28],[-2.72,-70.31],[-2.68,-70.44],[-2.83,-70.52],[-3.51,-70.51],[-3.3,-70.35],[-2.83,-70.28]]],[[[4.2,-70.47],[4.05,-70.3],[4.3,-70.24],[4.57,-70.28],[4.6,-70.42],[4.47,-70.5],[4.2,-70.47]]],[[[5.65,-70.23],[5.83,-70.3],[5.64,-70.33],[5.47,-70.26],[5.65,-70.23]]],[[[1.16,-70.42],[0.94,-70.1],[1.36,-70.03],[1.46,-70.15],[1.16,-70.42]]],[[[6.27,-70.12],[6.54,-70.21],[6.47,-70.22],[6.27,-70.12]]],[[[-57.22,-64.57],[-57.46,-64.52],[-57.42,-64.44],[-56.88,-64.34],[-57.22,-64.57]]],[[[-57.65,-64.45],[-57.58,-64.42],[-57.59,-64.47],[-57.65,-64.45]]],[[[-56.71,-64.24],[-56.58,-64.24],[-56.71,-64.31],[-56.88,-64.31],[-56.71,-64.24]]],[[[-57.73,-64.39],[-57.69,-64.29],[-57.86,-64.3],[-57.8,-64.38],[-57.87,-64.42],[-57.97,-64.4],[-57.91,-64.34],[-57.96,-64.32],[-58.21,-64.38],[-58.31,-64.32],[-58.01,-64.24],[-58.18,-64.21],[-58.13,-64.1],[-58.46,-64.09],[-58.3,-63.92],[-57.79,-63.79],[-57.76,-63.9],[-57.89,-63.98],[-57.82,-64.0],[-57.86,-64.07],[-57.72,-64.08],[-57.74,-64.03],[-57.49,-63.93],[-57.53,-64.02],[-57.16,-64.09],[-57.4,-64.15],[-57.07,-64.16],[-57.56,-64.29],[-57.3,-64.37],[-57.73,-64.39]]],[[[-57.4,-63.84],[-57.09,-63.84],[-57.24,-63.9],[-57.7,-63.82],[-57.36,-63.81],[-57.4,-63.84]]],[[[-57.53,-63.69],[-57.57,-63.64],[-57.4,-63.63],[-57.53,-63.69]]],[[[-56.6,-63.56],[-56.47,-63.57],[-56.65,-63.62],[-56.6,-63.56]]],[[[-55.81,-63.41],[-55.72,-63.5],[-55.96,-63.58],[-56.24,-63.48],[-55.81,-63.41]]],[[[-55.79,-63.29],[-56.36,-63.44],[-56.55,-63.37],[-56.25,-63.19],[-55.58,-63.13],[-55.05,-63.25],[-55.17,-63.36],[-55.79,-63.29]]],[[[-56.59,-63.21],[-56.7,-63.21],[-56.67,-63.17],[-56.59,-63.15],[-56.59,-63.21]]],[[[-56.1,-63.0],[-56.04,-63.06],[-56.34,-63.17],[-56.62,-63.05],[-56.49,-62.98],[-56.1,-63.0]]],[[[-58.81,-62.17],[-59.01,-62.22],[-58.7,-62.01],[-58.41,-61.93],[-57.67,-61.91],[-57.59,-62.03],[-58.16,-62.06],[-58.12,-62.14],[-58.24,-62.18],[-58.38,-62.11],[-58.28,-62.08],[-58.48,-62.07],[-58.63,-62.18],[-58.45,-62.2],[-58.75,-62.24],[-58.81,-62.17]]],[[[-54.06,-61.13],[-54.01,-61.14],[-54.08,-61.3],[-54.23,-61.27],[-54.06,-61.13]]],[[[-55.25,-61.27],[-55.45,-61.12],[-54.65,-61.11],[-55.05,-61.16],[-55.25,-61.27]]],[[[-44.69,-60.68],[-44.45,-60.7],[-44.72,-60.77],[-44.82,-60.74],[-44.69,-60.68]]],[[[-45.01,-60.71],[-45.08,-60.68],[-45.07,-60.63],[-45.01,-60.71]]],[[[-45.48,-60.55],[-45.19,-60.63],[-45.14,-60.74],[-45.79,-60.58],[-45.99,-60.62],[-45.98,-60.56],[-45.48,-60.55]]],[[[166.19,-78.3],[165.99,-78.11],[166.8,-78.21],[167.51,-77.99],[167.67,-78.13],[167.29,-78.25],[166.19,-78.3]]],[[[168.4,-77.7],[167.41,-77.64],[166.68,-77.86],[166.61,-77.84],[166.89,-77.71],[166.45,-77.71],[166.9,-77.68],[166.17,-77.53],[166.68,-77.36],[166.4,-77.27],[166.45,-77.21],[166.83,-77.16],[167.03,-77.2],[167.14,-77.34],[167.57,-77.41],[168.22,-77.37],[169.36,-77.5],[168.4,-77.7]]],[[[166.96,-76.94],[166.98,-76.96],[166.87,-76.97],[166.96,-76.94]]],[[[162.74,-75.7],[162.58,-75.66],[162.97,-75.55],[162.74,-75.7]]],[[[162.57,-75.42],[162.62,-75.46],[162.53,-75.48],[162.49,-75.46],[162.57,-75.42]]],[[[163.65,-74.85],[163.7,-74.89],[163.63,-74.91],[163.65,-74.85]]],[[[164.04,-74.64],[164.11,-74.74],[163.93,-74.77],[164.04,-74.81],[163.96,-74.87],[163.69,-74.73],[164.3,-74.55],[164.04,-74.64]]],[[[169.65,-73.63],[169.46,-73.55],[169.75,-73.32],[169.96,-73.51],[169.65,-73.63]]],[[[68.45,-72.31],[68.39,-72.3],[68.73,-72.09],[68.85,-72.17],[68.45,-72.31]]],[[[69.73,-72.06],[69.68,-71.98],[69.77,-71.9],[69.92,-71.91],[69.73,-72.06]]],[[[71.62,-70.35],[71.81,-70.27],[71.89,-70.41],[72.2,-70.54],[72.22,-70.63],[71.83,-70.62],[71.67,-70.52],[71.62,-70.35]]],[[[163.46,-70.34],[163.57,-70.36],[163.35,-70.4],[163.46,-70.34]]],[[[26.46,-70.45],[26.06,-70.39],[25.91,-70.28],[26.27,-70.08],[26.59,-70.07],[26.88,-70.32],[26.84,-70.41],[26.46,-70.45]]],[[[161.83,-70.22],[161.92,-70.24],[161.89,-70.26],[161.83,-70.22]]],[[[11.0,-70.08],[10.54,-70.01],[10.63,-70.0],[11.0,-70.08]]],[[[72.64,-69.97],[72.73,-70.0],[72.56,-70.09],[72.44,-70.06],[72.64,-69.97]]],[[[16.12,-70.07],[15.55,-69.87],[15.97,-69.72],[16.64,-69.74],[16.26,-69.88],[16.12,-70.07]]],[[[47.49,-67.57],[47.92,-67.59],[47.41,-67.62],[47.49,-67.57]]],[[[47.56,-67.52],[47.61,-67.52],[47.49,-67.57],[47.56,-67.52]]],[[[164.76,-67.57],[164.66,-67.54],[164.66,-67.26],[164.91,-67.4],[164.76,-67.57]]],[[[120.53,-66.97],[120.48,-66.95],[120.54,-66.88],[120.87,-66.89],[120.53,-66.97]]],[[[85.59,-66.98],[85.64,-66.94],[85.37,-66.88],[85.26,-66.77],[85.8,-66.77],[85.94,-66.89],[85.59,-66.98]]],[[[121.05,-66.79],[121.2,-66.79],[120.88,-66.85],[121.05,-66.79]]],[[[163.26,-66.72],[163.3,-66.88],[163.19,-66.84],[163.08,-66.71],[163.26,-66.72]]],[[[48.73,-66.7],[48.81,-66.77],[48.31,-66.81],[48.28,-66.75],[48.73,-66.7]]],[[[86.23,-66.73],[86.33,-66.68],[86.68,-66.72],[86.31,-66.79],[86.23,-66.73]]],[[[85.15,-66.52],[85.34,-66.6],[85.11,-66.64],[85.05,-66.61],[85.15,-66.52]]],[[[98.73,-66.48],[98.59,-66.39],[98.71,-66.36],[98.94,-66.43],[98.73,-66.48]]],[[[162.29,-66.4],[162.35,-66.36],[162.3,-66.25],[162.63,-66.46],[162.47,-66.51],[162.29,-66.4]]],[[[97.35,-66.36],[97.42,-66.42],[97.01,-66.38],[97.35,-66.36]]],[[[100.31,-66.2],[100.06,-66.2],[100.29,-66.11],[100.31,-66.2]]],[[[96.3,-66.18],[96.35,-66.12],[96.53,-66.04],[96.92,-66.05],[97.03,-66.14],[96.91,-66.21],[96.3,-66.18]]],[[[100.4,-65.85],[100.61,-65.78],[101.03,-65.81],[100.4,-65.85]]],[[[92.24,-65.75],[92.35,-65.69],[92.67,-65.75],[92.58,-65.82],[92.24,-65.75]]],[[[100.56,-65.7],[100.33,-65.67],[100.27,-65.59],[100.48,-65.43],[100.73,-65.38],[101.13,-65.41],[101.25,-65.49],[101.23,-65.57],[100.97,-65.68],[100.56,-65.7]]],[[[103.1,-65.3],[102.75,-65.18],[103.09,-65.17],[103.19,-65.23],[103.2,-65.36],[103.42,-65.43],[103.21,-65.47],[103.1,-65.3]]]],"type":"MultiPolygon"},"properties":{"name":"Antarctica"},"type":"Feature"},{"geometry":{"coordinates":[[[[-61.89,17.04],[-61.84,17.16],[-61.68,17.1],[-61.73,17.0],[-61.89,17.04]]],[[[-61.84,17.73],[-61.74,17.55],[-61.85,17.59],[-61.84,17.73]]]],"type":"MultiPolygon"},"properties":{"name":"Antigua and Barbuda"},"type":"Feature"},{"geometry":{"coordinates":[[[[-68.57,-54.88],[-68.65,-54.89],[-68.64,-54.8],[-68.57,-54.88]]],[[[-68.63,-52.64],[-68.31,-52.91],[-68.23,-53.1],[-68.35,-53.02],[-68.52,-53.12],[-68.55,-53.24],[-68.11,-53.34],[-67.98,-53.6],[-67.56,-53.84],[-67.57,-53.91],[-66.77,-54.25],[-66.48,-54.47],[-65.84,-54.65],[-65.14,-54.65],[-65.36,-54.93],[-65.46,-54.88],[-65.67,-54.97],[-65.97,-54.9],[-65.99,-54.97],[-66.45,-55.05],[-67.03,-54.91],[-68.3,-54.79],[-68.55,-54.85],[-68.64,-54.78],[-68.63,-52.64]]],[[[-72.01,-47.06],[-71.91,-47.0],[-71.95,-46.81],[-71.69,-46.69],[-71.68,-46.54],[-71.76,-46.24],[-71.91,-46.14],[-71.61,-45.97],[-71.76,-45.85],[-71.77,-45.57],[-71.49,-45.5],[-71.51,-45.41],[-71.31,-45.3],[-71.59,-44.98],[-72.07,-44.9],[-72.09,-44.78],[-71.3,-44.8],[-71.12,-44.55],[-71.21,-44.43],[-71.86,-44.38],[-71.8,-44.31],[-71.86,-44.11],[-71.66,-43.93],[-71.82,-43.76],[-71.71,-43.68],[-71.71,-43.6],[-71.96,-43.44],[-71.9,-43.32],[-71.75,-43.3],[-71.74,-43.19],[-72.05,-43.11],[-72.15,-43.0],[-72.14,-42.56],[-72.04,-42.48],[-72.12,-42.26],[-72.01,-42.12],[-71.92,-42.18],[-71.74,-42.08],[-71.93,-41.65],[-71.85,-41.57],[-71.9,-41.37],[-71.85,-40.94],[-71.96,-40.72],[-71.8,-40.41],[-71.68,-40.34],[-71.82,-40.23],[-71.81,-40.09],[-71.68,-40.1],[-71.62,-39.91],[-71.71,-39.58],[-71.5,-39.6],[-71.54,-39.53],[-71.41,-39.32],[-71.42,-38.94],[-70.95,-38.75],[-70.84,-38.58],[-70.97,-38.42],[-71.01,-38.07],[-71.19,-37.71],[-71.12,-37.47],[-71.21,-37.29],[-71.09,-37.1],[-71.21,-36.97],[-71.14,-36.95],[-71.2,-36.84],[-71.15,-36.69],[-71.06,-36.69],[-71.04,-36.48],[-70.72,-36.41],[-70.71,-36.27],[-70.39,-36.06],[-70.43,-35.36],[-70.58,-35.26],[-70.39,-35.17],[-70.32,-34.75],[-70.07,-34.41],[-70.06,-34.29],[-69.83,-34.23],[-69.91,-33.77],[-69.79,-33.38],[-69.84,-33.27],[-70.01,-33.3],[-70.11,-33.17],[-70.0,-32.88],[-70.16,-32.74],[-70.16,-32.49],[-70.39,-32.05],[-70.28,-32.05],[-70.24,-31.94],[-70.46,-31.84],[-70.59,-31.57],[-70.57,-31.3],[-70.48,-31.1],[-70.41,-31.15],[-70.27,-31.04],[-70.34,-30.94],[-70.17,-30.36],[-69.96,-30.37],[-69.84,-30.16],[-69.98,-30.07],[-69.92,-29.81],[-70.04,-29.3],[-69.8,-29.1],[-69.65,-28.4],[-69.19,-27.95],[-68.81,-27.12],[-68.59,-27.16],[-68.33,-27.04],[-68.31,-26.9],[-68.6,-26.46],[-68.58,-26.3],[-68.41,-26.14],[-68.61,-25.44],[-68.52,-25.18],[-68.37,-25.12],[-68.57,-24.77],[-68.5,-24.6],[-68.24,-24.39],[-67.34,-24.0],[-67.02,-23.03],[-67.19,-22.82],[-67.03,-22.64],[-67.03,-22.52],[-66.79,-22.43],[-66.71,-22.21],[-66.31,-22.08],[-66.22,-21.79],[-65.74,-22.11],[-65.02,-22.1],[-64.6,-22.21],[-64.33,-22.87],[-64.25,-22.54],[-63.95,-22.01],[-62.8,-22.0],[-62.63,-22.31],[-62.24,-22.54],[-61.96,-23.03],[-61.5,-23.41],[-61.11,-23.61],[-61.01,-23.81],[-60.34,-24.02],[-60.03,-24.01],[-58.81,-24.78],[-58.47,-24.85],[-58.34,-24.99],[-58.22,-24.94],[-57.75,-25.18],[-57.56,-25.44],[-57.58,-25.56],[-57.77,-25.7],[-57.87,-26.01],[-58.15,-26.18],[-58.18,-26.65],[-58.34,-26.81],[-58.32,-26.87],[-58.48,-26.94],[-58.65,-27.16],[-58.6,-27.32],[-58.02,-27.26],[-57.18,-27.49],[-56.9,-27.42],[-56.77,-27.51],[-56.55,-27.46],[-56.4,-27.59],[-56.12,-27.3],[-55.89,-27.33],[-55.75,-27.44],[-55.59,-27.33],[-55.6,-27.17],[-55.41,-26.98],[-55.14,-26.95],[-54.92,-26.67],[-54.79,-26.64],[-54.64,-26.2],[-54.6,-25.57],[-54.45,-25.69],[-54.4,-25.58],[-54.19,-25.58],[-54.21,-25.53],[-54.12,-25.49],[-54.1,-25.6],[-53.91,-25.63],[-53.83,-25.96],[-53.66,-26.26],[-53.77,-26.71],[-53.71,-26.9],[-53.83,-27.16],[-53.96,-27.15],[-54.09,-27.29],[-54.18,-27.24],[-54.29,-27.43],[-54.81,-27.53],[-54.91,-27.74],[-55.08,-27.78],[-55.03,-27.85],[-55.31,-27.91],[-55.44,-28.08],[-55.77,-28.23],[-55.66,-28.33],[-55.69,-28.4],[-55.91,-28.38],[-55.9,-28.47],[-56.29,-28.78],[-56.43,-29.07],[-56.62,-29.16],[-56.69,-29.33],[-57.09,-29.75],[-57.29,-29.82],[-57.33,-29.98],[-57.63,-30.18],[-57.65,-30.33],[-57.89,-30.55],[-57.8,-30.87],[-57.9,-30.93],[-57.91,-31.24],[-58.08,-31.48],[-57.98,-31.6],[-58.05,-31.8],[-58.2,-31.89],[-58.19,-32.15],[-58.1,-32.28],[-58.22,-32.49],[-58.15,-33.05],[-58.43,-33.1],[-58.41,-33.3],[-58.52,-33.45],[-58.55,-33.71],[-58.38,-34.19],[-58.57,-34.29],[-58.45,-34.37],[-58.47,-34.52],[-58.32,-34.66],[-57.52,-35.01],[-57.2,-35.31],[-57.13,-35.44],[-57.35,-35.73],[-57.37,-35.98],[-57.25,-36.17],[-56.94,-36.38],[-56.74,-36.32],[-56.69,-36.93],[-57.49,-37.83],[-57.56,-38.12],[-58.33,-38.49],[-59.8,-38.84],[-61.14,-39.0],[-61.84,-38.98],[-62.06,-38.92],[-62.16,-38.81],[-62.38,-38.8],[-62.37,-38.9],[-62.27,-38.95],[-62.36,-39.1],[-62.26,-39.26],[-62.33,-39.25],[-62.02,-39.38],[-62.28,-39.31],[-62.05,-39.47],[-62.12,-39.84],[-62.31,-39.81],[-62.36,-40.19],[-62.49,-40.31],[-62.26,-40.55],[-62.33,-40.67],[-62.18,-40.63],[-62.34,-40.87],[-63.05,-41.15],[-63.62,-41.16],[-64.91,-40.82],[-64.74,-40.8],[-64.8,-40.72],[-64.98,-40.72],[-64.91,-40.77],[-65.13,-40.84],[-65.15,-41.18],[-64.99,-41.52],[-65.07,-41.95],[-65.0,-42.09],[-64.86,-42.19],[-64.48,-42.25],[-64.6,-42.42],[-64.45,-42.45],[-64.1,-42.43],[-64.07,-42.27],[-64.34,-42.24],[-63.77,-42.08],[-63.6,-42.3],[-63.62,-42.75],[-64.11,-42.88],[-64.25,-42.78],[-64.2,-42.64],[-64.44,-42.51],[-64.95,-42.65],[-65.0,-42.78],[-64.3,-42.98],[-64.94,-43.24],[-65.33,-43.66],[-65.27,-43.96],[-65.19,-44.04],[-65.31,-44.2],[-65.22,-44.37],[-65.33,-44.46],[-65.28,-44.52],[-65.64,-44.67],[-65.73,-44.81],[-65.52,-44.93],[-65.69,-45.06],[-66.2,-44.99],[-66.5,-45.09],[-66.47,-45.17],[-66.59,-45.14],[-66.52,-45.22],[-66.93,-45.26],[-67.33,-45.61],[-67.36,-45.79],[-67.58,-45.99],[-67.62,-46.16],[-67.42,-46.57],[-67.13,-46.71],[-66.79,-47.01],[-65.98,-47.07],[-65.74,-47.2],[-65.74,-47.51],[-65.85,-47.74],[-66.03,-47.74],[-66.39,-47.86],[-65.9,-47.77],[-65.76,-47.95],[-65.93,-47.94],[-65.92,-48.11],[-66.11,-48.12],[-66.34,-48.35],[-67.11,-48.67],[-67.2,-48.82],[-67.56,-49.02],[-67.71,-49.32],[-67.83,-49.38],[-67.73,-49.39],[-67.61,-49.27],[-67.73,-49.78],[-67.89,-50.0],[-68.34,-50.12],[-68.65,-49.76],[-68.74,-49.73],[-68.58,-49.93],[-69.01,-50.01],[-68.58,-49.97],[-68.35,-50.15],[-68.88,-50.33],[-69.08,-50.56],[-69.14,-50.9],[-69.41,-51.08],[-69.17,-50.98],[-68.96,-51.56],[-69.38,-51.56],[-69.62,-51.63],[-69.3,-51.59],[-69.16,-51.63],[-69.2,-51.69],[-68.97,-51.62],[-68.37,-52.31],[-68.42,-52.39],[-68.45,-52.3],[-69.95,-52.01],[-71.92,-51.99],[-71.98,-51.84],[-72.45,-51.55],[-72.26,-51.25],[-72.4,-51.11],[-72.27,-50.96],[-72.35,-50.74],[-72.3,-50.65],[-72.76,-50.62],[-73.18,-50.75],[-73.28,-50.33],[-73.53,-50.14],[-73.48,-50.01],[-73.57,-49.92],[-73.47,-49.76],[-73.2,-49.68],[-73.06,-49.55],[-73.17,-49.19],[-73.01,-48.99],[-72.62,-48.82],[-72.58,-48.45],[-72.3,-48.35],[-72.34,-48.07],[-72.54,-47.91],[-72.34,-47.6],[-72.36,-47.45],[-72.17,-47.41],[-72.03,-47.2],[-71.88,-47.22],[-71.89,-47.12],[-72.01,-47.06]]],[[[-63.97,-54.82],[-63.98,-54.76],[-64.24,-54.84],[-64.31,-54.78],[-64.62,-54.9],[-64.76,-54.83],[-64.52,-54.78],[-64.54,-54.72],[-64.38,-54.78],[-64.36,-54.71],[-63.81,-54.73],[-63.97,-54.82]]],[[[-62.11,-40.56],[-62.24,-40.51],[-62.17,-40.38],[-62.03,-40.45],[-62.11,-40.56]]],[[[-62.02,-40.34],[-62.12,-40.13],[-62.04,-40.15],[-62.02,-40.34]]],[[[-62.03,-39.18],[-62.1,-39.09],[-61.9,-39.13],[-61.86,-39.23],[-62.03,-39.18]]],[[[-61.97,-39.05],[-62.13,-39.02],[-62.12,-39.0],[-61.97,-39.05]]]],"type":"MultiPolygon"},"properties":{"name":"Argentina"},"type":"Feature"},{"geometry":{"coordinates":[[[[44.03,40.01],[43.67,40.11],[43.72,40.17],[43.56,40.48],[43.71,40.61],[43.72,40.76],[43.44,41.11],[44.18,41.23],[44.85,41.21],[44.82,41.27],[45.0,41.29],[45.03,41.2],[45.2,41.14],[45.07,41.06],[45.42,41.02],[45.6,40.86],[45.37,40.68],[45.53,40.44],[45.98,40.22],[45.87,40.01],[45.58,39.97],[45.74,39.94],[46.18,39.59],[46.52,39.55],[46.36,39.41],[46.6,39.22],[46.4,39.2],[46.49,39.08],[46.51,38.88],[46.14,38.86],[45.96,39.15],[45.99,39.25],[45.76,39.37],[45.77,39.56],[45.45,39.49],[45.26,39.6],[45.17,39.57],[45.07,39.76],[44.77,39.7],[44.33,40.03],[44.03,40.01]],[[45.19,40.97],[45.22,40.98],[45.19,41.0],[45.19,40.97]],[[44.97,41.04],[45.02,41.02],[45.02,41.07],[44.97,41.04]]],[[[45.48,40.65],[45.56,40.65],[45.55,40.62],[45.48,40.65]]]],"type":"MultiPolygon"},"properties":{"name":"Armenia"},"type":"Feature"},{"geometry":{"coordinates":[[[-69.92,12.52],[-69.89,12.42],[-70.06,12.54],[-70.06,12.63],[-69.92,12.52]]],"type":"Polygon"},"properties":{"name":"Aruba"},"type":"Feature"},{"geometry":{"coordinates":[[[123.6,-12.44],[123.58,-12.44],[123.58,-12.43],[123.6,-12.44]]],"type":"Polygon"},"properties":{"name":"Ashmore and Cartier Islands"},"type":"Feature"},{"geometry":{"coordinates":[[[[133.68,-32.24],[133.54,-32.31],[133.56,-32.27],[133.68,-32.24]]],[[[115.66,-32.15],[115.68,-32.24],[115.66,-32.23],[115.66,-32.15]]],[[[115.49,-32.0],[115.55,-32.01],[115.51,-32.03],[115.49,-32.0]]],[[[113.69,-28.48],[113.68,-28.49],[113.68,-28.45],[113.73,-28.44],[113.69,-28.48]]],[[[112.95,-25.77],[112.96,-25.48],[113.22,-26.13],[112.95,-25.77]]],[[[113.1,-25.14],[113.06,-25.28],[113.12,-25.01],[113.1,-25.14]]],[[[113.13,-24.8],[113.15,-24.76],[113.15,-24.93],[113.11,-24.97],[113.13,-24.8]]],[[[127.09,-32.3],[126.19,-32.23],[125.98,-32.28],[124.83,-32.87],[124.2,-33.04],[123.95,-33.57],[123.53,-33.94],[123.38,-33.89],[123.15,-34.01],[123.02,-33.86],[122.61,-33.89],[122.56,-33.96],[122.35,-33.92],[122.26,-34.02],[122.09,-34.02],[122.01,-33.82],[121.79,-33.9],[121.33,-33.82],[120.56,-33.89],[120.39,-33.97],[119.86,-33.97],[119.5,-34.24],[119.47,-34.34],[119.56,-34.38],[119.41,-34.37],[119.36,-34.5],[119.3,-34.45],[119.23,-34.53],[118.84,-34.45],[118.89,-34.5],[118.73,-34.56],[118.72,-34.64],[118.44,-34.74],[118.4,-34.9],[118.16,-34.95],[118.2,-35.02],[117.84,-35.03],[118.0,-35.09],[117.93,-35.12],[117.68,-35.05],[117.62,-35.14],[117.19,-35.01],[117.14,-35.06],[116.64,-35.05],[116.4,-34.95],[116.5,-34.94],[116.39,-34.86],[116.38,-34.92],[115.98,-34.84],[115.92,-34.7],[115.51,-34.39],[115.26,-34.3],[115.12,-34.36],[114.97,-34.08],[114.99,-33.52],[115.19,-33.64],[115.37,-33.63],[115.71,-33.27],[115.6,-32.66],[115.7,-32.51],[115.64,-32.66],[115.71,-32.78],[115.66,-32.63],[115.77,-32.6],[115.67,-32.27],[115.76,-32.19],[115.72,-31.77],[115.06,-30.52],[114.94,-30.03],[114.98,-29.48],[114.84,-29.11],[114.6,-28.84],[114.53,-28.52],[114.17,-28.11],[114.1,-27.86],[114.14,-27.69],[114.01,-27.32],[113.16,-26.15],[113.28,-26.23],[113.31,-26.0],[113.33,-26.27],[113.38,-26.38],[113.36,-26.01],[113.49,-26.48],[113.54,-26.29],[113.57,-26.57],[113.63,-26.44],[113.67,-26.65],[113.87,-26.52],[113.88,-26.34],[113.58,-26.09],[113.42,-25.73],[113.52,-25.51],[113.76,-25.89],[113.73,-26.2],[113.85,-26.12],[113.85,-25.94],[114.02,-26.39],[114.1,-26.45],[114.23,-26.32],[114.19,-25.98],[114.27,-25.99],[114.26,-25.84],[114.16,-25.79],[113.8,-25.17],[113.69,-25.11],[113.6,-24.73],[113.39,-24.41],[113.46,-23.91],[113.77,-23.46],[113.81,-22.93],[113.66,-22.73],[113.65,-22.58],[114.04,-21.84],[114.18,-21.82],[114.08,-22.18],[114.11,-22.33],[114.17,-22.32],[114.12,-22.5],[114.36,-22.49],[114.5,-22.0],[114.55,-22.04],[114.65,-21.84],[115.48,-21.5],[115.94,-21.06],[116.15,-20.97],[116.2,-20.85],[116.45,-20.81],[116.79,-20.53],[116.86,-20.71],[117.15,-20.6],[117.35,-20.73],[117.74,-20.66],[118.15,-20.36],[118.81,-20.28],[119.1,-19.97],[119.59,-20.07],[119.73,-19.96],[120.37,-19.87],[121.13,-19.52],[121.52,-19.07],[121.64,-18.81],[121.61,-18.71],[121.77,-18.66],[121.73,-18.58],[121.81,-18.46],[121.91,-18.46],[122.35,-18.12],[122.34,-17.98],[122.17,-17.98],[122.17,-17.26],[122.47,-16.92],[122.59,-16.97],[122.53,-16.86],[122.58,-16.78],[122.82,-16.78],[122.76,-16.6],[122.92,-16.42],[123.02,-16.38],[123.05,-16.47],[122.96,-16.58],[123.04,-16.69],[123.13,-16.69],[123.14,-16.91],[123.57,-17.6],[123.64,-17.18],[123.59,-16.99],[123.91,-17.22],[123.79,-17.0],[123.86,-17.03],[123.84,-16.95],[123.95,-16.83],[123.79,-16.89],[123.71,-16.74],[123.51,-16.65],[123.61,-16.55],[123.42,-16.49],[123.64,-16.53],[123.51,-16.41],[123.71,-16.43],[123.63,-16.36],[123.71,-16.33],[123.54,-16.27],[123.57,-16.18],[123.81,-16.19],[123.73,-16.26],[123.86,-16.33],[123.86,-16.43],[123.89,-16.34],[123.99,-16.38],[123.91,-16.22],[124.13,-16.27],[124.22,-16.4],[124.39,-16.35],[124.47,-16.39],[124.84,-16.43],[124.9,-16.4],[124.4,-16.33],[124.43,-16.06],[124.52,-16.18],[124.6,-16.12],[124.61,-15.9],[124.73,-15.81],[124.61,-15.81],[124.49,-16.0],[124.44,-15.83],[124.4,-15.87],[124.38,-15.53],[124.63,-15.5],[124.64,-15.42],[124.68,-15.47],[124.73,-15.36],[124.67,-15.35],[124.66,-15.25],[124.92,-15.36],[124.98,-15.48],[125.19,-15.52],[125.07,-15.42],[125.14,-15.31],[124.89,-15.3],[125.06,-15.16],[124.87,-15.25],[124.84,-15.14],[125.02,-15.1],[125.0,-14.97],[125.07,-14.97],[125.17,-15.16],[125.15,-15.03],[125.17,-15.01],[125.29,-15.14],[125.43,-15.14],[125.37,-15.05],[125.43,-15.01],[125.19,-14.95],[125.31,-14.89],[125.14,-14.74],[125.3,-14.63],[125.23,-14.61],[125.35,-14.5],[125.34,-14.61],[125.39,-14.54],[125.44,-14.64],[125.49,-14.49],[125.59,-14.55],[125.62,-14.22],[125.73,-14.27],[125.66,-14.33],[125.64,-14.63],[125.73,-14.4],[125.73,-14.47],[125.85,-14.46],[125.83,-14.58],[125.92,-14.64],[125.93,-14.52],[126.04,-14.51],[125.98,-14.38],[126.14,-14.2],[126.13,-14.09],[125.97,-14.02],[126.1,-14.03],[126.02,-13.92],[126.09,-13.89],[126.15,-13.92],[126.11,-14.02],[126.22,-13.96],[126.17,-14.09],[126.29,-14.23],[126.33,-14.06],[126.53,-13.93],[126.45,-14.08],[126.53,-14.07],[126.6,-14.23],[126.65,-14.07],[126.69,-14.12],[126.73,-14.07],[126.71,-13.98],[126.86,-13.95],[126.75,-13.79],[126.84,-13.82],[126.86,-13.74],[127.02,-13.78],[127.13,-13.97],[127.17,-13.88],[127.2,-13.95],[127.24,-13.89],[127.42,-13.94],[127.95,-14.57],[128.23,-14.72],[128.12,-14.85],[128.02,-15.5],[128.1,-15.42],[128.13,-15.18],[128.29,-15.4],[128.2,-15.06],[128.31,-14.9],[128.35,-15.04],[128.36,-14.98],[128.42,-15.04],[128.44,-15.04],[128.45,-15.04],[128.44,-14.85],[128.39,-14.8],[128.53,-14.75],[129.1,-14.91],[129.18,-14.98],[129.15,-15.22],[129.22,-15.17],[129.21,-15.24],[129.26,-15.11],[129.23,-14.84],[129.48,-14.93],[129.59,-15.17],[129.73,-15.19],[129.61,-14.94],[129.63,-14.87],[129.65,-14.83],[129.76,-14.82],[129.8,-14.76],[129.71,-14.78],[129.59,-14.61],[129.72,-14.6],[129.79,-14.53],[129.54,-14.55],[129.36,-14.41],[129.37,-14.33],[129.48,-14.05],[129.59,-14.09],[129.61,-14.0],[129.74,-13.99],[129.72,-13.87],[129.82,-13.76],[129.89,-13.44],[129.97,-13.53],[130.25,-13.32],[130.33,-13.35],[130.12,-13.16],[130.13,-12.94],[130.32,-12.91],[130.35,-12.67],[130.52,-12.65],[130.51,-12.6],[130.59,-12.71],[130.69,-12.7],[130.56,-12.63],[130.62,-12.6],[130.58,-12.4],[130.78,-12.43],[130.79,-12.59],[130.81,-12.54],[130.9,-12.64],[130.97,-12.63],[130.87,-12.51],[130.97,-12.54],[130.82,-12.4],[130.91,-12.33],[131.05,-12.37],[131.03,-12.15],[131.26,-12.24],[131.3,-12.04],[131.45,-12.29],[131.9,-12.22],[132.06,-12.31],[132.25,-12.16],[132.28,-12.23],[132.38,-12.22],[132.39,-12.38],[132.44,-12.15],[132.56,-12.09],[132.68,-12.14],[132.76,-12.13],[132.63,-12.07],[132.59,-11.78],[132.7,-11.65],[132.5,-11.48],[132.37,-11.43],[132.11,-11.52],[131.98,-11.35],[131.77,-11.31],[131.88,-11.17],[131.98,-11.23],[131.98,-11.13],[132.11,-11.21],[132.17,-11.41],[132.24,-11.34],[132.15,-11.14],[132.29,-11.27],[132.34,-11.12],[132.38,-11.28],[132.47,-11.23],[132.67,-11.51],[132.89,-11.42],[132.91,-11.33],[133.17,-11.7],[133.53,-11.75],[133.53,-11.87],[133.92,-11.72],[133.84,-11.86],[133.94,-11.91],[134.06,-11.84],[134.09,-11.93],[134.14,-11.88],[134.19,-12.08],[134.29,-11.97],[134.59,-12.06],[134.77,-11.95],[134.86,-12.13],[135.22,-12.3],[135.17,-12.23],[135.34,-12.25],[135.22,-12.19],[135.37,-12.09],[135.59,-12.1],[135.71,-12.02],[135.58,-12.06],[135.59,-11.97],[135.78,-11.92],[135.9,-11.76],[135.9,-11.85],[135.72,-12.0],[135.92,-11.97],[135.65,-12.2],[135.73,-12.31],[136.05,-12.06],[135.94,-12.21],[136.06,-12.23],[135.99,-12.36],[136.03,-12.47],[136.28,-12.42],[136.36,-12.22],[136.18,-12.17],[136.45,-11.94],[136.57,-11.9],[136.47,-11.99],[136.66,-12.26],[136.75,-12.27],[136.68,-12.2],[136.76,-12.16],[136.98,-12.35],[136.77,-12.54],[136.81,-12.46],[136.74,-12.48],[136.76,-12.57],[136.69,-12.71],[136.61,-12.71],[136.61,-12.83],[136.56,-12.75],[136.47,-12.77],[136.66,-13.0],[136.5,-12.98],[136.57,-13.06],[136.47,-13.24],[136.32,-13.31],[136.39,-13.23],[136.33,-13.05],[136.31,-13.16],[136.25,-13.13],[136.16,-13.26],[136.15,-13.12],[136.05,-13.31],[136.01,-13.22],[135.88,-13.33],[135.97,-13.43],[135.85,-13.46],[135.89,-13.71],[136.08,-13.66],[135.92,-13.96],[135.91,-14.2],[135.76,-14.27],[135.52,-14.65],[135.37,-14.72],[135.45,-14.92],[136.22,-15.41],[136.27,-15.56],[136.59,-15.71],[136.72,-15.94],[136.93,-15.93],[136.99,-15.86],[137.36,-16.12],[137.75,-16.25],[138.18,-16.7],[139.01,-16.9],[139.16,-17.03],[139.24,-17.32],[140.12,-17.72],[140.51,-17.64],[140.85,-17.44],[140.95,-17.02],[141.29,-16.5],[141.43,-16.06],[141.38,-15.93],[141.44,-15.65],[141.66,-15.09],[141.52,-14.48],[141.6,-14.11],[141.47,-13.87],[141.69,-13.25],[141.58,-12.99],[141.81,-12.67],[141.94,-12.91],[141.91,-12.76],[142.01,-12.71],[141.82,-12.65],[141.97,-12.59],[141.8,-12.58],[141.69,-12.5],[141.74,-12.45],[141.66,-12.45],[141.7,-12.54],[141.59,-12.54],[141.72,-12.23],[141.81,-12.24],[141.75,-12.21],[141.83,-12.01],[141.91,-11.95],[141.92,-12.11],[142.03,-12.04],[141.95,-11.9],[142.13,-11.34],[142.15,-10.95],[142.32,-10.9],[142.45,-10.71],[142.55,-10.69],[142.62,-10.75],[142.5,-10.95],[142.59,-10.86],[142.67,-11.0],[142.74,-10.98],[142.87,-11.38],[142.86,-11.84],[142.99,-11.93],[143.25,-11.97],[143.09,-12.15],[143.08,-12.33],[143.25,-12.39],[143.29,-12.53],[143.43,-12.61],[143.36,-12.88],[143.54,-12.83],[143.5,-13.08],[143.6,-13.52],[143.53,-13.75],[143.69,-14.01],[143.78,-14.4],[143.94,-14.51],[144.16,-14.37],[144.2,-14.25],[144.3,-14.31],[144.49,-14.16],[144.58,-14.36],[144.63,-14.34],[144.68,-14.56],[144.9,-14.61],[145.03,-14.81],[145.22,-14.83],[145.35,-14.94],[145.24,-15.17],[145.35,-15.25],[145.24,-15.43],[145.46,-16.06],[145.4,-16.44],[145.72,-16.8],[145.77,-16.99],[145.84,-16.88],[145.96,-16.87],[145.88,-17.06],[146.15,-17.63],[146.01,-18.24],[146.18,-18.38],[146.21,-18.51],[146.34,-18.53],[146.27,-18.85],[146.33,-18.96],[146.91,-19.3],[147.02,-19.18],[147.13,-19.41],[147.42,-19.41],[147.4,-19.3],[147.68,-19.83],[147.79,-19.84],[147.75,-19.69],[147.82,-19.71],[147.93,-19.9],[148.28,-19.97],[148.26,-20.08],[148.4,-20.2],[148.46,-20.19],[148.44,-20.06],[148.56,-20.05],[148.61,-20.21],[148.65,-20.16],[148.68,-20.27],[148.78,-20.24],[148.94,-20.53],[148.7,-20.44],[148.66,-20.57],[148.84,-20.78],[148.83,-20.89],[149.06,-20.9],[149.03,-20.98],[149.23,-21.09],[149.2,-21.22],[149.34,-21.42],[149.29,-21.51],[149.4,-21.5],[149.43,-21.58],[149.49,-21.54],[149.44,-21.79],[149.59,-22.28],[149.7,-22.34],[149.66,-22.49],[149.81,-22.38],[150.05,-22.65],[149.92,-22.3],[150.05,-22.14],[150.19,-22.38],[150.61,-22.61],[150.54,-22.37],[150.62,-22.33],[150.66,-22.42],[150.68,-22.36],[150.76,-22.47],[150.68,-22.56],[150.73,-22.63],[150.77,-22.53],[150.83,-22.7],[150.74,-22.93],[150.88,-23.49],[150.81,-23.51],[151.01,-23.57],[151.19,-23.8],[151.55,-24.09],[151.69,-24.1],[151.64,-23.98],[151.72,-24.06],[151.78,-24.02],[152.12,-24.59],[152.47,-24.81],[152.64,-25.16],[152.57,-25.18],[152.91,-25.29],[152.87,-25.48],[152.96,-25.44],[152.97,-25.5],[152.88,-25.67],[153.02,-25.83],[153.02,-25.97],[153.06,-25.82],[153.12,-25.93],[153.21,-25.93],[153.07,-26.32],[153.21,-27.08],[153.04,-27.19],[153.12,-27.2],[153.06,-27.31],[153.45,-27.79],[153.4,-27.95],[153.57,-28.19],[153.63,-28.66],[153.61,-28.87],[153.35,-29.28],[153.29,-29.83],[153.02,-30.58],[153.06,-31.08],[152.75,-31.84],[152.55,-32.04],[152.54,-32.44],[152.29,-32.56],[152.22,-32.7],[152.06,-32.7],[152.19,-32.77],[151.8,-32.89],[151.57,-33.29],[151.45,-33.3],[151.5,-33.36],[151.42,-33.53],[151.23,-33.53],[151.23,-33.61],[151.34,-33.62],[151.25,-33.86],[151.28,-33.95],[151.1,-34.01],[151.23,-34.04],[150.97,-34.26],[150.92,-34.49],[150.8,-34.55],[150.92,-34.6],[150.73,-34.87],[150.84,-35.08],[150.7,-35.03],[150.76,-35.18],[150.55,-35.21],[150.29,-35.72],[150.19,-35.73],[150.24,-35.83],[150.08,-36.08],[150.14,-36.11],[150.14,-36.32],[149.91,-36.91],[149.94,-37.06],[149.88,-37.1],[150.05,-37.27],[149.95,-37.28],[149.99,-37.5],[149.72,-37.52],[149.77,-37.58],[149.68,-37.69],[149.49,-37.78],[148.31,-37.82],[147.76,-37.99],[146.85,-38.68],[146.22,-38.71],[146.18,-38.76],[146.29,-38.91],[146.48,-38.81],[146.48,-39.06],[146.41,-39.14],[146.09,-38.82],[145.92,-38.91],[145.76,-38.66],[145.6,-38.68],[145.37,-38.54],[145.42,-38.43],[145.56,-38.39],[145.46,-38.23],[145.26,-38.24],[145.23,-38.41],[144.94,-38.51],[144.68,-38.33],[144.98,-38.34],[145.12,-38.16],[144.93,-37.87],[144.52,-38.11],[144.37,-38.12],[144.7,-38.15],[144.65,-38.29],[144.4,-38.3],[143.54,-38.86],[142.81,-38.58],[142.5,-38.37],[142.18,-38.4],[141.76,-38.26],[141.63,-38.31],[141.65,-38.4],[141.41,-38.41],[141.39,-38.31],[141.13,-38.13],[140.69,-38.07],[140.4,-37.92],[140.11,-37.52],[139.99,-37.49],[139.74,-37.18],[139.79,-37.13],[139.67,-36.95],[139.84,-36.85],[139.86,-36.63],[139.57,-36.08],[138.92,-35.58],[139.45,-35.93],[139.57,-36.05],[139.48,-35.9],[139.04,-35.6],[139.16,-35.5],[139.23,-35.55],[139.23,-35.69],[139.34,-35.69],[139.36,-35.59],[139.22,-35.51],[139.36,-35.49],[139.36,-35.38],[139.18,-35.32],[138.96,-35.41],[139.03,-35.52],[138.79,-35.48],[138.99,-35.55],[138.75,-35.54],[138.53,-35.65],[138.11,-35.62],[138.44,-35.34],[138.49,-34.79],[138.55,-34.78],[138.08,-34.13],[137.89,-34.53],[137.75,-35.13],[137.67,-35.18],[137.43,-35.12],[136.87,-35.29],[136.84,-35.24],[137.02,-34.9],[137.45,-34.92],[137.51,-34.62],[137.48,-34.47],[137.41,-34.47],[137.48,-34.36],[137.45,-34.16],[137.55,-34.09],[137.6,-33.88],[137.93,-33.62],[137.81,-33.26],[138.04,-33.08],[137.77,-32.52],[137.78,-32.98],[137.63,-32.96],[137.45,-33.14],[137.22,-33.65],[137.02,-33.73],[136.95,-33.68],[136.88,-33.75],[136.96,-33.75],[136.61,-33.9],[136.11,-34.38],[136.1,-34.53],[136.07,-34.48],[135.94,-34.53],[135.88,-34.77],[135.8,-34.81],[136.02,-34.74],[135.96,-35.01],[135.78,-34.86],[135.63,-34.95],[135.29,-34.59],[135.11,-34.6],[135.21,-34.43],[135.37,-34.63],[135.5,-34.61],[135.39,-34.57],[135.33,-34.22],[135.23,-34.14],[135.26,-34.0],[134.84,-33.63],[134.86,-33.48],[134.68,-33.23],[134.71,-33.17],[134.58,-33.15],[134.63,-33.25],[134.48,-33.16],[134.33,-33.21],[134.15,-33.03],[134.21,-32.98],[134.07,-32.93],[134.13,-32.84],[134.07,-32.73],[134.22,-32.73],[134.22,-32.8],[134.27,-32.59],[134.13,-32.45],[133.86,-32.54],[133.95,-32.39],[133.67,-32.11],[133.27,-32.22],[132.78,-31.95],[132.23,-32.03],[131.78,-31.73],[131.14,-31.47],[130.79,-31.61],[130.16,-31.57],[128.99,-31.69],[128.22,-32.02],[127.09,-32.3]],[[129.98,-14.81],[129.99,-14.73],[129.76,-14.82],[129.98,-14.81]],[[145.85,-38.7],[145.81,-38.65],[145.76,-38.66],[145.85,-38.7]]],[[[115.3,-20.86],[115.45,-20.67],[115.47,-20.75],[115.3,-20.86]]],[[[124.58,-15.37],[124.46,-15.36],[124.57,-15.24],[124.65,-15.4],[124.52,-15.44],[124.58,-15.37]]],[[[124.38,-15.32],[124.33,-15.3],[124.42,-15.25],[124.38,-15.32]]],[[[128.13,-15.13],[128.13,-15.04],[128.19,-15.11],[128.13,-15.13]]],[[[124.86,-14.97],[124.92,-14.94],[124.94,-15.01],[124.86,-14.97]]],[[[128.35,-14.87],[128.44,-15.04],[128.36,-14.96],[128.35,-14.87]]],[[[129.52,-14.84],[129.51,-14.79],[129.58,-14.86],[129.58,-14.94],[129.52,-14.84]]],[[[129.58,-14.8],[129.63,-14.87],[129.61,-14.87],[129.58,-14.8]]],[[[125.09,-14.62],[125.16,-14.44],[125.21,-14.48],[125.2,-14.58],[125.09,-14.62]]],[[[126.52,-13.9],[126.5,-13.87],[126.61,-13.89],[126.52,-13.9]]],[[[132.41,-12.08],[132.41,-12.13],[132.34,-12.1],[132.41,-12.08]]],[[[132.56,-11.72],[132.51,-11.65],[132.64,-11.64],[132.56,-11.72]]],[[[133.36,-11.66],[133.41,-11.59],[133.48,-11.6],[133.36,-11.66]]],[[[130.08,-11.83],[130.02,-11.78],[130.07,-11.67],[130.19,-11.68],[130.15,-11.49],[130.34,-11.32],[130.45,-11.7],[130.57,-11.72],[130.63,-11.8],[130.08,-11.83]]],[[[131.47,-11.6],[131.39,-11.58],[131.29,-11.72],[130.96,-11.93],[130.5,-11.65],[130.37,-11.18],[130.59,-11.29],[130.57,-11.39],[130.66,-11.33],[130.7,-11.43],[130.92,-11.31],[131.02,-11.41],[131.15,-11.25],[131.22,-11.4],[131.21,-11.25],[131.27,-11.19],[131.29,-11.27],[131.41,-11.24],[131.53,-11.39],[131.47,-11.6]]],[[[133.43,-11.51],[133.48,-11.45],[133.51,-11.5],[133.43,-11.51]]],[[[132.47,-11.03],[132.6,-10.97],[132.6,-11.34],[132.47,-11.03]]],[[[137.76,-35.87],[137.46,-36.08],[137.23,-35.98],[136.72,-36.06],[136.53,-35.91],[136.6,-35.76],[137.62,-35.58],[137.6,-35.74],[137.78,-35.74],[137.81,-35.81],[137.91,-35.73],[138.06,-35.76],[138.13,-35.85],[138.05,-35.92],[137.76,-35.87]]],[[[136.46,-35.14],[136.5,-35.17],[136.49,-35.18],[136.46,-35.14]]],[[[136.16,-35.07],[136.09,-34.95],[136.13,-34.95],[136.16,-35.07]]],[[[137.37,-34.5],[137.35,-34.54],[137.34,-34.52],[137.37,-34.5]]],[[[134.49,-33.71],[134.54,-33.7],[134.55,-33.73],[134.47,-33.77],[134.49,-33.71]]],[[[136.62,-15.71],[136.67,-15.66],[136.71,-15.7],[136.66,-15.78],[136.62,-15.71]]],[[[136.93,-15.72],[136.99,-15.59],[137.08,-15.65],[137.07,-15.85],[136.93,-15.72]]],[[[136.79,-15.72],[136.73,-15.74],[136.73,-15.65],[136.79,-15.72]]],[[[136.52,-15.53],[136.6,-15.52],[136.6,-15.61],[136.54,-15.64],[136.52,-15.53]]],[[[136.84,-15.55],[136.88,-15.5],[136.9,-15.59],[136.85,-15.64],[136.84,-15.55]]],[[[135.71,-14.85],[135.75,-14.84],[135.76,-14.9],[135.69,-14.91],[135.71,-14.85]]],[[[136.9,-14.3],[136.32,-14.23],[136.44,-14.12],[136.41,-13.82],[136.59,-13.81],[136.57,-13.69],[136.72,-13.65],[136.73,-13.84],[136.81,-13.85],[136.9,-13.76],[136.7,-14.13],[136.87,-14.21],[136.98,-14.15],[136.9,-14.3]]],[[[136.24,-13.85],[136.18,-13.76],[136.12,-13.82],[136.2,-13.67],[136.24,-13.85]]],[[[136.2,-13.46],[136.14,-13.56],[136.09,-13.36],[136.2,-13.46]]],[[[136.8,-12.08],[136.82,-12.08],[136.83,-12.13],[136.8,-12.08]]],[[[134.88,-12.1],[134.85,-12.04],[134.93,-12.07],[134.88,-12.1]]],[[[134.96,-12.02],[134.99,-12.04],[134.95,-12.05],[134.96,-12.02]]],[[[136.13,-12.02],[136.32,-11.99],[136.27,-12.04],[136.13,-12.02]]],[[[135.11,-11.94],[135.05,-11.94],[135.05,-11.92],[135.11,-11.94]]],[[[136.47,-11.91],[136.48,-11.81],[136.5,-11.8],[136.47,-11.91]]],[[[136.52,-11.79],[136.62,-11.74],[136.62,-11.76],[136.52,-11.79]]],[[[135.95,-11.68],[136.06,-11.65],[136.01,-11.71],[135.95,-11.68]]],[[[136.38,-11.59],[136.18,-11.69],[136.48,-11.46],[136.38,-11.59]]],[[[136.54,-11.44],[136.48,-11.45],[136.76,-11.02],[136.54,-11.44]]],[[[147.3,-43.51],[147.22,-43.42],[147.17,-43.5],[147.09,-43.43],[147.18,-43.45],[147.17,-43.37],[147.3,-43.26],[147.36,-43.42],[147.3,-43.51]]],[[[147.36,-43.26],[147.39,-43.2],[147.3,-43.17],[147.34,-43.08],[147.43,-43.21],[147.36,-43.26]]],[[[147.79,-43.24],[147.62,-43.02],[147.69,-42.94],[147.76,-43.04],[147.89,-43.03],[147.83,-42.89],[147.53,-42.84],[147.56,-42.98],[147.44,-43.05],[147.48,-42.91],[147.28,-42.78],[147.36,-42.93],[147.33,-43.04],[147.25,-43.03],[147.26,-43.25],[147.16,-43.27],[147.11,-43.15],[147.06,-43.2],[146.97,-43.13],[147.1,-43.3],[146.96,-43.34],[147.06,-43.36],[146.92,-43.43],[147.02,-43.48],[146.9,-43.53],[146.93,-43.61],[146.71,-43.63],[146.55,-43.47],[146.51,-43.53],[146.24,-43.48],[146.02,-43.55],[145.94,-43.36],[146.16,-43.42],[146.23,-43.32],[146.03,-43.32],[145.92,-43.2],[145.87,-43.27],[145.93,-43.29],[145.83,-43.29],[145.27,-42.6],[145.19,-42.2],[145.43,-42.38],[145.47,-42.51],[145.56,-42.34],[145.46,-42.33],[145.35,-42.15],[145.23,-42.2],[145.21,-41.97],[144.92,-41.7],[144.75,-41.41],[144.61,-41.0],[144.7,-40.87],[144.7,-40.66],[144.89,-40.73],[145.12,-40.82],[145.27,-40.72],[145.33,-40.84],[145.52,-40.85],[145.81,-41.03],[146.59,-41.18],[146.74,-41.07],[146.81,-41.16],[146.95,-41.16],[146.82,-41.08],[147.02,-40.98],[147.34,-40.94],[147.44,-41.01],[147.65,-40.83],[147.85,-40.89],[147.98,-40.74],[148.21,-40.84],[148.33,-41.0],[148.27,-41.05],[148.32,-41.27],[148.26,-41.35],[148.35,-41.29],[148.26,-41.8],[148.36,-42.2],[148.32,-42.28],[148.26,-42.24],[148.32,-42.12],[148.16,-42.06],[148.24,-42.01],[148.18,-41.95],[148.13,-42.06],[148.22,-42.09],[148.09,-42.1],[147.96,-42.34],[148.03,-42.33],[148.01,-42.51],[147.89,-42.55],[147.95,-42.72],[147.84,-42.87],[148.0,-42.91],[147.95,-43.07],[148.0,-43.23],[147.88,-43.13],[147.79,-43.24]]],[[[144.89,-40.73],[144.87,-40.66],[144.93,-40.62],[145.07,-40.71],[144.89,-40.73]]],[[[144.71,-40.49],[144.78,-40.41],[144.79,-40.5],[144.74,-40.59],[144.71,-40.49]]],[[[144.9,-40.38],[144.96,-40.4],[144.9,-40.47],[144.9,-40.38]]],[[[147.88,-39.89],[147.76,-39.88],[147.95,-39.71],[148.17,-39.94],[148.3,-39.96],[148.22,-40.13],[148.3,-40.1],[148.33,-40.22],[148.07,-40.26],[147.88,-39.89]]],[[[144.05,-40.08],[143.89,-40.11],[143.85,-39.76],[143.94,-39.58],[144.11,-39.67],[144.14,-39.94],[144.05,-40.08]]],[[[146.54,-38.8],[146.47,-38.75],[146.66,-38.76],[146.54,-38.8]]],[[[145.26,-38.52],[145.11,-38.53],[145.29,-38.45],[145.36,-38.56],[145.26,-38.52]]],[[[145.35,-38.43],[145.27,-38.36],[145.31,-38.3],[145.49,-38.37],[145.35,-38.43]]],[[[146.82,-19.18],[146.78,-19.13],[146.87,-19.1],[146.82,-19.18]]],[[[146.57,-18.76],[146.58,-18.68],[146.68,-18.74],[146.57,-18.76]]],[[[146.22,-18.47],[146.2,-18.38],[146.1,-18.25],[146.3,-18.24],[146.34,-18.43],[146.22,-18.47]]],[[[139.4,-17.1],[139.49,-16.99],[139.58,-17.08],[139.4,-17.1]]],[[[139.09,-16.83],[139.16,-16.81],[139.16,-16.83],[139.09,-16.83]]],[[[139.61,-16.55],[139.55,-16.48],[139.44,-16.66],[139.24,-16.72],[139.18,-16.66],[139.14,-16.76],[139.16,-16.62],[139.29,-16.47],[139.58,-16.4],[139.72,-16.48],[139.61,-16.55]]],[[[142.15,-10.76],[142.12,-10.65],[142.21,-10.6],[142.25,-10.72],[142.15,-10.76]]],[[[142.29,-10.57],[142.33,-10.61],[142.27,-10.64],[142.29,-10.57]]],[[[142.19,-10.21],[142.23,-10.14],[142.34,-10.19],[142.28,-10.26],[142.19,-10.21]]],[[[142.1,-10.14],[142.14,-10.05],[142.2,-10.09],[142.17,-10.18],[142.1,-10.14]]],[[[142.64,-9.43],[142.6,-9.4],[142.78,-9.39],[142.64,-9.43]]],[[[142.21,-9.24],[142.28,-9.28],[142.22,-9.29],[142.15,-9.27],[142.21,-9.24]]],[[[158.88,-54.75],[158.84,-54.75],[158.96,-54.47],[158.88,-54.75]]],[[[148.11,-42.72],[148.01,-42.75],[148.04,-42.6],[148.18,-42.65],[148.07,-42.67],[148.11,-42.72]]],[[[148.25,-42.32],[148.23,-42.3],[148.32,-42.31],[148.25,-42.32]]],[[[148.19,-40.6],[148.1,-40.53],[148.25,-40.49],[148.19,-40.6]]],[[[148.34,-40.5],[148.33,-40.44],[148.0,-40.42],[148.32,-40.3],[148.45,-40.43],[148.34,-40.5]]],[[[159.04,-31.52],[159.07,-31.52],[159.08,-31.54],[159.04,-31.52]]],[[[153.39,-27.7],[153.44,-27.39],[153.55,-27.42],[153.39,-27.7]]],[[[153.36,-27.06],[153.46,-27.02],[153.42,-27.36],[153.36,-27.06]]],[[[153.01,-25.33],[152.99,-25.34],[152.95,-25.28],[153.01,-25.33]]],[[[153.06,-25.8],[152.95,-25.58],[153.07,-25.33],[153.01,-25.21],[153.23,-25.03],[153.24,-24.91],[153.14,-24.82],[153.28,-24.69],[153.37,-25.01],[153.06,-25.8]]],[[[151.33,-23.75],[151.38,-23.88],[151.36,-23.87],[151.33,-23.75]]],[[[151.21,-23.78],[150.98,-23.49],[151.24,-23.49],[151.29,-23.75],[151.21,-23.78]]],[[[149.71,-22.43],[149.73,-22.34],[149.77,-22.36],[149.71,-22.43]]],[[[150.46,-22.31],[150.48,-22.22],[150.56,-22.29],[150.46,-22.31]]],[[[150.29,-21.75],[150.29,-21.74],[150.37,-21.73],[150.29,-21.75]]],[[[150.25,-21.68],[150.25,-21.62],[150.31,-21.66],[150.25,-21.68]]],[[[149.04,-20.5],[149.09,-20.42],[149.12,-20.48],[149.04,-20.5]]],[[[148.93,-20.29],[148.98,-20.15],[149.07,-20.3],[148.93,-20.29]]],[[[148.91,-20.07],[148.96,-20.04],[148.96,-20.14],[148.91,-20.07]]],[[[148.44,-19.99],[148.45,-19.97],[148.48,-20.0],[148.44,-19.99]]]],"type":"MultiPolygon"},"properties":{"name":"Australia"},"type":"Feature"},{"geometry":{"coordinates":[[[12.41,46.69],[12.27,46.87],[12.13,46.91],[12.18,47.09],[11.73,46.97],[11.17,46.96],[11.0,46.77],[10.49,46.85],[10.37,47.0],[10.07,46.86],[9.88,46.93],[9.86,47.02],[9.58,47.06],[9.52,47.26],[9.65,47.45],[9.55,47.53],[9.78,47.59],[9.95,47.54],[10.08,47.36],[10.21,47.37],[10.16,47.27],[10.43,47.4],[10.43,47.58],[10.86,47.53],[10.98,47.39],[11.24,47.39],[11.62,47.59],[12.17,47.61],[12.18,47.71],[12.24,47.73],[12.24,47.68],[12.5,47.63],[12.76,47.67],[12.78,47.55],[13.0,47.47],[13.07,47.66],[12.89,47.72],[12.99,47.85],[12.75,48.12],[13.41,48.38],[13.45,48.57],[13.72,48.52],[13.82,48.77],[14.07,48.59],[14.33,48.56],[14.46,48.64],[14.68,48.58],[14.8,48.78],[14.94,48.76],[14.98,49.01],[15.82,48.87],[16.09,48.74],[16.36,48.73],[16.52,48.81],[16.87,48.72],[16.95,48.6],[16.84,48.37],[17.15,48.01],[17.0,47.86],[17.08,47.71],[16.8,47.68],[16.57,47.75],[16.43,47.69],[16.69,47.54],[16.64,47.45],[16.43,47.4],[16.47,47.28],[16.41,47.19],[16.51,47.14],[16.42,47.02],[16.49,47.0],[16.27,47.0],[15.98,46.83],[16.02,46.67],[15.85,46.72],[15.64,46.72],[15.46,46.61],[15.06,46.65],[14.85,46.6],[14.54,46.38],[12.41,46.69]]],"type":"Polygon"},"properties":{"name":"Austria"},"type":"Feature"},{"geometry":{"coordinates":[[[[46.36,39.41],[46.49,39.47],[46.51,39.57],[46.18,39.59],[45.74,39.94],[45.58,39.97],[45.87,40.01],[45.98,40.22],[45.53,40.44],[45.37,40.68],[45.6,40.86],[45.42,41.02],[45.07,41.06],[45.2,41.14],[45.03,41.2],[45.0,41.29],[45.25,41.44],[45.46,41.43],[45.74,41.34],[45.69,41.3],[45.82,41.21],[46.21,41.2],[46.5,41.04],[46.62,41.11],[46.69,41.28],[46.31,41.49],[46.18,41.66],[46.19,41.74],[46.31,41.76],[46.43,41.89],[46.54,41.87],[46.57,41.79],[46.74,41.85],[47.03,41.56],[47.14,41.55],[47.27,41.3],[47.83,41.2],[48.05,41.46],[48.39,41.6],[48.58,41.85],[49.04,41.41],[49.2,41.06],[49.54,40.79],[49.54,40.65],[49.82,40.57],[50.05,40.58],[50.36,40.37],[50.39,40.22],[50.25,40.34],[49.89,40.37],[49.49,40.15],[49.42,39.71],[49.28,39.52],[49.41,39.29],[49.27,39.34],[49.2,39.03],[49.08,38.96],[49.15,39.08],[48.96,39.18],[48.92,38.94],[48.83,38.87],[48.87,38.43],[48.61,38.4],[48.42,38.62],[48.31,38.6],[48.01,38.82],[48.06,38.95],[48.3,39.02],[48.11,39.27],[48.34,39.38],[47.97,39.7],[47.1,39.31],[46.51,38.88],[46.49,39.08],[46.4,39.2],[46.6,39.23],[46.36,39.41]],[[45.51,40.6],[45.56,40.65],[45.52,40.66],[45.51,40.6]]],[[[46.14,38.86],[45.46,38.99],[45.31,39.2],[45.15,39.21],[44.77,39.7],[45.03,39.77],[45.15,39.58],[45.26,39.6],[45.43,39.49],[45.77,39.56],[45.77,39.35],[45.98,39.23],[46.14,38.86]]],[[[45.19,41.0],[45.22,40.98],[45.19,40.97],[45.19,41.0]]],[[[45.02,41.07],[45.03,41.05],[45.02,41.02],[44.96,41.06],[45.02,41.07]]],[[[50.62,40.33],[50.62,40.3],[50.57,40.31],[50.62,40.33]]],[[[50.36,40.47],[50.39,40.4],[50.35,40.4],[50.36,40.47]]]],"type":"MultiPolygon"},"properties":{"name":"Azerbaijan"},"type":"Feature"},{"geometry":{"coordinates":[[[[50.79,25.63],[50.79,25.65],[50.8,25.65],[50.79,25.63]]],[[[50.76,25.67],[50.76,25.58],[50.75,25.69],[50.8,25.73],[50.76,25.67]]],[[[50.8,25.68],[50.82,25.68],[50.82,25.67],[50.8,25.68]]],[[[50.57,25.79],[50.47,25.96],[50.48,26.24],[50.59,26.24],[50.55,26.19],[50.65,26.15],[50.57,25.79]]],[[[50.42,26.12],[50.39,26.12],[50.4,26.17],[50.42,26.12]]],[[[50.67,26.2],[50.6,26.28],[50.66,26.28],[50.67,26.2]]]],"type":"MultiPolygon"},"properties":{"name":"Bahrain"},"type":"Feature"},{"geometry":{"coordinates":[[[[89.05,21.79],[89.05,21.92],[89.09,21.79],[89.14,21.77],[89.05,21.79]]],[[[90.34,21.86],[90.32,21.84],[90.33,21.94],[90.39,22.0],[90.34,21.86]]],[[[90.54,21.88],[90.5,21.86],[90.59,21.99],[90.54,21.88]]],[[[90.39,21.92],[90.43,22.05],[90.49,21.98],[90.39,21.92]]],[[[90.37,22.05],[90.39,22.05],[90.34,21.97],[90.37,22.05]]],[[[90.5,22.1],[90.61,22.16],[90.54,22.0],[90.5,22.1]]],[[[90.47,23.01],[90.53,22.89],[90.48,22.88],[90.37,22.76],[90.49,22.72],[90.44,22.49],[90.47,22.58],[90.56,22.56],[90.61,22.31],[90.44,22.08],[90.39,22.1],[90.42,22.2],[90.39,22.29],[90.27,21.86],[90.09,21.83],[90.13,21.93],[90.02,21.86],[90.04,21.97],[90.22,22.12],[90.24,22.2],[90.05,21.99],[90.0,22.0],[90.08,22.16],[89.93,22.0],[89.88,22.27],[90.01,22.49],[89.87,22.42],[89.87,22.09],[89.8,22.08],[89.88,21.88],[89.71,21.83],[89.65,21.93],[89.7,21.78],[89.57,21.71],[89.63,22.34],[89.53,21.98],[89.54,22.09],[89.48,22.3],[89.52,21.96],[89.47,21.78],[89.37,21.74],[89.39,21.9],[89.35,21.97],[89.3,21.68],[89.21,21.65],[89.19,21.81],[89.1,21.82],[89.08,22.18],[88.93,22.55],[88.94,22.85],[88.84,22.98],[88.96,23.2],[88.7,23.25],[88.77,23.49],[88.54,23.64],[88.58,23.86],[88.71,23.93],[88.68,24.15],[88.74,24.29],[88.48,24.32],[88.11,24.5],[88.02,24.65],[88.11,24.92],[88.32,24.87],[88.44,25.19],[88.92,25.17],[88.98,25.28],[88.84,25.33],[88.77,25.5],[88.53,25.5],[88.26,25.79],[88.09,25.83],[88.16,26.14],[88.5,26.35],[88.46,26.45],[88.32,26.47],[88.39,26.62],[88.66,26.42],[88.71,26.33],[88.66,26.26],[89.02,26.23],[88.89,26.39],[88.94,26.44],[89.04,26.38],[89.12,26.15],[89.34,26.0],[89.54,25.96],[89.61,26.07],[89.56,26.14],[89.65,26.22],[89.83,25.98],[89.82,25.28],[90.36,25.15],[91.24,25.2],[91.64,25.12],[92.03,25.18],[92.48,24.93],[92.38,24.84],[92.22,24.89],[92.11,24.41],[91.9,24.34],[91.88,24.16],[91.73,24.23],[91.7,24.14],[91.63,24.22],[91.58,24.1],[91.36,24.1],[91.13,23.72],[91.31,23.1],[91.37,23.06],[91.39,23.26],[91.59,22.94],[91.8,23.09],[91.74,23.27],[91.94,23.5],[91.92,23.72],[92.02,23.64],[92.15,23.73],[92.19,23.65],[92.26,23.71],[92.36,22.93],[92.5,22.7],[92.64,21.3],[92.57,21.25],[92.52,21.36],[92.32,21.46],[92.23,21.4],[92.17,21.18],[92.33,20.74],[91.95,21.44],[92.03,21.7],[91.98,21.65],[91.99,21.79],[91.9,21.79],[91.95,21.88],[91.81,22.18],[91.91,22.42],[91.79,22.24],[91.68,22.53],[91.46,22.76],[91.49,22.9],[91.32,22.7],[91.18,22.73],[91.26,22.64],[91.2,22.54],[91.09,22.54],[91.02,22.68],[91.04,22.59],[90.94,22.59],[90.63,23.06],[90.67,23.27],[90.6,23.45],[90.72,23.5],[90.72,23.54],[90.61,23.49],[90.61,23.61],[90.48,23.58],[90.58,23.54],[90.55,23.38],[90.25,23.47],[90.43,23.33],[90.61,23.25],[90.57,23.08],[90.45,23.07],[90.45,23.03],[90.47,23.01]]],[[[90.6,22.78],[90.52,22.71],[90.46,22.77],[90.49,22.87],[90.61,22.88],[90.68,22.81],[90.63,22.81],[90.6,22.78]]],[[[90.46,23.06],[90.51,23.07],[90.52,23.05],[90.47,23.01],[90.46,23.06]]],[[[90.49,23.37],[90.59,23.3],[90.49,23.32],[90.43,23.38],[90.49,23.37]]],[[[91.87,21.49],[91.9,21.77],[91.94,21.78],[91.98,21.59],[91.87,21.49]]],[[[91.83,21.88],[91.87,21.93],[91.89,21.87],[91.83,21.73],[91.83,21.88]]],[[[90.92,22.13],[90.94,22.21],[90.95,22.21],[90.92,22.13]]],[[[90.98,22.19],[90.98,22.26],[91.0,22.25],[90.98,22.19]]],[[[91.08,22.1],[91.01,22.1],[91.07,22.39],[91.19,22.23],[91.08,22.1]]],[[[90.98,22.36],[90.95,22.23],[90.94,22.23],[90.98,22.36]]],[[[90.66,22.38],[90.64,22.31],[90.63,22.41],[90.66,22.38]]],[[[90.69,22.01],[90.64,22.02],[90.68,22.1],[90.61,22.02],[90.69,22.38],[90.67,22.44],[90.65,22.55],[90.56,22.6],[90.6,22.78],[90.65,22.79],[90.86,22.43],[90.84,22.18],[90.69,22.01]]],[[[90.67,22.44],[90.65,22.42],[90.65,22.48],[90.67,22.44]]],[[[91.12,22.49],[91.2,22.51],[91.2,22.47],[91.12,22.49]]],[[[91.42,22.53],[91.47,22.59],[91.56,22.44],[91.48,22.41],[91.42,22.53]]],[[[90.52,22.95],[90.51,22.98],[90.59,23.03],[90.66,22.93],[90.52,22.95]]]],"type":"MultiPolygon"},"properties":{"name":"Bangladesh"},"type":"Feature"},{"geometry":{"coordinates":[[[-59.65,13.3],[-59.61,13.34],[-59.43,13.16],[-59.54,13.05],[-59.63,13.12],[-59.65,13.3]]],"type":"Polygon"},"properties":{"name":"Barbados"},"type":"Feature"},{"geometry":{"coordinates":[[[63.83,46.24],[63.96,45.94],[63.71,45.64],[63.27,45.57],[62.9,45.75],[62.8,46.02],[63.01,46.3],[63.38,46.39],[63.83,46.24]]],"type":"Polygon"},"properties":{"name":"Baykonur Cosmodrome"},"type":"Feature"},{"geometry":{"coordinates":[[[31.23,52.04],[30.93,52.07],[30.94,51.99],[30.66,51.82],[30.52,51.6],[30.65,51.37],[30.54,51.24],[30.15,51.48],[29.83,51.43],[29.64,51.49],[29.32,51.37],[29.16,51.6],[29.06,51.63],[28.8,51.53],[28.73,51.4],[28.6,51.55],[28.33,51.53],[28.21,51.65],[28.07,51.56],[27.83,51.61],[27.71,51.46],[27.69,51.59],[27.27,51.59],[27.15,51.76],[25.77,51.93],[24.39,51.88],[23.98,51.59],[23.62,51.62],[23.62,51.51],[23.53,51.66],[23.68,51.99],[23.64,52.08],[23.17,52.29],[23.39,52.51],[23.92,52.74],[23.89,53.15],[23.59,53.61],[23.49,53.94],[24.17,53.96],[24.38,53.89],[24.81,53.98],[24.82,54.13],[25.07,54.13],[25.21,54.26],[25.46,54.3],[25.55,54.23],[25.52,54.14],[25.76,54.16],[25.79,54.24],[25.7,54.32],[25.53,54.32],[25.74,54.57],[25.78,54.87],[26.14,54.97],[26.26,55.14],[26.6,55.12],[26.8,55.27],[26.45,55.33],[26.62,55.69],[26.82,55.71],[26.98,55.83],[27.59,55.79],[27.65,55.92],[28.11,56.16],[28.31,56.04],[28.61,56.09],[28.73,55.95],[29.03,56.02],[29.4,55.95],[29.44,55.91],[29.34,55.79],[29.48,55.68],[29.91,55.84],[30.2,55.86],[30.47,55.79],[30.74,55.59],[30.89,55.6],[30.92,55.39],[30.79,55.29],[30.96,55.16],[31.01,55.02],[30.81,54.93],[30.77,54.79],[31.17,54.62],[31.06,54.49],[31.21,54.45],[31.32,54.23],[31.82,54.05],[31.74,53.79],[32.08,53.81],[32.44,53.71],[32.49,53.68],[32.4,53.64],[32.43,53.56],[32.7,53.46],[32.72,53.33],[32.45,53.3],[32.42,53.2],[32.2,53.1],[31.81,53.11],[31.61,53.21],[31.38,53.18],[31.25,53.01],[31.56,52.79],[31.48,52.68],[31.63,52.55],[31.55,52.51],[31.57,52.31],[31.77,52.13],[31.38,52.12],[31.23,52.04]]],"type":"Polygon"},"properties":{"name":"Belarus"},"type":"Feature"},{"geometry":{"coordinates":[[[3.13,50.78],[2.89,50.7],[2.62,50.82],[2.52,51.09],[3.35,51.38],[3.42,51.24],[3.61,51.29],[3.93,51.21],[4.22,51.37],[4.3,51.27],[4.26,51.37],[4.41,51.36],[4.38,51.44],[4.63,51.42],[4.78,51.5],[4.82,51.41],[4.91,51.39],[5.06,51.46],[5.22,51.26],[5.49,51.29],[5.83,51.16],[5.62,50.83],[6.25,50.61],[6.17,50.52],[6.34,50.48],[6.37,50.32],[6.16,50.22],[6.12,50.12],[5.96,50.17],[5.72,49.89],[5.89,49.64],[5.84,49.56],[5.48,49.5],[5.26,49.69],[4.85,49.79],[4.86,49.91],[4.78,49.96],[4.86,50.15],[4.68,50.08],[4.65,49.98],[4.19,49.96],[4.13,50.01],[4.21,50.07],[4.13,50.13],[4.2,50.26],[4.0,50.34],[3.7,50.3],[3.61,50.48],[3.29,50.51],[3.13,50.78]]],"type":"Polygon"},"properties":{"name":"Belgium"},"type":"Feature"},{"geometry":{"coordinates":[[[[-89.15,17.94],[-89.05,18.0],[-88.87,17.89],[-88.53,18.45],[-88.3,18.48],[-88.39,18.37],[-88.32,18.37],[-88.36,18.3],[-88.1,18.38],[-88.15,18.31],[-88.09,18.33],[-88.08,18.21],[-88.29,17.6],[-88.17,17.51],[-88.29,17.34],[-88.22,16.97],[-88.31,16.66],[-88.54,16.27],[-88.74,16.23],[-88.93,15.98],[-88.91,15.89],[-89.23,15.88],[-89.15,17.94]]],[[[-88.08,17.46],[-88.12,17.52],[-88.08,17.5],[-88.08,17.46]]],[[[-88.1,17.68],[-88.17,17.67],[-88.07,17.73],[-88.1,17.68]]],[[[-87.82,17.29],[-87.83,17.4],[-87.8,17.33],[-87.82,17.29]]],[[[-87.81,17.47],[-87.83,17.55],[-87.78,17.51],[-87.81,17.47]]],[[[-87.83,17.42],[-87.9,17.39],[-87.93,17.28],[-87.91,17.43],[-87.81,17.47],[-87.83,17.42]]],[[[-88.06,17.59],[-88.08,17.64],[-88.05,17.61],[-88.06,17.59]]],[[[-88.01,17.9],[-87.86,18.17],[-87.85,18.13],[-88.01,17.9]]],[[[-87.98,18.08],[-87.96,18.09],[-87.96,18.08],[-87.98,18.08]]],[[[-87.96,18.1],[-87.94,18.12],[-87.94,18.1],[-87.96,18.1]]]],"type":"MultiPolygon"},"properties":{"name":"Belize"},"type":"Feature"},{"geometry":{"coordinates":[[[1.53,6.99],[1.63,7.0],[1.6,9.08],[1.33,9.52],[1.33,10.0],[0.77,10.37],[0.78,10.69],[0.9,10.99],[0.96,10.97],[0.98,11.08],[1.11,11.03],[1.06,11.14],[1.16,11.17],[1.14,11.26],[1.33,11.29],[1.44,11.47],[1.6,11.39],[2.01,11.43],[2.29,11.67],[2.38,11.95],[2.46,11.98],[2.37,12.24],[2.84,12.4],[3.6,11.7],[3.47,11.42],[3.72,11.11],[3.73,10.81],[3.84,10.6],[3.77,10.41],[3.65,10.44],[3.57,10.29],[3.67,10.15],[3.59,9.95],[3.51,9.85],[3.33,9.8],[3.33,9.65],[3.13,9.46],[3.08,9.1],[2.77,9.06],[2.67,7.9],[2.79,7.48],[2.7,6.37],[1.62,6.21],[1.78,6.28],[1.61,6.58],[1.53,6.99]]],"type":"Polygon"},"properties":{"name":"Benin"},"type":"Feature"},{"geometry":{"coordinates":[[[[-64.8,32.28],[-64.72,32.32],[-64.83,32.25],[-64.88,32.26],[-64.88,32.31],[-64.83,32.26],[-64.8,32.28]]],[[[-64.74,32.34],[-64.68,32.39],[-64.65,32.37],[-64.72,32.32],[-64.74,32.34]]]],"type":"MultiPolygon"},"properties":{"name":"Bermuda"},"type":"Feature"},{"geometry":{"coordinates":[[[89.34,26.85],[89.1,26.82],[88.91,26.98],[88.85,26.95],[88.83,27.1],[88.73,27.15],[89.0,27.33],[88.98,27.53],[89.46,28.05],[89.92,28.32],[90.23,28.36],[90.29,28.26],[90.59,28.23],[90.48,28.07],[90.67,28.09],[91.05,27.96],[91.29,28.09],[91.62,27.95],[91.63,27.85],[91.56,27.85],[91.64,27.78],[91.6,27.53],[91.73,27.46],[91.98,27.47],[92.09,27.29],[91.99,27.12],[92.07,26.89],[91.89,26.88],[91.88,26.8],[91.83,26.86],[91.52,26.8],[91.42,26.87],[91.3,26.77],[90.72,26.77],[90.35,26.9],[90.13,26.75],[89.74,26.7],[89.34,26.85]]],"type":"Polygon"},"properties":{"name":"Bhutan"},"type":"Feature"},{"geometry":{"coordinates":[[[-62.86,-21.99],[-63.74,-22.05],[-63.93,-22.0],[-64.25,-22.54],[-64.33,-22.87],[-64.6,-22.21],[-65.02,-22.1],[-65.74,-22.11],[-66.22,-21.79],[-66.31,-22.08],[-66.74,-22.23],[-66.79,-22.43],[-67.03,-22.52],[-67.03,-22.64],[-67.19,-22.82],[-67.62,-22.9],[-67.89,-22.82],[-67.86,-22.55],[-67.96,-22.1],[-68.1,-21.95],[-68.21,-21.28],[-68.42,-20.96],[-68.56,-20.91],[-68.57,-20.74],[-68.48,-20.62],[-68.77,-20.42],[-68.68,-20.33],[-68.79,-20.11],[-68.59,-20.06],[-68.54,-19.92],[-68.7,-19.72],[-68.45,-19.43],[-68.99,-18.95],[-68.95,-18.87],[-69.16,-18.14],[-69.08,-18.04],[-69.3,-17.98],[-69.36,-17.76],[-69.5,-17.62],[-69.52,-17.37],[-69.67,-17.29],[-69.18,-16.73],[-69.04,-16.67],[-69.03,-16.45],[-68.83,-16.33],[-68.98,-16.21],[-69.18,-16.2],[-69.43,-15.63],[-69.15,-15.23],[-69.38,-14.98],[-69.37,-14.8],[-69.27,-14.75],[-69.23,-14.57],[-68.99,-14.38],[-69.01,-14.25],[-68.86,-14.19],[-69.1,-13.67],[-68.97,-13.5],[-68.98,-12.87],[-68.77,-12.71],[-68.79,-12.62],[-68.68,-12.5],[-69.58,-10.95],[-68.8,-10.99],[-68.78,-11.14],[-68.62,-11.11],[-68.29,-10.98],[-68.04,-10.67],[-67.72,-10.71],[-67.58,-10.5],[-67.32,-10.32],[-67.06,-10.26],[-66.64,-9.91],[-65.79,-9.73],[-65.58,-9.84],[-65.4,-9.69],[-65.3,-9.84],[-65.28,-10.21],[-65.45,-10.47],[-65.4,-10.8],[-65.3,-10.97],[-65.39,-11.28],[-65.32,-11.48],[-65.17,-11.62],[-65.2,-11.74],[-65.15,-11.77],[-65.11,-11.69],[-65.07,-11.75],[-65.0,-12.0],[-64.79,-12.03],[-64.74,-12.14],[-64.69,-12.1],[-64.49,-12.24],[-64.49,-12.37],[-64.29,-12.5],[-63.92,-12.54],[-63.8,-12.45],[-63.49,-12.56],[-63.32,-12.7],[-63.08,-12.65],[-62.99,-12.84],[-62.79,-13.0],[-62.69,-12.96],[-62.42,-13.13],[-62.11,-13.15],[-62.11,-13.25],[-61.84,-13.54],[-61.05,-13.46],[-60.47,-13.8],[-60.39,-13.98],[-60.46,-14.28],[-60.29,-14.63],[-60.27,-15.08],[-60.58,-15.1],[-60.25,-15.48],[-60.16,-16.26],[-58.34,-16.29],[-58.34,-16.47],[-58.48,-16.68],[-58.4,-17.24],[-58.01,-17.5],[-57.8,-17.53],[-57.73,-17.85],[-57.47,-18.22],[-57.57,-18.26],[-57.78,-18.91],[-57.72,-19.04],[-57.79,-19.06],[-58.12,-19.73],[-57.86,-19.98],[-58.16,-20.17],[-58.18,-19.82],[-59.09,-19.29],[-60.01,-19.3],[-61.75,-19.65],[-61.94,-20.1],[-62.27,-20.55],[-62.28,-21.07],[-62.66,-22.22],[-62.86,-21.99]]],"type":"Polygon"},"properties":{"name":"Bolivia"},"type":"Feature"},{"geometry":{"coordinates":[[[17.65,42.89],[17.56,42.93],[17.66,42.99],[17.29,43.3],[17.27,43.46],[17.03,43.55],[16.33,44.08],[16.12,44.52],[16.01,44.54],[16.03,44.62],[15.73,44.77],[15.79,45.19],[16.02,45.21],[16.32,45.0],[16.53,45.22],[16.81,45.18],[16.92,45.28],[17.19,45.15],[17.68,45.16],[17.84,45.06],[18.24,45.16],[18.52,45.06],[18.68,45.09],[18.89,44.86],[19.19,44.93],[19.37,44.89],[19.11,44.38],[19.61,44.05],[19.53,43.98],[19.27,44.01],[19.23,43.96],[19.46,43.76],[19.49,43.56],[19.35,43.61],[18.91,43.51],[19.07,43.31],[18.99,43.27],[18.82,43.34],[18.66,43.23],[18.64,43.02],[18.45,42.99],[18.44,42.82],[18.55,42.67],[18.49,42.56],[17.65,42.89]]],"type":"Polygon"},"properties":{"name":"Bosnia and Herzegovina"},"type":"Feature"},{"geometry":{"coordinates":[[[20.36,-25.03],[19.98,-24.75],[19.98,-22.0],[20.98,-21.96],[20.98,-18.32],[23.29,-18.0],[23.61,-18.48],[24.35,-17.96],[24.56,-18.05],[24.95,-17.79],[25.26,-17.79],[25.26,-18.0],[25.94,-18.92],[25.95,-19.1],[26.16,-19.54],[26.3,-19.58],[26.31,-19.65],[26.71,-19.93],[27.2,-20.09],[27.27,-20.5],[27.7,-20.51],[27.67,-21.07],[27.99,-21.55],[28.62,-21.65],[29.04,-21.8],[29.04,-22.02],[29.35,-22.19],[29.04,-22.22],[28.93,-22.44],[28.82,-22.49],[28.3,-22.6],[27.75,-23.22],[27.61,-23.22],[27.55,-23.36],[27.13,-23.53],[26.97,-23.72],[26.84,-24.27],[26.53,-24.46],[26.4,-24.63],[25.87,-24.75],[25.84,-25.02],[25.59,-25.62],[25.39,-25.74],[24.66,-25.82],[24.34,-25.75],[24.18,-25.63],[23.92,-25.63],[23.46,-25.28],[23.03,-25.3],[22.84,-25.48],[22.71,-26.0],[22.55,-26.21],[22.25,-26.35],[22.06,-26.62],[21.78,-26.68],[21.76,-26.8],[21.66,-26.86],[20.91,-26.8],[20.69,-26.89],[20.61,-26.49],[20.84,-26.13],[20.64,-25.62],[20.66,-25.47],[20.36,-25.03]]],"type":"Polygon"},"properties":{"name":"Botswana"},"type":"Feature"},{"geometry":{"coordinates":[[[[-57.33,-29.98],[-57.29,-29.82],[-57.11,-29.77],[-56.82,-29.47],[-56.62,-29.16],[-56.43,-29.07],[-56.29,-28.78],[-55.9,-28.47],[-55.91,-28.38],[-55.69,-28.4],[-55.66,-28.33],[-55.77,-28.23],[-55.44,-28.08],[-55.31,-27.91],[-55.03,-27.85],[-55.08,-27.78],[-54.91,-27.74],[-54.81,-27.53],[-54.29,-27.43],[-54.18,-27.24],[-54.09,-27.29],[-53.96,-27.15],[-53.83,-27.16],[-53.71,-26.9],[-53.77,-26.71],[-53.66,-26.26],[-53.83,-25.96],[-53.91,-25.63],[-54.1,-25.6],[-54.12,-25.49],[-54.21,-25.53],[-54.19,-25.58],[-54.4,-25.58],[-54.45,-25.69],[-54.6,-25.57],[-54.6,-25.4],[-54.43,-25.15],[-54.46,-25.04],[-54.26,-24.36],[-54.33,-24.15],[-54.25,-24.05],[-54.64,-23.8],[-55.17,-24.02],[-55.42,-23.95],[-55.64,-23.0],[-55.62,-22.64],[-55.86,-22.29],[-56.21,-22.28],[-56.41,-22.08],[-56.51,-22.09],[-56.65,-22.26],[-56.72,-22.22],[-56.86,-22.29],[-57.99,-22.07],[-57.82,-20.95],[-57.91,-20.91],[-57.86,-20.83],[-57.94,-20.79],[-57.86,-20.73],[-57.98,-20.69],[-57.99,-20.43],[-58.16,-20.17],[-57.86,-19.98],[-58.12,-19.73],[-57.79,-19.06],[-57.72,-19.04],[-57.78,-18.91],[-57.57,-18.26],[-57.47,-18.22],[-57.73,-17.85],[-57.8,-17.53],[-58.01,-17.5],[-58.4,-17.24],[-58.48,-16.68],[-58.34,-16.47],[-58.34,-16.29],[-60.16,-16.26],[-60.25,-15.48],[-60.58,-15.1],[-60.27,-15.08],[-60.29,-14.63],[-60.46,-14.28],[-60.39,-13.98],[-60.47,-13.8],[-61.05,-13.46],[-61.84,-13.54],[-62.11,-13.25],[-62.11,-13.15],[-62.42,-13.13],[-62.69,-12.96],[-62.79,-13.0],[-62.99,-12.84],[-63.08,-12.65],[-63.32,-12.7],[-63.49,-12.56],[-63.8,-12.45],[-63.92,-12.54],[-64.29,-12.5],[-64.49,-12.37],[-64.49,-12.24],[-64.69,-12.1],[-64.74,-12.14],[-64.79,-12.03],[-65.0,-12.0],[-65.07,-11.75],[-65.11,-11.69],[-65.15,-11.77],[-65.2,-11.74],[-65.17,-11.62],[-65.32,-11.48],[-65.39,-11.28],[-65.3,-10.97],[-65.4,-10.8],[-65.45,-10.47],[-65.28,-10.21],[-65.3,-9.84],[-65.4,-9.69],[-65.58,-9.84],[-65.79,-9.73],[-66.64,-9.91],[-67.06,-10.26],[-67.32,-10.32],[-67.58,-10.5],[-67.72,-10.71],[-68.04,-10.67],[-68.29,-10.98],[-68.62,-11.11],[-68.78,-11.14],[-68.8,-10.99],[-69.4,-10.94],[-69.96,-10.92],[-70.29,-11.06],[-70.53,-10.94],[-70.64,-11.01],[-70.64,-9.85],[-70.54,-9.71],[-70.62,-9.57],[-70.52,-9.43],[-71.3,-9.99],[-72.2,-10.01],[-72.16,-9.88],[-72.31,-9.53],[-72.81,-9.41],[-73.21,-9.41],[-72.97,-9.13],[-72.98,-8.99],[-73.35,-8.6],[-73.36,-8.48],[-73.54,-8.36],[-73.67,-8.01],[-73.78,-7.94],[-73.71,-7.79],[-74.02,-7.54],[-73.94,-7.45],[-73.98,-7.36],[-73.71,-7.3],[-73.81,-7.1],[-73.76,-6.89],[-73.15,-6.48],[-73.23,-6.08],[-72.98,-5.65],[-72.92,-5.13],[-72.64,-5.06],[-72.39,-4.79],[-71.91,-4.52],[-71.36,-4.46],[-71.26,-4.38],[-70.97,-4.39],[-70.83,-4.18],[-70.65,-4.12],[-70.59,-4.19],[-70.33,-4.14],[-70.21,-4.34],[-70.14,-4.26],[-70.04,-4.34],[-69.97,-4.29],[-69.4,-1.18],[-69.63,-0.73],[-69.62,-0.52],[-70.07,-0.16],[-70.05,0.59],[-69.48,0.73],[-69.3,0.62],[-69.14,0.65],[-69.15,0.87],[-69.29,1.04],[-69.85,1.06],[-69.86,1.71],[-69.54,1.77],[-68.16,1.72],[-68.28,1.83],[-68.19,2.01],[-67.93,1.74],[-67.42,2.14],[-67.12,1.71],[-67.09,1.18],[-66.88,1.22],[-66.29,0.75],[-66.13,0.73],[-65.75,0.97],[-65.6,0.98],[-65.52,0.86],[-65.59,0.69],[-65.5,0.66],[-65.33,0.91],[-65.2,0.92],[-65.14,1.13],[-64.84,1.27],[-64.73,1.25],[-64.41,1.51],[-64.35,1.37],[-64.09,1.62],[-64.04,1.93],[-63.41,2.15],[-63.37,2.27],[-63.38,2.42],[-64.05,2.47],[-64.0,2.71],[-64.22,3.12],[-64.2,3.59],[-64.64,3.97],[-64.81,4.21],[-64.79,4.28],[-64.59,4.12],[-64.15,4.11],[-64.04,3.88],[-63.67,3.95],[-63.51,3.85],[-63.35,3.96],[-62.89,3.56],[-62.75,3.66],[-62.77,4.02],[-62.56,4.04],[-62.43,4.18],[-62.15,4.09],[-61.89,4.15],[-61.76,4.25],[-61.55,4.25],[-61.5,4.4],[-61.29,4.45],[-61.32,4.52],[-60.98,4.53],[-60.9,4.71],[-60.72,4.78],[-60.59,4.95],[-60.74,5.2],[-60.45,5.17],[-60.21,5.27],[-59.98,5.09],[-60.03,4.73],[-60.16,4.53],[-59.69,4.38],[-59.74,4.2],[-59.53,3.94],[-59.69,3.69],[-59.86,3.58],[-59.82,3.36],[-59.99,2.86],[-59.91,2.38],[-59.74,2.26],[-59.76,1.86],[-59.65,1.84],[-59.68,1.76],[-59.53,1.7],[-59.26,1.39],[-58.97,1.31],[-58.83,1.19],[-58.7,1.28],[-58.52,1.27],[-58.51,1.44],[-58.32,1.6],[-58.03,1.52],[-57.99,1.66],[-57.56,1.71],[-57.32,1.98],[-57.1,2.02],[-57.01,1.92],[-56.81,1.87],[-56.48,1.94],[-55.95,1.85],[-55.92,2.05],[-56.15,2.26],[-55.97,2.53],[-55.72,2.4],[-55.4,2.43],[-55.32,2.52],[-54.96,2.61],[-54.88,2.45],[-54.7,2.45],[-54.7,2.32],[-54.13,2.11],[-53.76,2.37],[-53.53,2.25],[-53.34,2.35],[-53.23,2.25],[-53.27,2.2],[-52.96,2.18],[-52.59,2.5],[-52.36,3.15],[-51.78,3.98],[-51.63,4.07],[-51.59,4.23],[-51.44,3.93],[-51.55,4.26],[-51.52,4.44],[-51.19,4.08],[-51.18,3.65],[-51.08,3.88],[-51.09,3.38],[-51.02,3.04],[-50.68,2.17],[-50.79,2.16],[-50.78,2.07],[-50.62,2.11],[-50.47,1.82],[-50.16,1.82],[-49.95,1.72],[-49.88,1.31],[-50.15,1.22],[-49.89,1.17],[-50.45,0.66],[-50.79,0.17],[-50.98,0.12],[-51.08,-0.03],[-51.33,-0.08],[-51.25,-0.13],[-51.45,-0.49],[-51.58,-0.53],[-51.53,-0.55],[-51.71,-0.79],[-51.72,-1.03],[-51.93,-1.18],[-51.93,-1.34],[-52.07,-1.41],[-52.24,-1.35],[-52.71,-1.6],[-52.28,-1.52],[-52.26,-1.7],[-52.2,-1.69],[-51.28,-1.23],[-51.0,-1.01],[-51.0,-0.92],[-50.84,-0.91],[-50.83,-1.05],[-50.96,-1.13],[-50.82,-1.23],[-50.82,-1.44],[-50.65,-1.74],[-50.74,-1.74],[-50.79,-1.9],[-50.88,-1.85],[-50.84,-1.96],[-50.61,-1.81],[-50.48,-1.98],[-50.44,-1.94],[-50.42,-2.07],[-50.31,-1.91],[-49.98,-1.83],[-49.87,-1.89],[-49.89,-2.09],[-49.81,-2.11],[-49.85,-1.9],[-49.68,-1.91],[-49.59,-2.01],[-49.65,-1.9],[-49.42,-1.78],[-49.45,-1.82],[-49.45,-1.85],[-49.45,-1.86],[-49.43,-1.88],[-49.37,-1.91],[-49.38,-1.99],[-49.66,-2.68],[-49.53,-2.63],[-49.23,-1.95],[-48.97,-1.6],[-48.86,-1.56],[-49.03,-1.85],[-48.66,-1.38],[-48.43,-1.66],[-48.48,-1.51],[-48.33,-1.47],[-48.5,-1.46],[-48.48,-1.28],[-48.44,-1.22],[-48.43,-1.3],[-48.33,-1.31],[-48.22,-1.11],[-48.29,-1.04],[-48.21,-1.02],[-48.19,-1.02],[-48.14,-0.9],[-48.15,-0.78],[-48.04,-0.66],[-47.96,-0.78],[-47.8,-0.69],[-47.81,-0.57],[-47.73,-0.76],[-47.61,-0.69],[-47.58,-0.58],[-47.5,-0.76],[-47.39,-0.81],[-47.46,-0.59],[-47.4,-0.59],[-47.41,-0.61],[-47.41,-0.66],[-47.41,-0.68],[-47.29,-0.59],[-47.26,-0.68],[-47.2,-0.65],[-47.24,-0.72],[-47.16,-0.68],[-47.14,-0.8],[-47.08,-0.67],[-47.06,-0.87],[-46.97,-0.7],[-46.92,-0.83],[-46.96,-0.87],[-46.95,-0.9],[-46.82,-0.71],[-46.78,-0.9],[-46.76,-0.82],[-46.71,-0.88],[-46.75,-0.94],[-46.7,-0.88],[-46.69,-0.83],[-46.63,-0.86],[-46.66,-0.8],[-46.6,-0.87],[-46.62,-0.94],[-46.67,-0.92],[-46.74,-0.98],[-46.75,-1.02],[-46.43,-0.87],[-46.48,-1.05],[-46.36,-1.01],[-46.32,-1.11],[-46.3,-1.03],[-46.25,-1.09],[-46.28,-0.99],[-46.2,-0.91],[-46.26,-1.18],[-46.14,-1.11],[-46.15,-1.18],[-46.1,-1.07],[-46.05,-1.21],[-45.98,-1.06],[-45.95,-1.25],[-45.87,-1.06],[-45.9,-1.26],[-45.84,-1.2],[-45.84,-1.28],[-45.81,-1.33],[-45.72,-1.13],[-45.68,-1.37],[-45.54,-1.27],[-45.53,-1.42],[-45.42,-1.29],[-45.54,-1.49],[-45.46,-1.55],[-45.33,-1.31],[-45.3,-1.42],[-45.4,-1.56],[-45.32,-1.74],[-45.16,-1.48],[-45.06,-1.43],[-44.97,-1.55],[-45.02,-1.58],[-45.02,-1.6],[-44.97,-1.59],[-44.87,-1.42],[-44.93,-1.66],[-44.83,-1.63],[-44.84,-1.57],[-44.77,-1.72],[-44.82,-1.76],[-44.71,-1.72],[-44.81,-1.81],[-44.6,-1.74],[-44.66,-1.84],[-44.53,-1.83],[-44.59,-1.9],[-44.49,-1.99],[-44.62,-2.04],[-44.49,-2.05],[-44.69,-2.27],[-44.67,-2.27],[-44.72,-2.4],[-44.66,-2.36],[-44.66,-2.42],[-44.65,-2.43],[-44.63,-2.27],[-44.46,-2.14],[-44.36,-2.33],[-44.4,-2.4],[-44.51,-2.37],[-44.55,-2.39],[-44.52,-2.5],[-44.66,-2.59],[-44.54,-2.54],[-44.69,-2.92],[-44.62,-3.05],[-44.78,-3.2],[-44.8,-3.3],[-44.43,-2.95],[-44.37,-2.55],[-44.29,-2.58],[-44.29,-2.48],[-44.03,-2.42],[-44.14,-2.67],[-44.21,-2.67],[-44.35,-2.81],[-44.19,-2.76],[-44.2,-2.87],[-44.11,-2.75],[-44.07,-2.8],[-43.92,-2.55],[-43.88,-2.63],[-43.72,-2.48],[-43.72,-2.56],[-43.67,-2.51],[-43.54,-2.53],[-43.54,-2.44],[-43.45,-2.55],[-43.41,-2.46],[-43.49,-2.4],[-43.43,-2.34],[-42.7,-2.56],[-42.45,-2.75],[-42.26,-2.76],[-42.24,-2.83],[-41.94,-2.84],[-42.01,-2.73],[-41.84,-2.73],[-41.69,-2.88],[-41.34,-2.92],[-41.24,-3.02],[-41.32,-2.9],[-41.26,-2.88],[-41.08,-2.92],[-40.5,-2.79],[-39.99,-2.85],[-38.99,-3.4],[-38.66,-3.68],[-38.48,-3.7],[-38.03,-4.24],[-37.77,-4.4],[-37.61,-4.61],[-37.29,-4.72],[-37.18,-4.91],[-36.9,-4.94],[-36.54,-5.13],[-36.58,-5.08],[-36.0,-5.05],[-35.51,-5.14],[-35.22,-5.58],[-35.11,-6.0],[-35.09,-6.19],[-35.15,-6.22],[-35.04,-6.24],[-34.86,-6.91],[-34.91,-7.13],[-34.84,-6.97],[-34.79,-7.18],[-34.8,-7.51],[-34.93,-7.56],[-34.81,-7.62],[-34.83,-7.68],[-34.87,-7.62],[-34.91,-7.73],[-34.87,-7.72],[-34.89,-7.76],[-34.89,-7.8],[-34.81,-7.93],[-34.85,-8.07],[-34.93,-8.03],[-34.88,-8.09],[-34.94,-8.35],[-35.31,-9.19],[-35.7,-9.67],[-35.78,-9.7],[-35.8,-9.58],[-35.86,-9.73],[-35.91,-9.62],[-35.96,-9.61],[-35.87,-9.76],[-35.81,-9.74],[-36.41,-10.5],[-36.9,-10.77],[-37.14,-11.13],[-37.28,-11.02],[-37.15,-11.19],[-37.33,-11.42],[-37.4,-11.4],[-37.27,-11.25],[-37.3,-11.19],[-37.42,-11.41],[-37.4,-11.44],[-37.49,-11.52],[-37.36,-11.45],[-37.65,-12.05],[-38.32,-12.94],[-38.53,-13.02],[-38.51,-12.72],[-38.63,-12.7],[-38.69,-12.57],[-38.81,-12.84],[-38.86,-12.65],[-38.92,-12.74],[-38.85,-12.85],[-38.72,-12.87],[-38.9,-13.08],[-38.81,-13.14],[-38.95,-13.25],[-38.95,-13.37],[-39.04,-13.33],[-39.12,-13.6],[-39.01,-13.5],[-38.98,-13.84],[-39.09,-13.71],[-39.15,-13.74],[-38.99,-13.86],[-39.07,-13.89],[-38.98,-14.06],[-39.07,-14.08],[-39.07,-14.14],[-39.04,-14.18],[-39.06,-14.11],[-38.96,-14.07],[-38.99,-13.93],[-38.93,-13.9],[-38.92,-14.0],[-39.07,-14.67],[-38.86,-15.85],[-39.21,-17.16],[-39.14,-17.68],[-39.28,-17.87],[-39.45,-17.95],[-39.66,-18.27],[-39.74,-18.68],[-39.7,-19.38],[-39.79,-19.6],[-40.03,-19.76],[-40.23,-20.27],[-40.37,-20.23],[-40.37,-20.32],[-40.26,-20.32],[-40.35,-20.5],[-40.58,-20.8],[-40.76,-20.86],[-41.06,-21.48],[-41.0,-22.01],[-41.67,-22.28],[-41.97,-22.54],[-41.99,-22.7],[-41.87,-22.75],[-41.99,-22.83],[-42.01,-22.98],[-43.03,-22.97],[-43.13,-22.92],[-43.03,-22.74],[-43.08,-22.67],[-43.27,-22.75],[-43.17,-22.97],[-43.56,-23.07],[-44.0,-23.09],[-43.6,-23.01],[-43.85,-22.89],[-44.19,-23.05],[-44.35,-23.0],[-44.33,-22.92],[-44.41,-22.94],[-44.7,-23.11],[-44.65,-23.28],[-44.56,-23.23],[-44.5,-23.3],[-44.92,-23.35],[-45.04,-23.41],[-45.07,-23.52],[-45.41,-23.62],[-45.43,-23.83],[-45.86,-23.76],[-46.15,-23.84],[-46.24,-23.91],[-46.11,-23.86],[-46.17,-23.98],[-46.29,-24.02],[-46.32,-24.02],[-46.28,-23.98],[-46.3,-23.93],[-46.39,-23.87],[-46.45,-23.93],[-46.38,-24.02],[-46.94,-24.27],[-47.02,-24.42],[-47.63,-24.76],[-47.83,-24.89],[-47.83,-24.91],[-47.96,-25.05],[-48.05,-25.04],[-47.95,-25.08],[-47.89,-25.06],[-48.21,-25.46],[-48.22,-25.34],[-48.13,-25.28],[-48.33,-25.36],[-48.33,-25.23],[-48.37,-25.3],[-48.46,-25.25],[-48.43,-25.32],[-48.5,-25.34],[-48.41,-25.41],[-48.47,-25.48],[-48.74,-25.35],[-48.71,-25.5],[-48.36,-25.57],[-48.54,-25.85],[-48.58,-25.8],[-48.58,-25.85],[-48.77,-25.87],[-48.56,-25.87],[-48.59,-26.18],[-48.73,-26.22],[-48.8,-26.07],[-48.8,-26.3],[-48.61,-26.44],[-48.68,-26.66],[-48.58,-26.78],[-48.61,-27.1],[-48.48,-27.15],[-48.62,-27.25],[-48.55,-27.39],[-48.65,-27.48],[-48.57,-27.86],[-48.64,-28.23],[-48.76,-28.49],[-48.87,-28.35],[-48.85,-28.48],[-48.76,-28.53],[-49.34,-28.92],[-49.81,-29.44],[-50.32,-30.46],[-50.72,-31.04],[-51.15,-31.48],[-51.86,-31.93],[-52.08,-32.17],[-52.01,-31.95],[-52.09,-31.83],[-51.84,-31.85],[-51.5,-31.57],[-51.45,-31.61],[-51.42,-31.49],[-51.24,-31.46],[-51.16,-31.08],[-51.01,-31.06],[-50.98,-31.13],[-50.98,-30.89],[-50.69,-30.73],[-50.73,-30.36],[-50.61,-30.49],[-50.57,-30.45],[-50.54,-30.27],[-50.61,-30.19],[-50.67,-30.29],[-50.91,-30.32],[-50.94,-30.43],[-51.03,-30.38],[-51.02,-30.26],[-51.23,-30.19],[-51.28,-30.01],[-51.33,-30.22],[-51.19,-30.36],[-51.09,-30.35],[-51.25,-30.46],[-51.27,-30.78],[-51.38,-30.64],[-51.36,-30.88],[-51.49,-30.97],[-51.44,-31.08],[-51.62,-31.14],[-51.64,-31.26],[-51.96,-31.33],[-52.01,-31.65],[-52.08,-31.56],[-52.06,-31.67],[-52.22,-31.74],[-52.25,-31.86],[-52.13,-31.93],[-52.26,-32.05],[-52.08,-32.03],[-52.17,-32.1],[-52.09,-32.07],[-52.09,-32.17],[-52.25,-32.28],[-52.64,-33.14],[-53.38,-33.74],[-53.54,-33.65],[-53.54,-33.17],[-53.11,-32.72],[-53.56,-32.45],[-53.76,-32.06],[-54.27,-31.82],[-54.6,-31.46],[-55.24,-31.24],[-55.59,-30.85],[-55.85,-31.07],[-56.01,-31.08],[-56.01,-30.8],[-56.83,-30.1],[-57.08,-30.11],[-57.25,-30.29],[-57.54,-30.27],[-57.57,-30.18],[-57.33,-29.98]],[[-44.75,-2.25],[-44.82,-2.28],[-44.69,-2.27],[-44.75,-2.25]]],[[[-51.27,-1.02],[-51.43,-1.19],[-51.79,-1.45],[-51.94,-1.46],[-51.88,-1.26],[-51.68,-1.1],[-51.68,-0.85],[-51.51,-0.61],[-51.35,-0.53],[-51.38,-0.65],[-51.32,-0.52],[-51.24,-0.54],[-51.15,-0.66],[-51.27,-1.02]]],[[[-51.09,-0.83],[-51.11,-0.81],[-51.07,-0.68],[-50.84,-0.56],[-50.82,-0.7],[-51.09,-0.83]]],[[[-51.2,-0.34],[-51.41,-0.46],[-51.23,-0.18],[-51.13,-0.16],[-51.2,-0.34]]],[[[-50.95,-0.01],[-50.82,0.03],[-50.63,-0.09],[-50.92,-0.33],[-51.04,-0.24],[-50.95,-0.01]]],[[[-50.47,0.15],[-50.45,-0.02],[-50.59,0.01],[-50.65,0.14],[-50.47,0.15]]],[[[-50.09,0.32],[-50.22,0.25],[-50.2,0.29],[-50.09,0.32]]],[[[-50.52,0.24],[-50.37,0.62],[-50.32,0.31],[-50.43,0.17],[-50.52,0.24]]],[[[-50.12,0.57],[-50.07,0.65],[-50.02,0.54],[-50.28,0.36],[-50.26,0.59],[-50.12,0.57]]],[[[-50.02,0.89],[-50.1,0.76],[-50.28,0.75],[-50.16,0.89],[-50.02,0.89]]],[[[-49.95,1.06],[-49.92,1.06],[-50.1,0.94],[-49.95,1.06]]],[[[-50.31,1.95],[-50.42,1.86],[-50.51,2.08],[-50.37,2.07],[-50.31,1.95]]],[[[-50.42,2.12],[-50.55,2.15],[-50.51,2.19],[-50.42,2.12]]],[[[-48.49,-27.77],[-48.56,-27.82],[-48.52,-27.43],[-48.43,-27.39],[-48.39,-27.48],[-48.49,-27.77]]],[[[-48.7,-26.31],[-48.55,-26.17],[-48.49,-26.24],[-48.58,-26.42],[-48.7,-26.31]]],[[[-48.31,-25.49],[-48.34,-25.41],[-48.26,-25.35],[-48.31,-25.49]]],[[[-47.82,-24.94],[-47.9,-25.04],[-47.83,-24.91],[-47.45,-24.69],[-47.82,-24.94]]],[[[-46.39,-23.98],[-46.42,-23.95],[-46.32,-23.93],[-46.29,-23.98],[-46.39,-23.98]]],[[[-45.45,-23.91],[-45.32,-23.72],[-45.23,-23.77],[-45.22,-23.95],[-45.45,-23.91]]],[[[-44.5,-2.95],[-44.6,-3.06],[-44.58,-2.8],[-44.48,-2.7],[-44.51,-2.83],[-44.48,-2.79],[-44.5,-2.95]]],[[[-49.45,-1.85],[-49.34,-1.71],[-49.28,-1.77],[-49.33,-1.85],[-49.45,-1.85]]],[[[-49.51,-1.74],[-49.53,-1.67],[-49.44,-1.66],[-49.51,-1.74]]],[[[-44.96,-1.39],[-45.03,-1.36],[-44.97,-1.26],[-44.9,-1.31],[-44.96,-1.39]]],[[[-48.38,-1.22],[-48.47,-1.16],[-48.34,-1.07],[-48.32,-1.18],[-48.38,-1.22]]],[[[-48.5,-0.74],[-48.57,-0.68],[-48.53,-0.87],[-48.66,-1.0],[-48.64,-1.08],[-48.82,-1.2],[-48.92,-1.14],[-48.8,-1.34],[-48.84,-1.42],[-48.96,-1.28],[-48.99,-1.37],[-48.84,-1.45],[-49.07,-1.53],[-49.2,-1.39],[-49.23,-1.57],[-49.17,-1.59],[-49.29,-1.62],[-49.39,-1.48],[-49.37,-1.65],[-49.53,-1.5],[-49.55,-1.72],[-49.69,-1.77],[-49.74,-1.58],[-49.73,-1.75],[-49.8,-1.82],[-50.0,-1.75],[-50.03,-1.66],[-50.16,-1.78],[-50.22,-1.74],[-50.26,-1.48],[-50.26,-1.74],[-50.31,-1.66],[-50.28,-1.76],[-50.37,-1.77],[-50.3,-1.8],[-50.56,-1.8],[-50.8,-1.43],[-50.79,-1.09],[-50.56,-1.18],[-50.62,-1.12],[-50.48,-1.04],[-50.66,-1.09],[-50.79,-1.02],[-50.74,-0.55],[-50.68,-0.64],[-50.55,-0.68],[-50.68,-0.62],[-50.7,-0.36],[-50.58,-0.19],[-50.35,-0.1],[-49.65,-0.24],[-49.39,-0.26],[-49.39,-0.18],[-49.21,-0.14],[-48.43,-0.26],[-48.37,-0.36],[-48.5,-0.74]]],[[[-48.21,-1.02],[-48.32,-1.01],[-48.24,-0.84],[-48.16,-0.85],[-48.21,-1.02]]],[[[-47.96,-0.73],[-47.97,-0.63],[-47.9,-0.65],[-47.96,-0.73]]],[[[-47.7,-0.71],[-47.74,-0.55],[-47.65,-0.59],[-47.7,-0.71]]],[[[-49.35,-0.01],[-49.44,-0.12],[-49.83,-0.1],[-49.52,0.07],[-49.35,-0.01]]],[[[-49.56,0.39],[-49.53,0.3],[-49.87,-0.01],[-50.3,0.01],[-50.38,0.11],[-50.37,0.21],[-50.11,0.22],[-49.56,0.39]]],[[[-44.33,-23.22],[-44.37,-23.17],[-44.24,-23.07],[-44.11,-23.18],[-44.33,-23.22]]],[[[-29.34,-20.58],[-29.34,-20.55],[-29.32,-20.57],[-29.34,-20.58]]],[[[-38.93,-13.56],[-38.9,-13.67],[-39.03,-13.39],[-38.91,-13.39],[-38.93,-13.56]]],[[[-38.79,-13.13],[-38.68,-12.87],[-38.59,-12.99],[-38.79,-13.13]]],[[[-34.84,-7.81],[-34.88,-7.8],[-34.85,-7.7],[-34.84,-7.81]]],[[[-32.46,-3.88],[-32.39,-3.83],[-32.39,-3.85],[-32.46,-3.88]]],[[[-42.25,-2.74],[-42.26,-2.7],[-42.24,-2.68],[-42.11,-2.76],[-42.25,-2.74]]],[[[-42.09,-2.76],[-42.19,-2.68],[-42.07,-2.68],[-42.09,-2.76]]],[[[-43.76,-2.43],[-43.78,-2.51],[-43.84,-2.51],[-43.82,-2.41],[-43.76,-2.43]]],[[[-43.6,-2.41],[-43.61,-2.37],[-43.55,-2.36],[-43.6,-2.41]]],[[[-43.64,-2.4],[-43.74,-2.41],[-43.68,-2.26],[-43.61,-2.26],[-43.64,-2.4]]],[[[-29.42,0.87],[-29.36,0.88],[-29.35,0.85],[-29.42,0.87]]]],"type":"MultiPolygon"},"properties":{"name":"Brazil"},"type":"Feature"},{"geometry":{"coordinates":[[[[72.48,-7.36],[72.44,-7.23],[72.49,-7.3],[72.48,-7.36]]],[[[71.35,-6.65],[71.36,-6.65],[71.36,-6.66],[71.35,-6.65]]],[[[71.35,-6.2],[71.34,-6.2],[71.34,-6.19],[71.35,-6.2]]],[[[71.74,-5.29],[71.75,-5.27],[71.75,-5.28],[71.74,-5.29]]]],"type":"MultiPolygon"},"properties":{"name":"British Indian Ocean Territory"},"type":"Feature"},{"geometry":{"coordinates":[[[[-64.57,18.33],[-64.6,18.36],[-64.57,18.36],[-64.57,18.33]]],[[[-64.64,18.45],[-64.52,18.44],[-64.61,18.42],[-64.68,18.38],[-64.64,18.45]]],[[[-64.76,18.44],[-64.77,18.44],[-64.74,18.45],[-64.76,18.44]]],[[[-64.42,18.51],[-64.33,18.51],[-64.33,18.5],[-64.41,18.46],[-64.42,18.51]]],[[[-64.32,18.75],[-64.27,18.7],[-64.38,18.73],[-64.32,18.75]]]],"type":"MultiPolygon"},"properties":{"name":"British Virgin Islands"},"type":"Feature"},{"geometry":{"coordinates":[[[[114.25,4.48],[114.0,4.6],[114.33,4.61],[115.1,5.05],[114.95,4.82],[114.74,4.73],[114.85,4.42],[114.77,4.13],[114.59,4.02],[114.42,4.26],[114.28,4.26],[114.25,4.48]]],[[[115.27,4.64],[115.35,4.31],[115.09,4.41],[115.03,4.82],[115.16,4.88],[115.27,4.64]]]],"type":"MultiPolygon"},"properties":{"name":"Brunei"},"type":"Feature"},{"geometry":{"coordinates":[[[23.61,41.37],[22.92,41.34],[23.01,41.74],[22.84,42.02],[22.53,42.13],[22.35,42.31],[22.53,42.46],[22.43,42.57],[22.48,42.73],[22.43,42.81],[22.73,42.89],[22.98,43.17],[22.52,43.47],[22.35,43.81],[22.4,43.99],[22.59,44.06],[22.65,44.21],[23.03,44.09],[22.87,43.97],[22.85,43.87],[22.92,43.83],[23.48,43.88],[25.4,43.65],[25.78,43.73],[26.15,44.01],[27.03,44.18],[27.38,44.02],[27.63,44.03],[27.72,43.95],[27.91,43.99],[27.98,43.85],[28.22,43.76],[28.58,43.74],[28.56,43.45],[28.47,43.37],[28.32,43.43],[28.12,43.39],[28.02,43.23],[27.9,43.2],[27.89,42.71],[27.73,42.71],[27.63,42.63],[27.65,42.56],[27.45,42.48],[27.72,42.41],[27.76,42.26],[28.02,41.97],[27.81,41.99],[27.55,41.9],[27.24,42.1],[26.61,41.97],[26.53,41.82],[26.33,41.79],[26.33,41.71],[26.05,41.7],[26.18,41.43],[25.88,41.3],[25.24,41.24],[24.89,41.4],[24.77,41.35],[24.58,41.44],[24.51,41.56],[23.61,41.37]]],"type":"Polygon"},"properties":{"name":"Bulgaria"},"type":"Feature"},{"geometry":{"coordinates":[[[-3.21,9.92],[-3.3,9.84],[-3.32,9.9],[-3.76,9.94],[-4.15,9.82],[-4.37,9.58],[-4.5,9.66],[-4.5,9.74],[-4.68,9.68],[-4.8,9.75],[-4.8,9.84],[-4.94,9.87],[-5.12,10.29],[-5.4,10.3],[-5.52,10.43],[-5.43,10.84],[-5.5,11.07],[-5.33,11.12],[-5.22,11.42],[-5.29,11.76],[-5.41,11.83],[-5.09,11.98],[-4.76,12.01],[-4.56,12.15],[-4.49,12.32],[-4.41,12.31],[-4.45,12.44],[-4.39,12.53],[-4.49,12.71],[-4.26,12.72],[-4.21,12.82],[-4.35,13.12],[-3.98,13.5],[-3.92,13.45],[-3.97,13.39],[-3.45,13.17],[-3.45,13.27],[-3.25,13.29],[-3.29,13.7],[-3.07,13.61],[-2.9,13.65],[-2.87,14.0],[-2.52,14.27],[-2.04,14.18],[-2.0,14.47],[-1.7,14.5],[-1.08,14.8],[-0.72,15.08],[-0.47,15.08],[-0.43,15.0],[-0.24,15.07],[0.22,14.91],[0.16,14.5],[0.39,14.25],[0.37,14.04],[0.59,13.69],[0.9,13.61],[1.02,13.47],[1.27,13.35],[0.98,13.37],[0.98,13.03],[1.56,12.63],[1.84,12.61],[1.97,12.72],[2.19,12.61],[2.24,12.42],[2.05,12.34],[2.39,11.9],[2.29,11.67],[1.98,11.41],[1.6,11.39],[1.44,11.47],[1.33,11.29],[1.16,11.29],[1.16,11.17],[1.06,11.14],[1.12,11.03],[0.98,11.08],[0.96,10.97],[0.49,10.93],[0.49,11.0],[-0.3,11.16],[-0.63,10.91],[-0.83,11.01],[-2.84,11.0],[-2.93,10.63],[-2.77,10.42],[-2.84,10.32],[-2.75,10.26],[-2.73,9.82],[-2.8,9.72],[-2.69,9.49],[-2.74,9.41],[-3.21,9.92]]],"type":"Polygon"},"properties":{"name":"Burkina Faso"},"type":"Feature"},{"geometry":{"coordinates":[[[29.73,-4.46],[29.4,-4.45],[29.34,-4.09],[29.22,-3.9],[29.23,-3.05],[28.99,-2.78],[29.03,-2.62],[29.11,-2.59],[29.31,-2.66],[29.34,-2.83],[29.72,-2.81],[29.9,-2.67],[29.93,-2.32],[30.12,-2.43],[30.38,-2.3],[30.55,-2.4],[30.42,-2.65],[30.52,-2.65],[30.42,-2.85],[30.49,-2.94],[30.83,-2.98],[30.83,-3.17],[30.8,-3.27],[30.43,-3.55],[30.38,-3.79],[30.31,-3.79],[30.05,-4.18],[29.73,-4.46]]],"type":"Polygon"},"properties":{"name":"Burundi"},"type":"Feature"},{"geometry":{"coordinates":[[[[103.75,10.46],[103.76,10.51],[103.8,10.51],[103.75,10.46]]],[[[103.31,10.55],[103.29,10.61],[103.32,10.62],[103.31,10.55]]],[[[103.28,10.67],[103.2,10.76],[103.25,10.78],[103.28,10.67]]],[[[103.82,10.54],[103.7,10.56],[103.73,10.5],[103.51,10.6],[103.72,10.86],[103.67,11.06],[103.53,11.16],[103.47,11.15],[103.4,10.88],[103.28,10.93],[103.18,10.86],[103.1,10.93],[103.12,11.15],[103.06,11.22],[103.15,11.3],[103.06,11.45],[103.17,11.43],[103.04,11.6],[103.03,11.54],[102.95,11.56],[103.04,11.62],[102.97,11.64],[102.99,11.7],[103.07,11.71],[103.08,11.73],[102.98,11.71],[102.89,11.83],[102.97,11.71],[102.95,11.57],[102.7,12.14],[102.76,12.44],[102.48,12.68],[102.49,13.0],[102.33,13.28],[102.33,13.56],[102.6,13.61],[102.54,13.67],[102.7,13.76],[102.93,14.2],[103.64,14.44],[103.89,14.34],[104.18,14.4],[104.54,14.36],[104.79,14.44],[104.97,14.38],[105.05,14.21],[105.18,14.35],[105.34,14.11],[105.53,14.16],[105.74,14.09],[105.9,13.92],[106.07,13.92],[106.15,14.05],[105.97,14.37],[106.17,14.37],[106.23,14.49],[106.42,14.47],[106.51,14.59],[106.81,14.31],[106.93,14.32],[107.29,14.6],[107.41,14.54],[107.52,14.7],[107.32,14.12],[107.6,13.5],[107.46,13.02],[107.57,12.61],[107.52,12.37],[107.42,12.25],[107.21,12.31],[106.7,11.97],[106.39,11.97],[106.43,11.66],[106.02,11.77],[105.93,11.64],[105.8,11.62],[105.84,11.29],[106.16,11.05],[106.18,10.77],[105.93,10.9],[105.88,10.83],[105.73,11.02],[105.41,10.96],[105.32,10.84],[105.08,10.95],[105.01,10.88],[105.04,10.69],[104.82,10.52],[104.57,10.53],[104.48,10.42],[104.25,10.57],[104.07,10.56],[103.87,10.66],[103.82,10.54]]],[[[103.0,11.26],[102.99,11.43],[103.02,11.42],[103.0,11.26]]],[[[103.02,11.43],[103.01,11.53],[103.03,11.52],[103.02,11.43]]]],"type":"MultiPolygon"},"properties":{"name":"Cambodia"},"type":"Feature"},{"geometry":{"coordinates":[[[11.35,2.3],[11.32,2.17],[9.99,2.17],[9.85,2.23],[9.8,2.34],[9.96,3.05],[9.93,3.27],[9.64,3.54],[9.82,3.63],[9.63,3.6],[9.55,3.82],[9.62,3.75],[9.62,3.87],[9.74,3.82],[9.68,3.91],[9.76,3.96],[9.62,3.96],[9.75,4.14],[9.58,4.01],[9.48,4.11],[9.53,3.99],[9.43,4.03],[9.46,3.91],[9.31,3.93],[9.33,4.03],[9.21,3.96],[8.97,4.1],[8.9,4.59],[8.84,4.64],[8.87,4.54],[8.8,4.6],[8.77,4.55],[8.66,4.74],[8.72,4.51],[8.58,4.49],[8.51,4.64],[8.8,5.16],[8.9,5.6],[8.82,5.7],[8.85,5.83],[9.34,6.31],[9.69,6.53],[9.79,6.79],[9.87,6.79],[10.14,7.01],[10.21,6.88],[10.5,6.87],[10.58,7.13],[11.04,6.74],[11.1,6.45],[11.32,6.44],[11.53,6.65],[11.56,6.88],[11.87,7.08],[11.74,7.26],[12.02,7.58],[12.02,7.72],[12.19,7.96],[12.23,8.39],[12.4,8.5],[12.37,8.61],[12.56,8.61],[12.79,8.79],[12.9,9.26],[12.86,9.38],[13.2,9.54],[13.23,10.05],[13.43,10.15],[13.54,10.62],[13.75,11.02],[13.98,11.28],[14.17,11.24],[14.62,11.54],[14.54,11.71],[14.67,12.18],[14.49,12.34],[14.19,12.37],[14.06,13.08],[14.42,13.08],[14.55,12.77],[14.82,12.64],[14.9,12.15],[15.05,12.08],[15.14,11.53],[15.02,11.18],[15.14,10.52],[15.68,9.99],[14.77,9.92],[14.18,9.98],[13.95,9.65],[14.35,9.17],[15.05,8.64],[15.44,7.84],[15.56,7.79],[15.43,7.39],[15.22,7.25],[14.77,6.32],[14.39,6.04],[14.62,5.86],[14.62,5.5],[14.52,5.29],[14.66,5.16],[14.72,4.62],[14.99,4.41],[15.09,4.12],[15.19,4.06],[15.03,4.03],[15.08,3.89],[16.09,2.86],[16.09,2.51],[16.21,2.22],[16.1,2.19],[16.06,2.02],[16.16,1.72],[16.07,1.65],[16.01,1.77],[15.71,1.93],[15.48,1.98],[15.34,1.92],[15.21,2.04],[14.89,2.01],[14.86,2.12],[14.76,2.07],[14.56,2.21],[14.43,2.13],[13.29,2.16],[13.28,2.24],[13.16,2.28],[12.75,2.24],[11.35,2.3]]],"type":"Polygon"},"properties":{"name":"Cameroon"},"type":"Feature"},{"geometry":{"coordinates":[[[[-127.3,50.03],[-127.23,50.01],[-127.27,49.98],[-127.3,50.03]]],[[[-128.62,50.78],[-128.64,50.8],[-128.57,50.81],[-128.62,50.78]]],[[[-128.72,50.81],[-128.71,50.83],[-128.66,50.83],[-128.72,50.81]]],[[[-127.82,50.87],[-127.83,50.89],[-127.71,50.91],[-127.66,50.84],[-127.82,50.87]]],[[[-127.98,50.92],[-127.84,50.91],[-127.87,50.89],[-127.98,50.92]]],[[[-127.56,51.09],[-127.53,51.08],[-127.54,51.05],[-127.61,51.07],[-127.56,51.09]]],[[[-128.09,51.49],[-128.14,51.66],[-127.99,51.7],[-127.87,51.46],[-128.09,51.49]]],[[[-128.16,52.03],[-127.95,52.05],[-128.03,51.76],[-128.14,51.75],[-128.13,51.86],[-128.23,51.91],[-128.16,52.03]]],[[[-128.49,51.95],[-128.42,52.0],[-128.43,51.9],[-128.49,51.95]]],[[[-131.07,52.06],[-130.99,52.01],[-131.04,52.03],[-131.02,51.95],[-131.11,52.0],[-131.11,52.15],[-130.95,52.09],[-131.07,52.06]]],[[[-128.15,52.19],[-128.22,52.02],[-128.3,52.11],[-128.15,52.19]]],[[[-128.05,52.08],[-128.12,52.15],[-127.88,52.17],[-128.05,52.08]]],[[[-128.34,52.08],[-128.52,52.17],[-128.45,52.24],[-128.23,52.21],[-128.34,52.08]]],[[[-127.64,52.14],[-127.72,51.99],[-127.9,51.97],[-127.75,52.25],[-127.62,52.3],[-127.24,52.43],[-127.21,52.35],[-127.64,52.14]]],[[[-127.92,52.18],[-128.17,52.26],[-128.06,52.3],[-127.92,52.18]]],[[[-128.76,52.45],[-128.67,52.49],[-128.62,52.33],[-128.72,52.31],[-128.76,52.45]]],[[[-128.7,52.52],[-128.74,52.59],[-128.58,52.6],[-128.55,52.66],[-128.47,52.49],[-128.52,52.43],[-128.7,52.52]]],[[[-128.76,52.49],[-128.81,52.54],[-128.7,52.52],[-128.76,52.49]]],[[[-128.45,52.74],[-128.37,52.8],[-128.28,52.49],[-128.47,52.38],[-128.41,52.46],[-128.45,52.74]]],[[[-129.28,52.73],[-129.28,52.82],[-128.93,52.61],[-128.99,52.48],[-129.28,52.73]]],[[[-129.4,52.65],[-129.45,52.64],[-129.44,52.66],[-129.4,52.65]]],[[[-131.47,52.73],[-131.45,52.65],[-131.59,52.67],[-131.6,52.6],[-131.7,52.72],[-131.66,52.72],[-131.67,52.71],[-131.47,52.73]]],[[[-131.28,52.24],[-131.28,52.13],[-131.56,52.33],[-131.59,52.39],[-131.51,52.41],[-132.09,52.73],[-131.94,52.77],[-132.09,52.86],[-132.13,52.75],[-132.34,52.94],[-132.14,52.93],[-132.11,53.0],[-132.49,53.03],[-132.57,53.15],[-132.37,53.13],[-132.07,53.16],[-131.8,53.26],[-131.78,53.17],[-131.6,53.04],[-131.84,53.05],[-131.63,53.0],[-131.61,52.93],[-131.8,52.87],[-131.92,52.94],[-131.98,52.88],[-131.87,52.89],[-131.83,52.8],[-131.66,52.81],[-131.85,52.77],[-131.84,52.71],[-131.73,52.7],[-131.66,52.54],[-131.47,52.51],[-131.41,52.36],[-131.25,52.45],[-131.3,52.38],[-131.25,52.36],[-131.36,52.34],[-131.32,52.28],[-131.16,52.32],[-131.09,52.28],[-131.18,52.23],[-131.01,52.23],[-131.21,52.15],[-131.28,52.24]],[[-132.0,53.06],[-131.92,52.99],[-131.84,53.05],[-132.0,53.06]]],[[[-128.25,52.8],[-128.17,52.82],[-128.27,52.6],[-128.32,52.78],[-128.25,52.8]]],[[[-128.48,52.71],[-128.52,52.65],[-128.51,52.86],[-128.48,52.71]]],[[[-129.31,52.84],[-129.35,52.8],[-129.37,52.84],[-129.31,52.84]]],[[[-131.84,52.84],[-131.65,52.84],[-131.74,52.81],[-131.84,52.84]]],[[[-129.13,52.87],[-129.02,52.86],[-129.07,52.89],[-128.84,53.04],[-129.02,53.15],[-128.86,53.04],[-129.1,52.9],[-129.18,52.94],[-129.08,53.3],[-128.62,53.16],[-128.52,52.93],[-128.59,52.61],[-128.76,52.6],[-128.65,52.92],[-128.66,52.97],[-128.75,52.91],[-128.76,52.67],[-129.05,52.75],[-129.13,52.87]]],[[[-132.23,53.0],[-132.2,52.98],[-132.32,52.97],[-132.36,53.01],[-132.23,53.0]]],[[[-129.65,53.02],[-129.53,52.96],[-129.59,52.98],[-129.65,53.02]]],[[[-129.6,53.03],[-129.69,53.06],[-129.52,53.04],[-129.6,53.03]]],[[[-129.55,53.14],[-129.53,53.18],[-129.29,52.98],[-129.55,53.14]]],[[[-129.65,53.13],[-129.59,53.07],[-129.69,53.08],[-129.72,53.14],[-129.65,53.13]]],[[[-129.28,53.33],[-129.17,53.3],[-129.14,53.1],[-129.33,53.13],[-129.28,53.33]]],[[[-129.93,53.16],[-130.09,53.32],[-130.31,53.39],[-130.41,53.5],[-130.34,53.52],[-130.53,53.55],[-130.52,53.63],[-129.93,53.43],[-129.74,53.24],[-129.93,53.16]]],[[[-129.15,53.36],[-129.0,53.54],[-128.91,53.39],[-128.96,53.33],[-129.15,53.36]]],[[[-130.62,53.48],[-130.64,53.5],[-130.59,53.5],[-130.62,53.48]]],[[[-129.0,53.7],[-128.82,53.71],[-128.88,53.58],[-128.98,53.58],[-129.09,53.51],[-129.17,53.39],[-129.12,53.66],[-129.0,53.7]]],[[[-129.52,53.49],[-129.62,53.5],[-129.64,53.48],[-129.34,53.36],[-129.33,53.26],[-129.43,53.34],[-129.51,53.31],[-129.48,53.22],[-129.59,53.22],[-129.9,53.48],[-129.91,53.61],[-130.06,53.61],[-129.87,53.64],[-130.08,53.64],[-130.12,53.7],[-130.21,53.82],[-130.29,53.84],[-130.2,53.92],[-129.52,53.49]]],[[[-132.54,53.33],[-132.76,53.32],[-132.7,53.38],[-132.4,53.33],[-132.67,53.49],[-132.86,53.47],[-132.83,53.52],[-132.98,53.56],[-132.89,53.62],[-133.14,53.9],[-133.04,54.04],[-133.07,54.17],[-132.58,54.12],[-132.66,53.94],[-132.41,54.1],[-132.28,54.11],[-132.16,54.01],[-132.18,54.04],[-131.92,54.04],[-131.66,54.17],[-131.93,53.62],[-131.91,53.36],[-131.98,53.26],[-132.44,53.15],[-132.67,53.29],[-132.54,53.33]],[[-132.12,53.87],[-132.24,53.78],[-132.66,53.69],[-132.61,53.63],[-132.35,53.67],[-132.48,53.58],[-132.16,53.7],[-132.19,53.77],[-132.08,53.89],[-132.16,54.01],[-132.12,53.87]]],[[[-130.12,53.7],[-130.09,53.57],[-130.41,53.69],[-130.23,53.78],[-130.12,53.7]]],[[[-130.61,53.8],[-130.62,53.82],[-130.42,53.78],[-130.61,53.8]]],[[[-130.7,53.92],[-130.63,53.84],[-130.72,53.86],[-130.72,53.92],[-130.67,53.99],[-130.42,54.1],[-130.23,53.95],[-130.4,53.84],[-130.49,53.88],[-130.34,54.0],[-130.49,53.9],[-130.62,53.97],[-130.7,53.92]]],[[[-130.16,54.16],[-130.16,54.14],[-130.24,54.12],[-130.22,54.19],[-130.16,54.16]]],[[[-130.68,54.17],[-130.65,54.12],[-130.79,54.16],[-130.68,54.17]]],[[[-133.08,54.22],[-133.08,54.25],[-132.97,54.24],[-133.08,54.22]]],[[[-130.42,54.33],[-130.35,54.27],[-130.37,54.24],[-130.47,54.3],[-130.42,54.33]]],[[[-130.3,54.25],[-130.35,54.27],[-130.31,54.33],[-130.3,54.25]]],[[[-130.71,54.36],[-130.77,54.38],[-130.72,54.41],[-130.71,54.36]]],[[[-130.79,54.49],[-130.73,54.42],[-130.82,54.42],[-130.79,54.49]]],[[[-130.93,54.62],[-130.76,54.63],[-130.78,54.55],[-130.96,54.48],[-130.93,54.62]]],[[[-131.1,54.6],[-131.1,54.63],[-131.06,54.63],[-131.1,54.6]]],[[[-130.24,54.73],[-130.38,54.7],[-130.21,54.81],[-130.24,54.73]]],[[[-130.46,54.71],[-130.62,54.77],[-130.51,54.8],[-130.46,54.71]]],[[[-130.27,54.83],[-130.45,54.81],[-130.46,54.83],[-130.17,55.02],[-130.27,54.83]]],[[[-141.01,69.65],[-139.92,69.62],[-139.14,69.51],[-138.6,69.24],[-138.36,69.3],[-138.1,69.14],[-137.22,68.95],[-136.07,68.89],[-135.15,68.66],[-135.51,68.85],[-135.34,68.84],[-136.0,68.95],[-135.92,68.96],[-135.95,69.05],[-135.77,68.99],[-135.52,69.03],[-135.92,69.09],[-135.97,69.22],[-135.42,69.1],[-135.86,69.29],[-135.68,69.33],[-135.57,69.23],[-135.57,69.34],[-135.17,69.26],[-135.28,69.41],[-135.16,69.48],[-134.48,69.44],[-134.42,69.5],[-134.59,69.51],[-134.41,69.64],[-134.48,69.73],[-134.22,69.68],[-134.15,69.63],[-134.24,69.58],[-134.12,69.54],[-133.75,69.55],[-134.22,69.27],[-134.31,69.15],[-133.63,69.4],[-133.05,69.43],[-132.89,69.66],[-132.53,69.63],[-132.33,69.68],[-132.63,69.67],[-132.55,69.74],[-132.28,69.77],[-132.48,69.74],[-132.14,69.69],[-131.41,69.96],[-131.24,69.93],[-131.19,69.82],[-130.89,70.11],[-130.72,70.13],[-130.72,70.08],[-130.52,70.18],[-130.46,70.17],[-130.54,70.15],[-130.52,70.1],[-130.39,70.17],[-130.29,70.11],[-130.34,70.09],[-130.16,70.11],[-130.19,70.05],[-130.1,70.11],[-129.93,70.08],[-129.67,70.27],[-129.63,70.17],[-129.41,70.12],[-129.6,69.99],[-130.53,69.78],[-130.94,69.57],[-131.05,69.64],[-131.98,69.54],[-132.14,69.41],[-132.11,69.36],[-132.35,69.31],[-132.32,69.25],[-132.43,69.3],[-132.5,69.16],[-132.54,69.29],[-132.77,69.26],[-132.91,69.13],[-132.83,69.11],[-132.9,69.08],[-132.89,68.98],[-132.93,69.08],[-133.1,69.07],[-133.2,69.04],[-133.24,68.91],[-133.49,68.84],[-133.21,68.72],[-132.92,68.69],[-133.39,68.85],[-132.48,68.81],[-132.39,68.87],[-132.48,68.89],[-132.78,68.85],[-132.71,68.89],[-132.81,68.94],[-132.68,68.93],[-132.87,69.06],[-132.48,69.15],[-132.42,69.24],[-132.47,69.11],[-132.33,69.23],[-132.2,69.22],[-132.22,69.15],[-132.16,69.25],[-131.88,69.28],[-131.72,69.4],[-131.98,69.41],[-131.91,69.43],[-131.43,69.44],[-131.51,69.34],[-131.32,69.49],[-131.24,69.41],[-131.25,69.5],[-131.21,69.4],[-131.41,69.3],[-131.35,69.32],[-131.16,69.39],[-131.24,69.59],[-131.12,69.52],[-131.14,69.37],[-131.06,69.49],[-131.19,69.59],[-131.13,69.62],[-131.03,69.46],[-131.12,69.33],[-130.95,69.54],[-130.94,69.42],[-131.05,69.34],[-130.9,69.39],[-131.03,69.21],[-130.93,69.14],[-130.95,69.28],[-130.38,69.69],[-129.12,69.86],[-128.89,69.98],[-128.93,69.85],[-129.17,69.83],[-129.15,69.7],[-128.94,69.68],[-128.97,69.73],[-128.31,69.96],[-128.34,70.13],[-127.52,70.22],[-128.03,70.29],[-128.11,70.37],[-127.91,70.39],[-128.2,70.4],[-127.99,70.59],[-127.14,70.25],[-126.77,69.98],[-126.81,69.9],[-126.7,69.77],[-126.25,69.53],[-125.45,69.32],[-125.37,69.35],[-125.46,69.41],[-125.16,69.39],[-125.09,69.45],[-125.62,69.42],[-125.48,69.51],[-125.12,69.49],[-125.29,69.55],[-125.22,69.59],[-125.44,69.61],[-125.37,69.69],[-125.07,69.75],[-124.94,69.65],[-124.82,69.72],[-125.28,69.81],[-125.18,69.86],[-125.06,69.8],[-124.92,69.94],[-124.63,69.99],[-124.99,70.01],[-125.21,69.94],[-125.21,70.0],[-125.01,70.09],[-125.05,70.03],[-124.67,70.08],[-124.55,70.02],[-124.42,70.05],[-124.75,70.13],[-124.41,70.16],[-124.37,70.04],[-124.54,69.97],[-124.44,69.96],[-124.51,69.92],[-124.4,69.86],[-124.51,69.74],[-124.03,69.68],[-124.52,69.41],[-124.42,69.37],[-123.38,69.41],[-123.44,69.48],[-123.17,69.5],[-123.1,69.68],[-123.16,69.77],[-122.98,69.83],[-121.64,69.79],[-120.81,69.62],[-120.09,69.36],[-118.67,69.23],[-118.04,69.02],[-117.17,68.89],[-116.97,68.95],[-115.97,68.81],[-116.32,68.97],[-115.57,68.97],[-114.52,68.72],[-114.08,68.49],[-114.11,68.41],[-113.91,68.4],[-114.06,68.3],[-114.04,68.24],[-114.94,68.29],[-114.76,68.19],[-115.24,68.19],[-115.18,68.14],[-115.25,68.04],[-115.11,68.02],[-115.54,67.92],[-115.12,67.8],[-113.86,67.7],[-112.42,67.68],[-112.03,67.75],[-111.89,67.69],[-111.93,67.75],[-111.55,67.72],[-111.17,67.85],[-111.21,67.76],[-111.02,67.77],[-110.34,67.97],[-110.16,67.92],[-110.18,68.0],[-110.06,68.01],[-109.97,67.97],[-109.97,67.83],[-109.83,67.87],[-109.62,67.74],[-109.72,67.72],[-109.52,67.69],[-109.41,67.77],[-109.07,67.72],[-108.93,67.53],[-109.01,67.46],[-108.82,67.36],[-108.73,67.62],[-108.64,67.63],[-108.47,67.35],[-108.37,67.45],[-107.99,67.28],[-107.89,67.05],[-108.14,67.08],[-108.21,67.03],[-108.62,67.15],[-108.52,67.04],[-108.12,66.94],[-108.14,66.86],[-108.23,66.85],[-108.0,66.83],[-107.89,66.67],[-107.86,66.76],[-107.24,66.35],[-107.8,66.77],[-107.69,66.77],[-107.77,67.0],[-107.61,66.97],[-107.64,67.08],[-107.48,66.92],[-107.7,66.95],[-107.56,66.84],[-107.41,66.82],[-107.48,66.89],[-107.4,66.89],[-107.4,66.97],[-107.09,66.83],[-107.4,67.04],[-107.2,67.12],[-107.53,67.21],[-107.72,67.4],[-107.59,67.5],[-108.01,67.71],[-107.94,67.85],[-107.66,67.95],[-107.91,68.0],[-107.88,68.09],[-107.7,68.08],[-107.81,68.06],[-107.74,68.04],[-107.83,68.01],[-107.77,67.99],[-107.15,68.13],[-106.76,68.1],[-106.81,68.21],[-106.64,68.17],[-106.63,68.25],[-106.44,68.15],[-106.35,68.19],[-106.48,68.23],[-106.45,68.35],[-105.73,68.43],[-105.7,68.49],[-105.78,68.55],[-105.65,68.64],[-106.55,68.52],[-106.42,68.52],[-106.64,68.47],[-106.49,68.41],[-106.55,68.3],[-106.79,68.41],[-107.16,68.27],[-107.55,68.35],[-107.83,68.34],[-107.89,68.27],[-107.61,68.17],[-108.39,68.11],[-108.43,68.16],[-108.33,68.2],[-108.46,68.19],[-108.42,68.3],[-108.81,68.26],[-108.35,68.6],[-107.29,68.7],[-106.2,68.94],[-105.8,68.88],[-105.47,68.72],[-105.54,68.65],[-105.32,68.48],[-105.54,68.41],[-105.33,68.41],[-105.04,68.26],[-105.09,68.31],[-104.89,68.35],[-104.84,68.29],[-104.94,68.24],[-104.6,68.24],[-104.68,68.14],[-104.48,68.03],[-103.79,68.03],[-103.41,68.17],[-103.34,68.11],[-103.36,68.01],[-102.22,67.69],[-101.98,67.79],[-101.42,67.69],[-101.45,67.73],[-100.96,67.75],[-100.91,67.83],[-100.71,67.85],[-100.59,67.8],[-99.77,67.83],[-98.94,67.7],[-98.68,67.81],[-98.36,67.79],[-98.73,67.96],[-98.73,68.07],[-98.58,68.1],[-98.08,67.76],[-97.56,67.6],[-97.06,67.68],[-97.23,67.71],[-97.12,67.79],[-97.25,67.92],[-97.36,67.88],[-97.68,68.02],[-98.0,67.96],[-98.1,67.84],[-98.59,68.15],[-98.46,68.18],[-98.41,68.08],[-98.32,68.17],[-98.72,68.37],[-98.51,68.33],[-98.46,68.37],[-98.53,68.43],[-98.21,68.3],[-97.75,68.37],[-98.01,68.5],[-97.98,68.55],[-97.71,68.53],[-97.64,68.46],[-97.53,68.42],[-97.62,68.46],[-97.43,68.51],[-96.99,68.34],[-97.08,68.27],[-96.69,68.29],[-96.62,68.19],[-96.8,68.07],[-96.76,68.02],[-96.44,68.05],[-96.55,68.09],[-95.9,68.3],[-96.08,68.15],[-96.02,68.12],[-96.22,67.81],[-96.18,67.64],[-96.34,67.69],[-96.47,67.48],[-96.1,67.47],[-96.25,67.25],[-96.11,67.22],[-95.58,67.38],[-95.55,67.32],[-95.84,67.17],[-95.52,67.22],[-95.48,67.14],[-95.44,67.2],[-95.33,67.01],[-95.42,66.95],[-95.91,66.95],[-95.99,67.01],[-95.96,67.07],[-96.13,66.96],[-96.26,66.99],[-96.28,67.07],[-96.46,67.06],[-95.85,66.76],[-95.78,66.66],[-95.82,66.59],[-95.63,66.68],[-95.66,66.73],[-95.75,66.68],[-95.79,66.74],[-96.09,66.93],[-95.32,66.9],[-95.22,66.97],[-95.35,67.15],[-95.17,67.28],[-95.41,67.46],[-95.34,67.55],[-95.71,67.73],[-95.55,67.81],[-95.58,67.9],[-95.42,68.02],[-95.48,68.06],[-94.8,68.04],[-94.21,68.27],[-94.12,68.42],[-93.37,68.64],[-93.75,68.61],[-93.57,68.84],[-93.63,68.96],[-93.91,69.0],[-94.08,68.85],[-93.83,68.88],[-94.09,68.76],[-94.64,68.76],[-94.55,68.89],[-94.6,68.97],[-94.44,68.94],[-94.01,69.16],[-94.32,69.16],[-94.28,69.32],[-93.53,69.44],[-93.88,69.25],[-93.81,69.27],[-93.88,69.23],[-93.81,69.22],[-93.84,69.17],[-93.36,69.37],[-93.59,69.37],[-93.45,69.49],[-94.32,69.45],[-94.63,69.69],[-94.88,69.57],[-95.67,69.79],[-95.98,69.79],[-96.21,69.87],[-96.08,69.88],[-96.11,69.96],[-96.49,70.1],[-96.57,70.23],[-96.55,70.34],[-96.35,70.41],[-96.23,70.57],[-95.79,70.54],[-96.05,70.61],[-95.81,70.72],[-96.19,70.62],[-96.6,70.79],[-96.5,71.05],[-96.38,71.09],[-96.56,71.13],[-96.38,71.16],[-96.51,71.28],[-96.13,71.41],[-95.54,71.3],[-95.59,71.36],[-95.44,71.38],[-95.55,71.43],[-95.38,71.51],[-95.81,71.51],[-95.94,71.55],[-95.91,71.61],[-95.28,71.72],[-95.22,71.83],[-94.74,71.83],[-94.61,71.87],[-95.18,71.85],[-95.25,71.88],[-95.23,71.95],[-94.55,72.0],[-94.39,71.94],[-94.65,71.82],[-94.6,71.74],[-94.49,71.83],[-94.35,71.8],[-94.42,71.67],[-94.21,71.79],[-93.76,71.78],[-93.71,71.72],[-93.82,71.66],[-92.99,71.36],[-92.86,71.16],[-92.91,70.93],[-92.85,70.86],[-93.04,70.86],[-92.69,70.77],[-92.68,70.68],[-92.42,70.67],[-92.3,70.57],[-92.22,70.62],[-92.16,70.58],[-92.26,70.55],[-92.19,70.51],[-92.29,70.49],[-91.98,70.37],[-92.09,70.3],[-91.96,70.26],[-91.85,70.3],[-91.88,70.36],[-91.72,70.36],[-91.7,70.2],[-91.51,70.16],[-92.0,70.12],[-92.3,70.26],[-92.37,70.24],[-92.27,70.21],[-92.48,70.18],[-92.39,70.15],[-92.59,70.08],[-91.94,70.02],[-92.87,69.7],[-92.54,69.71],[-92.92,69.67],[-92.37,69.71],[-92.09,69.63],[-92.3,69.65],[-92.13,69.56],[-91.8,69.49],[-91.5,69.66],[-91.17,69.66],[-91.09,69.64],[-91.57,69.52],[-90.68,69.54],[-90.31,69.45],[-90.7,69.45],[-90.59,69.42],[-90.8,69.37],[-90.81,69.26],[-91.09,69.27],[-90.96,69.36],[-91.19,69.29],[-91.45,69.36],[-90.67,69.09],[-90.71,69.01],[-90.61,68.99],[-90.62,68.92],[-90.44,68.88],[-90.6,68.8],[-90.44,68.83],[-90.57,68.63],[-90.48,68.53],[-90.61,68.44],[-90.32,68.38],[-90.48,68.34],[-90.34,68.35],[-90.24,68.23],[-90.12,68.26],[-90.16,68.32],[-89.82,68.54],[-89.94,68.59],[-89.9,68.66],[-89.79,68.72],[-89.77,68.63],[-89.72,68.65],[-89.71,69.02],[-89.2,69.28],[-88.94,69.23],[-88.02,68.81],[-87.79,68.33],[-87.94,68.2],[-88.18,68.25],[-88.2,68.38],[-88.4,68.29],[-88.28,68.13],[-88.37,67.98],[-88.14,67.67],[-87.36,67.27],[-87.52,67.12],[-87.37,67.18],[-87.29,67.1],[-87.23,67.23],[-87.11,67.18],[-87.07,67.26],[-86.96,67.26],[-87.08,67.36],[-86.5,67.38],[-86.45,67.61],[-86.53,67.69],[-86.13,68.02],[-85.9,68.05],[-85.89,68.19],[-85.79,68.22],[-85.84,68.32],[-85.67,68.45],[-85.74,68.48],[-85.74,68.62],[-85.67,68.73],[-85.46,68.76],[-85.56,68.78],[-84.79,68.74],[-84.81,68.81],[-85.19,68.87],[-85.0,68.89],[-85.12,68.96],[-84.8,68.94],[-84.95,69.02],[-84.53,69.02],[-85.14,69.13],[-85.01,69.18],[-85.27,69.14],[-85.21,69.19],[-85.47,69.28],[-85.49,69.33],[-85.34,69.32],[-85.51,69.41],[-85.34,69.44],[-85.53,69.46],[-85.48,69.56],[-85.39,69.56],[-85.54,69.65],[-85.44,69.71],[-85.51,69.77],[-85.33,69.79],[-85.56,69.86],[-85.06,69.78],[-84.86,69.86],[-84.34,69.86],[-83.73,69.71],[-82.25,69.64],[-82.62,69.65],[-82.55,69.6],[-82.75,69.58],[-82.52,69.49],[-83.25,69.56],[-83.29,69.54],[-82.28,69.42],[-82.23,69.39],[-82.39,69.4],[-82.14,69.3],[-82.27,69.24],[-81.75,69.27],[-81.34,69.19],[-81.27,69.09],[-82.06,68.88],[-81.4,68.87],[-81.23,68.77],[-81.27,68.64],[-81.65,68.51],[-81.81,68.53],[-81.95,68.43],[-82.27,68.54],[-82.18,68.49],[-82.61,68.53],[-82.5,68.46],[-82.65,68.43],[-82.35,68.34],[-82.51,68.32],[-82.44,68.28],[-82.27,68.29],[-82.31,68.15],[-82.17,68.12],[-81.99,68.22],[-82.18,68.01],[-82.1,67.91],[-81.24,67.46],[-81.5,67.0],[-81.95,66.98],[-82.18,66.78],[-82.16,66.71],[-82.37,66.73],[-82.59,66.57],[-83.0,66.56],[-83.37,66.35],[-83.59,66.36],[-83.64,66.44],[-83.53,66.4],[-83.68,66.53],[-83.98,66.59],[-84.0,66.7],[-83.86,66.69],[-83.96,66.75],[-83.88,66.82],[-83.92,66.89],[-84.14,66.71],[-84.32,66.78],[-84.45,66.72],[-84.14,66.69],[-84.21,66.59],[-83.93,66.46],[-83.86,66.32],[-83.69,66.21],[-83.81,66.16],[-83.86,66.16],[-83.79,66.21],[-83.97,66.2],[-84.18,66.32],[-84.37,66.28],[-84.54,66.41],[-84.64,66.34],[-84.38,66.17],[-85.12,66.33],[-85.24,66.27],[-85.32,66.48],[-85.47,66.57],[-85.78,66.5],[-86.78,66.52],[-86.63,66.44],[-86.81,66.45],[-86.62,66.31],[-85.86,66.16],[-85.97,66.04],[-86.43,65.9],[-86.55,65.67],[-87.38,65.33],[-88.06,65.36],[-88.43,65.49],[-88.83,65.65],[-88.41,65.63],[-89.11,65.73],[-89.69,65.95],[-90.0,65.95],[-89.77,65.89],[-89.77,65.82],[-90.44,65.88],[-90.24,65.93],[-91.5,65.95],[-91.03,65.81],[-91.11,65.92],[-89.96,65.79],[-89.47,65.61],[-89.04,65.33],[-87.66,65.3],[-87.05,65.24],[-86.95,65.17],[-86.97,65.06],[-87.3,64.76],[-87.5,64.74],[-87.58,64.57],[-87.81,64.52],[-87.9,64.33],[-88.04,64.26],[-87.98,64.19],[-88.11,64.14],[-88.73,63.97],[-89.0,63.99],[-89.26,64.16],[-89.02,63.95],[-89.57,64.08],[-89.51,63.95],[-89.83,64.11],[-89.74,64.15],[-89.79,64.25],[-89.89,64.21],[-89.83,64.14],[-90.13,64.13],[-89.93,64.12],[-89.83,63.92],[-90.28,64.01],[-89.97,63.81],[-90.12,63.78],[-90.06,63.75],[-90.15,63.63],[-90.45,63.62],[-90.65,63.71],[-90.7,63.66],[-90.54,63.61],[-90.91,63.57],[-91.7,63.78],[-91.99,63.78],[-91.89,63.81],[-92.37,63.78],[-92.51,63.83],[-92.75,63.86],[-92.79,63.9],[-93.45,64.02],[-93.63,64.16],[-93.78,64.19],[-93.56,64.03],[-93.77,63.99],[-93.65,63.88],[-93.22,63.84],[-93.45,63.93],[-93.4,63.98],[-93.1,63.88],[-92.63,63.78],[-92.5,63.82],[-92.41,63.75],[-92.1,63.7],[-92.55,63.55],[-92.47,63.53],[-91.78,63.71],[-91.39,63.49],[-90.78,63.4],[-90.98,63.42],[-90.69,63.36],[-90.75,63.32],[-90.73,63.18],[-90.63,63.06],[-90.78,62.95],[-91.03,62.95],[-91.39,62.79],[-92.13,62.88],[-92.1,62.8],[-92.45,62.82],[-92.22,62.69],[-92.28,62.68],[-91.89,62.62],[-91.98,62.53],[-92.18,62.55],[-92.18,62.61],[-92.43,62.54],[-92.62,62.62],[-92.56,62.49],[-92.5,62.51],[-92.53,62.44],[-92.7,62.47],[-92.68,62.38],[-92.83,62.36],[-92.62,62.32],[-92.64,62.26],[-92.47,62.15],[-92.74,62.29],[-93.25,62.37],[-92.76,62.22],[-93.12,62.16],[-92.93,62.12],[-93.16,62.05],[-93.17,61.99],[-93.42,62.03],[-93.22,61.96],[-93.39,61.95],[-93.28,61.9],[-93.62,61.95],[-93.49,61.89],[-93.61,61.86],[-93.26,61.74],[-93.47,61.77],[-93.31,61.73],[-93.83,61.57],[-93.98,61.46],[-93.82,61.35],[-94.11,61.33],[-94.0,61.22],[-94.1,61.16],[-93.99,61.1],[-94.35,60.86],[-94.52,60.55],[-94.8,60.5],[-94.62,60.39],[-94.82,59.95],[-94.79,59.53],[-94.74,59.35],[-94.66,59.36],[-94.77,59.3],[-94.79,59.09],[-94.97,59.09],[-95.0,59.05],[-94.8,59.06],[-94.68,58.95],[-94.75,58.83],[-94.61,58.88],[-94.44,58.72],[-94.2,58.81],[-94.36,58.22],[-94.23,58.4],[-94.18,58.78],[-93.16,58.74],[-93.12,58.51],[-92.81,58.08],[-92.79,57.84],[-92.42,57.35],[-92.6,57.05],[-92.88,56.91],[-92.22,57.06],[-92.47,56.94],[-92.34,56.96],[-91.03,57.26],[-90.59,57.23],[-89.96,57.0],[-88.88,56.86],[-88.31,56.54],[-87.98,56.44],[-87.59,56.08],[-87.62,56.0],[-87.5,56.04],[-87.36,56.0],[-87.37,55.95],[-86.98,55.93],[-85.9,55.66],[-85.13,55.35],[-85.39,55.11],[-85.42,55.0],[-85.2,55.24],[-85.05,55.29],[-84.61,55.25],[-83.93,55.33],[-83.61,55.23],[-83.57,55.19],[-83.59,55.16],[-83.56,55.13],[-83.56,55.18],[-83.58,55.23],[-83.71,55.28],[-82.98,55.24],[-82.9,55.17],[-82.95,55.11],[-82.53,55.17],[-82.32,55.07],[-82.33,55.16],[-82.25,55.12],[-82.27,54.94],[-82.2,54.86],[-82.44,54.37],[-82.43,54.23],[-82.24,54.07],[-82.13,53.81],[-82.22,53.6],[-82.11,53.29],[-82.25,53.21],[-82.3,52.97],[-82.04,52.84],[-81.56,52.46],[-81.48,52.3],[-81.82,52.26],[-81.88,52.19],[-81.51,52.24],[-81.36,52.1],[-80.98,52.0],[-80.59,51.71],[-80.43,51.36],[-81.01,51.04],[-80.95,51.01],[-80.41,51.34],[-80.14,51.3],[-79.74,51.12],[-79.33,50.73],[-79.73,51.12],[-79.7,51.4],[-79.32,51.67],[-79.24,51.63],[-79.28,51.53],[-79.01,51.47],[-78.95,51.22],[-78.85,51.16],[-78.92,51.23],[-78.83,51.35],[-78.88,51.4],[-78.69,51.49],[-78.81,51.51],[-78.79,51.61],[-79.04,51.77],[-78.84,51.84],[-78.89,51.95],[-78.59,52.11],[-78.55,52.25],[-78.41,52.25],[-78.55,52.27],[-78.52,52.48],[-78.77,52.57],[-78.69,52.6],[-78.85,52.76],[-78.69,52.89],[-78.86,52.88],[-78.9,52.93],[-78.79,52.98],[-78.98,53.03],[-78.92,53.06],[-78.98,53.07],[-78.9,53.27],[-78.99,53.45],[-79.11,53.51],[-78.92,53.57],[-79.07,53.6],[-79.02,53.69],[-79.16,53.71],[-79.05,53.73],[-79.05,53.84],[-78.9,53.82],[-79.07,53.86],[-79.11,53.91],[-78.99,53.91],[-79.14,53.96],[-78.98,54.02],[-79.29,54.09],[-79.05,54.18],[-79.38,54.19],[-79.29,54.26],[-79.46,54.31],[-79.45,54.42],[-79.6,54.56],[-79.53,54.59],[-79.77,54.66],[-78.39,55.03],[-77.78,55.27],[-77.14,55.66],[-77.09,55.71],[-77.19,55.68],[-76.68,56.04],[-76.52,56.44],[-76.53,57.12],[-76.95,57.83],[-77.47,58.21],[-78.03,58.39],[-78.41,58.63],[-78.32,58.55],[-78.57,58.62],[-78.47,58.71],[-78.57,58.96],[-78.32,58.93],[-78.24,59.0],[-78.32,58.99],[-78.29,59.05],[-78.13,59.11],[-78.11,59.21],[-77.68,59.4],[-77.92,59.42],[-77.73,59.55],[-77.78,59.71],[-77.57,59.69],[-77.44,59.58],[-77.31,59.57],[-77.55,59.74],[-77.29,59.8],[-77.43,59.92],[-77.19,60.06],[-77.63,60.07],[-77.41,60.14],[-77.74,60.43],[-77.42,60.55],[-77.69,60.56],[-77.83,60.65],[-77.61,60.76],[-77.74,60.77],[-77.51,60.84],[-77.89,60.75],[-77.86,60.79],[-77.97,60.79],[-77.92,60.84],[-78.2,60.79],[-77.69,61.21],[-77.79,61.45],[-77.55,61.49],[-77.64,61.56],[-77.48,61.54],[-77.79,61.7],[-77.99,61.71],[-78.14,62.01],[-78.15,62.3],[-77.47,62.59],[-75.59,62.27],[-75.89,62.16],[-75.33,62.32],[-74.56,62.11],[-74.76,62.21],[-73.67,62.48],[-73.21,62.31],[-72.9,62.14],[-72.95,62.12],[-72.63,62.12],[-72.61,61.97],[-72.8,61.84],[-72.67,61.88],[-72.6,61.81],[-72.61,61.94],[-72.23,61.88],[-72.13,61.8],[-72.22,61.75],[-72.0,61.68],[-72.09,61.61],[-72.24,61.62],[-72.3,61.57],[-71.98,61.6],[-71.96,61.71],[-71.58,61.61],[-71.56,61.56],[-71.86,61.53],[-71.75,61.48],[-71.89,61.43],[-71.58,61.41],[-71.82,61.35],[-71.67,61.33],[-71.73,61.29],[-71.6,61.26],[-71.57,61.16],[-71.5,61.23],[-71.37,61.13],[-71.21,61.17],[-70.54,61.01],[-70.53,61.07],[-70.43,61.03],[-70.43,61.09],[-70.16,61.09],[-70.09,60.96],[-70.15,60.88],[-69.92,60.81],[-69.78,60.92],[-69.66,60.89],[-69.68,61.01],[-69.59,61.09],[-69.37,60.92],[-69.38,60.8],[-69.72,60.68],[-69.67,60.57],[-69.83,60.53],[-69.72,60.38],[-69.77,60.32],[-69.6,60.18],[-69.63,60.08],[-69.83,60.07],[-69.79,59.99],[-71.04,60.07],[-70.58,59.98],[-69.74,59.97],[-69.77,59.92],[-69.56,59.86],[-69.61,59.78],[-69.55,59.76],[-69.66,59.7],[-69.52,59.65],[-69.75,59.52],[-69.63,59.39],[-69.76,59.32],[-69.42,59.36],[-69.25,59.32],[-69.23,59.24],[-69.54,59.17],[-69.34,59.09],[-69.43,59.03],[-69.5,59.07],[-69.45,58.9],[-69.67,58.79],[-69.72,58.87],[-69.67,58.93],[-69.86,59.06],[-69.9,58.96],[-69.8,58.92],[-69.8,58.83],[-69.91,58.87],[-70.25,58.77],[-69.92,58.78],[-69.92,58.69],[-69.8,58.7],[-69.88,58.64],[-69.81,58.6],[-69.38,58.87],[-68.77,58.92],[-68.41,58.82],[-68.35,58.6],[-68.19,58.55],[-68.35,58.12],[-68.97,57.96],[-69.37,57.77],[-68.95,57.94],[-68.42,58.04],[-68.31,58.12],[-68.17,58.49],[-68.01,58.58],[-67.89,58.5],[-67.86,58.31],[-68.13,58.08],[-67.86,58.24],[-67.74,58.47],[-67.68,58.42],[-67.73,58.29],[-67.65,58.24],[-67.74,57.96],[-67.71,57.93],[-67.57,58.23],[-67.09,58.36],[-66.95,58.5],[-66.85,58.43],[-66.81,58.5],[-66.62,58.5],[-66.67,58.54],[-66.6,58.68],[-66.38,58.85],[-65.94,58.62],[-66.05,58.33],[-65.92,58.44],[-65.98,58.49],[-65.83,58.58],[-66.11,58.78],[-66.02,58.86],[-65.8,58.86],[-65.98,58.92],[-65.86,58.94],[-65.89,59.01],[-65.68,58.93],[-65.79,59.01],[-65.68,59.05],[-65.51,58.99],[-65.59,59.05],[-65.32,59.05],[-65.64,59.07],[-65.72,59.16],[-65.74,59.27],[-65.59,59.19],[-65.6,59.26],[-65.49,59.26],[-65.56,59.38],[-65.36,59.28],[-65.45,59.37],[-65.38,59.4],[-65.56,59.49],[-64.98,59.38],[-65.41,59.52],[-65.55,59.73],[-65.5,59.79],[-65.32,59.85],[-65.08,59.77],[-64.98,59.76],[-65.23,59.89],[-65.08,59.93],[-65.13,60.05],[-64.87,60.2],[-64.96,60.26],[-64.86,60.36],[-64.38,60.25],[-64.64,60.29],[-64.76,60.24],[-64.56,60.27],[-64.46,60.24],[-64.57,60.18],[-64.42,60.22],[-64.38,60.17],[-64.83,59.99],[-64.38,60.13],[-64.39,60.01],[-64.54,60.01],[-64.4,59.94],[-64.22,60.0],[-64.33,60.06],[-64.18,60.03],[-64.15,59.98],[-64.3,59.94],[-64.18,59.92],[-64.26,59.87],[-64.13,59.91],[-64.26,59.76],[-64.15,59.68],[-63.92,59.66],[-64.03,59.64],[-64.12,59.52],[-64.01,59.62],[-63.86,59.61],[-63.98,59.51],[-63.87,59.57],[-63.73,59.52],[-63.8,59.42],[-64.06,59.39],[-63.71,59.37],[-63.83,59.24],[-63.65,59.37],[-63.52,59.32],[-63.63,59.22],[-63.38,59.28],[-63.45,59.24],[-63.46,59.19],[-63.36,59.2],[-63.44,59.12],[-63.97,59.08],[-64.04,59.02],[-63.89,59.06],[-63.88,58.96],[-63.81,59.05],[-63.13,59.06],[-63.34,59.03],[-63.22,59.01],[-63.31,58.94],[-63.18,58.98],[-63.23,58.94],[-63.16,58.92],[-63.33,58.86],[-63.17,58.88],[-63.15,58.83],[-63.01,58.9],[-63.05,58.86],[-62.91,58.75],[-63.04,58.71],[-62.84,58.69],[-63.17,58.5],[-63.44,58.52],[-63.52,58.48],[-63.34,58.46],[-63.59,58.31],[-63.26,58.47],[-63.09,58.46],[-63.16,58.4],[-63.16,58.37],[-63.06,58.45],[-62.56,58.48],[-62.65,58.41],[-62.62,58.31],[-62.86,58.27],[-62.91,58.21],[-62.67,58.27],[-62.58,58.24],[-62.64,58.19],[-63.08,58.16],[-63.01,58.14],[-63.34,57.98],[-63.12,58.0],[-62.93,58.13],[-62.46,58.18],[-62.52,58.06],[-62.43,58.09],[-62.31,58.03],[-62.53,58.01],[-62.67,57.94],[-62.42,57.96],[-62.42,57.87],[-62.34,57.98],[-62.32,57.91],[-62.14,57.98],[-62.07,57.9],[-62.14,57.83],[-62.12,57.8],[-62.01,57.78],[-61.89,57.64],[-62.35,57.46],[-62.53,57.5],[-62.38,57.43],[-61.9,57.42],[-61.8,57.37],[-61.93,57.37],[-61.88,57.28],[-62.01,57.24],[-61.78,57.15],[-61.62,57.23],[-61.7,57.16],[-61.36,57.09],[-61.34,56.96],[-61.5,56.98],[-61.64,56.88],[-61.66,56.81],[-61.9,56.79],[-61.89,56.7],[-61.82,56.71],[-61.69,56.62],[-62.5,56.78],[-61.91,56.63],[-62.24,56.62],[-61.71,56.58],[-61.67,56.5],[-62.15,56.46],[-61.81,56.4],[-61.61,56.28],[-62.08,56.3],[-61.94,56.22],[-61.34,56.22],[-61.41,56.13],[-61.34,56.11],[-61.46,56.06],[-61.23,56.04],[-61.5,56.01],[-61.14,55.97],[-61.08,55.89],[-61.19,55.88],[-61.1,55.85],[-60.73,55.83],[-60.94,55.73],[-60.6,55.82],[-60.68,55.56],[-60.51,55.8],[-60.33,55.78],[-60.53,55.62],[-60.4,55.61],[-60.45,55.5],[-60.34,55.58],[-60.3,55.53],[-60.45,55.45],[-60.48,55.35],[-60.33,55.49],[-60.37,55.43],[-60.25,55.5],[-60.19,55.43],[-60.5,55.27],[-60.61,55.17],[-60.36,55.26],[-60.67,55.05],[-60.69,55.0],[-60.27,55.24],[-60.14,55.28],[-60.19,55.19],[-60.02,55.28],[-60.3,55.02],[-59.78,55.33],[-59.74,55.2],[-59.97,55.16],[-59.96,55.12],[-59.64,55.13],[-59.53,55.21],[-59.43,55.14],[-59.74,54.97],[-59.92,54.74],[-59.16,55.24],[-59.14,55.15],[-59.39,55.0],[-59.38,54.98],[-59.03,55.16],[-58.95,55.13],[-59.04,55.0],[-58.89,54.95],[-59.02,54.89],[-58.91,54.92],[-58.91,54.85],[-58.42,54.74],[-58.2,54.8],[-58.16,54.74],[-57.86,54.74],[-57.69,54.64],[-57.35,54.59],[-57.43,54.56],[-57.41,54.49],[-57.71,54.48],[-57.42,54.46],[-57.63,54.38],[-58.19,54.36],[-58.26,54.31],[-58.1,54.33],[-58.73,54.15],[-59.58,54.05],[-59.3,54.02],[-58.7,54.12],[-58.37,54.23],[-58.63,54.04],[-59.04,54.03],[-58.92,54.02],[-59.47,53.83],[-60.13,53.78],[-60.02,53.71],[-60.09,53.7],[-60.07,53.57],[-60.14,53.53],[-60.86,53.84],[-60.92,53.71],[-60.64,53.7],[-60.1,53.5],[-60.06,53.51],[-60.04,53.44],[-60.41,53.36],[-60.18,53.34],[-60.42,53.27],[-60.13,53.28],[-60.14,53.33],[-59.78,53.48],[-59.88,53.54],[-59.61,53.53],[-59.32,53.69],[-59.02,53.71],[-59.07,53.8],[-58.84,53.95],[-58.13,54.1],[-57.8,54.07],[-58.15,54.14],[-58.32,54.09],[-58.42,54.14],[-58.36,54.21],[-57.47,54.2],[-57.16,53.95],[-57.21,53.88],[-57.08,53.82],[-57.14,53.82],[-57.12,53.74],[-57.55,53.59],[-57.32,53.59],[-57.38,53.43],[-57.28,53.44],[-56.98,53.73],[-56.6,53.71],[-56.62,53.77],[-56.48,53.79],[-56.41,53.73],[-56.73,53.69],[-55.98,53.55],[-56.26,53.55],[-55.97,53.41],[-56.04,53.37],[-55.82,53.34],[-55.91,53.31],[-55.75,53.26],[-55.84,53.21],[-55.75,53.15],[-55.95,53.12],[-55.88,53.08],[-55.93,53.03],[-56.06,53.04],[-56.17,53.03],[-55.9,52.98],[-55.8,52.84],[-55.98,52.78],[-56.16,52.82],[-55.75,52.62],[-56.1,52.66],[-55.99,52.56],[-56.12,52.57],[-56.22,52.54],[-56.3,52.57],[-56.5,52.6],[-56.27,52.54],[-55.74,52.49],[-55.65,52.37],[-56.2,52.45],[-55.62,52.22],[-55.77,52.21],[-55.68,52.11],[-55.97,52.02],[-55.92,51.94],[-56.68,51.65],[-56.97,51.43],[-57.19,51.42],[-57.25,51.51],[-57.6,51.43],[-57.69,51.48],[-58.04,51.31],[-58.23,51.28],[-58.25,51.33],[-58.29,51.34],[-58.29,51.28],[-58.45,51.32],[-58.67,51.26],[-58.63,51.15],[-58.83,51.09],[-58.89,50.99],[-58.9,51.05],[-59.01,51.01],[-58.94,50.88],[-59.01,50.76],[-59.09,50.78],[-59.09,50.89],[-59.2,50.73],[-59.42,50.66],[-59.42,50.54],[-59.8,50.45],[-59.89,50.38],[-59.83,50.33],[-60.13,50.21],[-60.15,50.29],[-60.79,50.2],[-60.8,50.27],[-61.72,50.1],[-61.78,50.11],[-61.58,50.19],[-61.78,50.13],[-61.86,50.23],[-62.75,50.29],[-62.71,50.32],[-63.42,50.22],[-63.81,50.32],[-65.96,50.29],[-66.09,50.19],[-66.47,50.27],[-66.55,50.2],[-66.43,50.16],[-66.64,50.19],[-66.75,50.05],[-66.95,49.99],[-67.04,49.83],[-67.13,49.83],[-67.25,49.46],[-67.38,49.34],[-68.05,49.29],[-68.3,49.2],[-68.18,49.12],[-68.39,49.06],[-68.44,49.06],[-68.37,49.12],[-68.4,49.18],[-68.44,49.2],[-68.41,49.12],[-68.62,49.04],[-68.7,48.94],[-68.64,48.92],[-69.06,48.77],[-69.45,48.3],[-69.68,48.15],[-70.37,48.37],[-70.99,48.47],[-71.07,48.44],[-70.79,48.4],[-70.87,48.32],[-70.48,48.36],[-69.74,48.12],[-69.93,47.77],[-70.14,47.66],[-70.24,47.5],[-70.49,47.44],[-70.75,47.09],[-70.96,47.02],[-71.34,46.74],[-71.88,46.69],[-72.23,46.55],[-72.26,46.47],[-72.46,46.4],[-72.6,46.3],[-72.99,46.21],[-73.02,46.11],[-73.16,46.07],[-73.42,45.77],[-73.76,45.68],[-73.98,45.5],[-74.38,45.56],[-74.02,45.45],[-73.96,45.35],[-74.15,45.32],[-74.71,45.0],[-74.9,45.01],[-75.27,44.86],[-75.87,44.41],[-76.45,44.08],[-76.8,43.65],[-78.75,43.62],[-79.17,43.46],[-79.06,43.28],[-79.03,43.01],[-78.91,42.93],[-79.02,42.8],[-80.25,42.37],[-81.28,42.21],[-82.42,41.68],[-82.67,41.67],[-83.07,41.85],[-83.16,42.05],[-83.08,42.31],[-82.53,42.62],[-82.41,43.05],[-82.15,43.58],[-82.55,45.33],[-83.48,45.77],[-83.64,45.77],[-83.46,46.01],[-83.61,46.12],[-83.96,46.06],[-84.1,46.22],[-84.16,46.43],[-84.11,46.53],[-84.57,46.46],[-84.77,46.63],[-84.88,46.9],[-88.38,48.31],[-89.36,47.98],[-89.92,47.99],[-90.12,48.12],[-90.75,48.08],[-90.87,48.23],[-91.28,48.06],[-91.57,48.05],[-92.07,48.35],[-92.28,48.33],[-92.37,48.22],[-92.49,48.43],[-92.72,48.46],[-92.65,48.54],[-92.98,48.62],[-93.76,48.52],[-93.87,48.64],[-94.59,48.73],[-94.71,48.81],[-94.84,49.31],[-95.16,49.37],[-95.18,48.99],[-122.75,48.99],[-122.91,49.09],[-123.09,48.99],[-123.14,49.06],[-123.04,49.15],[-123.21,49.13],[-123.14,49.2],[-123.25,49.27],[-122.96,49.28],[-122.86,49.44],[-122.94,49.33],[-123.27,49.34],[-123.17,49.71],[-123.26,49.59],[-123.5,49.51],[-123.53,49.39],[-123.89,49.48],[-124.06,49.63],[-123.94,49.74],[-123.78,49.51],[-123.76,49.61],[-123.53,49.71],[-123.79,49.64],[-123.93,49.76],[-123.88,49.9],[-123.95,49.99],[-123.75,50.09],[-123.83,50.16],[-123.99,50.22],[-123.81,50.1],[-123.99,50.01],[-123.94,49.83],[-124.0,49.81],[-124.04,49.92],[-124.08,49.81],[-124.28,49.75],[-124.51,49.8],[-124.83,50.05],[-124.68,49.99],[-124.71,50.1],[-124.6,50.24],[-124.71,50.33],[-124.41,50.45],[-124.36,50.51],[-124.83,50.32],[-124.95,50.33],[-125.01,50.43],[-125.0,50.36],[-125.08,50.32],[-125.06,50.48],[-124.87,50.58],[-124.82,50.73],[-124.91,50.79],[-124.81,50.93],[-124.99,50.81],[-124.9,50.74],[-124.91,50.63],[-125.13,50.44],[-125.36,50.54],[-125.58,50.47],[-125.45,50.72],[-125.7,50.44],[-125.79,50.53],[-126.01,50.47],[-126.28,50.52],[-125.96,50.65],[-126.28,50.63],[-125.71,50.68],[-125.61,50.78],[-125.65,50.85],[-125.51,50.94],[-125.64,51.1],[-125.54,50.94],[-125.68,50.87],[-125.65,50.78],[-125.77,50.71],[-126.19,50.67],[-126.03,50.8],[-126.18,50.78],[-126.18,50.87],[-126.55,50.84],[-126.5,50.92],[-126.22,50.91],[-126.17,50.94],[-126.46,50.95],[-126.51,51.08],[-126.54,50.94],[-126.67,50.88],[-127.17,50.94],[-126.92,50.87],[-127.04,50.82],[-127.53,51.0],[-127.48,51.11],[-127.78,51.17],[-127.74,51.26],[-127.22,51.29],[-127.13,51.34],[-127.12,51.4],[-127.28,51.3],[-127.78,51.33],[-127.55,51.47],[-127.49,51.62],[-126.68,51.65],[-126.6,51.71],[-126.67,51.8],[-126.7,51.67],[-127.42,51.67],[-127.35,51.87],[-127.49,51.7],[-127.65,51.7],[-127.47,51.66],[-127.66,51.51],[-127.8,51.53],[-127.87,51.67],[-127.85,51.92],[-127.67,51.96],[-127.64,52.08],[-127.55,52.14],[-127.47,52.12],[-127.58,52.09],[-127.62,52.03],[-127.43,52.09],[-127.45,52.18],[-127.17,52.32],[-127.0,52.3],[-126.67,51.99],[-126.94,52.31],[-126.75,52.39],[-127.14,52.35],[-127.22,52.46],[-127.23,52.52],[-126.93,52.71],[-126.97,52.83],[-127.08,52.89],[-126.99,52.71],[-127.62,52.3],[-127.76,52.28],[-127.74,52.35],[-127.87,52.22],[-127.93,52.32],[-127.85,52.37],[-127.89,52.52],[-127.9,52.39],[-128.02,52.35],[-128.05,52.49],[-127.88,52.58],[-128.09,52.51],[-128.3,52.28],[-128.39,52.3],[-128.23,52.46],[-128.13,52.87],[-128.03,52.92],[-128.14,52.93],[-128.25,52.8],[-128.44,52.83],[-128.56,53.13],[-128.48,53.15],[-128.85,53.28],[-128.83,53.49],[-128.92,53.46],[-128.97,53.56],[-128.79,53.57],[-128.49,53.34],[-128.51,53.41],[-128.35,53.48],[-128.13,53.45],[-128.1,53.34],[-127.98,53.34],[-128.11,53.49],[-128.37,53.5],[-128.53,53.43],[-128.81,53.62],[-128.78,53.8],[-128.47,53.84],[-128.69,53.9],[-128.6,54.03],[-128.93,53.78],[-128.91,53.84],[-129.01,53.9],[-128.97,53.78],[-129.06,53.81],[-129.03,53.75],[-129.23,53.63],[-129.29,53.39],[-130.1,53.95],[-130.05,54.16],[-129.96,54.17],[-129.71,53.95],[-129.93,54.19],[-130.12,54.16],[-130.18,54.2],[-130.28,54.21],[-130.19,54.26],[-130.25,54.41],[-130.35,54.33],[-130.48,54.37],[-130.38,54.46],[-130.43,54.63],[-130.05,54.34],[-129.96,54.32],[-130.08,54.39],[-129.98,54.52],[-130.1,54.43],[-130.37,54.66],[-130.23,54.71],[-130.01,54.62],[-129.88,54.62],[-130.2,54.73],[-130.05,54.89],[-130.17,54.84],[-130.02,54.97],[-129.99,54.92],[-129.64,54.99],[-130.0,55.02],[-129.64,55.44],[-129.54,55.44],[-129.48,55.48],[-129.65,55.46],[-129.71,55.42],[-129.82,55.62],[-129.79,55.36],[-130.12,55.01],[-130.17,55.09],[-129.95,55.29],[-130.13,55.74],[-129.96,55.92],[-130.02,55.91],[-130.07,56.08],[-130.4,56.12],[-130.47,56.22],[-130.76,56.35],[-131.56,56.59],[-131.83,56.59],[-131.87,56.79],[-132.11,56.86],[-132.03,57.03],[-132.34,57.08],[-132.23,57.2],[-133.42,58.33],[-133.39,58.4],[-133.83,58.72],[-134.22,58.84],[-134.69,59.24],[-134.96,59.28],[-135.1,59.42],[-135.03,59.57],[-135.48,59.79],[-136.26,59.62],[-136.35,59.59],[-136.26,59.56],[-136.28,59.49],[-136.47,59.46],[-136.47,59.29],[-136.57,59.17],[-136.84,59.15],[-137.49,58.9],[-137.61,59.24],[-138.6,59.75],[-138.7,59.9],[-139.18,60.07],[-139.08,60.34],[-139.68,60.33],[-139.97,60.19],[-140.45,60.29],[-140.53,60.22],[-140.99,60.3],[-141.01,69.65]],[[-84.41,66.81],[-84.24,66.84],[-84.58,66.98],[-84.37,66.97],[-84.91,67.06],[-84.88,66.99],[-84.64,66.98],[-85.21,66.92],[-85.13,66.84],[-84.91,66.9],[-84.97,66.93],[-84.6,66.94],[-84.75,66.9],[-84.32,66.78],[-84.41,66.81]],[[-62.09,56.84],[-62.59,56.8],[-62.5,56.78],[-62.09,56.84]],[[-127.95,53.27],[-127.87,53.23],[-127.98,53.34],[-127.95,53.27]],[[-129.61,54.18],[-129.49,54.25],[-129.93,54.19],[-129.61,54.18]]],[[[-96.59,68.25],[-96.4,68.32],[-96.62,68.19],[-96.59,68.25]]],[[[-127.71,51.46],[-127.76,51.49],[-127.66,51.51],[-127.71,51.46]]],[[[-136.21,69.18],[-136.01,69.09],[-136.12,69.08],[-136.22,69.11],[-136.21,69.18]]],[[[-135.27,69.35],[-135.31,69.31],[-135.57,69.39],[-135.27,69.35]]],[[[-135.71,69.51],[-135.6,69.45],[-135.84,69.48],[-135.71,69.51]]],[[[-139.14,69.54],[-139.34,69.57],[-139.11,69.65],[-138.87,69.59],[-139.14,69.54]]],[[[-133.9,69.63],[-133.81,69.61],[-134.02,69.58],[-133.9,69.63]]],[[[-135.55,69.57],[-135.59,69.59],[-135.4,69.65],[-135.55,69.57]]],[[[-128.24,70.6],[-128.34,70.54],[-128.23,70.66],[-128.12,70.58],[-128.24,70.6]]],[[[-123.34,48.65],[-123.28,48.6],[-123.3,48.6],[-123.34,48.65]]],[[[-123.26,48.74],[-123.32,48.81],[-123.29,48.81],[-123.18,48.74],[-123.26,48.74]]],[[[-123.22,48.83],[-123.04,48.78],[-123.16,48.76],[-123.22,48.83]]],[[[-123.55,48.76],[-123.6,48.95],[-123.37,48.77],[-123.48,48.71],[-123.55,48.76]]],[[[-123.32,48.87],[-123.53,48.94],[-123.7,49.11],[-123.32,48.87]]],[[[-123.84,49.15],[-123.87,49.19],[-123.7,49.15],[-123.84,49.15]]],[[[-126.01,49.16],[-126.02,49.21],[-125.94,49.19],[-126.01,49.16]]],[[[-125.9,49.23],[-125.79,49.21],[-125.8,49.14],[-125.9,49.23]]],[[[-126.23,49.38],[-126.13,49.4],[-126.05,49.27],[-126.19,49.27],[-126.23,49.38]]],[[[-123.38,49.4],[-123.32,49.41],[-123.36,49.34],[-123.43,49.36],[-123.38,49.4]]],[[[-124.37,49.52],[-124.17,49.45],[-124.19,49.45],[-124.37,49.52]]],[[[-123.32,49.46],[-123.45,49.45],[-123.45,49.51],[-123.32,49.46]]],[[[-124.68,49.55],[-124.59,49.52],[-124.62,49.52],[-124.68,49.55]]],[[[-124.83,49.6],[-124.69,49.48],[-124.75,49.49],[-124.83,49.6]]],[[[-123.55,48.31],[-123.65,48.31],[-125.11,48.74],[-125.19,48.8],[-124.85,49.02],[-124.78,49.15],[-124.81,49.25],[-124.89,49.01],[-125.24,48.96],[-125.34,49.04],[-125.49,48.92],[-125.87,49.09],[-125.75,49.15],[-125.77,49.37],[-125.84,49.27],[-126.03,49.27],[-125.95,49.32],[-125.91,49.44],[-126.01,49.32],[-126.06,49.45],[-126.25,49.45],[-126.3,49.36],[-126.45,49.47],[-126.53,49.38],[-126.56,49.59],[-126.09,49.67],[-126.45,49.67],[-126.41,49.78],[-126.47,49.79],[-126.57,49.71],[-126.65,49.9],[-126.84,49.97],[-126.84,49.89],[-126.92,49.97],[-126.94,49.87],[-127.14,49.87],[-127.24,49.96],[-127.09,50.11],[-127.1,50.15],[-127.19,50.1],[-127.29,50.15],[-127.28,50.06],[-127.36,50.03],[-127.47,50.09],[-127.46,50.19],[-127.9,50.11],[-127.75,50.24],[-127.97,50.34],[-127.93,50.46],[-127.59,50.49],[-127.45,50.38],[-127.56,50.52],[-127.42,50.6],[-127.88,50.63],[-127.59,50.54],[-128.06,50.45],[-128.32,50.61],[-128.28,50.67],[-128.42,50.77],[-127.88,50.87],[-126.86,50.53],[-125.45,50.33],[-125.18,49.92],[-124.88,49.72],[-124.98,49.67],[-124.79,49.47],[-124.16,49.31],[-124.11,49.28],[-124.18,49.26],[-123.98,49.24],[-123.93,49.14],[-123.81,49.12],[-123.75,49.03],[-123.84,49.0],[-123.58,48.82],[-123.57,48.75],[-123.65,48.75],[-123.53,48.68],[-123.54,48.54],[-123.42,48.69],[-123.28,48.45],[-123.45,48.43],[-123.55,48.31]]],[[[-124.35,49.7],[-124.12,49.5],[-124.44,49.61],[-124.66,49.75],[-124.65,49.8],[-124.35,49.7]]],[[[-124.02,49.78],[-124.19,49.68],[-124.21,49.71],[-124.02,49.78]]],[[[-126.97,49.74],[-126.86,49.78],[-126.98,49.83],[-126.69,49.86],[-126.62,49.63],[-126.81,49.63],[-126.97,49.74]]],[[[-124.89,50.07],[-125.01,50.02],[-125.06,50.12],[-125.01,50.23],[-124.89,50.07]]],[[[-125.35,50.24],[-125.26,50.29],[-125.17,50.21],[-125.23,50.12],[-125.16,49.99],[-125.35,50.24]]],[[[-124.82,50.27],[-124.82,50.21],[-124.76,50.16],[-124.83,50.12],[-124.84,50.2],[-124.93,50.2],[-124.92,50.3],[-124.82,50.27]]],[[[-124.69,50.17],[-124.72,50.29],[-124.81,50.24],[-124.75,50.3],[-124.69,50.29],[-124.69,50.17]]],[[[-125.29,50.44],[-125.17,50.39],[-125.05,50.21],[-125.14,50.13],[-125.14,50.23],[-125.21,50.32],[-125.4,50.31],[-125.29,50.44]]],[[[-125.45,50.35],[-125.54,50.38],[-125.34,50.45],[-125.45,50.35]]],[[[-125.55,50.44],[-125.5,50.41],[-125.64,50.38],[-125.78,50.39],[-125.55,50.44]]],[[[-125.81,50.48],[-125.74,50.43],[-125.82,50.41],[-125.97,50.44],[-125.81,50.48]]],[[[-126.45,50.52],[-126.62,50.53],[-126.32,50.6],[-126.27,50.55],[-126.45,50.52]]],[[[-126.67,50.59],[-126.52,50.58],[-126.61,50.55],[-126.67,50.59]]],[[[-126.56,50.6],[-126.36,50.62],[-126.43,50.59],[-126.56,50.6]]],[[[-127.15,50.64],[-126.89,50.67],[-126.83,50.63],[-127.15,50.64]]],[[[-126.27,50.83],[-126.18,50.75],[-126.29,50.65],[-126.62,50.67],[-126.27,50.83]]],[[[-126.64,50.85],[-126.56,50.8],[-126.91,50.82],[-126.64,50.85]]],[[[-114.3,67.9],[-113.93,67.88],[-114.24,67.88],[-114.3,67.9]]],[[[-113.34,67.94],[-113.25,67.92],[-113.6,67.91],[-113.34,67.94]]],[[[-113.16,67.92],[-112.76,67.96],[-112.94,67.92],[-113.16,67.92]]],[[[-112.75,68.17],[-112.72,68.16],[-112.91,68.14],[-112.75,68.17]]],[[[-111.68,68.23],[-111.78,68.26],[-111.71,68.3],[-111.5,68.3],[-111.68,68.23]]],[[[-113.84,68.61],[-113.76,68.6],[-113.97,68.6],[-113.84,68.61]]],[[[-114.47,68.89],[-114.33,68.89],[-114.38,68.87],[-114.47,68.89]]],[[[-125.12,70.13],[-125.1,70.14],[-125.05,70.13],[-125.12,70.13]]],[[[-125.08,70.16],[-124.96,70.17],[-125.1,70.14],[-125.08,70.16]]],[[[-113.06,70.31],[-112.95,70.29],[-113.21,70.3],[-113.06,70.31]]],[[[-111.67,70.31],[-112.11,70.3],[-112.32,70.36],[-111.67,70.31]]],[[[-116.61,70.49],[-116.57,70.47],[-116.75,70.48],[-116.83,70.51],[-116.61,70.49]]],[[[-116.3,70.55],[-116.13,70.54],[-116.3,70.52],[-116.48,70.51],[-116.3,70.55]]],[[[-116.61,70.57],[-116.51,70.55],[-116.78,70.55],[-116.61,70.57]]],[[[-115.86,70.58],[-115.82,70.57],[-116.06,70.55],[-115.86,70.58]]],[[[-116.92,70.57],[-116.88,70.55],[-117.3,70.57],[-116.92,70.57]]],[[[-117.44,69.99],[-117.39,70.03],[-116.03,70.22],[-114.18,70.32],[-112.55,70.2],[-112.14,70.28],[-112.26,70.31],[-111.94,70.26],[-111.45,70.29],[-111.98,70.38],[-112.17,70.5],[-113.99,70.72],[-115.56,70.58],[-116.23,70.64],[-117.59,70.61],[-118.42,70.99],[-117.8,71.17],[-115.73,71.39],[-116.19,71.44],[-115.74,71.51],[-115.42,71.45],[-115.06,71.52],[-115.82,71.55],[-117.39,71.39],[-117.38,71.45],[-117.56,71.5],[-117.63,71.46],[-117.48,71.42],[-117.55,71.37],[-118.16,71.38],[-118.31,71.47],[-117.67,71.56],[-117.97,71.62],[-117.7,71.67],[-118.43,71.58],[-118.46,71.65],[-118.83,71.66],[-118.89,71.58],[-119.05,71.63],[-119.13,71.75],[-119.08,71.92],[-118.68,72.14],[-118.11,72.25],[-118.17,72.34],[-118.59,72.43],[-118.19,72.64],[-117.37,72.92],[-114.58,73.38],[-114.27,73.34],[-113.96,73.14],[-114.06,72.89],[-113.98,72.81],[-114.34,72.76],[-114.25,72.69],[-114.6,72.61],[-114.55,72.57],[-113.51,72.7],[-113.73,72.61],[-113.66,72.61],[-113.44,72.69],[-113.44,72.75],[-113.6,72.78],[-113.39,72.91],[-113.02,73.02],[-111.22,72.72],[-111.29,72.57],[-111.89,72.37],[-111.66,72.36],[-111.75,72.21],[-111.42,72.35],[-111.59,72.38],[-111.3,72.47],[-111.21,72.46],[-111.38,72.35],[-111.03,72.29],[-111.09,72.41],[-110.79,72.48],[-110.84,72.52],[-110.7,72.58],[-110.49,72.56],[-110.6,72.5],[-110.33,72.43],[-110.53,72.5],[-110.35,72.56],[-110.06,72.44],[-109.78,72.44],[-110.26,72.56],[-109.79,72.5],[-110.06,72.65],[-110.29,72.68],[-109.77,72.72],[-110.25,72.74],[-110.17,72.79],[-110.53,72.85],[-110.74,73.0],[-109.62,72.92],[-109.75,72.88],[-108.95,72.67],[-109.05,72.57],[-108.63,72.57],[-108.59,72.5],[-108.66,72.36],[-108.54,72.15],[-108.4,72.15],[-108.42,71.99],[-108.29,71.98],[-108.34,71.94],[-108.19,71.96],[-108.29,71.88],[-108.29,71.8],[-108.17,71.75],[-108.25,71.72],[-107.83,71.61],[-107.72,71.63],[-107.83,71.68],[-107.8,71.73],[-107.25,71.81],[-107.47,71.87],[-107.25,71.9],[-107.78,72.14],[-107.86,72.3],[-107.72,72.3],[-107.87,72.43],[-107.79,72.46],[-107.99,72.52],[-107.88,72.57],[-108.01,72.62],[-107.96,72.64],[-108.08,72.76],[-108.14,72.98],[-108.23,73.04],[-108.16,73.05],[-108.3,73.13],[-108.16,73.21],[-107.87,73.19],[-108.12,73.27],[-108.16,73.31],[-108.01,73.31],[-108.09,73.35],[-107.07,73.18],[-107.01,73.2],[-107.13,73.24],[-107.01,73.31],[-106.5,73.23],[-106.23,73.09],[-105.83,73.05],[-105.32,72.74],[-105.51,72.78],[-105.29,72.65],[-105.32,72.56],[-105.2,72.48],[-105.31,72.46],[-104.97,72.19],[-105.02,72.07],[-104.37,71.58],[-104.41,71.51],[-104.28,71.35],[-104.49,71.35],[-104.44,71.25],[-104.65,71.12],[-104.59,71.07],[-104.2,70.96],[-104.0,70.76],[-103.57,70.61],[-102.93,70.5],[-103.13,70.58],[-103.16,70.66],[-103.09,70.68],[-102.86,70.6],[-102.85,70.52],[-102.19,70.33],[-101.59,70.28],[-101.65,70.2],[-101.53,70.11],[-101.02,70.19],[-100.87,69.81],[-100.96,69.66],[-101.29,69.67],[-101.43,69.77],[-101.46,69.91],[-101.67,69.65],[-102.22,69.92],[-102.34,69.77],[-102.4,69.82],[-102.67,69.77],[-102.49,69.69],[-102.51,69.56],[-102.78,69.54],[-103.49,69.69],[-103.51,69.62],[-103.22,69.56],[-103.13,69.44],[-103.09,69.52],[-103.02,69.48],[-103.02,69.28],[-103.21,69.2],[-103.2,69.12],[-102.84,69.38],[-102.28,69.5],[-101.94,69.42],[-102.17,69.35],[-102.04,69.29],[-102.22,69.23],[-102.09,69.18],[-101.93,69.26],[-101.76,69.16],[-101.85,68.99],[-102.41,68.95],[-102.52,68.87],[-102.75,68.9],[-102.71,68.84],[-102.97,68.8],[-104.1,68.86],[-104.26,68.95],[-104.59,68.86],[-105.12,68.9],[-105.28,68.95],[-104.92,69.08],[-106.41,69.19],[-106.27,69.29],[-106.32,69.4],[-106.58,69.5],[-106.75,69.38],[-106.96,69.36],[-106.94,69.22],[-107.33,69.03],[-108.54,68.95],[-108.56,68.88],[-109.03,68.73],[-110.38,68.58],[-110.57,68.62],[-110.98,68.55],[-111.04,68.56],[-110.85,68.6],[-111.42,68.58],[-111.21,68.55],[-111.25,68.52],[-113.24,68.45],[-113.3,68.49],[-113.04,68.49],[-113.35,68.59],[-113.67,68.82],[-113.62,68.85],[-113.67,68.91],[-113.57,68.97],[-113.64,69.03],[-113.55,69.04],[-113.69,69.19],[-113.54,69.19],[-114.25,69.28],[-115.97,69.3],[-116.53,69.41],[-116.63,69.46],[-116.56,69.5],[-116.6,69.56],[-116.91,69.59],[-116.86,69.65],[-117.24,69.76],[-117.44,69.99]]],[[[-126.0,71.98],[-125.91,71.96],[-125.95,71.96],[-126.0,71.98]]],[[[-119.16,72.63],[-119.34,72.35],[-119.81,72.22],[-120.25,72.26],[-120.16,72.13],[-120.43,71.96],[-120.38,71.69],[-120.64,71.49],[-121.42,71.38],[-121.7,71.47],[-122.8,71.09],[-123.26,71.13],[-123.67,71.49],[-124.06,71.7],[-125.25,71.96],[-124.96,71.97],[-125.88,71.96],[-125.74,72.02],[-125.75,72.15],[-125.57,72.18],[-125.68,72.23],[-125.49,72.28],[-125.44,72.42],[-124.95,72.57],[-125.1,72.63],[-124.95,72.7],[-125.02,72.7],[-124.98,72.76],[-125.11,72.87],[-124.48,72.93],[-124.86,73.09],[-124.64,73.17],[-124.4,73.37],[-124.43,73.43],[-124.07,73.54],[-124.07,73.65],[-123.77,73.77],[-124.21,73.88],[-124.47,74.07],[-124.55,74.27],[-124.76,74.35],[-121.58,74.56],[-120.16,74.28],[-119.52,74.23],[-119.66,74.23],[-119.82,74.1],[-119.77,74.04],[-119.48,74.23],[-119.14,74.21],[-119.07,74.09],[-119.19,73.99],[-118.95,74.02],[-118.81,74.1],[-118.88,74.18],[-118.73,74.22],[-118.07,74.28],[-117.42,74.23],[-115.62,73.67],[-115.32,73.51],[-119.16,72.63]]],[[[-110.31,74.81],[-110.67,74.79],[-110.59,74.73],[-111.66,74.5],[-113.22,74.4],[-113.69,74.44],[-114.44,74.68],[-113.97,74.81],[-113.22,74.85],[-113.33,74.88],[-112.8,74.99],[-111.59,75.01],[-110.92,75.23],[-111.24,75.27],[-111.62,75.16],[-111.56,75.15],[-112.35,75.12],[-112.47,75.15],[-112.34,75.23],[-112.59,75.18],[-112.6,75.25],[-112.68,75.28],[-112.74,75.21],[-112.7,75.14],[-112.86,75.11],[-113.14,75.15],[-113.21,75.09],[-113.89,75.06],[-113.96,75.07],[-113.93,75.14],[-113.65,75.19],[-113.94,75.18],[-113.81,75.32],[-113.78,75.34],[-113.6,75.37],[-113.32,75.42],[-113.87,75.37],[-114.07,75.47],[-114.05,75.37],[-114.2,75.23],[-114.51,75.32],[-114.62,75.28],[-114.3,75.18],[-114.44,75.07],[-115.06,74.97],[-115.2,75.0],[-115.17,75.1],[-115.26,75.18],[-115.41,75.1],[-115.67,75.15],[-115.54,75.04],[-115.72,74.97],[-116.26,75.06],[-116.04,75.13],[-116.34,75.12],[-116.26,75.21],[-116.77,75.12],[-117.69,75.26],[-117.2,75.48],[-116.04,75.48],[-115.0,75.7],[-116.12,75.58],[-117.25,75.61],[-116.89,75.79],[-114.83,75.88],[-116.2,75.87],[-116.74,75.94],[-116.46,75.98],[-116.7,76.04],[-116.63,76.12],[-116.16,76.2],[-114.67,76.16],[-115.93,76.29],[-115.85,76.32],[-115.91,76.35],[-115.51,76.46],[-114.87,76.52],[-114.16,76.46],[-114.09,76.39],[-114.18,76.36],[-113.96,76.19],[-112.99,76.27],[-112.43,76.17],[-112.53,76.12],[-111.73,75.92],[-112.23,75.81],[-111.46,75.84],[-111.6,75.81],[-111.37,75.73],[-111.41,75.62],[-111.25,75.52],[-110.51,75.57],[-108.91,75.48],[-109.03,75.55],[-108.86,75.56],[-108.83,75.62],[-108.94,75.68],[-108.83,75.69],[-110.05,75.9],[-109.3,76.04],[-109.39,76.07],[-109.32,76.12],[-110.38,76.3],[-110.33,76.34],[-110.4,76.4],[-109.77,76.5],[-109.71,76.53],[-109.85,76.54],[-109.33,76.79],[-108.78,76.86],[-108.65,76.81],[-108.69,76.77],[-108.45,76.73],[-108.73,76.64],[-108.54,76.56],[-108.63,76.52],[-108.48,76.46],[-108.62,76.42],[-108.08,76.29],[-108.23,76.25],[-108.12,76.21],[-108.38,76.17],[-108.46,76.1],[-108.38,76.09],[-108.5,76.04],[-107.89,76.07],[-107.64,75.99],[-108.03,75.79],[-107.72,75.89],[-107.08,75.9],[-107.11,75.84],[-106.96,75.79],[-107.03,75.77],[-106.88,75.65],[-106.88,75.77],[-106.61,75.8],[-106.89,75.84],[-106.87,75.97],[-106.34,76.06],[-105.61,75.94],[-105.47,75.86],[-105.39,75.66],[-105.75,75.49],[-105.59,75.47],[-105.94,75.21],[-105.84,75.18],[-106.07,75.1],[-106.01,75.06],[-107.23,74.92],[-107.69,74.98],[-107.77,75.1],[-107.77,75.03],[-107.99,75.01],[-107.95,74.97],[-108.02,74.95],[-107.94,74.94],[-108.42,74.92],[-108.81,74.99],[-108.51,74.98],[-108.82,75.07],[-109.58,74.86],[-110.38,74.84],[-110.31,74.81]]],[[[-117.94,75.73],[-118.27,75.62],[-118.2,75.6],[-118.61,75.5],[-119.41,75.6],[-118.62,75.92],[-118.17,75.97],[-117.8,76.11],[-117.46,76.09],[-117.94,75.73]]],[[[-121.06,75.74],[-121.29,75.76],[-121.02,75.82],[-121.0,75.93],[-120.88,75.94],[-121.06,75.74]]],[[[-119.72,76.34],[-119.56,76.17],[-119.7,76.16],[-119.55,76.12],[-119.81,76.12],[-119.52,76.05],[-119.49,75.97],[-120.39,75.81],[-120.49,75.85],[-120.39,75.97],[-120.68,76.01],[-120.73,76.06],[-120.65,76.1],[-120.75,76.1],[-120.66,76.14],[-120.86,76.2],[-121.01,76.14],[-120.95,75.96],[-121.12,76.0],[-121.3,75.91],[-121.85,76.05],[-122.43,75.93],[-122.73,75.98],[-122.48,76.1],[-122.7,76.12],[-122.49,76.14],[-122.61,76.17],[-123.04,76.09],[-122.4,76.4],[-121.51,76.45],[-121.19,76.69],[-120.37,76.81],[-120.43,76.87],[-119.16,77.32],[-117.85,77.39],[-117.96,77.37],[-117.04,77.29],[-117.18,77.35],[-116.81,77.32],[-116.65,77.39],[-117.15,77.46],[-116.41,77.56],[-115.39,77.31],[-116.4,77.14],[-115.73,76.95],[-116.37,76.93],[-116.04,76.83],[-115.89,76.7],[-116.32,76.58],[-117.01,76.55],[-117.08,76.52],[-116.93,76.36],[-117.14,76.29],[-117.57,76.27],[-118.06,76.41],[-117.91,76.53],[-117.98,76.6],[-117.92,76.69],[-117.74,76.78],[-117.82,76.82],[-118.5,76.72],[-118.31,76.55],[-118.95,76.52],[-118.57,76.35],[-118.9,76.28],[-118.89,76.18],[-119.08,76.09],[-119.29,76.13],[-119.5,76.36],[-119.72,76.34]]],[[[-113.73,76.88],[-113.45,76.77],[-113.67,76.7],[-114.88,76.77],[-114.19,76.89],[-113.73,76.88]]],[[[-110.13,77.78],[-110.04,77.64],[-110.24,77.5],[-112.11,77.33],[-113.2,77.53],[-113.24,77.58],[-113.09,77.62],[-113.25,77.67],[-113.19,77.74],[-113.32,77.81],[-113.14,77.92],[-111.28,78.09],[-109.58,78.05],[-109.79,77.95],[-110.9,77.85],[-110.75,77.78],[-110.13,77.78]]],[[[-114.52,77.76],[-115.12,77.96],[-114.33,78.08],[-114.26,77.99],[-113.58,77.82],[-114.16,77.71],[-114.62,77.76],[-114.52,77.76]]],[[[-111.29,78.38],[-111.24,78.34],[-111.43,78.27],[-111.78,78.27],[-112.18,78.38],[-113.06,78.27],[-113.34,78.34],[-112.68,78.5],[-111.82,78.55],[-110.74,78.76],[-109.89,78.68],[-109.26,78.48],[-109.42,78.31],[-110.33,78.29],[-111.29,78.38]]],[[[-107.95,66.86],[-107.81,67.02],[-107.82,66.92],[-107.95,66.86]]],[[[-108.05,66.91],[-108.11,67.04],[-107.94,66.95],[-108.05,66.91]]],[[[-107.61,67.21],[-107.32,67.1],[-107.52,67.08],[-107.61,67.21]]],[[[-108.05,67.45],[-107.88,67.47],[-107.91,67.32],[-108.15,67.41],[-108.04,67.39],[-108.05,67.45]]],[[[-108.46,67.57],[-108.29,67.55],[-108.38,67.47],[-108.48,67.51],[-108.46,67.57]]],[[[-108.08,67.47],[-108.14,67.53],[-108.07,67.56],[-108.11,67.68],[-107.95,67.58],[-108.08,67.47]]],[[[-97.54,67.63],[-97.56,67.69],[-97.34,67.73],[-97.54,67.63]]],[[[-109.21,67.79],[-109.07,67.81],[-109.04,67.79],[-109.21,67.79]]],[[[-111.08,67.86],[-111.09,67.87],[-110.81,67.96],[-111.08,67.86]]],[[[-108.18,67.96],[-108.05,67.95],[-108.09,67.88],[-108.26,67.89],[-108.18,67.96]]],[[[-108.94,67.97],[-108.87,67.9],[-108.94,67.88],[-109.16,67.98],[-108.94,67.97]]],[[[-99.08,68.06],[-98.97,68.07],[-98.93,68.0],[-99.08,68.06]]],[[[-109.45,68.1],[-109.31,68.01],[-109.38,67.99],[-109.55,68.06],[-109.45,68.1]]],[[[-110.08,68.06],[-110.26,68.04],[-109.88,68.13],[-110.08,68.06]]],[[[-109.78,68.14],[-109.86,68.16],[-109.57,68.25],[-109.78,68.14]]],[[[-100.23,68.32],[-100.08,68.36],[-100.09,68.29],[-100.23,68.32]]],[[[-105.09,68.55],[-104.68,68.58],[-104.43,68.44],[-104.77,68.42],[-105.09,68.55]]],[[[-110.84,68.55],[-110.7,68.49],[-110.9,68.47],[-111.1,68.48],[-110.84,68.55]]],[[[-110.63,68.58],[-110.52,68.55],[-110.68,68.53],[-110.75,68.57],[-110.63,68.58]]],[[[-101.82,68.65],[-101.87,68.57],[-102.35,68.69],[-101.98,68.83],[-101.71,68.79],[-101.72,68.64],[-101.82,68.65]]],[[[-100.62,68.77],[-100.63,69.0],[-100.4,69.03],[-100.12,68.91],[-100.35,68.74],[-100.62,68.77]]],[[[-100.2,68.98],[-100.25,69.07],[-100.14,69.15],[-100.05,69.11],[-99.99,69.03],[-100.03,68.94],[-100.2,68.98]]],[[[-101.7,69.1],[-101.61,69.15],[-101.69,69.21],[-101.5,69.18],[-101.7,69.1]]],[[[-95.53,68.68],[-95.6,68.76],[-95.8,68.74],[-95.84,68.62],[-96.52,68.45],[-97.1,68.59],[-97.16,68.52],[-97.46,68.54],[-97.79,68.66],[-98.12,68.67],[-98.36,68.86],[-98.52,68.75],[-98.86,68.83],[-98.82,68.93],[-98.97,68.95],[-99.19,68.83],[-99.6,69.03],[-99.46,69.13],[-99.01,69.14],[-98.71,69.2],[-98.65,69.3],[-98.41,69.31],[-98.61,69.45],[-98.42,69.48],[-98.59,69.52],[-98.55,69.59],[-98.02,69.43],[-98.37,69.61],[-98.28,69.76],[-97.93,69.9],[-97.34,69.71],[-97.49,69.67],[-97.39,69.6],[-97.28,69.7],[-96.89,69.5],[-96.22,69.31],[-96.23,69.05],[-96.12,69.03],[-96.15,69.16],[-96.05,69.23],[-95.83,68.88],[-95.21,68.85],[-95.53,68.68]]],[[[-101.24,69.37],[-101.3,69.45],[-101.19,69.48],[-101.38,69.54],[-101.17,69.57],[-100.96,69.47],[-101.24,69.37]]],[[[-102.12,69.67],[-102.24,69.68],[-102.23,69.73],[-102.12,69.67]]],[[[-97.23,69.88],[-97.49,69.93],[-97.43,69.97],[-97.23,69.88]]],[[[-100.87,70.3],[-100.85,70.33],[-100.74,70.31],[-100.79,70.26],[-100.87,70.3]]],[[[-100.19,70.58],[-100.39,70.59],[-100.23,70.46],[-100.66,70.55],[-100.71,70.68],[-100.19,70.58]]],[[[-110.47,72.57],[-110.6,72.6],[-110.55,72.6],[-110.47,72.57]]],[[[-96.88,72.33],[-96.53,72.24],[-96.5,72.09],[-96.87,72.05],[-96.49,72.03],[-96.54,71.95],[-96.77,71.92],[-96.5,71.93],[-96.59,71.82],[-96.74,71.8],[-96.68,71.84],[-96.74,71.85],[-97.21,71.67],[-97.69,71.62],[-98.25,71.67],[-98.36,71.73],[-98.21,71.88],[-98.3,71.9],[-98.5,71.72],[-98.04,71.53],[-98.22,71.41],[-98.73,71.27],[-98.97,71.38],[-99.24,71.35],[-99.39,71.59],[-100.64,72.19],[-100.97,72.18],[-101.22,72.33],[-101.45,72.24],[-101.78,72.31],[-101.89,72.4],[-101.78,72.4],[-101.92,72.41],[-101.93,72.49],[-102.61,72.66],[-102.76,72.81],[-102.48,73.04],[-101.95,73.09],[-101.76,73.02],[-101.73,72.97],[-101.82,72.97],[-101.74,72.93],[-101.54,72.92],[-101.6,72.91],[-101.47,72.81],[-101.28,72.78],[-101.41,72.75],[-101.33,72.72],[-100.45,72.74],[-100.32,72.81],[-100.45,72.92],[-100.39,72.95],[-100.5,72.96],[-100.47,73.02],[-100.31,73.03],[-100.42,72.98],[-100.27,72.96],[-100.3,72.87],[-100.04,72.94],[-100.18,72.99],[-100.11,73.0],[-100.23,73.05],[-100.17,73.08],[-100.32,73.1],[-100.23,73.13],[-100.53,73.09],[-100.61,73.15],[-100.47,73.2],[-100.56,73.23],[-100.35,73.29],[-100.04,73.19],[-99.77,73.21],[-100.05,73.25],[-100.36,73.4],[-100.41,73.37],[-100.34,73.33],[-100.86,73.26],[-101.63,73.49],[-101.23,73.61],[-100.92,73.6],[-100.42,73.42],[-100.6,73.5],[-100.55,73.6],[-100.87,73.62],[-100.86,73.67],[-101.12,73.72],[-100.89,73.83],[-100.41,73.84],[-100.02,73.74],[-99.85,73.89],[-100.3,73.86],[-99.8,73.94],[-99.79,73.87],[-99.18,73.69],[-99.13,73.75],[-98.1,73.82],[-97.77,73.92],[-97.84,73.87],[-97.19,73.85],[-96.94,73.69],[-97.22,73.56],[-97.64,73.54],[-97.63,73.46],[-97.22,73.48],[-97.16,73.45],[-97.25,73.44],[-97.15,73.4],[-97.73,73.31],[-98.49,73.02],[-98.45,72.87],[-97.99,73.04],[-97.26,72.96],[-97.27,72.88],[-97.42,72.86],[-97.03,72.73],[-97.19,72.62],[-96.54,72.75],[-96.59,72.7],[-96.45,72.64],[-96.31,72.44],[-96.88,72.33]]],[[[-110.35,72.61],[-110.49,72.62],[-110.47,72.63],[-110.35,72.61]]],[[[-110.34,72.63],[-110.41,72.64],[-110.28,72.65],[-110.34,72.63]]],[[[-96.69,72.89],[-96.73,72.83],[-96.65,72.78],[-96.77,72.72],[-97.01,72.78],[-96.69,72.89]]],[[[-96.77,73.12],[-96.65,73.14],[-96.57,73.05],[-96.71,72.94],[-96.97,72.93],[-97.14,73.06],[-97.04,73.16],[-96.73,73.16],[-96.77,73.12]]],[[[-104.57,73.33],[-104.76,73.17],[-105.02,73.01],[-105.36,72.95],[-105.2,72.87],[-105.28,72.85],[-105.89,73.16],[-106.11,73.2],[-106.05,73.22],[-106.2,73.29],[-106.12,73.29],[-107.04,73.48],[-106.6,73.71],[-105.38,73.77],[-104.56,73.6],[-104.49,73.53],[-104.57,73.33]]],[[[-107.99,73.55],[-108.09,73.59],[-107.58,73.6],[-107.99,73.55]]],[[[-98.17,74.1],[-97.64,74.07],[-98.14,73.88],[-98.76,73.82],[-99.44,73.91],[-98.17,74.1]]],[[[-97.46,74.63],[-97.26,74.6],[-97.64,74.46],[-97.79,74.49],[-97.46,74.63]]],[[[-104.93,75.14],[-104.69,75.27],[-104.77,75.28],[-104.7,75.33],[-104.4,75.43],[-103.82,75.37],[-103.75,75.24],[-103.59,75.18],[-104.26,75.02],[-104.93,75.14]]],[[[-97.76,75.57],[-97.86,75.55],[-97.77,75.46],[-97.92,75.52],[-98.04,75.48],[-97.77,75.42],[-98.04,75.42],[-97.88,75.37],[-98.12,75.37],[-98.12,75.3],[-97.93,75.34],[-98.0,75.28],[-97.9,75.31],[-97.73,75.21],[-97.8,75.2],[-97.57,75.15],[-97.81,75.11],[-98.1,75.23],[-98.15,75.17],[-97.97,75.11],[-97.98,75.01],[-98.75,74.99],[-98.9,75.07],[-98.95,75.01],[-99.41,75.0],[-99.31,75.13],[-99.5,75.03],[-99.43,74.99],[-99.65,74.98],[-100.37,75.02],[-100.4,75.16],[-100.55,75.21],[-99.99,75.24],[-100.78,75.36],[-100.43,75.38],[-100.72,75.44],[-100.04,75.46],[-100.31,75.48],[-100.04,75.48],[-99.95,75.5],[-100.28,75.53],[-99.67,75.62],[-99.86,75.62],[-99.82,75.66],[-98.89,75.7],[-101.45,75.61],[-102.63,75.5],[-102.88,75.62],[-102.63,75.62],[-102.69,75.68],[-102.56,75.73],[-102.25,75.72],[-102.11,75.7],[-102.01,75.7],[-102.24,75.75],[-102.12,75.8],[-102.37,75.81],[-102.26,75.87],[-101.83,75.91],[-101.28,75.75],[-100.91,75.81],[-101.36,75.78],[-101.37,75.85],[-101.55,75.87],[-101.59,75.92],[-101.3,76.02],[-101.71,75.99],[-101.9,76.11],[-101.39,76.25],[-102.17,76.24],[-102.06,76.28],[-102.19,76.29],[-101.95,76.37],[-102.04,76.41],[-101.32,76.41],[-101.06,76.33],[-101.13,76.25],[-100.63,76.12],[-100.74,76.1],[-100.42,76.12],[-100.63,76.08],[-100.35,76.07],[-99.95,75.88],[-99.44,75.97],[-99.86,75.94],[-100.22,76.14],[-99.68,76.12],[-99.42,76.16],[-100.48,76.23],[-100.08,76.27],[-100.18,76.32],[-100.06,76.29],[-99.84,76.29],[-100.14,76.38],[-100.68,76.38],[-100.99,76.51],[-100.33,76.64],[-99.64,76.64],[-99.55,76.61],[-99.69,76.6],[-99.16,76.51],[-99.26,76.47],[-99.07,76.4],[-99.14,76.46],[-98.85,76.44],[-99.06,76.54],[-99.03,76.6],[-98.75,76.58],[-98.49,76.66],[-98.86,76.68],[-98.46,76.68],[-98.15,76.59],[-98.37,76.57],[-97.67,76.49],[-97.79,76.32],[-97.51,76.19],[-97.65,75.98],[-97.57,75.87],[-97.94,75.75],[-97.38,75.68],[-97.41,75.47],[-97.28,75.4],[-97.76,75.57]]],[[[-102.49,75.97],[-101.98,75.95],[-102.39,75.89],[-102.6,75.77],[-103.39,75.77],[-102.49,75.97]]],[[[-103.11,76.05],[-102.32,76.04],[-103.69,75.89],[-103.97,75.94],[-103.11,76.05]]],[[[-104.48,76.15],[-104.31,76.21],[-102.73,76.32],[-102.54,76.23],[-102.59,76.18],[-102.53,76.16],[-103.24,76.05],[-104.39,76.08],[-104.48,76.15]]],[[[-104.68,76.6],[-104.02,76.67],[-103.92,76.64],[-104.06,76.57],[-103.8,76.62],[-103.01,76.42],[-103.34,76.33],[-104.38,76.32],[-104.33,76.37],[-104.46,76.4],[-104.4,76.47],[-104.68,76.6]]],[[[-100.63,76.76],[-100.25,76.74],[-101.34,76.56],[-101.69,76.59],[-100.63,76.76]]],[[[-105.4,77.22],[-105.32,77.23],[-105.66,77.38],[-105.77,77.47],[-105.68,77.52],[-105.86,77.55],[-105.84,77.62],[-106.09,77.73],[-105.5,77.72],[-105.0,77.54],[-104.95,77.49],[-105.02,77.41],[-104.75,77.42],[-104.37,77.23],[-104.45,77.15],[-104.75,77.11],[-105.4,77.22]]],[[[-102.4,77.89],[-101.73,77.91],[-100.93,77.74],[-102.18,77.7],[-102.45,77.73],[-102.5,77.81],[-102.4,77.89]]],[[[-103.09,78.12],[-103.28,78.16],[-103.02,78.27],[-102.8,78.26],[-102.8,78.2],[-103.09,78.12]]],[[[-105.41,79.33],[-103.72,79.36],[-103.12,79.29],[-102.62,79.1],[-102.78,78.95],[-102.57,78.95],[-102.6,78.88],[-102.4,78.93],[-102.42,79.01],[-101.65,79.08],[-100.99,78.93],[-101.19,78.81],[-100.35,78.82],[-99.89,78.7],[-100.06,78.64],[-99.56,78.6],[-99.87,78.44],[-99.75,78.38],[-99.8,78.31],[-99.53,78.29],[-98.95,78.07],[-99.1,77.97],[-99.03,77.88],[-99.94,77.78],[-100.61,77.86],[-100.83,78.02],[-100.76,78.08],[-101.06,78.21],[-102.16,78.29],[-102.59,78.24],[-102.8,78.29],[-102.67,78.36],[-102.74,78.38],[-103.95,78.24],[-104.47,78.27],[-105.05,78.5],[-104.64,78.58],[-103.54,78.5],[-103.38,78.59],[-104.04,78.63],[-103.32,78.74],[-103.82,78.74],[-103.72,78.81],[-104.19,78.78],[-103.83,78.9],[-104.25,79.0],[-104.78,78.81],[-105.01,78.81],[-104.68,79.01],[-105.59,79.04],[-105.63,79.17],[-105.41,79.33]]],[[[-99.78,80.15],[-99.06,80.13],[-98.71,79.97],[-98.78,79.9],[-98.65,79.79],[-98.84,79.67],[-99.33,79.77],[-99.31,79.85],[-99.58,79.9],[-100.07,79.88],[-100.18,79.91],[-100.19,80.03],[-99.78,80.15]]],[[[-81.03,52.75],[-82.06,53.02],[-81.86,53.19],[-81.12,53.2],[-80.77,52.93],[-80.67,52.74],[-81.03,52.75]]],[[[-81.11,54.34],[-81.1,54.37],[-81.09,54.35],[-81.11,54.34]]],[[[-80.55,59.09],[-80.58,59.1],[-80.55,59.11],[-80.55,59.09]]],[[[-80.54,59.69],[-80.51,59.69],[-80.55,59.65],[-80.54,59.69]]],[[[-93.22,61.91],[-92.96,61.89],[-93.06,61.83],[-93.22,61.91]]],[[[-92.84,61.93],[-92.87,61.94],[-92.8,61.95],[-92.84,61.93]]],[[[-92.7,62.07],[-92.64,62.04],[-92.65,62.03],[-92.7,62.07]]],[[[-92.28,62.39],[-92.34,62.42],[-92.14,62.4],[-92.35,62.36],[-92.28,62.39]]],[[[-92.54,62.38],[-92.6,62.4],[-92.53,62.43],[-92.42,62.4],[-92.54,62.38]]],[[[-81.96,62.7],[-83.07,62.19],[-83.28,62.25],[-83.71,62.14],[-83.72,62.29],[-83.94,62.42],[-83.57,62.68],[-83.52,62.83],[-83.3,62.93],[-83.06,62.84],[-82.26,63.0],[-81.86,62.92],[-81.96,62.7]]],[[[-91.59,62.65],[-91.58,62.62],[-91.69,62.67],[-91.59,62.65]]],[[[-91.25,62.7],[-90.98,62.66],[-91.15,62.66],[-91.25,62.7]]],[[[-90.76,63.5],[-90.6,63.47],[-90.64,63.44],[-90.76,63.5]]],[[[-90.76,63.55],[-90.67,63.52],[-90.81,63.5],[-90.97,63.55],[-90.76,63.55]]],[[[-91.54,63.62],[-91.3,63.57],[-91.4,63.55],[-91.54,63.62]]],[[[-92.97,63.87],[-93.09,63.91],[-93.0,63.91],[-92.97,63.87]]],[[[-81.52,64.2],[-81.54,64.22],[-81.39,64.23],[-81.52,64.2]]],[[[-81.02,63.45],[-82.07,63.69],[-82.36,63.66],[-82.55,63.74],[-82.38,63.83],[-82.39,63.92],[-83.13,63.98],[-82.97,64.14],[-83.08,64.19],[-83.54,64.11],[-83.69,64.01],[-83.6,63.93],[-83.63,63.77],[-84.09,63.61],[-84.28,63.63],[-84.59,63.32],[-85.46,63.12],[-85.64,63.25],[-85.59,63.61],[-85.71,63.77],[-86.21,63.65],[-86.63,63.66],[-86.87,63.56],[-87.12,63.56],[-87.22,63.66],[-86.9,63.93],[-86.19,64.1],[-86.36,64.31],[-86.42,64.6],[-86.17,64.83],[-86.23,65.0],[-86.14,65.11],[-86.17,65.29],[-86.1,65.36],[-86.15,65.4],[-85.94,65.76],[-85.49,65.92],[-85.49,65.8],[-85.17,65.79],[-85.05,65.61],[-85.32,65.54],[-85.01,65.42],[-84.93,65.22],[-84.82,65.22],[-84.55,65.49],[-84.16,65.35],[-84.23,65.27],[-84.1,65.21],[-83.43,65.14],[-83.21,64.95],[-82.1,64.69],[-81.77,64.51],[-81.77,64.31],[-81.59,64.19],[-81.99,64.0],[-81.46,64.04],[-81.4,64.1],[-80.93,63.99],[-80.98,64.07],[-80.89,64.12],[-80.5,63.92],[-80.67,63.89],[-80.17,63.77],[-81.02,63.45]]],[[[-88.43,65.49],[-88.37,65.46],[-88.49,65.47],[-88.43,65.49]]],[[[-84.59,65.69],[-84.69,65.56],[-85.11,65.76],[-85.19,65.95],[-85.06,66.03],[-84.59,65.69]]],[[[-83.5,65.81],[-83.58,65.86],[-83.37,65.87],[-83.29,65.84],[-83.5,65.81]]],[[[-84.02,66.09],[-83.74,65.96],[-83.68,65.88],[-83.8,65.82],[-83.53,65.71],[-83.21,65.71],[-83.37,65.62],[-83.62,65.66],[-83.58,65.71],[-83.84,65.65],[-83.69,65.76],[-84.14,65.77],[-84.12,65.91],[-84.47,66.08],[-84.46,66.15],[-84.02,66.09]]],[[[-83.56,66.05],[-83.62,66.04],[-83.6,66.07],[-83.56,66.05]]],[[[-85.02,66.08],[-85.0,66.06],[-85.09,66.05],[-85.02,66.08]]],[[[-83.65,66.12],[-83.57,66.11],[-83.65,66.07],[-83.65,66.12]]],[[[-83.05,66.26],[-82.9,66.27],[-83.04,66.19],[-83.29,66.27],[-83.27,66.34],[-83.05,66.26]]],[[[-85.96,66.44],[-85.98,66.46],[-85.96,66.46],[-85.96,66.44]]],[[[-86.41,67.84],[-86.6,67.73],[-86.89,67.82],[-86.95,67.92],[-86.85,68.02],[-86.99,68.08],[-86.66,68.31],[-86.41,68.21],[-86.41,67.84]]],[[[-82.18,68.39],[-82.0,68.35],[-82.35,68.37],[-82.18,68.39]]],[[[-90.25,69.08],[-90.26,69.15],[-90.15,69.14],[-90.15,69.05],[-90.25,69.08]]],[[[-90.69,69.23],[-90.66,69.35],[-90.58,69.36],[-90.46,69.26],[-90.69,69.23]]],[[[-90.78,69.28],[-90.77,69.35],[-90.66,69.35],[-90.78,69.28]]],[[[-90.51,69.37],[-90.2,69.45],[-90.15,69.37],[-90.33,69.24],[-90.51,69.37]]],[[[-81.9,69.39],[-81.55,69.42],[-81.49,69.35],[-81.9,69.39]]],[[[-96.17,69.57],[-96.1,69.47],[-96.14,69.35],[-96.23,69.36],[-96.74,69.59],[-96.17,69.57]]],[[[-95.78,69.64],[-95.37,69.5],[-95.41,69.39],[-95.71,69.32],[-95.69,69.54],[-95.84,69.56],[-95.78,69.47],[-95.88,69.34],[-95.99,69.36],[-95.99,69.5],[-95.78,69.64]]],[[[-83.7,69.72],[-83.92,69.79],[-83.86,69.83],[-83.55,69.78],[-83.7,69.72]]],[[[-82.56,69.74],[-82.85,69.79],[-82.65,69.83],[-82.51,69.79],[-82.56,69.74]]],[[[-91.74,69.8],[-91.41,69.88],[-91.53,69.73],[-91.74,69.8]]],[[[-91.8,69.88],[-91.64,69.86],[-91.67,69.85],[-91.85,69.83],[-91.8,69.88]]],[[[-87.38,70.11],[-87.12,70.16],[-86.6,70.11],[-86.46,70.02],[-87.08,69.99],[-87.38,70.11]]],[[[-95.49,71.74],[-95.36,71.79],[-95.45,71.83],[-95.26,71.83],[-95.41,71.73],[-95.49,71.74]]],[[[-95.86,72.86],[-95.71,72.83],[-95.75,72.8],[-95.86,72.86]]],[[[-90.79,73.56],[-90.98,73.56],[-90.92,73.5],[-91.26,73.27],[-91.63,73.23],[-91.38,73.2],[-92.1,72.75],[-92.38,72.71],[-93.3,72.82],[-94.32,72.77],[-93.79,72.74],[-93.82,72.65],[-93.46,72.46],[-94.23,72.03],[-94.03,72.07],[-94.06,71.98],[-94.34,72.03],[-95.21,71.99],[-95.09,72.1],[-95.2,72.11],[-94.79,72.16],[-95.18,72.15],[-95.16,72.35],[-95.24,72.44],[-95.14,72.46],[-95.36,72.64],[-95.59,72.7],[-95.51,72.74],[-95.67,72.8],[-95.62,72.93],[-95.72,73.0],[-95.65,73.12],[-95.51,73.13],[-95.58,73.16],[-95.65,73.33],[-95.6,73.39],[-95.69,73.46],[-95.64,73.53],[-95.7,73.56],[-95.54,73.58],[-95.72,73.69],[-95.41,73.78],[-94.62,73.66],[-95.12,73.81],[-94.96,73.84],[-95.16,73.83],[-95.33,73.92],[-95.25,74.01],[-94.72,74.1],[-93.92,74.14],[-93.76,74.08],[-93.73,74.16],[-93.27,74.18],[-92.43,74.06],[-92.27,73.99],[-92.33,73.94],[-91.57,74.03],[-90.2,73.9],[-90.79,73.56]]],[[[-95.49,74.63],[-95.26,74.52],[-95.87,74.58],[-95.49,74.63]]],[[[-93.57,74.75],[-93.46,74.72],[-93.61,74.65],[-94.72,74.63],[-95.31,74.81],[-95.51,74.74],[-95.51,74.81],[-95.9,74.83],[-96.14,74.94],[-96.03,74.95],[-96.14,74.96],[-96.06,75.02],[-96.27,74.91],[-96.4,74.94],[-96.33,75.0],[-96.62,74.99],[-96.47,75.19],[-95.99,75.25],[-96.09,75.26],[-95.9,75.29],[-96.17,75.31],[-95.78,75.38],[-96.16,75.41],[-95.7,75.4],[-95.84,75.47],[-94.9,75.64],[-94.39,75.6],[-93.65,75.33],[-93.8,75.31],[-93.5,75.27],[-93.58,75.21],[-93.46,75.14],[-93.49,75.07],[-93.64,75.04],[-93.43,74.97],[-93.46,74.75],[-93.57,74.75]]],[[[-97.05,75.5],[-96.44,75.59],[-96.38,75.66],[-95.91,75.56],[-96.21,75.46],[-96.42,75.58],[-96.55,75.52],[-96.5,75.46],[-96.84,75.36],[-97.05,75.5]]],[[[-80.31,74.94],[-80.41,74.9],[-80.1,74.83],[-80.25,74.76],[-80.13,74.72],[-80.2,74.7],[-80.16,74.64],[-80.22,74.59],[-81.12,74.58],[-81.79,74.46],[-82.42,74.52],[-82.42,74.57],[-82.61,74.51],[-82.92,74.55],[-83.12,74.67],[-83.08,74.82],[-83.49,74.91],[-83.56,74.89],[-83.32,74.76],[-83.49,74.58],[-84.26,74.51],[-84.91,74.51],[-85.01,74.7],[-85.08,74.64],[-85.04,74.54],[-85.18,74.49],[-85.36,74.51],[-85.53,74.69],[-85.48,74.55],[-85.6,74.5],[-86.12,74.48],[-86.08,74.55],[-86.18,74.62],[-86.38,74.49],[-86.8,74.62],[-86.8,74.55],[-86.6,74.47],[-87.37,74.53],[-87.64,74.46],[-87.76,74.52],[-88.52,74.5],[-88.56,74.57],[-88.43,74.77],[-88.3,74.78],[-88.49,74.79],[-88.45,74.83],[-88.54,74.9],[-88.85,74.66],[-88.92,74.79],[-89.1,74.84],[-89.01,74.79],[-89.06,74.72],[-89.27,74.76],[-89.1,74.69],[-89.15,74.61],[-89.43,74.55],[-89.92,74.53],[-90.37,74.6],[-90.31,74.63],[-90.56,74.61],[-90.73,74.66],[-90.72,74.74],[-91.02,74.7],[-90.76,74.83],[-90.79,74.89],[-91.23,74.74],[-91.1,74.63],[-91.29,74.64],[-91.33,74.72],[-91.37,74.65],[-91.51,74.64],[-92.06,74.8],[-92.01,74.91],[-92.23,75.07],[-92.01,75.1],[-92.11,75.14],[-92.06,75.15],[-92.5,75.22],[-92.33,75.38],[-92.46,75.38],[-92.38,75.46],[-92.0,75.6],[-92.18,75.75],[-92.13,75.87],[-92.62,76.01],[-92.67,76.14],[-93.06,76.35],[-93.77,76.29],[-93.63,76.26],[-93.7,76.25],[-94.75,76.31],[-95.06,76.23],[-95.39,76.24],[-95.36,76.31],[-94.8,76.33],[-95.82,76.4],[-96.11,76.5],[-95.76,76.53],[-95.59,76.61],[-96.03,76.55],[-96.97,76.74],[-96.87,76.81],[-96.66,76.75],[-96.31,76.76],[-96.82,76.87],[-96.85,76.93],[-96.66,76.95],[-96.82,76.98],[-96.47,76.96],[-96.25,77.01],[-96.39,77.03],[-95.77,77.08],[-94.23,76.89],[-93.7,76.92],[-93.2,76.75],[-93.18,76.68],[-93.3,76.55],[-93.66,76.45],[-93.56,76.4],[-93.08,76.63],[-92.37,76.6],[-91.44,76.69],[-90.92,76.64],[-90.47,76.49],[-91.57,76.5],[-89.19,76.25],[-89.38,76.18],[-90.46,76.18],[-90.09,76.12],[-91.61,76.27],[-91.26,76.2],[-91.41,76.15],[-90.67,76.12],[-90.87,76.07],[-90.19,76.07],[-91.16,76.02],[-90.94,76.01],[-91.07,75.99],[-90.95,75.94],[-91.15,75.9],[-91.13,75.84],[-90.8,76.0],[-90.43,75.97],[-90.52,75.9],[-89.96,76.02],[-89.69,75.9],[-89.78,75.79],[-89.51,75.86],[-89.16,75.77],[-89.26,75.64],[-89.76,75.58],[-89.21,75.59],[-88.92,75.43],[-88.76,75.44],[-88.9,75.61],[-88.72,75.69],[-88.22,75.54],[-88.3,75.5],[-88.23,75.47],[-87.75,75.58],[-87.5,75.49],[-87.61,75.45],[-87.47,75.46],[-87.42,75.5],[-87.51,75.56],[-87.27,75.62],[-86.36,75.43],[-86.62,75.37],[-85.52,75.4],[-86.15,75.51],[-85.53,75.6],[-85.32,75.57],[-85.04,75.66],[-84.58,75.62],[-84.5,75.64],[-84.66,75.69],[-83.92,75.81],[-84.0,75.83],[-83.12,75.74],[-82.33,75.84],[-81.11,75.78],[-81.29,75.66],[-80.5,75.66],[-79.95,75.54],[-80.38,75.47],[-79.65,75.47],[-79.57,75.45],[-79.68,75.44],[-79.49,75.38],[-79.61,75.3],[-79.44,75.29],[-79.52,75.23],[-80.44,75.04],[-80.18,74.99],[-80.25,74.95],[-79.59,75.02],[-79.33,74.9],[-79.91,74.81],[-80.31,74.94]]],[[[-94.29,75.78],[-94.66,75.75],[-94.79,75.78],[-94.91,75.94],[-94.53,76.0],[-94.29,75.78]]],[[[-81.33,76.15],[-81.47,76.16],[-81.31,76.2],[-81.2,76.18],[-81.33,76.15]]],[[[-89.41,76.44],[-89.63,76.45],[-89.52,76.48],[-89.41,76.44]]],[[[-84.01,76.5],[-83.91,76.47],[-84.12,76.45],[-84.14,76.51],[-84.01,76.5]]],[[[-89.82,76.55],[-89.67,76.51],[-90.16,76.51],[-90.59,76.75],[-89.98,76.84],[-89.67,76.73],[-89.85,76.64],[-89.82,76.55]]],[[[-91.18,77.39],[-91.21,77.58],[-90.88,77.66],[-90.3,77.63],[-89.78,77.49],[-89.64,77.34],[-90.36,77.2],[-91.18,77.39]]],[[[-85.02,77.58],[-84.82,77.5],[-85.16,77.46],[-85.15,77.51],[-85.53,77.55],[-85.02,77.58]]],[[[-93.58,77.44],[-95.99,77.48],[-96.33,77.61],[-96.24,77.71],[-95.51,77.81],[-95.36,77.74],[-93.61,77.78],[-93.1,77.66],[-93.48,77.55],[-93.58,77.44]]],[[[-97.12,77.88],[-96.99,77.92],[-97.77,78.04],[-96.87,78.14],[-97.92,78.22],[-97.77,78.25],[-98.41,78.49],[-98.02,78.55],[-98.32,78.65],[-98.36,78.77],[-97.45,78.8],[-96.16,78.62],[-96.27,78.54],[-95.46,78.51],[-94.83,78.36],[-95.4,78.23],[-94.89,78.11],[-95.06,77.97],[-96.5,77.91],[-96.86,77.79],[-97.12,77.88]]],[[[-88.41,78.28],[-88.2,78.36],[-88.22,78.43],[-88.06,78.45],[-88.29,78.25],[-88.41,78.28]]],[[[-94.38,79.99],[-94.81,80.1],[-94.09,80.18],[-94.59,80.23],[-95.4,80.13],[-95.7,80.18],[-95.23,80.24],[-95.97,80.2],[-96.68,80.34],[-95.44,80.34],[-96.1,80.49],[-95.9,80.54],[-96.03,80.58],[-93.79,80.53],[-94.68,80.67],[-94.07,80.71],[-94.13,80.73],[-95.53,80.82],[-95.15,80.89],[-95.49,80.91],[-94.9,81.06],[-94.45,80.97],[-93.91,81.04],[-94.36,81.1],[-94.3,81.12],[-93.16,81.1],[-93.1,81.16],[-93.22,81.21],[-94.4,81.26],[-94.19,81.37],[-93.57,81.3],[-93.49,81.33],[-93.55,81.38],[-93.26,81.37],[-91.8,81.16],[-91.85,81.13],[-91.79,81.09],[-91.92,81.08],[-91.52,80.98],[-91.09,80.75],[-90.59,80.65],[-90.73,80.57],[-90.01,80.54],[-89.77,80.46],[-89.83,80.53],[-89.32,80.54],[-89.06,80.47],[-89.26,80.4],[-89.08,80.4],[-89.26,80.29],[-88.54,80.1],[-88.15,80.1],[-88.43,80.19],[-88.26,80.19],[-88.31,80.21],[-88.71,80.29],[-88.64,80.4],[-87.7,80.41],[-87.57,80.18],[-88.06,80.13],[-87.9,80.06],[-87.24,80.07],[-87.01,79.95],[-87.49,79.84],[-86.96,79.91],[-87.14,79.65],[-87.46,79.54],[-86.99,79.6],[-86.82,79.55],[-86.69,79.57],[-86.82,79.62],[-86.72,79.64],[-86.31,79.65],[-86.04,79.57],[-86.14,79.52],[-86.03,79.48],[-86.17,79.46],[-86.07,79.44],[-85.7,79.62],[-84.91,79.27],[-86.5,79.07],[-86.75,78.96],[-86.97,79.06],[-86.94,78.92],[-87.65,78.64],[-88.0,78.81],[-87.98,78.96],[-87.73,79.08],[-88.17,79.0],[-88.23,78.8],[-88.14,78.69],[-88.36,78.66],[-88.02,78.65],[-87.91,78.55],[-88.23,78.46],[-88.56,78.61],[-88.8,78.61],[-88.54,78.42],[-88.81,78.17],[-89.05,78.18],[-90.01,78.61],[-90.1,78.56],[-89.99,78.45],[-89.79,78.4],[-89.46,78.16],[-90.33,78.34],[-90.75,78.32],[-90.33,78.27],[-90.37,78.24],[-90.28,78.19],[-90.35,78.14],[-92.02,78.21],[-92.33,78.29],[-92.22,78.33],[-92.5,78.31],[-92.99,78.47],[-91.65,78.57],[-92.81,78.64],[-93.28,78.59],[-93.47,78.65],[-93.37,78.69],[-93.81,78.77],[-93.04,78.77],[-93.87,78.83],[-94.29,78.99],[-93.61,79.06],[-93.33,79.17],[-90.37,79.25],[-92.63,79.25],[-92.7,79.27],[-91.12,79.39],[-92.5,79.37],[-92.58,79.38],[-92.23,79.43],[-92.92,79.42],[-93.09,79.49],[-93.15,79.47],[-93.0,79.39],[-93.39,79.34],[-93.23,79.42],[-93.32,79.45],[-93.93,79.26],[-94.21,79.27],[-93.84,79.4],[-94.48,79.43],[-94.39,79.37],[-95.21,79.28],[-95.32,79.34],[-95.16,79.35],[-95.28,79.41],[-95.76,79.41],[-95.67,79.45],[-95.78,79.48],[-95.74,79.54],[-94.34,79.69],[-94.3,79.78],[-95.19,79.65],[-95.85,79.65],[-96.49,79.84],[-96.39,79.86],[-96.59,79.86],[-96.14,79.91],[-96.6,79.96],[-96.68,80.02],[-96.39,80.05],[-96.8,80.1],[-96.71,80.15],[-94.38,79.99]]],[[[-94.97,80.64],[-96.15,80.67],[-96.06,80.69],[-94.97,80.64]]],[[[-79.39,51.94],[-79.61,51.92],[-79.66,51.99],[-79.25,52.08],[-79.39,51.94]]],[[[-79.0,52.11],[-79.09,52.1],[-79.08,52.11],[-79.0,52.11]]],[[[-79.45,52.26],[-79.38,52.25],[-79.5,52.23],[-79.45,52.26]]],[[[-78.76,52.41],[-78.83,52.43],[-78.71,52.45],[-78.76,52.41]]],[[[-79.59,52.58],[-79.57,52.55],[-79.64,52.53],[-79.59,52.58]]],[[[-79.93,53.09],[-79.92,53.17],[-79.8,53.12],[-79.93,53.09]]],[[[-79.94,53.37],[-79.92,53.3],[-79.98,53.27],[-80.09,53.33],[-79.94,53.37]]],[[[-79.77,53.53],[-79.77,53.55],[-79.7,53.52],[-79.77,53.53]]],[[[-79.86,53.92],[-79.86,53.91],[-79.93,53.94],[-79.86,53.92]]],[[[-79.78,54.78],[-79.65,54.85],[-79.02,54.94],[-79.78,54.78]]],[[[-77.65,55.43],[-77.21,55.65],[-77.21,55.64],[-77.65,55.43]]],[[[-79.14,55.8],[-79.01,56.06],[-78.95,56.08],[-79.14,55.8]]],[[[-76.76,56.18],[-76.72,56.14],[-76.77,56.1],[-76.76,56.18]]],[[[-79.91,55.83],[-80.03,55.9],[-79.53,56.29],[-79.45,56.56],[-79.44,56.41],[-79.61,56.13],[-79.41,56.22],[-79.26,56.68],[-79.13,56.63],[-79.25,56.63],[-79.23,56.55],[-78.92,56.41],[-78.95,56.32],[-78.88,56.33],[-79.2,55.86],[-78.99,56.26],[-78.98,56.39],[-79.05,56.36],[-79.06,56.2],[-79.29,55.87],[-79.13,56.16],[-79.16,56.24],[-79.47,55.88],[-79.63,55.9],[-79.79,55.79],[-79.47,56.1],[-79.52,56.14],[-79.91,55.83]]],[[[-78.78,56.41],[-78.67,56.44],[-78.68,56.18],[-78.94,56.12],[-78.78,56.41]]],[[[-77.95,56.31],[-77.84,56.32],[-77.98,56.29],[-77.95,56.31]]],[[[-79.87,56.39],[-79.67,56.38],[-79.72,56.31],[-80.1,56.2],[-79.87,56.39]]],[[[-77.5,56.44],[-77.48,56.44],[-77.5,56.39],[-77.5,56.44]]],[[[-76.65,56.55],[-76.63,56.72],[-76.62,56.7],[-76.65,56.55]]],[[[-78.78,56.66],[-78.85,56.67],[-78.77,56.68],[-78.78,56.66]]],[[[-79.48,56.72],[-79.56,56.62],[-79.59,56.77],[-79.57,56.82],[-79.48,56.72]]],[[[-79.94,56.76],[-79.94,56.84],[-79.82,56.85],[-79.94,56.76]]],[[[-79.76,56.92],[-79.73,56.8],[-79.82,56.85],[-79.9,56.89],[-79.76,56.92]]],[[[-76.71,57.2],[-76.65,57.07],[-76.69,57.07],[-76.71,57.2]]],[[[-78.32,57.17],[-78.38,57.17],[-78.33,57.21],[-78.26,57.19],[-78.32,57.17]]],[[[-78.38,57.33],[-78.33,57.32],[-78.42,57.28],[-78.38,57.33]]],[[[-76.75,57.36],[-76.74,57.28],[-76.76,57.29],[-76.83,57.42],[-76.75,57.36]]],[[[-79.81,57.57],[-79.73,57.62],[-79.7,57.53],[-79.79,57.43],[-79.85,57.49],[-79.81,57.57]]],[[[-77.82,58.31],[-77.67,58.24],[-77.74,58.25],[-77.95,58.33],[-77.82,58.31]]],[[[-78.7,58.7],[-78.57,58.62],[-78.46,58.54],[-78.68,58.62],[-78.7,58.7]]],[[[-78.65,58.8],[-78.63,58.77],[-78.65,58.77],[-78.65,58.8]]],[[[-78.94,58.86],[-78.88,58.81],[-78.91,58.82],[-78.94,58.86]]],[[[-80.53,59.38],[-80.54,59.37],[-80.55,59.45],[-80.47,59.49],[-80.53,59.38]]],[[[-80.26,59.63],[-80.34,59.62],[-80.23,59.73],[-80.16,59.68],[-80.26,59.63]]],[[[-80.44,59.65],[-80.42,59.69],[-80.37,59.71],[-80.44,59.65]]],[[[-80.18,59.75],[-80.01,59.89],[-79.88,59.86],[-80.18,59.75]]],[[[-78.7,60.71],[-78.22,60.83],[-78.34,60.77],[-78.7,60.71]]],[[[-79.33,61.99],[-79.39,62.0],[-79.64,61.66],[-79.81,61.57],[-80.2,61.79],[-80.29,61.93],[-80.16,62.2],[-79.83,62.41],[-79.44,62.38],[-79.27,62.25],[-79.33,61.99]]],[[[-77.83,62.6],[-77.62,62.59],[-77.67,62.56],[-77.83,62.6]]],[[[-77.84,62.56],[-78.11,62.57],[-78.09,62.59],[-77.84,62.56]]],[[[-77.94,63.09],[-78.54,63.45],[-78.44,63.52],[-78.38,63.46],[-77.68,63.44],[-77.5,63.28],[-77.64,63.14],[-77.94,63.09]]],[[[-76.7,63.37],[-76.98,63.41],[-77.44,63.6],[-77.33,63.63],[-77.45,63.66],[-77.12,63.69],[-76.54,63.47],[-76.7,63.37]]],[[[-77.6,64.04],[-77.55,64.03],[-77.74,63.93],[-77.98,63.97],[-77.6,64.04]]],[[[-76.57,64.21],[-76.57,64.23],[-76.47,64.21],[-76.57,64.21]]],[[[-76.69,64.26],[-76.57,64.25],[-76.61,64.22],[-76.69,64.26]]],[[[-75.16,67.95],[-75.04,67.82],[-75.08,67.53],[-75.39,67.36],[-75.89,67.26],[-76.98,67.24],[-77.25,67.45],[-77.22,67.54],[-77.32,67.71],[-76.87,68.16],[-76.3,68.33],[-75.14,68.24],[-75.01,68.14],[-75.16,67.95]]],[[[-72.74,67.07],[-72.35,67.12],[-72.19,67.28],[-72.37,67.33],[-72.51,67.5],[-72.43,67.54],[-72.48,67.62],[-72.66,67.68],[-72.61,67.79],[-72.94,67.93],[-72.9,68.02],[-72.99,68.24],[-73.49,68.28],[-73.21,68.38],[-73.32,68.4],[-73.62,68.25],[-73.69,68.28],[-73.58,68.3],[-73.95,68.41],[-73.74,68.52],[-73.82,68.57],[-73.72,68.62],[-73.82,68.62],[-73.71,68.66],[-73.76,68.69],[-74.19,68.73],[-73.89,68.55],[-74.22,68.52],[-74.72,68.74],[-74.57,68.84],[-74.98,68.81],[-74.68,68.88],[-74.7,68.94],[-75.04,68.91],[-74.84,68.94],[-75.04,68.93],[-74.86,68.97],[-75.02,68.95],[-74.94,69.0],[-74.64,69.02],[-74.81,69.08],[-75.05,69.01],[-75.12,68.89],[-75.49,69.02],[-75.57,68.99],[-75.5,68.93],[-75.61,68.89],[-76.62,68.68],[-76.67,68.77],[-76.53,68.88],[-76.64,68.92],[-76.64,69.02],[-75.99,69.01],[-75.62,69.09],[-75.6,69.23],[-75.96,69.37],[-76.39,69.41],[-76.63,69.55],[-76.47,69.66],[-76.18,69.67],[-76.62,69.69],[-76.52,69.67],[-76.7,69.57],[-77.2,69.65],[-76.79,69.72],[-76.9,69.78],[-76.78,69.84],[-77.31,69.84],[-76.98,69.94],[-77.63,69.82],[-77.44,69.79],[-77.61,69.74],[-77.68,69.82],[-77.7,70.2],[-77.89,70.26],[-78.41,70.22],[-78.54,70.31],[-78.39,70.34],[-78.58,70.31],[-78.74,70.46],[-78.89,70.48],[-78.9,70.42],[-79.1,70.5],[-78.88,70.6],[-78.78,70.56],[-78.72,70.55],[-78.84,70.64],[-79.16,70.63],[-79.0,70.62],[-79.21,70.42],[-79.35,70.45],[-79.23,70.56],[-79.59,70.41],[-78.93,70.3],[-78.67,70.01],[-78.8,69.88],[-79.68,69.85],[-79.91,69.98],[-81.76,70.12],[-81.19,70.0],[-80.77,69.78],[-80.95,69.72],[-81.57,69.97],[-83.05,70.31],[-81.71,69.93],[-82.14,69.79],[-83.05,70.01],[-83.67,69.95],[-84.69,70.01],[-84.83,70.04],[-84.81,70.12],[-85.87,70.07],[-85.23,70.0],[-85.78,70.0],[-86.55,70.24],[-86.59,70.37],[-86.3,70.48],[-86.37,70.53],[-86.66,70.38],[-86.64,70.33],[-86.88,70.34],[-86.74,70.39],[-86.9,70.39],[-86.97,70.47],[-87.25,70.39],[-87.01,70.37],[-86.97,70.29],[-87.78,70.33],[-87.61,70.28],[-87.85,70.24],[-88.26,70.33],[-87.9,70.33],[-88.91,70.54],[-89.45,70.91],[-89.19,70.96],[-89.56,71.09],[-87.89,70.94],[-87.0,71.0],[-87.75,71.14],[-87.86,71.27],[-88.08,71.21],[-89.85,71.34],[-90.0,71.46],[-89.96,71.53],[-90.04,71.6],[-89.8,71.76],[-90.12,71.93],[-90.0,71.99],[-89.99,72.07],[-89.58,72.16],[-89.9,72.19],[-89.95,72.33],[-89.83,72.4],[-89.91,72.43],[-89.79,72.42],[-89.89,72.45],[-89.79,72.47],[-89.74,72.62],[-89.47,72.67],[-89.57,72.7],[-89.58,72.79],[-89.28,72.76],[-89.41,72.83],[-89.3,72.92],[-89.36,72.98],[-89.21,73.01],[-89.31,73.05],[-89.15,73.19],[-88.89,73.22],[-89.05,73.25],[-88.62,73.29],[-88.86,73.33],[-88.69,73.42],[-87.76,73.72],[-87.13,73.8],[-85.11,73.81],[-84.84,73.75],[-86.03,73.3],[-86.74,72.73],[-86.24,72.42],[-86.43,72.28],[-86.41,72.01],[-86.11,71.78],[-85.5,71.51],[-84.95,71.42],[-84.84,71.29],[-85.19,71.3],[-85.47,71.23],[-85.41,71.2],[-85.95,71.18],[-86.82,70.99],[-84.97,71.2],[-84.86,71.16],[-84.88,71.07],[-84.98,71.11],[-85.15,71.09],[-84.96,71.08],[-84.97,70.92],[-84.8,70.93],[-84.8,71.18],[-84.66,71.22],[-84.8,71.29],[-84.76,71.41],[-84.53,71.47],[-84.64,71.58],[-84.62,71.67],[-85.26,71.67],[-85.58,71.79],[-85.44,71.81],[-85.56,71.9],[-86.02,71.98],[-86.05,72.01],[-85.5,72.08],[-85.54,72.13],[-85.4,72.13],[-85.51,72.18],[-85.54,72.24],[-85.42,72.22],[-85.48,72.27],[-84.86,72.22],[-84.27,72.02],[-84.21,71.94],[-84.16,72.02],[-84.94,72.29],[-84.43,72.38],[-84.87,72.37],[-84.78,72.46],[-85.13,72.35],[-85.51,72.46],[-85.62,72.55],[-85.47,72.58],[-85.71,72.64],[-85.68,72.89],[-85.57,72.97],[-85.32,72.96],[-83.95,72.76],[-85.12,73.03],[-85.54,73.03],[-85.46,73.11],[-85.12,73.05],[-85.23,73.13],[-85.18,73.15],[-83.64,72.98],[-85.19,73.23],[-85.11,73.32],[-84.8,73.39],[-84.34,73.23],[-84.66,73.4],[-84.18,73.48],[-83.78,73.44],[-83.61,73.3],[-83.67,73.46],[-84.01,73.5],[-82.83,73.74],[-81.53,73.72],[-81.23,73.54],[-81.19,73.26],[-80.62,73.16],[-80.55,73.09],[-80.64,72.93],[-80.25,72.74],[-81.38,72.24],[-80.51,72.5],[-80.51,72.38],[-80.97,72.2],[-80.57,72.08],[-81.03,72.09],[-81.09,72.05],[-80.8,72.02],[-80.99,71.89],[-80.4,72.05],[-80.37,72.11],[-80.48,72.18],[-80.24,72.21],[-80.31,72.26],[-80.25,72.3],[-80.01,72.18],[-79.68,72.13],[-80.17,72.33],[-79.82,72.51],[-79.59,72.34],[-79.77,72.22],[-79.55,72.28],[-79.45,72.2],[-79.55,72.29],[-79.33,72.4],[-78.96,72.28],[-79.04,72.07],[-79.23,71.98],[-78.5,71.87],[-78.91,72.01],[-78.83,72.17],[-78.5,72.1],[-78.21,71.82],[-77.91,71.77],[-78.31,71.95],[-78.15,71.97],[-77.75,71.75],[-77.7,71.81],[-78.12,71.98],[-78.29,71.98],[-78.43,72.12],[-78.88,72.23],[-78.75,72.29],[-78.8,72.34],[-78.6,72.36],[-78.43,72.18],[-78.47,72.32],[-78.41,72.33],[-77.69,72.22],[-77.66,72.1],[-77.59,72.18],[-77.0,72.13],[-78.55,72.44],[-78.43,72.59],[-77.6,72.76],[-76.78,72.73],[-76.65,72.64],[-76.17,72.59],[-76.1,72.48],[-75.94,72.59],[-75.2,72.5],[-74.94,72.26],[-75.25,72.13],[-75.64,72.15],[-76.03,72.09],[-76.41,71.86],[-76.01,72.06],[-75.66,72.12],[-75.22,72.07],[-75.59,72.0],[-75.8,71.76],[-76.1,71.7],[-75.87,71.71],[-75.67,71.82],[-75.55,71.98],[-75.2,72.02],[-75.06,72.13],[-74.24,72.08],[-74.12,71.97],[-74.21,71.84],[-75.35,71.7],[-74.94,71.66],[-75.41,71.52],[-74.65,71.68],[-74.73,71.58],[-75.02,71.54],[-75.15,71.47],[-74.84,71.52],[-74.93,71.46],[-74.7,71.39],[-75.1,71.2],[-75.05,71.19],[-74.63,71.39],[-74.74,71.51],[-74.52,71.66],[-74.11,71.74],[-74.25,71.61],[-74.15,71.54],[-74.22,71.62],[-74.0,71.75],[-73.62,71.77],[-73.98,71.55],[-74.0,71.46],[-74.1,71.47],[-74.32,71.42],[-74.03,71.44],[-74.07,71.34],[-74.18,71.31],[-74.1,71.28],[-74.0,71.33],[-73.87,71.54],[-73.56,71.56],[-73.64,71.36],[-73.46,71.44],[-73.38,71.39],[-73.66,71.27],[-73.75,71.09],[-73.9,71.06],[-73.69,71.09],[-73.62,71.23],[-73.44,71.35],[-73.05,71.27],[-73.28,71.22],[-73.29,71.1],[-73.4,71.05],[-73.29,71.07],[-73.17,71.23],[-73.0,71.25],[-72.96,71.34],[-72.99,71.41],[-72.76,71.44],[-72.84,71.51],[-72.64,71.55],[-72.55,71.67],[-71.54,71.51],[-71.12,71.27],[-71.47,71.07],[-71.86,71.08],[-72.05,71.08],[-72.36,70.88],[-72.78,70.82],[-72.17,70.84],[-72.36,70.69],[-72.62,70.63],[-72.57,70.61],[-72.33,70.67],[-72.21,70.76],[-71.59,70.87],[-71.17,70.86],[-71.29,70.91],[-71.2,71.01],[-70.86,71.11],[-70.62,71.07],[-70.52,70.91],[-70.81,70.72],[-71.21,70.58],[-71.58,70.61],[-71.75,70.45],[-71.97,70.42],[-71.73,70.43],[-71.82,70.29],[-71.51,70.58],[-71.17,70.54],[-71.32,70.32],[-71.27,70.27],[-71.54,70.02],[-71.25,70.22],[-71.07,70.52],[-70.99,70.53],[-71.06,70.55],[-70.99,70.63],[-69.91,70.88],[-69.77,70.86],[-69.96,70.73],[-70.45,70.64],[-70.4,70.53],[-70.49,70.48],[-70.31,70.5],[-70.39,70.61],[-70.04,70.6],[-69.47,70.79],[-68.36,70.58],[-68.28,70.52],[-68.46,70.37],[-68.59,70.47],[-68.72,70.32],[-69.81,70.17],[-70.18,70.02],[-69.95,70.06],[-69.83,69.98],[-70.14,69.97],[-70.47,69.85],[-69.76,69.97],[-69.8,70.07],[-69.68,70.14],[-69.01,70.19],[-69.1,70.22],[-68.71,70.21],[-68.64,70.15],[-69.41,69.83],[-69.79,69.83],[-69.99,69.68],[-69.98,69.62],[-69.75,69.8],[-69.39,69.78],[-69.1,69.92],[-68.65,69.94],[-68.56,70.05],[-68.19,70.13],[-68.35,70.19],[-68.16,70.32],[-67.81,70.26],[-67.23,69.95],[-67.12,69.73],[-68.01,69.78],[-68.35,69.63],[-70.02,69.54],[-69.29,69.51],[-68.59,69.59],[-68.01,69.46],[-67.23,69.46],[-66.79,69.34],[-66.65,69.22],[-66.74,69.14],[-67.68,69.18],[-68.2,69.31],[-69.01,69.36],[-69.26,69.28],[-68.95,69.34],[-68.08,69.22],[-68.96,69.22],[-68.51,69.2],[-69.07,69.11],[-68.92,69.11],[-69.02,68.97],[-68.86,69.09],[-68.37,69.18],[-67.7,69.02],[-68.55,68.98],[-68.04,68.95],[-68.09,68.91],[-68.0,68.86],[-68.49,68.9],[-67.77,68.78],[-68.58,68.85],[-68.49,68.8],[-68.62,68.79],[-69.3,68.88],[-69.4,68.86],[-68.96,68.8],[-68.97,68.74],[-68.05,68.69],[-68.17,68.67],[-68.11,68.63],[-68.64,68.67],[-68.9,68.61],[-67.93,68.56],[-67.96,68.4],[-67.86,68.55],[-67.66,68.56],[-67.49,68.53],[-67.63,68.49],[-67.61,68.38],[-67.55,68.49],[-67.19,68.43],[-67.34,68.41],[-67.12,68.41],[-67.13,68.48],[-66.66,68.44],[-67.02,68.36],[-67.4,68.4],[-67.79,68.34],[-67.88,68.28],[-67.53,68.34],[-67.68,68.24],[-67.4,68.36],[-67.03,68.33],[-67.24,68.3],[-67.29,68.24],[-67.07,68.3],[-66.79,68.25],[-66.97,68.04],[-66.69,68.15],[-66.74,67.99],[-66.58,68.15],[-66.31,68.13],[-66.48,68.08],[-66.25,68.09],[-66.18,68.02],[-66.33,67.98],[-66.41,67.87],[-66.75,67.88],[-66.39,67.78],[-66.28,67.96],[-65.96,68.04],[-65.93,68.16],[-65.85,68.08],[-66.03,67.96],[-65.94,67.9],[-65.96,67.82],[-65.77,67.9],[-65.81,67.97],[-65.45,68.0],[-65.61,67.79],[-65.36,67.6],[-65.38,67.72],[-65.55,67.79],[-65.42,67.91],[-65.03,68.06],[-64.75,68.0],[-65.07,67.93],[-64.94,67.91],[-65.11,67.87],[-65.15,67.8],[-65.01,67.79],[-65.16,67.74],[-65.19,67.64],[-64.91,67.79],[-64.82,67.78],[-64.83,67.69],[-64.76,67.82],[-64.5,67.81],[-64.37,67.76],[-64.64,67.67],[-64.31,67.74],[-64.21,67.65],[-64.29,67.63],[-64.08,67.62],[-64.1,67.55],[-64.04,67.54],[-64.44,67.48],[-64.0,67.45],[-63.94,67.36],[-64.0,67.33],[-63.91,67.31],[-64.8,67.35],[-64.23,67.3],[-64.82,67.21],[-64.77,67.2],[-63.96,67.28],[-64.61,67.14],[-64.7,67.01],[-64.5,67.14],[-63.89,67.24],[-63.45,67.23],[-63.54,67.11],[-63.16,67.34],[-62.98,67.22],[-63.28,67.11],[-63.24,66.97],[-63.55,66.91],[-63.61,66.83],[-63.82,66.82],[-63.53,66.82],[-63.44,66.91],[-63.43,66.71],[-63.35,66.89],[-62.87,66.97],[-62.82,66.8],[-62.9,66.64],[-62.75,66.79],[-62.75,66.94],[-62.56,66.94],[-62.31,66.73],[-62.43,66.93],[-62.28,66.95],[-62.27,67.05],[-62.09,67.06],[-62.0,67.04],[-62.11,66.92],[-61.75,66.95],[-62.01,66.88],[-61.61,66.87],[-61.73,66.83],[-61.51,66.8],[-61.27,66.63],[-61.44,66.55],[-62.0,66.7],[-62.19,66.63],[-61.82,66.63],[-61.58,66.48],[-61.99,66.41],[-61.46,66.37],[-61.56,66.34],[-61.93,66.29],[-62.5,66.41],[-62.32,66.3],[-62.66,66.22],[-62.89,66.34],[-62.7,66.2],[-62.11,66.14],[-62.17,66.12],[-62.01,66.08],[-62.11,66.06],[-61.95,66.02],[-62.32,65.98],[-62.41,66.02],[-62.79,66.04],[-62.92,66.15],[-63.07,66.12],[-62.93,66.12],[-62.82,66.02],[-62.43,65.98],[-62.39,65.93],[-62.46,65.93],[-62.29,65.82],[-62.64,65.81],[-62.87,65.91],[-62.57,65.76],[-62.85,65.77],[-62.6,65.67],[-62.66,65.59],[-62.82,65.61],[-62.93,65.76],[-62.9,65.64],[-62.96,65.59],[-63.2,65.63],[-63.51,65.94],[-63.35,65.67],[-63.72,65.68],[-63.37,65.63],[-63.37,65.54],[-63.62,65.55],[-63.29,65.43],[-63.66,65.47],[-63.39,65.4],[-63.52,65.39],[-63.34,65.3],[-63.46,65.24],[-63.31,65.21],[-63.52,65.19],[-63.34,65.14],[-63.54,64.9],[-63.66,64.92],[-63.61,65.0],[-63.83,64.99],[-63.66,65.04],[-63.87,65.04],[-63.81,65.19],[-64.11,65.05],[-64.28,65.1],[-64.08,65.2],[-64.37,65.18],[-64.34,65.3],[-64.41,65.29],[-64.24,65.43],[-64.45,65.32],[-64.56,65.09],[-64.64,65.12],[-64.62,65.19],[-64.73,65.16],[-64.65,65.25],[-64.91,65.3],[-64.68,65.34],[-64.92,65.34],[-64.46,65.42],[-64.41,65.48],[-65.01,65.37],[-65.17,65.49],[-64.93,65.53],[-64.71,65.66],[-64.85,65.66],[-64.99,65.55],[-65.34,65.58],[-64.79,65.73],[-65.18,65.66],[-65.45,65.68],[-65.38,65.79],[-65.51,65.76],[-65.34,65.92],[-64.94,66.01],[-64.74,65.97],[-64.85,66.04],[-64.72,66.22],[-64.35,66.35],[-64.71,66.28],[-64.96,66.08],[-65.9,65.95],[-65.96,66.05],[-65.64,66.17],[-65.47,66.32],[-65.54,66.32],[-65.48,66.39],[-65.68,66.19],[-66.01,66.12],[-66.26,66.22],[-66.15,66.29],[-66.52,66.22],[-66.47,66.35],[-66.57,66.37],[-66.44,66.41],[-66.77,66.39],[-66.68,66.46],[-66.79,66.44],[-66.86,66.54],[-66.73,66.59],[-67.06,66.65],[-66.88,66.57],[-67.16,66.53],[-67.08,66.51],[-67.13,66.49],[-67.53,66.62],[-67.75,66.57],[-67.29,66.53],[-67.14,66.44],[-67.16,66.37],[-67.41,66.43],[-67.15,66.3],[-67.4,66.3],[-67.63,66.45],[-67.99,66.51],[-67.76,66.37],[-67.7,66.29],[-67.75,66.25],[-67.16,66.04],[-67.31,66.0],[-67.19,65.92],[-67.75,65.97],[-67.7,65.9],[-67.92,65.9],[-68.03,66.0],[-67.97,66.08],[-68.27,66.23],[-68.4,66.19],[-68.51,66.3],[-68.5,66.21],[-68.85,66.19],[-68.71,66.17],[-68.58,66.17],[-68.54,66.2],[-68.49,66.19],[-68.26,66.08],[-68.03,66.08],[-68.08,65.98],[-68.12,66.03],[-68.21,66.01],[-68.12,65.97],[-68.35,66.04],[-68.19,65.95],[-68.31,65.91],[-68.15,65.93],[-68.19,65.86],[-68.08,65.83],[-68.21,65.8],[-67.81,65.82],[-67.96,65.74],[-67.87,65.65],[-68.06,65.57],[-67.95,65.56],[-68.03,65.49],[-67.74,65.64],[-67.27,65.65],[-67.34,65.58],[-67.26,65.54],[-67.46,65.5],[-67.06,65.42],[-67.42,65.35],[-67.12,65.32],[-67.17,65.27],[-67.08,65.25],[-67.17,65.23],[-67.11,65.2],[-66.94,65.24],[-66.96,65.11],[-67.11,65.06],[-66.91,65.07],[-66.73,65.19],[-66.81,65.06],[-66.92,65.05],[-66.85,65.04],[-66.76,65.07],[-66.74,64.97],[-66.83,64.95],[-66.73,64.92],[-66.71,64.77],[-66.64,64.78],[-66.68,65.04],[-66.15,64.87],[-66.19,64.78],[-66.34,64.77],[-66.21,64.76],[-66.22,64.69],[-66.02,64.86],[-66.04,64.72],[-65.96,64.77],[-65.81,64.64],[-65.95,64.88],[-65.72,64.84],[-65.71,64.69],[-65.65,64.77],[-65.56,64.71],[-65.75,64.59],[-65.71,64.49],[-65.34,64.53],[-65.41,64.45],[-65.21,64.54],[-65.24,64.49],[-65.11,64.51],[-65.18,64.48],[-65.07,64.45],[-65.27,64.38],[-65.18,64.35],[-65.23,64.3],[-65.53,64.33],[-65.66,64.3],[-65.44,64.31],[-65.57,64.25],[-65.34,64.25],[-65.24,64.2],[-65.4,64.15],[-65.25,64.18],[-65.11,64.11],[-65.2,64.08],[-65.05,64.07],[-65.19,64.02],[-64.92,64.01],[-64.96,63.97],[-64.67,64.03],[-64.65,63.98],[-64.99,63.83],[-64.52,63.67],[-64.59,63.6],[-64.51,63.42],[-64.64,63.42],[-64.52,63.38],[-64.51,63.31],[-64.63,63.32],[-64.48,63.29],[-64.54,63.26],[-64.72,63.28],[-64.94,63.63],[-65.3,63.81],[-64.99,63.6],[-65.1,63.55],[-65.06,63.45],[-65.15,63.43],[-65.05,63.44],[-65.12,63.4],[-64.95,63.36],[-64.9,63.24],[-65.15,63.29],[-64.98,63.23],[-65.06,63.18],[-64.75,63.1],[-64.87,63.1],[-64.76,63.06],[-64.85,62.97],[-64.63,62.91],[-64.89,62.87],[-65.27,63.01],[-64.93,62.64],[-65.17,62.57],[-65.27,62.7],[-65.35,62.68],[-65.24,62.78],[-65.38,62.79],[-65.25,62.84],[-65.34,62.86],[-65.33,62.92],[-65.4,62.83],[-65.6,62.83],[-65.75,62.92],[-65.71,63.05],[-65.83,62.93],[-65.79,62.87],[-65.96,62.94],[-65.83,63.03],[-66.03,62.99],[-66.28,63.14],[-66.1,62.95],[-66.4,63.0],[-66.56,63.22],[-66.69,63.28],[-66.64,63.37],[-66.74,63.29],[-66.6,63.21],[-66.56,63.08],[-66.68,63.1],[-66.55,63.0],[-66.77,63.09],[-66.81,63.27],[-66.83,63.15],[-67.02,63.24],[-66.95,63.29],[-66.97,63.4],[-67.01,63.29],[-67.2,63.29],[-67.92,63.77],[-67.7,63.37],[-68.23,63.6],[-68.29,63.7],[-68.29,63.64],[-68.53,63.75],[-68.99,63.76],[-68.81,63.64],[-68.86,63.61],[-68.44,63.44],[-68.5,63.43],[-68.23,63.2],[-67.92,63.14],[-67.99,63.08],[-67.61,63.1],[-67.8,63.01],[-67.77,62.96],[-67.54,63.04],[-67.68,62.93],[-67.42,62.98],[-67.25,62.89],[-67.37,62.86],[-67.2,62.88],[-67.25,62.81],[-67.12,62.83],[-67.12,62.76],[-67.01,62.74],[-67.05,62.69],[-66.91,62.7],[-67.01,62.66],[-66.76,62.68],[-66.48,62.51],[-66.51,62.42],[-66.35,62.45],[-66.34,62.38],[-66.47,62.34],[-66.34,62.27],[-66.36,62.33],[-66.22,62.35],[-66.16,62.25],[-66.06,62.23],[-65.99,62.24],[-65.93,62.2],[-66.05,62.15],[-66.04,62.08],[-66.18,62.13],[-66.2,62.12],[-65.95,61.91],[-66.06,61.87],[-66.54,61.9],[-66.75,62.01],[-67.32,62.07],[-67.34,62.14],[-67.58,62.18],[-68.55,62.25],[-69.2,62.44],[-69.32,62.54],[-69.28,62.62],[-69.38,62.53],[-69.59,62.66],[-69.39,62.77],[-69.7,62.75],[-69.84,62.83],[-69.76,62.73],[-69.94,62.8],[-70.24,62.75],[-71.04,62.96],[-70.94,62.97],[-70.95,63.03],[-71.16,62.99],[-70.82,63.13],[-70.93,63.12],[-70.93,63.17],[-71.22,63.01],[-71.4,63.06],[-71.41,63.12],[-71.71,63.18],[-71.66,63.2],[-71.76,63.23],[-71.65,63.26],[-71.77,63.26],[-71.78,63.41],[-72.02,63.4],[-72.14,63.45],[-71.61,63.43],[-71.23,63.6],[-71.56,63.58],[-71.49,63.63],[-71.58,63.65],[-71.54,63.71],[-71.65,63.72],[-71.66,63.66],[-71.7,63.75],[-71.75,63.69],[-71.78,63.75],[-71.92,63.82],[-72.01,63.75],[-71.84,63.76],[-71.93,63.66],[-71.95,63.72],[-72.04,63.67],[-72.2,63.78],[-72.21,63.68],[-72.32,63.68],[-72.36,63.76],[-72.09,63.91],[-72.24,63.96],[-72.38,63.78],[-72.67,63.86],[-72.59,64.03],[-72.67,64.02],[-72.66,64.08],[-72.71,64.02],[-72.66,63.99],[-72.73,63.97],[-72.93,64.05],[-72.91,64.17],[-73.08,64.18],[-73.1,64.28],[-73.24,64.34],[-73.28,64.26],[-73.39,64.28],[-73.27,64.37],[-73.48,64.41],[-73.17,64.59],[-73.3,64.67],[-73.31,64.54],[-73.46,64.51],[-73.43,64.6],[-73.65,64.67],[-73.65,64.58],[-73.75,64.54],[-73.92,64.61],[-73.78,64.48],[-73.96,64.48],[-74.0,64.33],[-74.08,64.33],[-74.17,64.37],[-74.08,64.42],[-74.17,64.47],[-74.04,64.45],[-74.13,64.54],[-73.95,64.51],[-74.17,64.57],[-74.0,64.58],[-74.08,64.64],[-74.05,64.73],[-74.21,64.68],[-74.24,64.58],[-74.3,64.68],[-74.42,64.67],[-74.34,64.6],[-74.39,64.58],[-74.71,64.74],[-74.49,64.84],[-74.65,64.9],[-74.74,64.86],[-74.73,64.77],[-74.99,64.8],[-74.47,64.56],[-74.65,64.53],[-74.51,64.46],[-74.68,64.38],[-75.16,64.49],[-75.22,64.43],[-75.82,64.62],[-75.82,64.53],[-75.63,64.46],[-75.92,64.49],[-75.74,64.37],[-76.35,64.36],[-76.19,64.3],[-76.49,64.32],[-76.38,64.29],[-76.45,64.27],[-76.71,64.31],[-76.69,64.19],[-77.13,64.3],[-77.35,64.24],[-77.45,64.3],[-77.4,64.33],[-77.55,64.32],[-77.51,64.36],[-77.85,64.37],[-77.91,64.41],[-77.83,64.42],[-78.01,64.43],[-77.97,64.47],[-78.18,64.58],[-78.13,64.59],[-78.2,64.65],[-78.16,64.7],[-78.3,64.71],[-78.07,64.82],[-78.12,64.97],[-77.31,65.2],[-77.51,65.33],[-77.29,65.38],[-77.39,65.47],[-75.8,65.23],[-75.74,65.16],[-75.44,65.07],[-75.56,65.17],[-75.95,65.32],[-75.19,65.26],[-75.08,65.3],[-75.11,65.4],[-74.72,65.44],[-74.55,65.33],[-74.12,65.54],[-73.47,65.46],[-73.72,65.77],[-74.01,65.86],[-74.47,66.15],[-73.46,66.55],[-73.34,66.66],[-72.95,66.73],[-73.01,66.82],[-72.74,67.07]],[[-73.45,71.03],[-73.38,70.98],[-73.4,71.05],[-73.45,71.03]],[[-67.39,68.15],[-67.6,68.17],[-67.38,68.13],[-67.29,68.24],[-67.39,68.15]],[[-63.77,67.03],[-63.8,66.99],[-63.77,66.96],[-63.54,67.11],[-63.77,67.03]],[[-62.63,66.44],[-62.72,66.41],[-62.5,66.41],[-62.63,66.44]],[[-75.43,64.97],[-75.67,64.95],[-75.58,64.86],[-75.46,64.84],[-75.54,64.78],[-75.38,64.72],[-75.29,64.75],[-75.37,64.84],[-75.35,64.93],[-75.57,64.88],[-75.39,64.98],[-75.26,64.96],[-75.2,65.11],[-75.36,65.01],[-75.44,65.07],[-75.43,64.97]]],[[[-79.15,68.35],[-78.81,68.28],[-79.04,68.17],[-79.15,68.2],[-79.15,68.35]]],[[[-74.81,68.32],[-75.0,68.34],[-75.38,68.5],[-75.4,68.61],[-75.24,68.72],[-74.99,68.67],[-74.77,68.49],[-74.9,68.43],[-74.78,68.42],[-74.85,68.38],[-74.81,68.32]]],[[[-78.97,68.47],[-78.67,68.58],[-78.89,68.66],[-78.46,68.62],[-78.51,68.55],[-78.72,68.52],[-78.65,68.48],[-78.97,68.47]]],[[[-74.52,68.56],[-74.89,68.63],[-74.79,68.68],[-74.52,68.56]]],[[[-79.42,68.93],[-79.22,69.08],[-78.62,69.26],[-78.72,69.34],[-78.31,69.39],[-78.21,69.3],[-78.36,69.2],[-78.46,69.23],[-78.85,68.91],[-79.4,68.86],[-79.42,68.93]]],[[[-76.93,69.22],[-76.86,69.15],[-76.9,69.11],[-77.26,69.15],[-77.39,69.27],[-77.33,69.42],[-77.11,69.45],[-76.72,69.42],[-76.65,69.38],[-76.93,69.22]]],[[[-80.07,69.38],[-80.21,69.41],[-80.2,69.43],[-80.07,69.38]]],[[[-78.18,69.76],[-77.94,69.65],[-78.52,69.48],[-78.88,69.48],[-78.57,69.65],[-78.3,69.66],[-78.18,69.76]]],[[[-80.23,69.54],[-80.24,69.63],[-80.33,69.56],[-80.5,69.67],[-80.81,69.69],[-80.72,69.76],[-80.4,69.67],[-80.5,69.79],[-80.21,69.8],[-80.15,69.72],[-79.67,69.82],[-79.33,69.71],[-79.61,69.62],[-80.05,69.65],[-79.94,69.54],[-80.23,69.54]]],[[[-79.45,73.64],[-78.14,73.67],[-77.43,73.56],[-77.16,73.48],[-77.04,73.36],[-76.71,73.32],[-76.58,73.22],[-76.63,73.17],[-76.24,73.09],[-76.33,72.97],[-76.06,72.9],[-76.32,72.82],[-78.17,72.9],[-79.57,72.76],[-80.0,72.87],[-80.18,73.05],[-80.16,73.23],[-80.87,73.33],[-80.85,73.48],[-80.7,73.48],[-80.9,73.61],[-80.8,73.67],[-80.86,73.75],[-79.45,73.64]]],[[[-78.87,75.86],[-79.28,75.88],[-79.44,75.8],[-79.75,75.88],[-79.07,76.12],[-78.8,76.08],[-79.18,75.96],[-78.87,75.86]]],[[[-77.96,77.84],[-77.57,77.86],[-77.67,77.8],[-77.96,77.84]]],[[[-74.63,78.78],[-74.17,78.73],[-74.33,78.68],[-74.71,78.74],[-74.63,78.78]]],[[[-61.87,82.11],[-63.92,81.8],[-64.33,81.83],[-64.12,81.77],[-64.37,81.72],[-65.38,81.76],[-66.05,81.69],[-65.34,81.69],[-65.86,81.63],[-68.21,81.56],[-69.31,81.72],[-68.36,81.54],[-68.86,81.55],[-68.58,81.52],[-67.27,81.57],[-66.61,81.52],[-70.21,81.18],[-69.64,81.18],[-70.02,81.11],[-65.74,81.49],[-64.55,81.55],[-64.44,81.48],[-67.23,80.94],[-67.56,80.95],[-67.61,80.87],[-68.97,80.62],[-68.89,80.6],[-69.33,80.41],[-69.67,80.36],[-70.31,80.36],[-70.22,80.42],[-70.82,80.57],[-70.37,80.41],[-70.45,80.34],[-69.96,80.26],[-70.16,80.19],[-71.73,80.12],[-72.42,80.21],[-71.9,80.12],[-72.39,80.09],[-72.34,80.06],[-70.65,80.14],[-70.49,80.06],[-71.46,79.9],[-70.91,79.89],[-71.14,79.79],[-72.23,79.66],[-72.92,79.71],[-73.06,79.8],[-72.93,79.82],[-73.81,79.82],[-73.87,79.84],[-73.74,79.85],[-74.23,79.9],[-74.84,79.85],[-73.38,79.78],[-73.13,79.57],[-73.73,79.5],[-73.97,79.56],[-73.99,79.46],[-74.28,79.44],[-75.0,79.51],[-75.06,79.49],[-74.89,79.42],[-75.03,79.37],[-76.19,79.47],[-76.15,79.4],[-75.88,79.36],[-76.87,79.35],[-77.12,79.47],[-77.4,79.45],[-77.16,79.33],[-78.06,79.36],[-77.33,79.27],[-77.5,79.25],[-74.47,79.23],[-74.82,79.18],[-74.44,79.06],[-75.76,79.08],[-76.09,79.2],[-78.18,79.2],[-78.26,79.17],[-76.09,79.1],[-76.17,79.08],[-78.9,79.07],[-77.7,79.01],[-78.3,78.8],[-78.23,78.77],[-77.72,78.97],[-76.73,79.04],[-75.78,78.98],[-75.72,78.97],[-76.46,78.85],[-75.74,78.9],[-74.77,78.83],[-74.91,78.79],[-74.72,78.71],[-74.87,78.64],[-74.63,78.59],[-75.4,78.52],[-76.66,78.53],[-75.03,78.34],[-75.63,78.2],[-76.6,78.26],[-76.92,78.21],[-75.58,78.11],[-75.93,77.96],[-76.23,78.02],[-76.88,77.91],[-78.22,78.0],[-78.43,77.91],[-77.98,77.82],[-77.94,77.76],[-78.08,77.68],[-77.72,77.61],[-77.98,77.56],[-77.94,77.51],[-78.28,77.43],[-78.25,77.39],[-78.69,77.32],[-78.84,77.32],[-78.77,77.38],[-79.13,77.29],[-80.55,77.31],[-81.3,77.44],[-81.94,77.69],[-81.67,77.52],[-81.74,77.43],[-81.17,77.33],[-82.2,77.3],[-81.92,77.25],[-81.86,77.17],[-81.1,77.29],[-80.12,77.21],[-80.37,77.07],[-79.72,77.24],[-79.43,77.24],[-79.01,77.1],[-79.38,76.93],[-78.9,76.93],[-78.96,76.84],[-78.72,76.83],[-78.72,76.88],[-78.38,77.0],[-78.09,77.02],[-77.72,76.82],[-77.79,76.78],[-77.77,76.66],[-78.03,76.63],[-78.37,76.47],[-78.77,76.58],[-79.29,76.3],[-81.07,76.13],[-80.96,76.2],[-81.1,76.22],[-80.77,76.42],[-81.22,76.5],[-81.21,76.56],[-81.54,76.47],[-82.06,76.52],[-81.99,76.58],[-82.06,76.62],[-81.78,76.69],[-82.28,76.63],[-82.73,76.82],[-82.51,76.66],[-82.08,76.57],[-82.23,76.52],[-82.14,76.44],[-83.0,76.44],[-83.1,76.47],[-83.12,76.59],[-83.39,76.68],[-83.38,76.76],[-83.53,76.71],[-83.25,76.58],[-83.19,76.43],[-83.71,76.44],[-84.29,76.66],[-84.2,76.62],[-84.22,76.45],[-84.63,76.44],[-84.99,76.59],[-85.06,76.52],[-84.94,76.42],[-84.39,76.32],[-85.2,76.28],[-86.35,76.39],[-86.42,76.47],[-86.21,76.53],[-86.58,76.64],[-86.63,76.64],[-86.3,76.53],[-86.64,76.48],[-86.72,76.35],[-87.43,76.47],[-87.46,76.59],[-87.56,76.62],[-87.6,76.54],[-87.5,76.5],[-87.55,76.45],[-87.41,76.36],[-88.4,76.39],[-88.36,76.44],[-88.44,76.47],[-88.35,76.52],[-88.52,76.62],[-88.51,76.82],[-88.71,76.71],[-88.59,76.64],[-88.66,76.6],[-88.5,76.55],[-88.62,76.4],[-88.7,76.42],[-88.61,76.49],[-88.71,76.6],[-88.91,76.41],[-89.68,76.57],[-89.39,76.73],[-89.54,76.86],[-88.39,77.1],[-88.54,77.1],[-88.49,77.11],[-86.6,77.18],[-87.18,77.2],[-86.91,77.27],[-87.25,77.31],[-86.85,77.36],[-87.72,77.37],[-87.78,77.44],[-87.65,77.49],[-87.7,77.54],[-88.21,77.65],[-88.15,77.74],[-88.24,77.77],[-88.11,77.82],[-88.22,77.86],[-87.19,77.9],[-86.45,77.84],[-85.97,77.71],[-85.72,77.47],[-85.8,77.43],[-85.51,77.48],[-85.4,77.4],[-84.47,77.3],[-84.62,77.38],[-83.47,77.35],[-83.84,77.46],[-83.39,77.51],[-82.99,77.68],[-82.54,77.92],[-82.6,78.02],[-82.32,78.08],[-82.76,78.03],[-82.74,77.93],[-83.68,77.53],[-84.76,77.52],[-84.87,77.57],[-84.63,77.63],[-84.44,77.73],[-84.94,77.6],[-85.28,77.66],[-85.35,77.74],[-84.97,77.84],[-85.4,77.83],[-84.32,77.9],[-85.47,77.87],[-85.68,77.94],[-85.06,78.06],[-84.71,78.03],[-84.29,78.08],[-85.1,78.1],[-85.04,78.18],[-84.03,78.18],[-84.97,78.21],[-84.81,78.33],[-84.58,78.35],[-84.87,78.37],[-84.62,78.59],[-84.86,78.51],[-85.03,78.29],[-85.49,78.11],[-86.29,78.08],[-86.26,78.16],[-85.94,78.24],[-85.86,78.39],[-86.24,78.21],[-86.51,78.22],[-86.77,78.12],[-87.54,78.14],[-87.09,78.21],[-87.52,78.23],[-87.53,78.41],[-87.16,78.55],[-86.86,78.55],[-87.12,78.58],[-86.94,78.71],[-86.61,78.81],[-85.03,78.92],[-83.75,78.84],[-82.34,78.57],[-82.24,78.59],[-82.6,78.71],[-82.22,78.73],[-82.77,78.73],[-83.26,78.84],[-81.75,78.84],[-81.66,78.89],[-81.76,78.92],[-81.7,78.98],[-81.48,79.05],[-82.53,78.89],[-84.28,78.96],[-84.75,79.04],[-84.45,79.15],[-83.98,79.05],[-83.45,79.03],[-83.36,79.06],[-84.03,79.16],[-83.96,79.22],[-84.33,79.19],[-84.49,79.41],[-84.88,79.49],[-85.02,79.62],[-86.47,79.76],[-86.48,79.82],[-86.38,79.82],[-86.47,79.89],[-86.4,79.96],[-85.25,79.93],[-86.53,80.03],[-86.65,80.14],[-86.5,80.31],[-83.79,80.25],[-82.17,79.87],[-81.99,79.73],[-81.67,79.69],[-81.62,79.62],[-81.79,79.61],[-80.59,79.57],[-80.64,79.59],[-79.75,79.71],[-80.88,79.65],[-81.52,79.72],[-81.63,79.77],[-81.57,79.81],[-81.66,79.91],[-81.4,79.94],[-82.17,80.02],[-83.21,80.32],[-80.05,80.53],[-78.05,80.57],[-79.96,80.62],[-78.19,80.81],[-76.52,80.86],[-78.94,80.88],[-78.86,80.93],[-78.91,81.0],[-78.39,81.15],[-78.44,81.17],[-76.74,81.44],[-78.19,81.31],[-78.68,81.19],[-78.74,81.11],[-79.51,81.2],[-79.07,81.09],[-79.35,81.0],[-79.19,80.96],[-79.61,80.83],[-80.88,80.66],[-82.91,80.54],[-83.17,80.59],[-81.76,80.82],[-83.3,80.7],[-83.57,80.74],[-83.12,80.83],[-83.27,80.85],[-83.86,80.76],[-83.72,80.63],[-83.85,80.54],[-85.12,80.5],[-85.86,80.54],[-85.56,80.62],[-86.05,80.54],[-86.75,80.6],[-85.62,80.98],[-82.36,81.18],[-85.78,81.03],[-87.28,80.63],[-87.71,80.65],[-89.46,80.91],[-86.7,81.01],[-84.73,81.28],[-85.25,81.3],[-87.39,81.07],[-89.83,81.01],[-90.35,81.17],[-89.98,81.25],[-88.93,81.25],[-89.96,81.33],[-88.82,81.46],[-88.89,81.5],[-87.25,81.5],[-88.34,81.59],[-90.49,81.37],[-90.86,81.45],[-89.59,81.63],[-90.09,81.63],[-90.02,81.65],[-90.3,81.7],[-90.36,81.69],[-90.29,81.65],[-90.72,81.67],[-91.01,81.61],[-90.96,81.56],[-91.47,81.53],[-91.41,81.55],[-91.96,81.66],[-90.24,81.9],[-89.72,81.92],[-89.34,81.81],[-89.15,81.89],[-89.41,81.93],[-89.08,81.91],[-88.99,81.93],[-89.06,81.99],[-89.01,82.01],[-88.07,82.11],[-87.37,82.08],[-87.17,82.02],[-87.29,81.96],[-86.73,81.89],[-87.13,81.98],[-86.84,81.99],[-86.96,82.05],[-86.16,82.05],[-85.4,81.86],[-85.73,81.99],[-85.27,82.01],[-84.8,81.89],[-85.07,81.99],[-84.87,81.99],[-84.77,81.92],[-84.6,81.89],[-84.75,81.99],[-86.73,82.14],[-86.88,82.21],[-85.4,82.28],[-85.35,82.29],[-85.55,82.42],[-85.92,82.43],[-84.71,82.48],[-84.62,82.45],[-84.95,82.43],[-83.67,82.35],[-82.95,82.13],[-83.13,82.07],[-81.88,82.04],[-82.63,82.1],[-83.02,82.24],[-82.97,82.3],[-79.23,81.82],[-79.92,81.99],[-79.86,82.03],[-80.93,82.1],[-80.97,82.13],[-80.87,82.16],[-81.29,82.16],[-82.73,82.4],[-82.5,82.51],[-81.5,82.5],[-82.4,82.62],[-82.33,82.66],[-80.58,82.54],[-81.58,82.8],[-81.47,82.83],[-80.32,82.79],[-80.15,82.68],[-79.85,82.64],[-79.98,82.69],[-78.5,82.69],[-79.9,82.77],[-80.0,82.8],[-79.68,82.83],[-80.43,82.9],[-79.34,82.98],[-79.01,82.87],[-78.61,82.94],[-78.51,82.92],[-78.52,82.85],[-78.11,82.83],[-78.24,82.87],[-77.85,82.93],[-77.14,82.87],[-76.56,82.68],[-75.89,82.6],[-76.22,82.45],[-75.4,82.62],[-76.31,82.76],[-75.98,82.79],[-76.37,82.79],[-77.39,82.99],[-76.14,83.05],[-74.2,83.0],[-73.83,82.87],[-72.59,82.7],[-72.5,82.73],[-73.65,82.93],[-72.7,83.1],[-71.63,83.1],[-71.8,83.02],[-70.84,82.89],[-71.5,83.01],[-71.12,83.1],[-69.69,83.12],[-69.77,83.05],[-69.45,83.04],[-69.62,82.99],[-69.04,83.05],[-68.95,82.98],[-68.17,83.0],[-68.13,82.93],[-66.3,82.93],[-66.85,82.81],[-68.67,82.64],[-68.62,82.63],[-66.67,82.71],[-65.85,82.84],[-65.16,82.77],[-65.35,82.8],[-65.1,82.85],[-65.28,82.88],[-64.7,82.91],[-64.94,82.87],[-64.44,82.76],[-64.14,82.84],[-63.45,82.83],[-63.38,82.77],[-63.85,82.72],[-62.93,82.57],[-63.09,82.47],[-63.37,82.44],[-63.03,82.46],[-62.87,82.52],[-62.17,82.53],[-62.3,82.52],[-62.35,82.48],[-61.58,82.49],[-61.09,82.33],[-61.31,82.2],[-61.99,82.13],[-61.87,82.11]],[[-77.13,79.55],[-77.19,79.51],[-76.19,79.47],[-77.13,79.55]]],[[[-65.66,43.46],[-65.56,43.51],[-65.61,43.43],[-65.66,43.46]]],[[[-66.24,44.38],[-66.2,44.39],[-66.31,44.25],[-66.24,44.38]]],[[[-66.69,44.62],[-66.91,44.61],[-66.83,44.79],[-66.69,44.62]]],[[[-66.93,44.94],[-66.9,44.96],[-66.92,44.84],[-66.93,44.94]]],[[[-66.95,44.98],[-66.99,44.93],[-67.02,44.98],[-66.95,44.98]]],[[[-74.08,45.25],[-74.17,45.28],[-73.92,45.33],[-74.08,45.25]]],[[[-73.95,45.37],[-73.98,45.41],[-73.86,45.39],[-73.95,45.37]]],[[[-73.9,45.5],[-73.95,45.5],[-73.94,45.51],[-73.9,45.5]]],[[[-73.6,45.44],[-73.97,45.44],[-73.69,45.56],[-73.47,45.71],[-73.6,45.44]]],[[[-73.56,45.69],[-73.72,45.56],[-73.86,45.55],[-73.56,45.69]]],[[[-67.47,45.27],[-67.43,45.6],[-67.81,45.71],[-67.76,45.92],[-67.81,47.08],[-68.3,47.37],[-68.91,47.19],[-69.06,47.27],[-69.07,47.43],[-69.22,47.46],[-70.01,46.7],[-70.07,46.42],[-70.28,46.21],[-70.26,45.92],[-70.42,45.72],[-70.69,45.57],[-70.73,45.49],[-70.64,45.41],[-70.81,45.42],[-70.89,45.23],[-70.99,45.35],[-71.16,45.25],[-71.33,45.29],[-71.45,45.23],[-71.5,45.01],[-74.71,45.0],[-74.0,45.25],[-73.73,45.42],[-73.52,45.43],[-73.45,45.7],[-73.22,45.9],[-73.16,46.05],[-72.73,46.18],[-72.5,46.36],[-72.27,46.42],[-72.19,46.53],[-71.87,46.67],[-71.71,46.63],[-71.34,46.74],[-71.3,46.75],[-71.16,46.84],[-70.97,46.86],[-70.53,47.01],[-69.45,47.99],[-68.82,48.37],[-68.06,48.69],[-66.62,49.12],[-65.57,49.27],[-64.96,49.22],[-64.55,49.1],[-64.22,48.89],[-64.17,48.76],[-64.3,48.83],[-64.56,48.88],[-64.18,48.64],[-64.28,48.57],[-64.19,48.53],[-64.33,48.42],[-64.72,48.34],[-64.78,48.2],[-65.29,48.01],[-65.78,48.12],[-65.9,48.23],[-66.07,48.1],[-66.47,48.12],[-66.85,48.0],[-66.39,48.08],[-65.82,47.91],[-65.64,47.62],[-65.21,47.82],[-64.8,47.81],[-64.86,47.75],[-64.67,47.73],[-64.89,47.56],[-64.91,47.36],[-65.37,47.09],[-64.8,47.08],[-64.91,46.89],[-64.79,46.72],[-64.84,46.72],[-64.85,46.68],[-64.71,46.69],[-64.71,46.48],[-64.61,46.42],[-64.7,46.33],[-64.56,46.37],[-64.56,46.22],[-63.81,46.14],[-64.09,46.03],[-63.67,45.82],[-63.49,45.88],[-63.41,45.85],[-63.52,45.81],[-63.23,45.81],[-63.38,45.77],[-63.29,45.73],[-63.07,45.76],[-63.1,45.81],[-62.67,45.77],[-62.76,45.76],[-62.63,45.72],[-62.77,45.67],[-62.75,45.61],[-62.61,45.69],[-62.47,45.61],[-61.91,45.89],[-61.88,45.69],[-61.62,45.61],[-61.49,45.69],[-61.34,45.55],[-61.24,45.51],[-61.46,45.35],[-61.0,45.33],[-60.97,45.27],[-61.04,45.3],[-61.12,45.21],[-61.16,45.26],[-61.17,45.2],[-61.28,45.25],[-61.39,45.16],[-61.69,45.18],[-61.64,45.09],[-61.83,45.1],[-62.45,44.83],[-62.48,44.9],[-62.53,44.81],[-62.81,44.79],[-62.83,44.72],[-63.06,44.78],[-63.06,44.68],[-63.12,44.79],[-63.14,44.69],[-63.24,44.74],[-63.29,44.63],[-63.42,44.68],[-63.44,44.6],[-63.66,44.72],[-63.52,44.52],[-63.63,44.44],[-63.79,44.47],[-63.78,44.53],[-63.93,44.51],[-63.89,44.7],[-64.07,44.63],[-64.01,44.51],[-64.08,44.48],[-64.16,44.58],[-64.31,44.57],[-64.34,44.42],[-64.21,44.37],[-64.35,44.37],[-64.27,44.27],[-64.43,44.34],[-64.36,44.27],[-64.5,44.14],[-64.61,44.16],[-64.58,44.07],[-64.72,44.06],[-64.67,44.0],[-64.85,43.93],[-64.79,43.87],[-64.84,43.83],[-64.97,43.87],[-64.98,43.76],[-65.04,43.83],[-65.02,43.72],[-65.09,43.76],[-65.13,43.67],[-65.24,43.81],[-65.25,43.67],[-65.37,43.74],[-65.34,43.54],[-65.46,43.6],[-65.4,43.5],[-65.45,43.56],[-65.47,43.47],[-65.57,43.57],[-65.73,43.51],[-65.86,43.81],[-65.97,43.78],[-66.0,43.85],[-65.98,43.71],[-66.12,43.74],[-66.19,44.17],[-66.09,44.37],[-65.84,44.57],[-66.18,44.43],[-65.79,44.7],[-65.69,44.62],[-65.43,44.78],[-65.74,44.67],[-65.72,44.73],[-65.4,44.89],[-64.42,45.27],[-64.48,45.34],[-64.33,45.31],[-64.37,45.11],[-64.22,45.11],[-64.16,44.98],[-64.1,45.06],[-64.2,45.15],[-64.12,45.22],[-63.36,45.36],[-64.58,45.42],[-64.76,45.3],[-64.93,45.33],[-64.9,45.43],[-64.48,45.73],[-64.55,45.73],[-64.53,45.9],[-64.75,46.09],[-64.57,45.86],[-64.77,45.61],[-64.9,45.63],[-65.75,45.24],[-65.93,45.21],[-66.14,45.31],[-66.06,45.26],[-66.2,45.16],[-66.25,45.2],[-66.31,45.2],[-66.26,45.16],[-66.44,45.08],[-66.49,45.16],[-66.89,45.06],[-66.85,45.13],[-66.94,45.19],[-67.04,45.08],[-67.19,45.23],[-67.18,45.18],[-67.47,45.27]],[[-64.38,45.79],[-64.31,45.83],[-64.33,45.74],[-64.26,45.77],[-64.28,45.84],[-64.35,45.89],[-64.48,45.73],[-64.38,45.79]],[[-66.0,45.4],[-66.01,45.46],[-66.2,45.33],[-66.14,45.31],[-66.0,45.4]]],[[[-71.12,46.88],[-70.82,47.02],[-70.86,46.95],[-71.12,46.88]]],[[[-70.39,47.42],[-70.32,47.43],[-70.39,47.37],[-70.39,47.42]]],[[[-64.65,47.73],[-64.7,47.76],[-64.68,47.86],[-64.52,47.87],[-64.48,47.94],[-64.5,47.86],[-64.65,47.73]]],[[[-64.59,47.91],[-64.51,48.03],[-64.47,47.96],[-64.59,47.91]]],[[[-68.88,48.4],[-68.84,48.41],[-68.84,48.4],[-68.88,48.4]]],[[[-67.53,58.35],[-67.58,58.28],[-67.66,58.33],[-67.59,58.42],[-67.53,58.35]]],[[[-68.97,58.99],[-69.12,58.96],[-69.06,59.01],[-68.97,58.99]]],[[[-69.34,58.95],[-69.29,59.07],[-69.35,59.14],[-69.11,59.14],[-69.06,59.08],[-69.34,58.95]]],[[[-64.43,60.29],[-64.86,60.47],[-64.64,60.49],[-64.53,60.38],[-64.42,60.4],[-64.48,60.33],[-64.43,60.29]]],[[[-68.32,60.2],[-68.44,60.26],[-68.24,60.59],[-68.13,60.6],[-67.83,60.47],[-67.97,60.29],[-68.32,60.2]]],[[[-64.72,60.6],[-64.6,60.69],[-64.61,60.63],[-64.72,60.6]]],[[[-69.91,61.0],[-69.98,60.93],[-70.01,61.0],[-69.91,61.0]]],[[[-71.49,61.3],[-71.59,61.3],[-71.56,61.33],[-71.49,61.3]]],[[[-64.92,61.4],[-65.48,61.62],[-65.05,61.7],[-64.65,61.6],[-64.72,61.55],[-64.7,61.46],[-64.85,61.33],[-64.98,61.38],[-64.92,61.4]]],[[[-65.9,61.77],[-65.95,61.8],[-65.79,61.87],[-65.68,61.76],[-65.9,61.77]]],[[[-65.02,61.86],[-64.98,61.9],[-64.83,61.76],[-65.15,61.78],[-65.26,61.89],[-65.07,61.93],[-65.02,61.86]]],[[[-71.99,61.87],[-71.97,61.86],[-72.13,61.89],[-71.99,61.87]]],[[[-72.35,62.0],[-72.46,62.04],[-72.41,62.04],[-72.35,62.0]]],[[[-64.59,62.37],[-64.96,62.46],[-64.79,62.49],[-64.87,62.53],[-64.8,62.57],[-64.38,62.53],[-64.48,62.49],[-64.42,62.47],[-64.59,62.37]]],[[[-64.91,62.61],[-64.84,62.58],[-64.97,62.53],[-65.14,62.55],[-64.91,62.61]]],[[[-74.65,62.72],[-74.03,62.68],[-73.96,62.61],[-74.65,62.72]]],[[[-70.74,62.56],[-70.93,62.75],[-70.79,62.78],[-71.16,62.8],[-71.04,62.83],[-71.24,62.89],[-70.49,62.77],[-70.18,62.59],[-70.74,62.56]]],[[[-66.41,62.85],[-66.57,62.91],[-66.56,62.93],[-66.34,62.85],[-66.41,62.85]]],[[[-66.92,63.07],[-66.77,62.94],[-67.07,63.1],[-66.92,63.07]]],[[[-68.19,63.25],[-68.22,63.28],[-68.05,63.19],[-68.19,63.25]]],[[[-68.03,63.27],[-68.09,63.32],[-67.89,63.19],[-68.03,63.27]]],[[[-67.82,63.29],[-67.96,63.41],[-67.91,63.39],[-67.82,63.29]]],[[[-64.35,63.39],[-64.48,63.64],[-64.34,63.66],[-64.29,63.44],[-64.06,63.27],[-64.35,63.39]]],[[[-72.54,63.66],[-72.78,63.66],[-72.5,63.71],[-72.46,63.69],[-72.59,63.68],[-72.54,63.66]]],[[[-64.17,63.81],[-64.26,63.72],[-64.34,63.77],[-64.33,63.84],[-64.17,63.81]]],[[[-64.56,63.91],[-64.61,63.84],[-64.5,63.84],[-64.61,63.79],[-64.42,63.78],[-64.39,63.7],[-64.92,63.82],[-64.56,63.91]]],[[[-73.29,64.15],[-73.4,64.16],[-73.34,64.24],[-73.17,64.21],[-73.29,64.15]]],[[[-64.97,64.31],[-64.88,64.23],[-64.99,64.19],[-65.07,64.28],[-64.97,64.31]]],[[[-73.56,64.32],[-73.65,64.32],[-73.67,64.43],[-73.58,64.49],[-73.68,64.52],[-73.51,64.56],[-73.56,64.32]]],[[[-65.41,64.74],[-65.41,64.66],[-65.29,64.74],[-65.31,64.67],[-65.21,64.64],[-65.68,64.51],[-65.41,64.74]]],[[[-66.97,65.35],[-66.9,65.35],[-66.97,65.28],[-66.97,65.35]]],[[[-67.56,65.74],[-67.39,65.74],[-67.68,65.69],[-67.56,65.74]]],[[[-65.86,65.71],[-65.87,65.78],[-65.77,65.76],[-65.8,65.68],[-65.86,65.71]]],[[[-66.96,66.0],[-66.93,65.95],[-67.15,66.0],[-66.96,66.0]]],[[[-74.77,67.96],[-74.76,68.06],[-74.46,68.07],[-74.34,68.18],[-74.21,68.14],[-74.26,68.06],[-73.45,67.99],[-73.36,67.84],[-73.41,67.78],[-74.4,67.78],[-74.77,67.96]]],[[[-66.32,68.16],[-66.66,68.21],[-66.18,68.26],[-66.32,68.16]]],[[[-74.17,68.4],[-74.08,68.33],[-74.26,68.27],[-74.21,68.32],[-74.4,68.42],[-74.3,68.46],[-74.17,68.4]]],[[[-68.01,68.77],[-67.66,68.7],[-68.44,68.78],[-68.01,68.77]]],[[[-67.49,69.51],[-67.75,69.52],[-67.51,69.61],[-67.31,69.56],[-67.54,69.52],[-67.49,69.51]]],[[[-67.83,69.66],[-67.97,69.69],[-67.89,69.71],[-67.72,69.65],[-67.91,69.53],[-68.31,69.59],[-67.83,69.66]]],[[[-72.05,70.81],[-72.23,70.94],[-72.07,70.93],[-72.02,71.05],[-71.86,71.08],[-71.34,71.01],[-71.41,70.92],[-72.05,70.81]]],[[[-73.02,71.41],[-72.99,71.31],[-73.07,71.3],[-73.27,71.36],[-73.38,71.52],[-73.17,71.57],[-73.08,71.54],[-73.16,71.42],[-72.98,71.52],[-72.82,71.45],[-73.02,71.41]]],[[[-72.74,71.66],[-72.66,71.6],[-72.77,71.53],[-73.04,71.59],[-72.74,71.66]]],[[[-60.13,43.96],[-59.87,43.94],[-59.71,44.01],[-59.86,43.92],[-60.13,43.96]]],[[[-61.0,45.46],[-61.11,45.55],[-60.88,45.57],[-61.0,45.46]]],[[[-62.6,45.81],[-62.51,45.83],[-62.51,45.81],[-62.6,45.81]]],[[[-59.71,45.99],[-59.78,46.0],[-59.69,46.03],[-59.71,45.99]]],[[[-60.73,45.57],[-60.87,45.65],[-61.28,45.55],[-61.44,45.68],[-61.55,46.02],[-60.6,47.03],[-60.4,47.03],[-60.5,46.9],[-60.31,46.83],[-60.4,46.67],[-60.35,46.6],[-60.61,46.21],[-60.48,46.32],[-60.43,46.28],[-60.63,46.12],[-60.87,46.08],[-61.12,45.95],[-60.74,46.06],[-60.82,45.94],[-61.07,45.9],[-60.91,45.85],[-61.15,45.71],[-60.91,45.76],[-60.81,45.72],[-60.84,45.64],[-60.73,45.68],[-60.74,45.77],[-60.4,46.0],[-60.7,45.89],[-60.79,45.94],[-60.3,46.22],[-60.65,46.07],[-60.35,46.31],[-60.2,46.24],[-60.29,46.16],[-60.2,46.14],[-60.14,46.25],[-59.81,46.17],[-59.96,46.03],[-59.81,45.94],[-60.13,45.87],[-60.07,45.8],[-60.73,45.57]]],[[[-62.5,46.27],[-62.44,46.22],[-62.59,46.23],[-62.5,46.18],[-62.6,46.21],[-62.46,46.14],[-62.57,46.04],[-62.49,45.99],[-62.75,45.95],[-62.91,46.07],[-63.03,46.07],[-62.88,46.16],[-63.12,46.22],[-62.96,46.32],[-63.2,46.27],[-63.27,46.2],[-63.14,46.2],[-63.23,46.15],[-63.6,46.22],[-63.8,46.33],[-63.74,46.4],[-64.13,46.42],[-64.07,46.64],[-64.14,46.6],[-64.42,46.68],[-64.0,47.07],[-63.97,46.89],[-64.09,46.78],[-63.83,46.61],[-63.94,46.48],[-63.83,46.52],[-63.71,46.44],[-63.68,46.57],[-63.46,46.47],[-63.33,46.5],[-63.24,46.41],[-61.98,46.45],[-62.5,46.27]]],[[[-54.81,47.23],[-54.83,47.24],[-54.83,47.27],[-54.81,47.23]]],[[[-55.84,47.27],[-55.95,47.27],[-55.95,47.28],[-55.84,47.27]]],[[[-54.18,47.42],[-54.14,47.4],[-54.18,47.36],[-54.18,47.42]]],[[[-61.59,47.56],[-61.97,47.28],[-61.79,47.24],[-62.01,47.22],[-61.93,47.41],[-61.56,47.63],[-61.38,47.64],[-61.53,47.55],[-61.47,47.62],[-61.55,47.61],[-61.67,47.54],[-61.59,47.56]]],[[[-54.26,47.49],[-54.13,47.67],[-54.24,47.41],[-54.36,47.41],[-54.26,47.49]]],[[[-54.08,47.61],[-54.08,47.48],[-54.1,47.56],[-54.08,47.69],[-54.08,47.61]]],[[[-52.92,47.63],[-53.03,47.6],[-53.02,47.62],[-52.92,47.63]]],[[[-55.94,47.69],[-55.91,47.66],[-55.88,47.62],[-55.96,47.61],[-56.06,47.63],[-55.94,47.69]]],[[[-53.88,48.11],[-53.93,48.21],[-53.94,48.18],[-53.91,48.09],[-53.66,48.06],[-53.91,48.02],[-53.61,48.05],[-53.7,47.9],[-53.79,47.9],[-53.73,47.89],[-53.79,47.77],[-53.87,47.84],[-53.93,47.85],[-53.76,47.63],[-53.67,47.68],[-53.67,47.53],[-53.55,47.54],[-53.5,47.75],[-53.28,48.02],[-53.06,48.05],[-52.92,48.17],[-52.84,48.11],[-53.21,47.74],[-53.16,47.68],[-53.26,47.61],[-53.17,47.61],[-53.26,47.56],[-53.18,47.56],[-53.2,47.44],[-53.13,47.42],[-52.88,47.59],[-52.77,47.8],[-52.62,47.52],[-52.94,47.09],[-52.85,47.03],[-53.07,46.67],[-53.19,46.63],[-53.27,46.74],[-53.39,46.68],[-53.36,46.74],[-53.55,46.62],[-53.64,46.71],[-53.49,46.9],[-53.64,46.8],[-53.52,46.94],[-53.64,46.99],[-53.5,47.14],[-53.56,47.2],[-53.95,46.86],[-54.19,46.83],[-54.01,47.23],[-53.93,47.23],[-54.0,47.32],[-53.81,47.42],[-53.92,47.45],[-53.89,47.6],[-54.08,47.88],[-54.13,47.83],[-54.17,47.88],[-54.27,47.9],[-54.2,47.83],[-54.46,47.5],[-54.4,47.45],[-54.62,47.37],[-54.42,47.61],[-54.66,47.38],[-54.84,47.42],[-55.03,47.17],[-55.09,47.21],[-55.14,47.17],[-55.07,47.08],[-55.15,47.01],[-55.2,47.07],[-55.25,46.92],[-55.42,46.87],[-55.53,46.94],[-55.74,46.85],[-55.98,46.97],[-55.87,47.08],[-55.49,47.14],[-55.18,47.46],[-54.7,47.67],[-55.09,47.6],[-54.94,47.79],[-55.13,47.58],[-55.13,47.66],[-55.36,47.65],[-55.36,47.73],[-55.43,47.72],[-55.47,47.63],[-55.4,47.62],[-55.41,47.5],[-55.6,47.4],[-55.59,47.46],[-55.66,47.44],[-55.59,47.51],[-55.64,47.55],[-55.92,47.44],[-55.75,47.59],[-56.16,47.49],[-55.63,47.68],[-55.91,47.66],[-55.74,47.92],[-55.78,47.96],[-55.86,47.79],[-56.06,47.7],[-56.15,47.84],[-56.18,47.63],[-56.3,47.63],[-56.31,47.75],[-56.34,47.62],[-56.7,47.62],[-56.68,47.58],[-56.75,47.64],[-56.71,47.57],[-56.79,47.53],[-57.15,47.57],[-57.17,47.64],[-57.77,47.62],[-57.92,47.65],[-57.88,47.7],[-58.35,47.65],[-58.26,47.75],[-58.43,47.64],[-59.15,47.56],[-59.31,47.62],[-59.28,47.76],[-59.41,47.9],[-58.57,48.44],[-58.49,48.46],[-58.6,48.4],[-58.27,48.52],[-58.7,48.55],[-59.26,48.47],[-58.77,48.78],[-58.96,48.62],[-58.71,48.57],[-58.4,49.14],[-58.36,49.06],[-58.21,49.07],[-58.07,48.98],[-57.88,48.97],[-58.05,49.0],[-58.14,49.13],[-57.91,49.13],[-57.85,49.18],[-58.08,49.15],[-57.93,49.25],[-58.19,49.24],[-58.23,49.37],[-58.0,49.56],[-57.9,49.44],[-57.87,49.51],[-57.7,49.46],[-57.88,49.53],[-57.94,49.71],[-57.36,50.61],[-57.2,50.6],[-57.15,50.63],[-57.4,50.71],[-57.17,50.75],[-56.93,50.92],[-57.09,51.02],[-56.9,51.02],[-56.98,51.06],[-56.8,51.14],[-56.8,51.24],[-56.66,51.35],[-55.89,51.63],[-55.82,51.62],[-55.89,51.5],[-55.64,51.47],[-55.61,51.48],[-55.68,51.5],[-55.74,51.55],[-55.73,51.58],[-55.51,51.6],[-55.4,51.56],[-55.53,51.51],[-55.46,51.46],[-55.6,51.31],[-56.09,51.37],[-56.01,51.28],[-56.08,51.23],[-55.97,51.16],[-55.76,51.22],[-55.73,51.08],[-56.08,50.72],[-56.1,50.91],[-56.16,50.88],[-56.1,50.67],[-56.41,50.38],[-56.5,50.39],[-56.44,50.3],[-56.67,50.13],[-56.77,49.83],[-56.91,49.75],[-56.78,49.73],[-56.86,49.55],[-56.12,50.16],[-56.06,50.08],[-56.19,49.92],[-55.96,50.04],[-55.75,49.93],[-55.49,50.01],[-55.47,49.96],[-56.0,49.75],[-56.17,49.57],[-55.97,49.7],[-55.84,49.69],[-55.94,49.61],[-55.9,49.56],[-56.13,49.43],[-55.82,49.52],[-55.72,49.48],[-55.79,49.45],[-55.68,49.47],[-55.66,49.38],[-55.52,49.49],[-55.57,49.36],[-55.37,49.51],[-55.43,49.42],[-55.31,49.45],[-55.45,49.36],[-55.29,49.4],[-55.34,49.36],[-55.31,49.31],[-55.24,49.39],[-55.31,49.53],[-55.2,49.51],[-55.21,49.53],[-55.16,49.55],[-55.14,49.54],[-55.38,49.05],[-55.18,49.12],[-55.28,49.11],[-55.29,49.19],[-55.05,49.29],[-55.08,49.36],[-55.01,49.35],[-55.03,49.23],[-54.88,49.29],[-54.83,49.41],[-54.82,49.28],[-54.47,49.55],[-54.53,49.45],[-54.43,49.47],[-54.48,49.27],[-54.37,49.42],[-54.22,49.42],[-54.23,49.36],[-54.04,49.48],[-53.49,49.29],[-53.45,49.24],[-53.62,49.12],[-53.59,49.05],[-53.84,49.03],[-53.73,49.01],[-53.88,48.99],[-53.81,48.93],[-54.2,48.77],[-53.84,48.84],[-53.8,48.81],[-53.92,48.8],[-53.88,48.75],[-54.02,48.75],[-53.93,48.63],[-53.79,48.68],[-53.92,48.67],[-53.84,48.75],[-53.73,48.66],[-53.6,48.68],[-53.9,48.59],[-53.96,48.55],[-53.71,48.56],[-53.75,48.52],[-53.86,48.48],[-53.86,48.37],[-53.66,48.55],[-53.62,48.5],[-53.73,48.43],[-53.63,48.45],[-53.58,48.53],[-53.62,48.41],[-53.44,48.62],[-53.24,48.53],[-53.08,48.7],[-52.98,48.55],[-53.19,48.36],[-53.35,48.39],[-53.37,48.29],[-53.54,48.21],[-53.54,48.11],[-53.88,48.11]],[[-53.68,48.15],[-53.64,48.17],[-53.93,48.24],[-53.93,48.21],[-53.68,48.15]]],[[[-54.75,49.45],[-54.66,49.49],[-54.64,49.48],[-54.75,49.45]]],[[[-64.13,49.95],[-63.12,49.78],[-61.88,49.35],[-61.66,49.15],[-61.81,49.07],[-62.25,49.07],[-63.09,49.23],[-63.59,49.39],[-63.64,49.51],[-63.93,49.67],[-64.47,49.85],[-64.13,49.95]]],[[[-55.66,49.56],[-55.66,49.54],[-55.71,49.51],[-55.66,49.56]]],[[[-54.73,49.56],[-54.53,49.63],[-54.74,49.49],[-54.88,49.49],[-54.81,49.52],[-54.9,49.58],[-54.73,49.56]]],[[[-55.67,49.64],[-55.57,49.6],[-55.67,49.57],[-55.67,49.64]]],[[[-54.11,49.75],[-53.98,49.66],[-54.26,49.57],[-54.27,49.68],[-54.11,49.75]]],[[[-55.84,50.22],[-55.82,50.2],[-55.85,50.19],[-55.84,50.22]]],[[[-55.73,50.23],[-55.7,50.19],[-55.71,50.19],[-55.79,50.21],[-55.73,50.23]]],[[[-63.91,50.21],[-63.92,50.24],[-63.9,50.25],[-63.86,50.2],[-63.91,50.21]]],[[[-59.35,50.54],[-59.38,50.65],[-59.34,50.64],[-59.35,50.54]]],[[[-55.58,50.7],[-55.65,50.73],[-55.61,50.8],[-55.48,50.78],[-55.58,50.7]]],[[[-58.89,50.79],[-58.86,50.83],[-58.85,50.79],[-58.89,50.79]]],[[[-57.24,50.8],[-57.28,50.82],[-57.21,50.84],[-57.24,50.8]]],[[[-55.64,50.96],[-55.54,50.99],[-55.55,50.89],[-55.64,50.96]]],[[[-58.43,51.17],[-58.62,51.09],[-58.55,51.15],[-58.43,51.17]]],[[[-58.41,51.2],[-58.41,51.22],[-58.31,51.25],[-58.41,51.2]]],[[[-58.46,51.23],[-58.56,51.23],[-58.5,51.28],[-58.43,51.28],[-58.46,51.23]]],[[[-55.33,51.9],[-55.43,51.89],[-55.38,51.96],[-55.31,51.98],[-55.33,51.9]]],[[[-55.81,52.77],[-55.81,52.73],[-55.86,52.73],[-55.81,52.77]]],[[[-55.8,52.94],[-55.85,53.0],[-55.78,53.01],[-55.8,52.94]]],[[[-55.87,53.06],[-55.75,53.08],[-55.76,53.03],[-55.87,53.06]]],[[[-55.79,53.39],[-55.99,53.47],[-55.89,53.5],[-55.79,53.48],[-55.79,53.39]]],[[[-57.11,53.64],[-57.17,53.66],[-57.03,53.71],[-57.11,53.64]]],[[[-56.97,53.81],[-56.82,53.79],[-56.95,53.75],[-56.97,53.81]]],[[[-57.33,54.29],[-57.29,54.28],[-57.31,54.24],[-57.33,54.29]]],[[[-57.23,54.49],[-57.2,54.45],[-57.29,54.47],[-57.23,54.49]]],[[[-57.35,54.56],[-57.28,54.58],[-57.27,54.5],[-57.35,54.56]]],[[[-58.17,54.77],[-58.23,54.87],[-57.94,54.93],[-57.99,54.8],[-58.17,54.77]]],[[[-60.82,55.89],[-60.85,55.96],[-60.69,55.93],[-60.74,55.89],[-60.9,55.88],[-60.82,55.89]]],[[[-61.1,56.17],[-60.94,56.09],[-61.01,56.04],[-60.94,56.02],[-61.22,56.06],[-61.1,56.17]]],[[[-61.71,56.36],[-61.8,56.42],[-61.46,56.41],[-61.46,56.32],[-61.71,56.36]]],[[[-61.64,56.5],[-61.43,56.48],[-61.63,56.51],[-61.46,56.55],[-61.15,56.44],[-61.64,56.5]]],[[[-61.09,56.68],[-61.06,56.63],[-61.22,56.59],[-61.09,56.68]]],[[[-61.34,56.94],[-61.37,56.85],[-61.58,56.77],[-61.38,56.77],[-61.39,56.62],[-61.65,56.74],[-61.52,56.95],[-61.34,56.94]]],[[[-61.66,57.53],[-61.67,57.47],[-61.83,57.44],[-61.61,57.42],[-61.89,57.43],[-61.66,57.53]]],[[[-61.94,57.59],[-61.78,57.54],[-61.93,57.46],[-62.02,57.52],[-61.94,57.59]]],[[[-61.68,57.73],[-61.9,57.76],[-61.8,57.84],[-61.7,57.84],[-61.68,57.73]]],[[[-61.98,57.92],[-61.87,57.85],[-61.96,57.79],[-62.1,57.83],[-61.98,57.92]]],[[[-64.2,59.74],[-64.06,59.86],[-64.08,59.8],[-63.96,59.75],[-64.2,59.74]]],[[[-64.14,63.62],[-64.04,63.56],[-64.09,63.49],[-64.14,63.62]]],[[[-62.2,65.61],[-62.32,65.62],[-62.49,65.72],[-62.17,65.71],[-62.2,65.61]]],[[[-62.9,67.06],[-62.64,67.18],[-62.37,67.17],[-62.74,67.04],[-62.9,67.06]]],[[[-63.63,67.36],[-63.36,67.3],[-63.46,67.27],[-63.83,67.29],[-63.63,67.36]]],[[[-63.95,67.65],[-63.76,67.52],[-64.02,67.51],[-63.95,67.65]]]],"type":"MultiPolygon"},"properties":{"name":"Canada"},"type":"Feature"},{"geometry":{"coordinates":[[[[-24.72,14.8],[-24.76,14.87],[-24.7,14.9],[-24.72,14.8]]],[[[-24.42,14.82],[-24.53,14.92],[-24.36,15.05],[-24.29,14.88],[-24.42,14.82]]],[[[-24.43,16.64],[-24.36,16.68],[-24.03,16.6],[-24.27,16.59],[-24.32,16.48],[-24.43,16.64]]],[[[-24.6,16.62],[-24.57,16.62],[-24.58,16.61],[-24.6,16.62]]],[[[-24.69,16.74],[-24.74,16.73],[-24.79,16.79],[-24.69,16.74]]],[[[-24.99,16.79],[-25.09,16.83],[-24.98,16.92],[-24.88,16.86],[-24.99,16.79]]],[[[-25.3,16.92],[-25.36,17.06],[-25.1,17.2],[-24.97,17.11],[-25.3,16.92]]],[[[-23.68,14.94],[-23.77,15.04],[-23.75,15.33],[-23.51,15.13],[-23.44,15.01],[-23.49,14.93],[-23.68,14.94]]],[[[-23.25,15.16],[-23.22,15.32],[-23.13,15.31],[-23.11,15.17],[-23.25,15.16]]],[[[-22.81,15.99],[-22.96,16.05],[-22.92,16.24],[-22.72,16.21],[-22.68,16.08],[-22.81,15.99]]],[[[-22.99,16.82],[-22.92,16.86],[-22.9,16.61],[-22.99,16.82]]]],"type":"MultiPolygon"},"properties":{"name":"Cape Verde"},"type":"Feature"},{"geometry":{"coordinates":[[[-68.21,12.12],[-68.25,12.02],[-68.3,12.2],[-68.42,12.26],[-68.38,12.31],[-68.21,12.23],[-68.21,12.12]]],"type":"Polygon"},"properties":{"name":"Caribbean Netherlands"},"type":"Feature"},{"geometry":{"coordinates":[[[[-81.11,19.3],[-81.39,19.26],[-81.42,19.37],[-81.35,19.3],[-81.29,19.37],[-81.11,19.3]]],[[[-79.96,19.7],[-80.11,19.66],[-80.06,19.7],[-79.96,19.7]]],[[[-79.73,19.74],[-79.89,19.68],[-79.87,19.7],[-79.73,19.74]]]],"type":"MultiPolygon"},"properties":{"name":"Cayman Islands"},"type":"Feature"},{"geometry":{"coordinates":[[[16.69,3.54],[16.57,3.46],[16.47,3.16],[16.48,2.84],[16.2,2.24],[16.09,2.51],[16.06,2.94],[15.91,3.1],[15.79,3.11],[15.08,3.89],[15.03,4.03],[15.19,4.06],[15.09,4.12],[14.99,4.41],[14.72,4.62],[14.66,5.16],[14.52,5.29],[14.62,5.5],[14.62,5.86],[14.39,6.04],[14.77,6.32],[15.22,7.25],[15.43,7.39],[15.48,7.52],[15.93,7.49],[16.37,7.67],[16.39,7.78],[16.55,7.87],[16.61,7.68],[16.78,7.54],[17.64,7.99],[18.59,8.05],[19.12,8.68],[18.87,8.85],[18.89,8.9],[19.1,9.02],[19.64,9.01],[20.11,9.15],[20.44,9.14],[20.54,9.32],[20.67,9.3],[20.83,9.42],[21.26,9.98],[21.37,9.97],[21.51,10.2],[21.72,10.3],[21.72,10.64],[22.46,11.0],[22.86,10.92],[23.29,10.44],[23.64,9.86],[23.63,9.28],[23.47,9.17],[23.44,9.02],[23.57,8.97],[23.51,8.71],[24.22,8.69],[24.25,8.58],[24.14,8.44],[24.15,8.32],[24.8,8.18],[25.06,7.9],[25.22,7.86],[25.28,7.66],[25.17,7.58],[25.19,7.5],[25.36,7.34],[26.03,7.0],[26.09,6.83],[26.38,6.65],[26.27,6.47],[26.51,6.21],[26.42,6.07],[26.78,5.98],[26.82,5.89],[27.12,5.77],[27.26,5.58],[27.26,5.26],[27.44,5.07],[27.07,5.2],[26.87,5.04],[26.74,5.09],[26.5,5.05],[26.2,5.24],[25.91,5.17],[25.54,5.38],[25.36,5.31],[25.31,5.03],[24.73,4.92],[24.4,5.12],[24.4,5.04],[24.26,4.93],[23.59,4.73],[23.41,4.59],[22.9,4.82],[22.69,4.49],[22.59,4.47],[22.51,4.19],[22.3,4.13],[21.74,4.29],[21.21,4.29],[20.87,4.45],[20.58,4.42],[20.34,4.77],[19.82,5.1],[19.43,5.14],[19.08,4.91],[18.75,4.4],[18.54,4.33],[18.65,4.05],[18.63,3.48],[18.47,3.63],[18.25,3.57],[18.18,3.48],[18.08,3.56],[17.84,3.54],[17.79,3.62],[17.48,3.7],[17.3,3.62],[16.69,3.54]]],"type":"Polygon"},"properties":{"name":"Central African Republic"},"type":"Feature"},{"geometry":{"coordinates":[[[16.78,7.54],[16.61,7.68],[16.55,7.87],[16.39,7.78],[16.37,7.67],[15.93,7.49],[15.48,7.52],[15.56,7.79],[15.44,7.84],[15.18,8.48],[14.35,9.17],[13.95,9.64],[14.18,9.98],[14.77,9.92],[15.68,9.99],[15.13,10.54],[15.02,11.18],[15.14,11.53],[15.07,11.68],[15.11,11.78],[15.05,12.08],[14.9,12.15],[14.83,12.62],[14.55,12.77],[14.42,13.08],[14.06,13.08],[13.61,13.7],[13.45,14.38],[13.48,14.48],[13.66,14.55],[13.83,15.02],[14.37,15.75],[15.47,16.92],[15.74,19.9],[15.97,20.34],[15.57,20.75],[15.54,20.89],[15.61,20.95],[15.18,21.49],[15.17,21.99],[14.98,23.0],[15.99,23.44],[23.98,19.5],[23.98,15.72],[23.09,15.7],[22.91,15.54],[22.96,15.2],[22.66,14.86],[22.68,14.69],[22.36,14.54],[22.43,14.26],[22.55,14.14],[22.21,13.96],[22.07,13.78],[22.27,13.33],[21.96,13.1],[21.81,12.79],[21.94,12.64],[22.11,12.65],[22.2,12.74],[22.45,12.61],[22.37,12.46],[22.48,12.16],[22.46,12.03],[22.61,12.07],[22.54,11.63],[22.77,11.4],[22.91,11.4],[22.95,11.25],[22.86,10.92],[22.45,11.0],[21.72,10.64],[21.72,10.3],[21.51,10.2],[21.37,9.97],[21.26,9.98],[20.83,9.42],[20.67,9.3],[20.54,9.32],[20.44,9.14],[19.02,8.99],[18.87,8.85],[19.12,8.68],[18.59,8.05],[17.64,7.99],[16.78,7.54]]],"type":"Polygon"},"properties":{"name":"Chad"},"type":"Feature"},{"geometry":{"coordinates":[[[[-74.95,-52.06],[-75.01,-52.1],[-74.98,-52.04],[-75.07,-51.98],[-74.97,-51.93],[-75.04,-51.92],[-74.96,-51.82],[-74.84,-51.85],[-74.93,-51.64],[-74.81,-51.63],[-74.76,-51.78],[-74.98,-52.11],[-74.95,-52.06]]],[[[-75.05,-51.72],[-74.98,-51.72],[-75.01,-51.86],[-75.1,-51.9],[-75.05,-51.72]]],[[[-75.12,-51.47],[-75.16,-51.43],[-75.14,-51.57],[-75.31,-51.63],[-75.19,-51.38],[-75.22,-51.31],[-75.13,-51.27],[-75.15,-51.36],[-75.09,-51.3],[-75.01,-51.4],[-75.12,-51.47]]],[[[-75.02,-51.46],[-74.8,-51.33],[-74.96,-51.34],[-74.79,-51.21],[-74.56,-51.25],[-74.63,-51.26],[-74.54,-51.37],[-74.59,-51.4],[-74.69,-51.28],[-74.78,-51.43],[-75.02,-51.46]]],[[[-75.02,-51.16],[-74.87,-51.12],[-74.88,-51.16],[-75.02,-51.16]]],[[[-74.9,-50.68],[-74.74,-50.71],[-74.72,-50.8],[-74.78,-50.8],[-74.72,-50.86],[-74.67,-50.81],[-74.69,-50.89],[-74.93,-50.85],[-74.86,-50.82],[-74.96,-50.73],[-74.85,-50.73],[-74.9,-50.68]]],[[[-75.08,-50.65],[-74.99,-50.66],[-74.98,-50.8],[-75.07,-50.79],[-75.08,-50.65]]],[[[-75.35,-50.56],[-75.26,-50.67],[-75.31,-50.79],[-75.46,-50.76],[-75.41,-50.67],[-75.51,-50.66],[-75.36,-50.59],[-75.47,-50.49],[-75.4,-50.46],[-75.1,-50.5],[-75.35,-50.56]]],[[[-75.17,-50.43],[-74.89,-50.29],[-74.98,-50.43],[-75.17,-50.43]]],[[[-75.25,-50.44],[-75.32,-50.4],[-75.19,-50.3],[-75.45,-50.36],[-75.39,-50.16],[-75.27,-50.16],[-75.35,-50.2],[-75.18,-50.26],[-75.12,-50.14],[-75.3,-50.13],[-75.39,-50.03],[-75.16,-50.02],[-75.05,-50.13],[-74.95,-50.08],[-75.07,-50.19],[-74.8,-50.13],[-74.81,-50.21],[-75.25,-50.44]]],[[[-75.63,-49.76],[-75.51,-49.72],[-75.61,-49.64],[-75.5,-49.56],[-75.36,-49.61],[-75.18,-49.88],[-75.34,-49.86],[-75.37,-49.72],[-75.57,-49.85],[-75.63,-49.76]]],[[[-75.44,-49.52],[-75.54,-49.39],[-75.47,-49.4],[-75.44,-49.52]]],[[[-75.3,-49.62],[-75.24,-49.56],[-75.32,-49.55],[-75.26,-49.49],[-75.34,-49.51],[-75.46,-49.31],[-75.38,-49.28],[-75.17,-49.5],[-75.32,-49.26],[-75.15,-49.38],[-75.09,-49.37],[-75.19,-49.3],[-75.04,-49.26],[-75.09,-49.2],[-74.89,-49.36],[-74.8,-49.1],[-74.95,-49.01],[-74.82,-49.01],[-74.82,-48.95],[-74.97,-48.99],[-75.02,-48.89],[-74.87,-48.84],[-74.94,-48.83],[-75.01,-48.77],[-74.7,-48.68],[-74.62,-48.72],[-74.63,-48.86],[-74.54,-48.71],[-74.56,-48.9],[-74.48,-48.95],[-74.53,-49.03],[-74.45,-49.3],[-74.61,-49.71],[-74.51,-49.62],[-74.43,-49.66],[-74.42,-49.74],[-74.54,-49.75],[-74.43,-49.79],[-74.45,-49.88],[-74.52,-49.86],[-74.47,-49.94],[-74.61,-49.91],[-74.54,-49.99],[-74.77,-50.05],[-74.86,-49.99],[-74.68,-49.93],[-74.91,-49.93],[-74.73,-49.84],[-74.84,-49.84],[-74.77,-49.77],[-74.88,-49.8],[-74.89,-49.61],[-74.71,-49.64],[-74.89,-49.53],[-74.74,-49.52],[-74.65,-49.35],[-74.81,-49.38],[-74.75,-49.42],[-74.94,-49.54],[-74.99,-49.48],[-75.04,-49.59],[-75.01,-49.68],[-74.95,-49.64],[-75.01,-49.9],[-75.13,-49.86],[-75.3,-49.62]]],[[[-75.06,-49.17],[-75.23,-49.12],[-75.13,-49.02],[-74.97,-49.03],[-74.89,-49.1],[-74.95,-49.28],[-75.06,-49.17]]],[[[-75.61,-49.15],[-75.34,-48.99],[-75.32,-49.13],[-75.4,-49.19],[-75.42,-49.13],[-75.51,-49.27],[-75.63,-49.21],[-75.61,-49.15]]],[[[-75.48,-49.04],[-75.53,-49.02],[-75.47,-48.95],[-75.66,-48.93],[-75.61,-48.86],[-75.47,-48.84],[-75.51,-48.91],[-75.39,-48.83],[-75.43,-48.88],[-75.31,-48.86],[-75.21,-49.05],[-75.28,-49.06],[-75.31,-48.96],[-75.48,-49.04]]],[[[-75.31,-48.79],[-75.12,-48.85],[-75.08,-48.89],[-75.14,-48.93],[-75.06,-48.95],[-75.19,-49.0],[-75.31,-48.79]]],[[[-75.15,-48.82],[-75.25,-48.77],[-75.07,-48.64],[-75.15,-48.82]]],[[[-75.3,-48.73],[-75.65,-48.78],[-75.64,-48.7],[-75.51,-48.72],[-75.34,-48.62],[-75.3,-48.73]]],[[[-74.87,-48.65],[-74.82,-48.66],[-75.02,-48.74],[-75.01,-48.64],[-74.87,-48.65]]],[[[-75.61,-48.66],[-75.44,-48.61],[-75.63,-48.63],[-75.66,-48.49],[-75.34,-48.43],[-75.32,-48.6],[-75.61,-48.66]]],[[[-75.32,-48.35],[-75.55,-48.4],[-75.35,-48.3],[-75.55,-48.31],[-75.43,-48.2],[-75.53,-48.23],[-75.57,-48.17],[-75.59,-48.09],[-75.5,-48.03],[-75.35,-48.0],[-75.19,-48.41],[-75.1,-48.47],[-75.15,-48.48],[-75.08,-48.61],[-75.22,-48.71],[-75.32,-48.35]]],[[[-75.26,-48.07],[-74.8,-48.17],[-74.84,-48.36],[-75.03,-48.44],[-75.26,-48.07]]],[[[-74.79,-47.81],[-74.83,-48.01],[-74.73,-48.11],[-75.05,-47.99],[-75.27,-48.03],[-75.21,-47.92],[-74.79,-47.81]]],[[[-75.09,-47.68],[-75.06,-47.75],[-75.12,-47.78],[-75.02,-47.8],[-75.23,-47.85],[-75.19,-47.81],[-75.36,-47.74],[-75.09,-47.68]]],[[[-75.0,-47.66],[-74.86,-47.74],[-74.96,-47.77],[-75.03,-47.74],[-75.0,-47.66]]],[[[-75.16,-46.78],[-75.34,-46.7],[-75.17,-46.68],[-75.16,-46.78]]],[[[-74.92,-46.1],[-75.11,-46.05],[-74.99,-46.01],[-74.89,-46.02],[-74.86,-46.0],[-75.08,-45.99],[-75.03,-45.96],[-75.1,-45.87],[-74.88,-45.93],[-74.97,-45.86],[-74.72,-45.81],[-74.92,-46.1]]],[[[-74.82,-45.61],[-74.75,-45.7],[-74.8,-45.7],[-74.87,-45.65],[-74.82,-45.61]]],[[[-75.16,-44.91],[-75.15,-44.76],[-75.02,-44.84],[-75.16,-44.91]]],[[[-80.76,-33.77],[-80.77,-33.7],[-80.71,-33.71],[-80.76,-33.77]]],[[[-78.86,-33.63],[-78.99,-33.66],[-78.88,-33.58],[-78.76,-33.64],[-78.86,-33.63]]],[[[-109.43,-27.2],[-109.45,-27.2],[-109.38,-27.06],[-109.22,-27.11],[-109.43,-27.2]]],[[[-79.9,-26.36],[-79.91,-26.36],[-79.9,-26.35],[-79.9,-26.36]]],[[[-74.49,-52.55],[-74.43,-52.5],[-74.35,-52.62],[-74.49,-52.55]]],[[[-74.54,-52.4],[-74.51,-52.3],[-74.45,-52.39],[-74.54,-52.4]]],[[[-74.9,-52.19],[-74.54,-52.25],[-74.59,-52.39],[-74.82,-52.35],[-74.9,-52.19]]],[[[-74.63,-52.06],[-74.6,-52.07],[-74.67,-52.16],[-74.8,-52.17],[-74.63,-52.06]]],[[[-74.36,-52.06],[-74.34,-52.06],[-74.39,-52.08],[-74.36,-52.06]]],[[[-74.74,-52.08],[-74.5,-51.95],[-74.49,-51.99],[-74.74,-52.08]]],[[[-74.75,-51.83],[-74.6,-51.84],[-74.77,-52.07],[-74.89,-52.13],[-74.75,-51.83]]],[[[-74.51,-51.71],[-74.1,-51.88],[-74.24,-51.94],[-74.43,-51.84],[-74.51,-51.71]]],[[[-74.41,-51.37],[-74.38,-51.34],[-74.3,-51.4],[-74.41,-51.37]]],[[[-74.57,-51.15],[-74.61,-51.08],[-74.46,-51.03],[-74.52,-51.1],[-74.39,-51.12],[-74.43,-51.21],[-74.57,-51.15]]],[[[-74.32,-50.96],[-74.35,-50.93],[-74.3,-50.94],[-74.2,-51.18],[-74.28,-51.24],[-74.32,-50.96]]],[[[-74.48,-50.99],[-74.73,-51.11],[-74.68,-51.01],[-74.77,-50.99],[-74.83,-51.08],[-74.89,-51.05],[-74.84,-50.97],[-74.97,-50.95],[-74.9,-50.89],[-74.63,-50.92],[-74.64,-50.85],[-74.56,-50.82],[-74.68,-50.74],[-74.55,-50.75],[-74.4,-50.84],[-74.4,-51.09],[-74.48,-50.99]]],[[[-74.58,-50.63],[-74.42,-50.53],[-74.67,-50.47],[-74.38,-50.46],[-74.24,-50.68],[-74.43,-50.65],[-74.22,-50.72],[-74.19,-50.83],[-74.27,-50.79],[-74.35,-50.84],[-74.58,-50.63]]],[[[-74.65,-50.5],[-74.58,-50.53],[-74.64,-50.59],[-74.65,-50.5]]],[[[-74.54,-50.39],[-74.79,-50.49],[-74.74,-50.37],[-74.54,-50.39]]],[[[-74.43,-49.43],[-74.29,-49.55],[-74.42,-49.62],[-74.43,-49.43]]],[[[-74.43,-48.53],[-74.51,-48.41],[-74.41,-48.42],[-74.3,-48.47],[-74.43,-48.53]]],[[[-74.97,-48.61],[-75.03,-48.5],[-74.85,-48.39],[-74.78,-48.49],[-74.72,-48.45],[-74.81,-48.34],[-74.74,-48.13],[-74.58,-48.38],[-74.67,-48.42],[-74.6,-48.56],[-74.49,-48.59],[-74.59,-48.69],[-74.97,-48.61]]],[[[-74.3,-48.29],[-74.27,-48.34],[-74.25,-48.39],[-74.22,-48.44],[-74.5,-48.35],[-74.36,-48.37],[-74.3,-48.29]]],[[[-74.6,-48.25],[-74.61,-48.16],[-74.53,-48.12],[-74.37,-48.25],[-74.53,-48.34],[-74.56,-48.21],[-74.6,-48.25]]],[[[-74.64,-47.92],[-74.69,-47.81],[-74.53,-47.81],[-74.64,-47.92]]],[[[-74.45,-47.17],[-74.49,-47.1],[-74.36,-47.05],[-74.32,-47.09],[-74.45,-47.17]]],[[[-74.61,-45.75],[-74.71,-45.7],[-74.57,-45.57],[-74.61,-45.75]]],[[[-74.4,-45.45],[-74.27,-45.5],[-74.22,-45.6],[-74.29,-45.62],[-74.21,-45.64],[-74.47,-45.77],[-74.49,-45.61],[-74.4,-45.45]]],[[[-74.5,-45.59],[-74.52,-45.58],[-74.57,-45.52],[-74.45,-45.43],[-74.5,-45.59]]],[[[-74.49,-45.36],[-74.53,-45.3],[-74.39,-45.28],[-74.36,-45.4],[-74.49,-45.36]]],[[[-74.39,-45.16],[-74.27,-45.21],[-74.31,-45.29],[-74.39,-45.27],[-74.39,-45.16]]],[[[-74.47,-44.83],[-74.52,-44.73],[-74.43,-44.72],[-74.31,-44.84],[-74.47,-44.83]]],[[[-74.67,-44.66],[-74.46,-44.66],[-74.47,-44.7],[-74.67,-44.66]]],[[[-74.83,-44.6],[-74.8,-44.55],[-74.73,-44.59],[-74.8,-44.67],[-74.83,-44.6]]],[[[-74.42,-44.47],[-74.31,-44.39],[-74.22,-44.47],[-74.42,-44.51],[-74.42,-44.55],[-74.52,-44.53],[-74.52,-44.44],[-74.42,-44.47]]],[[[-74.41,-44.28],[-74.42,-44.26],[-74.32,-44.25],[-74.3,-44.31],[-74.41,-44.28]]],[[[-74.29,-44.15],[-74.26,-44.17],[-74.34,-44.19],[-74.38,-44.15],[-74.29,-44.15]]],[[[-74.28,-44.01],[-74.21,-44.02],[-74.3,-44.03],[-74.28,-44.01]]],[[[-74.65,-43.55],[-74.56,-43.63],[-74.78,-43.67],[-74.83,-43.56],[-74.65,-43.55]]],[[[-74.28,-43.42],[-74.25,-43.35],[-74.23,-43.41],[-74.28,-43.42]]],[[[-74.19,-53.33],[-74.24,-53.31],[-74.07,-53.23],[-74.19,-53.33]]],[[[-73.42,-53.28],[-73.58,-53.32],[-73.49,-53.29],[-73.88,-53.06],[-74.09,-53.1],[-74.25,-53.04],[-74.32,-53.1],[-74.75,-52.76],[-74.67,-52.72],[-74.37,-52.87],[-74.36,-52.95],[-74.07,-52.95],[-73.63,-53.15],[-73.62,-53.06],[-73.52,-53.26],[-73.46,-53.13],[-73.31,-53.24],[-73.37,-53.27],[-73.09,-53.36],[-73.42,-53.28]]],[[[-73.95,-52.71],[-73.84,-52.6],[-73.98,-52.63],[-73.87,-52.55],[-74.12,-52.71],[-74.18,-52.59],[-73.94,-52.48],[-74.03,-52.43],[-73.73,-52.4],[-73.68,-52.49],[-73.79,-52.55],[-73.75,-52.63],[-73.95,-52.71]]],[[[-73.82,-52.34],[-74.08,-52.15],[-73.82,-52.24],[-73.75,-52.36],[-73.88,-52.36],[-73.82,-52.34]]],[[[-74.21,-52.23],[-74.1,-52.25],[-74.22,-52.19],[-74.15,-52.19],[-74.42,-52.13],[-74.29,-52.09],[-73.94,-52.32],[-74.12,-52.4],[-74.25,-52.32],[-74.21,-52.23]]],[[[-73.87,-52.09],[-74.09,-52.01],[-74.11,-51.99],[-74.04,-52.01],[-74.09,-51.93],[-73.78,-52.06],[-73.72,-52.23],[-73.87,-52.09]]],[[[-73.77,-52.01],[-73.98,-51.84],[-73.74,-51.83],[-73.7,-51.94],[-73.77,-52.01]]],[[[-73.86,-51.8],[-73.94,-51.66],[-73.79,-51.74],[-73.86,-51.8]]],[[[-74.05,-51.79],[-74.24,-51.7],[-74.07,-51.6],[-74.08,-51.54],[-73.94,-51.78],[-74.05,-51.79]]],[[[-74.17,-51.29],[-74.12,-51.45],[-74.24,-51.41],[-74.26,-51.3],[-74.17,-51.29]]],[[[-73.9,-51.34],[-73.82,-51.3],[-73.92,-51.3],[-73.79,-51.26],[-73.8,-51.37],[-73.9,-51.34]]],[[[-74.06,-48.43],[-74.07,-48.48],[-74.25,-48.39],[-74.06,-48.43]]],[[[-73.84,-47.86],[-73.81,-47.91],[-74.32,-47.98],[-74.5,-47.92],[-74.32,-47.85],[-73.84,-47.86]]],[[[-74.17,-47.17],[-74.22,-47.08],[-74.17,-47.01],[-73.98,-47.05],[-74.17,-47.17]]],[[[-73.79,-46.2],[-73.94,-46.07],[-73.9,-46.01],[-73.74,-46.04],[-73.71,-46.14],[-73.79,-46.2]]],[[[-73.86,-45.97],[-73.93,-45.97],[-73.89,-45.86],[-73.72,-45.81],[-73.69,-45.89],[-73.79,-45.88],[-73.86,-45.97]]],[[[-74.02,-45.91],[-74.09,-45.76],[-73.93,-45.75],[-74.02,-45.91]]],[[[-73.91,-45.59],[-73.92,-45.7],[-74.04,-45.72],[-74.08,-45.57],[-73.91,-45.59]]],[[[-74.03,-45.52],[-74.15,-45.56],[-74.05,-45.42],[-73.83,-45.45],[-73.89,-45.56],[-74.03,-45.52]]],[[[-73.94,-45.37],[-73.82,-45.4],[-73.92,-45.43],[-74.02,-45.39],[-73.94,-45.37]]],[[[-74.13,-45.32],[-74.16,-45.24],[-74.07,-45.2],[-73.99,-45.27],[-73.82,-45.27],[-73.78,-45.32],[-74.13,-45.32]]],[[[-73.99,-45.25],[-74.07,-45.2],[-74.25,-45.11],[-74.17,-45.03],[-73.87,-44.99],[-73.7,-45.14],[-73.74,-45.28],[-73.84,-45.24],[-73.99,-45.25]]],[[[-73.92,-44.96],[-74.36,-45.0],[-74.19,-44.87],[-73.92,-44.96]]],[[[-73.92,-44.89],[-73.86,-44.9],[-73.93,-44.79],[-73.84,-44.78],[-73.78,-44.95],[-73.92,-44.89]]],[[[-74.0,-44.77],[-73.96,-44.79],[-74.04,-44.85],[-74.17,-44.8],[-74.0,-44.77]]],[[[-74.34,-44.78],[-74.4,-44.63],[-74.03,-44.6],[-73.88,-44.68],[-74.34,-44.78]]],[[[-74.29,-44.5],[-74.13,-44.55],[-74.15,-44.56],[-74.34,-44.57],[-74.29,-44.5]]],[[[-73.97,-44.47],[-73.95,-44.54],[-74.13,-44.53],[-74.04,-44.5],[-74.17,-44.43],[-73.97,-44.47]]],[[[-73.89,-44.37],[-73.78,-44.44],[-73.87,-44.47],[-73.89,-44.37]]],[[[-74.08,-44.38],[-74.11,-44.33],[-73.93,-44.35],[-73.94,-44.45],[-74.08,-44.38]]],[[[-73.79,-44.31],[-73.98,-44.29],[-74.04,-44.32],[-74.13,-44.2],[-73.9,-44.22],[-73.89,-44.24],[-73.96,-44.28],[-73.79,-44.31]]],[[[-73.84,-44.18],[-74.02,-44.14],[-73.92,-44.1],[-73.84,-44.18]]],[[[-73.76,-43.89],[-73.93,-43.84],[-73.98,-43.87],[-73.91,-43.91],[-74.0,-43.94],[-74.17,-43.87],[-73.9,-43.79],[-73.76,-43.89]]],[[[-74.16,-42.86],[-74.19,-42.43],[-74.16,-42.24],[-74.05,-42.13],[-74.01,-41.89],[-74.06,-41.81],[-73.92,-41.78],[-73.9,-41.84],[-74.01,-41.85],[-73.77,-41.9],[-73.69,-41.81],[-73.5,-41.84],[-73.58,-41.95],[-73.46,-42.04],[-73.5,-42.12],[-73.39,-42.2],[-73.38,-42.29],[-73.67,-42.35],[-73.69,-42.45],[-73.61,-42.51],[-73.75,-42.53],[-73.76,-42.46],[-73.82,-42.51],[-73.81,-42.61],[-73.49,-42.82],[-73.51,-42.88],[-73.71,-42.87],[-73.5,-43.13],[-73.78,-43.12],[-73.67,-43.36],[-73.85,-43.42],[-74.36,-43.29],[-74.36,-43.16],[-74.16,-42.86]]],[[[-73.95,-38.37],[-73.95,-38.31],[-73.88,-38.37],[-73.95,-38.37]]],[[[-72.04,-54.65],[-72.1,-54.64],[-72.03,-54.63],[-71.93,-54.69],[-71.97,-54.75],[-72.04,-54.65]]],[[[-73.1,-54.49],[-72.96,-54.45],[-72.99,-54.5],[-73.1,-54.49]]],[[[-72.47,-54.43],[-72.54,-54.34],[-72.3,-54.35],[-72.47,-54.43]]],[[[-72.32,-54.26],[-72.52,-54.2],[-72.34,-54.16],[-72.39,-54.13],[-72.3,-54.11],[-72.39,-54.09],[-72.31,-54.06],[-72.21,-54.14],[-72.32,-54.26]]],[[[-73.34,-54.07],[-73.47,-54.07],[-73.27,-54.03],[-73.18,-54.13],[-73.34,-54.07]]],[[[-72.84,-54.13],[-73.03,-54.07],[-72.76,-54.03],[-72.85,-53.96],[-72.65,-53.86],[-72.8,-53.82],[-73.01,-53.87],[-73.06,-53.81],[-73.1,-53.93],[-73.04,-53.99],[-73.1,-54.04],[-73.31,-53.97],[-73.24,-53.9],[-73.31,-53.74],[-73.25,-53.72],[-73.59,-53.76],[-73.48,-53.7],[-73.62,-53.61],[-73.44,-53.56],[-73.26,-53.64],[-73.26,-53.56],[-73.42,-53.48],[-73.08,-53.53],[-73.18,-53.42],[-73.04,-53.39],[-73.0,-53.49],[-73.02,-53.41],[-72.91,-53.43],[-72.88,-53.68],[-72.82,-53.56],[-72.86,-53.45],[-72.73,-53.52],[-72.68,-53.67],[-72.67,-53.54],[-72.46,-53.58],[-72.4,-53.63],[-72.48,-53.67],[-72.45,-53.74],[-72.37,-53.69],[-72.14,-53.8],[-72.25,-53.88],[-72.39,-53.85],[-72.34,-53.91],[-72.42,-53.9],[-72.42,-53.97],[-72.32,-53.99],[-72.34,-54.04],[-72.52,-53.98],[-72.54,-54.1],[-72.63,-54.03],[-72.84,-54.13]],[[-73.2,-53.67],[-72.95,-53.66],[-73.08,-53.65],[-73.03,-53.58],[-73.26,-53.64],[-73.2,-53.67]]],[[[-73.85,-53.59],[-73.89,-53.53],[-73.85,-53.45],[-73.69,-53.52],[-73.85,-53.59]]],[[[-73.39,-53.53],[-73.51,-53.57],[-73.8,-53.42],[-73.57,-53.49],[-73.59,-53.39],[-73.39,-53.41],[-73.47,-53.47],[-73.39,-53.53]]],[[[-73.5,-52.89],[-73.81,-52.91],[-73.61,-52.82],[-73.39,-52.9],[-73.44,-52.96],[-73.5,-52.89]]],[[[-73.39,-52.74],[-73.4,-52.73],[-73.36,-52.7],[-73.39,-52.74]]],[[[-71.82,-44.4],[-71.21,-44.43],[-71.12,-44.53],[-71.3,-44.8],[-72.09,-44.78],[-72.07,-44.9],[-71.59,-44.98],[-71.32,-45.27],[-71.51,-45.41],[-71.49,-45.5],[-71.77,-45.57],[-71.76,-45.85],[-71.61,-45.97],[-71.91,-46.15],[-71.76,-46.24],[-71.69,-46.69],[-71.95,-46.81],[-71.91,-47.0],[-72.01,-47.06],[-71.87,-47.14],[-71.88,-47.22],[-72.03,-47.2],[-72.17,-47.41],[-72.36,-47.45],[-72.34,-47.6],[-72.54,-47.91],[-72.34,-48.07],[-72.3,-48.33],[-72.61,-48.51],[-72.59,-48.79],[-73.01,-48.99],[-73.18,-49.21],[-73.1,-49.27],[-73.46,-49.31],[-73.55,-49.44],[-73.59,-49.54],[-73.46,-49.79],[-73.57,-49.93],[-73.48,-50.01],[-73.53,-50.14],[-73.3,-50.3],[-73.14,-50.77],[-72.78,-50.62],[-72.3,-50.65],[-72.35,-50.74],[-72.27,-50.96],[-72.4,-51.11],[-72.26,-51.25],[-72.45,-51.55],[-71.98,-51.84],[-71.97,-51.97],[-69.95,-52.01],[-68.45,-52.31],[-68.9,-52.3],[-69.23,-52.2],[-69.47,-52.27],[-69.67,-52.53],[-69.85,-52.49],[-70.52,-52.72],[-70.53,-52.66],[-70.86,-52.72],[-70.74,-52.78],[-70.89,-52.91],[-70.81,-52.96],[-70.99,-53.38],[-70.97,-53.76],[-71.29,-53.89],[-72.1,-53.69],[-72.45,-53.41],[-72.28,-53.24],[-72.11,-53.26],[-72.08,-53.33],[-72.24,-53.43],[-72.09,-53.42],[-72.02,-53.39],[-72.02,-53.25],[-71.86,-53.23],[-71.79,-53.44],[-72.01,-53.55],[-71.81,-53.52],[-71.75,-53.46],[-71.74,-53.22],[-71.36,-53.12],[-71.12,-52.92],[-71.17,-52.81],[-71.35,-52.81],[-71.4,-52.73],[-71.4,-52.83],[-71.91,-53.01],[-72.02,-53.13],[-72.29,-53.03],[-72.56,-53.08],[-72.37,-53.07],[-72.19,-53.18],[-72.54,-53.2],[-72.41,-53.26],[-72.54,-53.27],[-72.52,-53.37],[-72.65,-53.32],[-72.36,-53.54],[-72.53,-53.54],[-72.76,-53.39],[-72.79,-53.44],[-73.3,-53.15],[-72.96,-53.16],[-72.72,-53.29],[-72.69,-53.24],[-72.8,-53.17],[-72.65,-53.15],[-72.93,-53.1],[-72.88,-53.04],[-72.96,-52.82],[-72.76,-52.77],[-72.7,-52.71],[-72.61,-52.77],[-72.71,-52.87],[-72.59,-52.8],[-72.43,-52.86],[-72.16,-52.65],[-71.48,-52.65],[-71.57,-52.56],[-72.31,-52.52],[-72.42,-52.65],[-72.55,-52.59],[-72.39,-52.51],[-72.57,-52.56],[-72.86,-52.5],[-72.99,-52.7],[-72.82,-52.59],[-72.67,-52.65],[-73.02,-52.84],[-72.95,-52.89],[-72.98,-53.05],[-73.14,-53.1],[-73.18,-53.02],[-73.2,-53.1],[-73.46,-52.99],[-73.24,-52.96],[-73.21,-52.89],[-73.56,-52.8],[-73.23,-52.79],[-73.31,-52.72],[-73.12,-52.55],[-73.0,-52.56],[-73.09,-52.49],[-72.91,-52.5],[-73.19,-52.43],[-73.24,-52.5],[-73.16,-52.56],[-73.27,-52.67],[-73.39,-52.54],[-73.4,-52.64],[-73.62,-52.75],[-73.7,-52.71],[-73.57,-52.63],[-73.69,-52.6],[-73.49,-52.48],[-73.67,-52.42],[-73.56,-52.32],[-73.58,-52.21],[-73.74,-52.03],[-73.55,-52.19],[-73.5,-52.13],[-73.3,-52.22],[-73.2,-52.11],[-73.0,-52.06],[-73.08,-52.24],[-72.99,-52.19],[-72.87,-52.26],[-72.75,-52.06],[-72.88,-52.2],[-72.95,-52.05],[-72.8,-51.94],[-72.54,-52.22],[-72.6,-52.34],[-72.93,-52.45],[-72.52,-52.45],[-72.64,-52.4],[-72.5,-52.32],[-72.47,-52.2],[-72.67,-51.96],[-72.47,-51.93],[-72.47,-51.79],[-72.69,-51.59],[-73.05,-51.49],[-73.08,-51.42],[-73.26,-51.47],[-73.05,-51.5],[-73.1,-51.6],[-72.99,-51.53],[-72.55,-51.74],[-72.72,-51.84],[-73.28,-51.61],[-73.22,-51.71],[-73.07,-51.72],[-72.99,-51.79],[-73.11,-51.74],[-73.05,-51.83],[-73.21,-51.88],[-72.92,-51.86],[-73.15,-51.94],[-73.22,-52.09],[-73.33,-51.73],[-73.39,-51.65],[-73.32,-52.17],[-73.56,-52.04],[-73.65,-51.85],[-73.4,-52.02],[-73.59,-51.75],[-73.46,-51.69],[-73.65,-51.69],[-73.7,-51.79],[-73.81,-51.69],[-73.71,-51.64],[-73.9,-51.63],[-73.82,-51.54],[-73.92,-51.5],[-73.88,-51.37],[-73.6,-51.61],[-73.66,-51.49],[-73.6,-51.43],[-73.69,-51.41],[-73.78,-51.23],[-73.68,-51.28],[-73.69,-51.14],[-73.77,-51.12],[-73.88,-51.24],[-74.02,-51.11],[-74.03,-51.21],[-74.13,-51.19],[-74.15,-51.06],[-74.07,-50.95],[-74.23,-51.04],[-74.26,-50.94],[-73.93,-50.86],[-73.8,-50.96],[-73.88,-50.83],[-73.74,-50.82],[-73.77,-50.67],[-73.47,-50.67],[-73.73,-50.56],[-73.56,-50.4],[-73.76,-50.52],[-73.82,-50.76],[-74.04,-50.82],[-74.13,-50.76],[-74.06,-50.71],[-74.15,-50.73],[-74.3,-50.48],[-74.21,-50.46],[-74.13,-50.59],[-74.15,-50.48],[-73.88,-50.54],[-74.13,-50.42],[-74.02,-50.36],[-74.25,-50.44],[-74.32,-50.38],[-74.28,-50.26],[-74.44,-50.36],[-74.54,-50.3],[-74.48,-50.25],[-74.69,-50.18],[-74.35,-50.09],[-74.19,-50.26],[-73.86,-50.29],[-74.19,-50.19],[-74.36,-49.95],[-73.89,-50.08],[-74.01,-49.99],[-73.88,-49.92],[-73.91,-49.86],[-74.09,-49.96],[-74.32,-49.87],[-74.35,-49.79],[-74.07,-49.74],[-74.29,-49.74],[-74.33,-49.68],[-74.3,-49.6],[-74.08,-49.54],[-74.02,-49.62],[-73.94,-49.56],[-73.89,-49.66],[-73.71,-49.77],[-73.69,-49.72],[-73.85,-49.65],[-73.88,-49.53],[-74.09,-49.5],[-74.12,-49.42],[-74.07,-49.26],[-73.96,-49.33],[-73.84,-49.35],[-73.99,-49.27],[-74.04,-49.08],[-73.82,-49.04],[-74.06,-49.01],[-74.04,-49.14],[-74.19,-49.21],[-74.15,-49.3],[-74.24,-49.53],[-74.42,-49.38],[-74.37,-49.19],[-74.47,-49.03],[-74.37,-48.93],[-74.45,-48.83],[-74.37,-48.72],[-74.33,-48.76],[-74.06,-48.74],[-74.31,-48.73],[-74.39,-48.6],[-74.2,-48.47],[-73.99,-48.6],[-74.03,-48.45],[-73.89,-48.41],[-74.24,-48.35],[-74.11,-48.31],[-74.27,-48.34],[-74.32,-48.21],[-74.51,-48.09],[-74.47,-48.03],[-74.63,-48.03],[-74.42,-47.98],[-74.21,-48.23],[-74.33,-48.0],[-73.89,-48.02],[-73.88,-48.1],[-73.77,-48.03],[-73.8,-48.11],[-73.6,-48.13],[-73.56,-48.25],[-73.49,-48.17],[-73.35,-48.22],[-73.28,-48.14],[-73.28,-48.08],[-73.37,-48.16],[-73.48,-48.12],[-73.65,-47.9],[-73.51,-47.98],[-73.23,-48.0],[-73.62,-47.86],[-73.55,-47.81],[-73.73,-47.74],[-73.67,-47.62],[-73.72,-47.53],[-73.77,-47.78],[-73.92,-47.84],[-74.74,-47.72],[-74.66,-47.64],[-74.57,-47.68],[-74.63,-47.62],[-74.56,-47.55],[-74.34,-47.64],[-74.48,-47.7],[-74.34,-47.67],[-74.3,-47.73],[-74.21,-47.76],[-74.3,-47.68],[-74.04,-47.61],[-74.14,-47.59],[-74.06,-47.53],[-74.31,-47.6],[-74.45,-47.48],[-74.39,-47.45],[-74.53,-47.43],[-74.32,-47.22],[-74.18,-47.21],[-74.11,-47.34],[-74.12,-47.19],[-74.02,-47.18],[-73.97,-47.25],[-73.99,-47.17],[-74.06,-47.16],[-73.94,-47.03],[-74.15,-46.97],[-74.21,-46.89],[-74.13,-46.83],[-74.24,-46.86],[-74.27,-46.78],[-74.59,-46.73],[-74.48,-46.77],[-74.64,-46.78],[-74.67,-46.85],[-74.43,-46.86],[-74.48,-46.9],[-74.68,-46.88],[-74.82,-46.77],[-75.01,-46.75],[-75.08,-46.64],[-74.93,-46.44],[-75.2,-46.63],[-75.41,-46.63],[-75.58,-46.69],[-75.66,-46.77],[-75.42,-46.71],[-75.43,-46.86],[-75.35,-46.87],[-75.41,-46.93],[-75.65,-46.87],[-75.71,-46.65],[-75.35,-46.39],[-75.22,-46.4],[-75.2,-46.3],[-75.11,-46.35],[-75.03,-46.34],[-75.14,-46.31],[-75.09,-46.22],[-74.93,-46.27],[-74.88,-46.15],[-74.78,-46.21],[-74.82,-46.11],[-74.7,-46.03],[-74.67,-45.82],[-74.56,-45.83],[-74.45,-46.02],[-74.4,-45.93],[-74.46,-45.82],[-74.36,-45.79],[-74.1,-45.84],[-74.19,-45.88],[-74.06,-45.93],[-74.17,-46.01],[-74.08,-46.03],[-74.17,-46.14],[-74.08,-46.1],[-74.06,-45.98],[-73.97,-46.08],[-74.31,-46.25],[-74.05,-46.19],[-74.08,-46.32],[-73.84,-46.34],[-74.02,-46.2],[-73.88,-46.14],[-73.77,-46.32],[-73.99,-46.56],[-73.87,-46.6],[-73.79,-46.5],[-73.74,-46.53],[-73.74,-46.42],[-73.49,-46.3],[-73.57,-46.27],[-73.52,-46.18],[-73.34,-46.03],[-73.43,-46.03],[-73.69,-46.32],[-73.62,-46.1],[-73.66,-45.98],[-73.4,-45.7],[-73.19,-45.66],[-73.33,-45.62],[-73.59,-45.78],[-73.51,-45.45],[-73.23,-45.3],[-73.01,-45.44],[-72.83,-45.42],[-73.26,-45.25],[-73.45,-45.28],[-73.45,-45.2],[-73.3,-45.14],[-73.4,-44.99],[-73.12,-44.95],[-72.73,-44.76],[-72.68,-44.54],[-72.6,-44.51],[-72.59,-44.34],[-72.72,-44.5],[-72.94,-44.31],[-73.18,-44.25],[-73.13,-44.15],[-73.29,-44.15],[-73.2,-44.06],[-73.12,-44.09],[-73.14,-43.99],[-73.01,-43.77],[-72.82,-43.81],[-72.85,-43.68],[-72.9,-43.75],[-73.06,-43.72],[-72.91,-43.61],[-73.03,-43.59],[-73.11,-43.46],[-73.08,-43.32],[-72.91,-43.24],[-72.93,-43.1],[-72.86,-43.02],[-72.73,-43.08],[-72.75,-42.91],[-72.86,-42.75],[-72.84,-42.52],[-72.54,-42.56],[-72.84,-42.28],[-72.59,-42.18],[-72.42,-42.44],[-72.46,-41.98],[-72.74,-42.01],[-72.89,-41.91],[-72.65,-41.72],[-72.49,-41.72],[-72.3,-41.65],[-72.3,-41.38],[-72.43,-41.66],[-72.61,-41.71],[-72.75,-41.55],[-72.96,-41.48],[-73.11,-41.59],[-73.06,-41.7],[-73.14,-41.75],[-73.52,-41.8],[-73.76,-41.75],[-73.7,-41.64],[-73.55,-41.61],[-73.49,-41.51],[-73.62,-41.6],[-73.8,-41.57],[-73.94,-41.05],[-73.84,-40.67],[-73.73,-40.54],[-73.78,-40.42],[-73.66,-40.11],[-73.71,-39.97],[-73.46,-39.83],[-73.38,-39.9],[-73.41,-39.69],[-73.22,-39.42],[-73.21,-39.19],[-73.54,-38.42],[-73.46,-38.05],[-73.67,-37.73],[-73.6,-37.45],[-73.68,-37.35],[-73.61,-37.16],[-73.46,-37.24],[-73.21,-37.16],[-73.15,-36.83],[-73.21,-36.78],[-73.13,-36.74],[-73.12,-36.6],[-73.07,-36.71],[-72.98,-36.69],[-72.99,-36.52],[-72.83,-36.29],[-72.8,-35.98],[-72.58,-35.77],[-72.65,-35.57],[-72.23,-35.12],[-71.99,-34.36],[-72.02,-34.14],[-71.62,-33.54],[-71.76,-33.1],[-71.57,-33.0],[-71.41,-32.39],[-71.54,-32.21],[-71.5,-31.89],[-71.71,-30.61],[-71.64,-30.24],[-71.54,-30.29],[-71.4,-30.18],[-71.41,-29.99],[-71.28,-29.88],[-71.31,-29.41],[-71.49,-29.21],[-71.52,-28.94],[-71.19,-28.41],[-71.04,-27.67],[-70.91,-27.62],[-70.96,-27.16],[-70.79,-27.0],[-70.82,-26.87],[-70.63,-26.34],[-70.68,-26.3],[-70.64,-25.97],[-70.74,-25.83],[-70.65,-25.52],[-70.44,-25.34],[-70.58,-24.52],[-70.5,-23.78],[-70.39,-23.58],[-70.5,-23.47],[-70.63,-23.52],[-70.6,-23.24],[-70.56,-23.06],[-70.51,-23.01],[-70.43,-23.09],[-70.29,-22.9],[-70.19,-21.88],[-70.06,-21.43],[-70.17,-21.01],[-70.13,-20.94],[-70.21,-20.81],[-70.14,-19.85],[-70.24,-19.6],[-70.2,-19.53],[-70.36,-18.77],[-70.3,-18.45],[-70.39,-18.34],[-69.97,-18.25],[-69.78,-17.98],[-69.85,-17.69],[-69.51,-17.51],[-69.3,-17.98],[-69.08,-18.04],[-69.16,-18.14],[-68.95,-18.87],[-68.99,-18.95],[-68.45,-19.43],[-68.7,-19.72],[-68.54,-19.92],[-68.59,-20.06],[-68.79,-20.11],[-68.68,-20.33],[-68.77,-20.42],[-68.48,-20.62],[-68.57,-20.74],[-68.56,-20.91],[-68.42,-20.96],[-68.21,-21.28],[-68.1,-21.95],[-67.96,-22.1],[-67.86,-22.55],[-67.89,-22.82],[-67.62,-22.9],[-67.19,-22.82],[-67.01,-23.0],[-67.36,-24.03],[-68.24,-24.39],[-68.5,-24.6],[-68.57,-24.77],[-68.37,-25.12],[-68.52,-25.18],[-68.61,-25.44],[-68.41,-26.14],[-68.58,-26.3],[-68.6,-26.46],[-68.31,-26.9],[-68.33,-27.04],[-68.59,-27.16],[-68.81,-27.12],[-69.19,-27.95],[-69.65,-28.4],[-69.8,-29.1],[-70.04,-29.3],[-69.92,-29.81],[-69.98,-30.07],[-69.84,-30.16],[-69.96,-30.37],[-70.17,-30.36],[-70.34,-30.94],[-70.27,-31.04],[-70.41,-31.15],[-70.48,-31.1],[-70.57,-31.3],[-70.59,-31.57],[-70.46,-31.84],[-70.24,-31.94],[-70.28,-32.05],[-70.39,-32.05],[-70.16,-32.49],[-70.16,-32.74],[-70.0,-32.88],[-70.11,-33.17],[-70.01,-33.3],[-69.84,-33.27],[-69.79,-33.38],[-69.91,-33.77],[-69.83,-34.23],[-70.06,-34.29],[-70.07,-34.41],[-70.32,-34.75],[-70.39,-35.17],[-70.58,-35.26],[-70.43,-35.36],[-70.39,-36.06],[-70.71,-36.27],[-70.72,-36.41],[-71.04,-36.48],[-71.06,-36.69],[-71.15,-36.69],[-71.2,-36.84],[-71.14,-36.95],[-71.21,-36.97],[-71.09,-37.1],[-71.21,-37.29],[-71.12,-37.47],[-71.19,-37.71],[-71.01,-38.07],[-70.97,-38.42],[-70.83,-38.56],[-70.95,-38.75],[-71.42,-38.94],[-71.41,-39.32],[-71.54,-39.53],[-71.5,-39.6],[-71.71,-39.58],[-71.62,-39.91],[-71.68,-40.1],[-71.81,-40.09],[-71.82,-40.23],[-71.68,-40.34],[-71.8,-40.41],[-71.96,-40.72],[-71.85,-40.94],[-71.9,-41.37],[-71.85,-41.57],[-71.93,-41.65],[-71.74,-42.08],[-71.92,-42.18],[-72.01,-42.12],[-72.12,-42.26],[-72.04,-42.48],[-72.14,-42.56],[-72.15,-43.0],[-72.05,-43.11],[-71.74,-43.19],[-71.75,-43.3],[-71.9,-43.32],[-71.96,-43.44],[-71.71,-43.61],[-71.82,-43.76],[-71.66,-43.94],[-71.86,-44.11],[-71.82,-44.4]],[[-74.49,-46.19],[-74.34,-46.26],[-74.31,-46.25],[-74.49,-46.19]]],[[[-73.76,-45.89],[-73.68,-46.02],[-73.82,-46.0],[-73.76,-45.89]]],[[[-73.61,-45.63],[-73.68,-45.62],[-73.61,-45.69],[-73.65,-45.75],[-73.82,-45.64],[-73.74,-45.61],[-73.72,-45.46],[-73.6,-45.46],[-73.61,-45.63]]],[[[-73.74,-44.75],[-73.6,-44.74],[-73.63,-44.83],[-73.74,-44.75]]],[[[-73.28,-44.54],[-73.13,-44.56],[-73.25,-44.44],[-73.04,-44.48],[-73.09,-44.4],[-73.0,-44.36],[-72.93,-44.44],[-72.98,-44.51],[-72.87,-44.44],[-72.72,-44.53],[-72.81,-44.64],[-72.98,-44.6],[-72.84,-44.71],[-73.26,-44.94],[-73.41,-44.82],[-73.21,-44.79],[-73.39,-44.79],[-73.47,-44.64],[-73.27,-44.62],[-73.28,-44.54]]],[[[-73.75,-44.74],[-73.84,-44.65],[-73.81,-44.56],[-73.68,-44.54],[-73.62,-44.72],[-73.75,-44.74]]],[[[-73.73,-44.39],[-73.68,-44.43],[-73.79,-44.38],[-73.67,-44.35],[-73.73,-44.39]]],[[[-73.21,-44.32],[-73.18,-44.37],[-73.3,-44.37],[-73.21,-44.32]]],[[[-73.7,-44.24],[-73.67,-44.27],[-73.72,-44.3],[-73.7,-44.24]]],[[[-73.61,-44.09],[-73.65,-44.13],[-73.75,-43.97],[-73.61,-44.09]]],[[[-73.14,-43.89],[-73.17,-44.03],[-73.28,-43.98],[-73.14,-43.89]]],[[[-73.66,-43.2],[-73.66,-43.24],[-73.72,-43.22],[-73.66,-43.2]]],[[[-73.45,-42.99],[-73.61,-42.94],[-73.55,-42.92],[-73.37,-42.99],[-73.45,-42.99]]],[[[-72.96,-42.81],[-73.03,-42.7],[-72.93,-42.72],[-72.96,-42.81]]],[[[-73.24,-42.63],[-73.24,-42.65],[-73.3,-42.65],[-73.36,-42.63],[-73.24,-42.63]]],[[[-73.76,-42.6],[-73.6,-42.58],[-73.61,-42.64],[-73.76,-42.6]]],[[[-73.63,-42.44],[-73.65,-42.37],[-73.54,-42.38],[-73.42,-42.56],[-73.63,-42.44]]],[[[-73.19,-42.25],[-73.09,-42.25],[-73.07,-42.29],[-73.19,-42.25]]],[[[-72.52,-42.15],[-72.62,-42.1],[-72.57,-42.06],[-72.52,-42.15]]],[[[-73.01,-41.83],[-73.01,-41.86],[-73.09,-41.84],[-73.07,-41.74],[-73.01,-41.83]]],[[[-73.52,-37.08],[-73.53,-36.97],[-73.52,-37.01],[-73.46,-37.05],[-73.52,-37.08]]],[[[-67.62,-55.92],[-67.63,-55.86],[-67.8,-55.9],[-67.91,-55.84],[-67.47,-55.82],[-67.62,-55.92]]],[[[-67.17,-55.87],[-67.12,-55.81],[-67.08,-55.81],[-67.09,-55.91],[-67.17,-55.87]]],[[[-67.26,-55.89],[-67.42,-55.83],[-67.28,-55.82],[-67.2,-55.88],[-67.26,-55.89]]],[[[-67.24,-55.79],[-67.19,-55.76],[-67.16,-55.78],[-67.24,-55.79]]],[[[-67.58,-55.71],[-67.51,-55.65],[-67.42,-55.71],[-67.43,-55.6],[-67.35,-55.58],[-67.36,-55.71],[-67.25,-55.76],[-67.58,-55.71]]],[[[-67.66,-55.61],[-67.74,-55.62],[-67.68,-55.49],[-67.66,-55.61]]],[[[-69.8,-55.41],[-69.8,-55.33],[-69.64,-55.39],[-69.8,-55.41]]],[[[-70.03,-55.32],[-70.11,-55.29],[-69.95,-55.28],[-70.01,-55.37],[-70.03,-55.32]]],[[[-68.1,-55.71],[-68.15,-55.6],[-68.29,-55.61],[-68.25,-55.52],[-68.62,-55.41],[-68.6,-55.46],[-68.8,-55.42],[-68.77,-55.49],[-68.87,-55.51],[-68.97,-55.41],[-68.76,-55.33],[-68.97,-55.38],[-68.8,-55.19],[-68.99,-55.27],[-69.12,-55.15],[-69.13,-55.25],[-69.24,-55.13],[-69.44,-55.16],[-69.29,-55.17],[-69.27,-55.23],[-69.48,-55.24],[-69.46,-55.31],[-69.28,-55.32],[-69.3,-55.43],[-69.14,-55.44],[-69.16,-55.51],[-69.34,-55.47],[-69.36,-55.39],[-69.44,-55.49],[-69.52,-55.39],[-69.42,-55.35],[-69.79,-55.31],[-69.57,-55.27],[-69.67,-55.26],[-69.5,-55.17],[-69.85,-55.26],[-69.92,-55.22],[-69.84,-55.17],[-70.03,-55.15],[-69.59,-55.04],[-69.58,-55.15],[-69.53,-55.03],[-68.44,-54.94],[-68.33,-55.06],[-68.6,-55.07],[-68.62,-55.15],[-69.06,-55.04],[-68.21,-55.26],[-68.5,-55.31],[-68.66,-55.26],[-68.75,-55.27],[-68.56,-55.33],[-68.6,-55.36],[-68.15,-55.4],[-68.18,-55.46],[-68.06,-55.47],[-68.1,-55.53],[-67.97,-55.59],[-68.1,-55.71]]],[[[-66.99,-55.23],[-66.83,-55.28],[-66.9,-55.33],[-67.06,-55.3],[-66.99,-55.23]]],[[[-66.63,-55.21],[-66.43,-55.19],[-66.5,-55.26],[-66.63,-55.21]]],[[[-68.14,-55.22],[-68.19,-54.98],[-68.36,-54.93],[-67.3,-54.93],[-67.05,-55.09],[-67.27,-55.31],[-67.45,-55.27],[-67.44,-55.18],[-67.8,-55.26],[-67.88,-55.24],[-67.74,-55.24],[-67.9,-55.17],[-68.14,-55.22]]],[[[-70.42,-55.08],[-70.37,-55.16],[-70.49,-55.21],[-70.54,-55.15],[-70.55,-55.21],[-70.56,-55.14],[-70.51,-55.11],[-70.59,-55.05],[-70.72,-55.12],[-70.73,-55.05],[-71.01,-55.04],[-70.92,-54.99],[-71.01,-54.97],[-70.32,-54.9],[-70.73,-55.0],[-70.3,-55.03],[-70.34,-55.07],[-70.27,-55.11],[-70.42,-55.08]]],[[[-66.87,-55.02],[-66.81,-55.11],[-66.85,-55.11],[-67.04,-55.03],[-66.87,-55.02]]],[[[-69.93,-54.9],[-69.71,-54.95],[-69.77,-54.88],[-69.67,-54.87],[-69.51,-54.89],[-69.53,-54.95],[-69.16,-54.96],[-69.92,-55.04],[-69.95,-54.95],[-69.84,-54.94],[-69.93,-54.9]]],[[[-71.21,-54.87],[-71.35,-54.95],[-71.33,-54.9],[-71.4,-54.94],[-71.46,-54.88],[-71.17,-54.83],[-70.91,-54.92],[-71.06,-54.95],[-71.21,-54.87]]],[[[-70.75,-54.87],[-70.4,-54.87],[-70.51,-54.88],[-70.75,-54.87]]],[[[-70.34,-54.27],[-70.52,-54.17],[-70.49,-54.15],[-70.24,-54.21],[-70.34,-54.27]]],[[[-71.46,-53.95],[-71.4,-54.06],[-71.4,-53.98],[-71.3,-53.99],[-71.22,-54.18],[-71.18,-54.09],[-71.16,-54.16],[-71.11,-54.07],[-71.03,-54.09],[-71.06,-54.2],[-71.0,-54.17],[-70.99,-54.27],[-71.21,-54.37],[-71.36,-54.3],[-71.21,-54.23],[-71.41,-54.23],[-71.42,-54.11],[-71.51,-54.14],[-71.54,-54.27],[-71.6,-54.23],[-71.55,-54.18],[-71.65,-54.23],[-71.7,-54.17],[-71.6,-54.09],[-71.66,-53.98],[-71.46,-53.95]]],[[[-70.41,-54.15],[-70.51,-54.09],[-70.31,-54.05],[-70.32,-54.15],[-70.41,-54.15]]],[[[-72.04,-54.11],[-72.21,-54.09],[-72.26,-53.93],[-72.06,-53.98],[-71.95,-53.85],[-71.85,-53.97],[-71.79,-53.9],[-71.65,-53.93],[-71.79,-54.0],[-71.7,-53.99],[-71.77,-54.05],[-71.65,-54.09],[-71.77,-54.16],[-71.95,-54.01],[-71.74,-54.23],[-71.87,-54.28],[-71.83,-54.33],[-71.99,-54.32],[-71.91,-54.23],[-72.12,-54.13],[-72.04,-54.11]]],[[[-70.34,-54.03],[-70.44,-54.06],[-70.67,-53.95],[-70.51,-54.22],[-70.69,-54.19],[-70.88,-54.03],[-70.88,-53.84],[-70.61,-53.87],[-70.71,-53.7],[-70.54,-53.56],[-70.46,-53.58],[-70.45,-53.89],[-70.34,-54.03]]],[[[-68.74,-54.9],[-69.07,-54.95],[-69.51,-54.86],[-69.67,-54.8],[-69.63,-54.69],[-69.68,-54.76],[-69.72,-54.69],[-69.73,-54.8],[-69.77,-54.72],[-69.81,-54.81],[-69.91,-54.82],[-69.97,-54.68],[-69.99,-54.84],[-70.09,-54.85],[-70.09,-54.78],[-70.31,-54.84],[-70.24,-54.69],[-70.37,-54.84],[-70.58,-54.78],[-70.76,-54.84],[-70.84,-54.79],[-70.62,-54.73],[-70.45,-54.63],[-70.82,-54.75],[-70.92,-54.71],[-70.77,-54.68],[-70.94,-54.67],[-71.03,-54.78],[-70.95,-54.62],[-71.29,-54.68],[-71.19,-54.63],[-71.26,-54.61],[-71.23,-54.53],[-71.35,-54.52],[-71.41,-54.58],[-71.34,-54.61],[-71.49,-54.69],[-71.49,-54.59],[-71.58,-54.65],[-71.6,-54.58],[-71.65,-54.65],[-71.75,-54.59],[-71.94,-54.65],[-71.98,-54.61],[-71.89,-54.57],[-72.0,-54.57],[-72.01,-54.51],[-71.94,-54.51],[-71.97,-54.45],[-71.67,-54.57],[-71.75,-54.51],[-71.58,-54.55],[-71.85,-54.41],[-71.56,-54.51],[-71.49,-54.48],[-71.61,-54.41],[-71.39,-54.46],[-71.32,-54.43],[-71.43,-54.4],[-71.36,-54.37],[-71.09,-54.51],[-71.14,-54.44],[-70.97,-54.47],[-70.95,-54.34],[-70.8,-54.32],[-70.61,-54.34],[-70.73,-54.43],[-70.76,-54.6],[-70.63,-54.6],[-70.7,-54.49],[-70.59,-54.39],[-70.25,-54.58],[-70.3,-54.5],[-70.13,-54.55],[-70.43,-54.44],[-70.58,-54.27],[-70.84,-54.26],[-70.9,-54.18],[-70.82,-54.2],[-70.93,-54.11],[-70.14,-54.43],[-70.07,-54.37],[-70.2,-54.32],[-70.03,-54.26],[-69.78,-54.55],[-69.74,-54.48],[-69.86,-54.28],[-69.56,-54.44],[-69.52,-54.34],[-69.24,-54.44],[-69.42,-54.62],[-69.38,-54.68],[-69.27,-54.53],[-69.17,-54.58],[-69.16,-54.45],[-68.99,-54.47],[-70.01,-54.11],[-70.18,-53.83],[-70.14,-53.74],[-69.36,-53.52],[-69.35,-53.36],[-70.2,-53.47],[-70.47,-53.31],[-70.42,-53.01],[-70.31,-52.97],[-70.34,-53.05],[-70.24,-53.06],[-70.09,-52.91],[-70.3,-52.91],[-70.28,-52.8],[-70.42,-52.76],[-70.13,-52.73],[-69.91,-52.85],[-69.59,-52.64],[-69.6,-52.52],[-69.42,-52.45],[-69.14,-52.68],[-68.78,-52.55],[-68.63,-52.64],[-68.64,-54.78],[-68.71,-54.77],[-68.64,-54.85],[-68.97,-54.78],[-68.74,-54.9]]],[[[-70.69,-52.85],[-70.62,-52.84],[-70.73,-52.91],[-70.79,-52.9],[-70.69,-52.85]]]],"type":"MultiPolygon"},"properties":{"name":"Chile"},"type":"Feature"},{"geometry":{"coordinates":[[[[110.86,19.53],[110.81,19.61],[110.58,19.16],[110.48,19.17],[110.55,19.09],[110.58,19.15],[110.51,18.91],[110.43,18.82],[110.49,18.79],[110.5,18.88],[110.53,18.79],[110.03,18.51],[110.04,18.38],[109.97,18.39],[110.01,18.41],[110.02,18.45],[109.75,18.4],[109.73,18.27],[109.67,18.27],[109.74,18.26],[109.71,18.21],[109.56,18.17],[109.56,18.26],[109.48,18.19],[109.44,18.29],[109.16,18.29],[109.14,18.36],[108.68,18.52],[108.63,19.27],[109.01,19.6],[109.31,19.71],[109.27,19.79],[109.16,19.72],[109.26,19.9],[109.58,19.86],[109.53,19.95],[109.72,20.01],[109.84,19.93],[109.94,19.99],[109.99,19.91],[110.16,20.07],[110.34,20.06],[110.42,19.92],[110.38,20.08],[110.61,19.92],[110.57,20.07],[110.68,20.16],[110.79,20.01],[110.93,20.0],[111.03,19.64],[110.86,19.53]]],[[[110.42,20.65],[110.43,20.67],[110.48,20.63],[110.42,20.65]]],[[[110.59,20.88],[110.55,20.92],[110.6,20.96],[110.59,20.88]]],[[[110.44,21.01],[110.27,20.97],[110.25,21.03],[110.53,21.08],[110.52,20.94],[110.44,21.01]]],[[[109.09,21.04],[109.12,21.07],[109.14,21.05],[109.09,21.04]]],[[[110.42,21.18],[110.43,21.19],[110.62,21.2],[110.57,21.11],[110.42,21.18]]],[[[111.86,21.57],[111.81,21.57],[111.84,21.64],[112.01,21.64],[111.86,21.57]]],[[[105.29,23.37],[105.2,23.25],[104.87,23.16],[104.8,23.09],[104.82,22.92],[104.7,22.82],[104.55,22.84],[104.34,22.69],[104.24,22.74],[104.24,22.82],[104.09,22.79],[103.96,22.51],[103.65,22.8],[103.5,22.58],[103.31,22.79],[103.03,22.43],[102.47,22.77],[102.22,22.41],[101.99,22.45],[101.87,22.38],[101.69,22.48],[101.52,22.25],[101.8,21.63],[101.74,21.57],[101.72,21.32],[101.82,21.23],[101.76,21.14],[101.52,21.24],[101.24,21.19],[101.08,21.77],[100.62,21.47],[100.34,21.53],[100.16,21.44],[100.09,21.55],[100.14,21.65],[99.95,21.72],[99.94,22.05],[99.14,22.15],[99.36,22.5],[99.31,22.75],[99.41,22.93],[99.54,22.93],[99.49,23.06],[99.33,23.13],[99.22,23.06],[98.86,23.18],[98.89,23.41],[98.78,23.53],[98.86,23.61],[98.79,23.76],[98.66,23.8],[98.66,23.96],[98.87,24.15],[98.59,24.08],[98.11,24.1],[97.62,23.85],[97.52,23.94],[97.72,24.15],[97.65,24.43],[97.51,24.44],[97.53,24.72],[97.77,24.83],[97.7,25.07],[97.8,25.24],[97.91,25.21],[98.04,25.31],[98.14,25.61],[98.31,25.56],[98.5,25.83],[98.69,25.87],[98.55,26.11],[98.71,26.17],[98.64,26.25],[98.76,26.63],[98.68,27.58],[98.41,27.68],[98.38,27.56],[98.29,27.54],[98.11,27.97],[98.12,28.14],[97.9,28.36],[97.77,28.35],[97.67,28.51],[97.53,28.53],[97.45,28.3],[97.32,28.22],[97.08,28.38],[96.97,28.33],[96.72,28.44],[96.3,28.42],[96.59,28.76],[96.46,28.99],[96.37,29.04],[96.2,28.94],[96.17,29.11],[96.37,29.26],[96.24,29.24],[96.14,29.37],[95.74,29.34],[95.72,29.22],[95.56,29.25],[95.49,29.07],[95.37,29.04],[94.78,29.17],[94.6,29.32],[94.29,29.15],[94.35,29.02],[93.99,28.84],[93.93,28.68],[93.45,28.67],[93.32,28.6],[93.19,28.43],[93.21,28.34],[92.68,28.13],[92.64,28.06],[92.74,27.99],[92.68,27.91],[92.3,27.79],[92.24,27.87],[91.95,27.72],[91.29,28.09],[91.01,27.97],[90.67,28.09],[90.48,28.07],[90.59,28.23],[90.29,28.26],[90.23,28.36],[89.92,28.32],[89.46,28.05],[88.98,27.53],[89.0,27.33],[88.89,27.32],[88.74,27.53],[88.85,27.84],[88.82,27.99],[88.61,28.11],[88.12,27.95],[88.12,27.86],[87.84,27.91],[87.73,27.81],[87.37,27.8],[87.36,27.86],[87.16,27.83],[86.68,28.11],[86.55,28.1],[86.43,27.91],[86.2,28.0],[86.16,28.16],[86.07,28.08],[86.11,27.93],[85.98,27.89],[85.69,28.34],[85.61,28.25],[85.09,28.3],[85.16,28.59],[85.05,28.64],[84.81,28.54],[84.45,28.73],[84.21,28.94],[84.23,29.03],[84.09,29.26],[83.91,29.29],[83.64,29.15],[83.52,29.18],[83.17,29.62],[83.06,29.58],[82.98,29.66],[82.84,29.66],[82.54,29.92],[82.15,30.06],[82.07,30.34],[81.61,30.42],[81.51,30.33],[81.39,30.37],[81.35,30.16],[81.22,30.01],[81.1,30.02],[80.98,30.26],[80.6,30.46],[80.18,30.56],[80.23,30.72],[80.16,30.79],[80.06,30.78],[79.83,30.96],[79.58,30.94],[79.4,31.02],[79.13,31.44],[79.07,31.46],[78.92,31.27],[78.75,31.31],[78.7,31.51],[78.82,31.61],[78.67,31.77],[78.74,31.96],[78.46,32.23],[78.38,32.55],[78.74,32.63],[78.77,32.46],[78.94,32.35],[79.08,32.37],[79.11,32.47],[79.32,32.59],[79.44,32.53],[79.62,32.73],[79.33,32.99],[79.46,33.25],[79.08,33.3],[78.8,33.49],[78.73,34.08],[78.98,34.22],[78.95,34.35],[78.66,34.53],[78.3,34.62],[78.0,35.27],[78.04,35.49],[77.88,35.43],[77.8,35.5],[77.38,35.47],[76.92,35.58],[76.57,35.75],[76.54,35.9],[76.17,35.81],[76.09,35.98],[75.9,36.06],[76.01,36.23],[75.98,36.46],[75.85,36.64],[75.65,36.75],[75.43,36.72],[75.31,36.93],[75.1,36.99],[74.87,36.91],[74.79,37.02],[74.54,37.02],[74.38,37.13],[74.72,37.3],[74.79,37.21],[74.89,37.23],[75.16,37.4],[74.89,37.6],[74.97,37.77],[74.79,38.08],[74.84,38.46],[74.33,38.67],[74.12,38.67],[74.03,38.53],[73.82,38.59],[73.68,38.87],[73.83,38.98],[73.61,39.21],[73.63,39.45],[73.84,39.48],[73.92,39.58],[73.82,39.79],[73.98,40.04],[74.33,40.09],[74.71,40.33],[74.86,40.33],[74.79,40.42],[74.84,40.51],[75.19,40.44],[75.56,40.63],[75.68,40.29],[76.24,40.44],[76.31,40.34],[76.61,40.6],[76.65,40.76],[76.86,41.01],[78.07,41.04],[78.35,41.27],[78.36,41.38],[78.66,41.53],[79.75,41.88],[79.84,42.0],[80.23,42.03],[80.27,42.24],[80.14,42.64],[80.25,42.82],[80.55,42.88],[80.37,43.03],[80.79,43.15],[80.64,43.33],[80.71,43.46],[80.34,44.12],[80.36,44.65],[80.49,44.73],[80.24,44.82],[79.99,44.79],[79.86,44.9],[80.1,45.03],[80.85,45.13],[81.67,45.35],[81.95,45.14],[82.25,45.23],[82.54,45.12],[82.63,45.42],[82.29,45.53],[82.99,46.94],[83.02,47.21],[83.91,46.97],[84.66,46.98],[84.75,46.92],[84.74,46.81],[85.23,47.04],[85.5,47.05],[85.68,47.27],[85.52,47.92],[85.72,48.36],[86.57,48.53],[86.75,48.72],[86.79,48.84],[86.71,48.95],[86.86,49.11],[87.4,49.07],[87.82,49.17],[87.87,48.97],[87.74,48.87],[88.06,48.71],[87.94,48.6],[87.98,48.55],[88.5,48.39],[88.6,48.2],[89.05,47.99],[89.54,48.03],[89.75,47.82],[90.04,47.88],[90.08,47.76],[90.34,47.66],[90.47,47.31],[90.71,47.01],[90.89,46.94],[91.05,46.57],[90.9,46.3],[91.0,46.02],[90.71,45.75],[90.65,45.49],[90.87,45.19],[91.06,45.22],[91.53,45.07],[92.22,45.01],[92.85,45.04],[93.53,44.95],[93.93,44.67],[94.18,44.66],[94.7,44.34],[95.04,44.25],[95.4,44.28],[95.32,44.02],[95.54,43.96],[95.87,43.25],[96.32,42.91],[96.36,42.72],[97.19,42.79],[99.47,42.56],[100.02,42.68],[101.52,42.54],[101.74,42.46],[102.03,42.18],[103.07,42.0],[103.69,41.76],[104.5,41.87],[104.5,41.66],[104.97,41.59],[105.2,41.74],[106.77,42.29],[108.18,42.45],[108.8,42.4],[109.49,42.45],[110.41,42.77],[110.97,43.32],[111.93,43.7],[111.84,43.94],[111.54,44.16],[111.4,44.39],[111.74,44.97],[111.96,45.08],[112.41,45.07],[112.75,44.87],[113.6,44.74],[114.09,44.96],[114.42,45.2],[114.53,45.39],[115.67,45.45],[116.17,45.71],[116.25,45.8],[116.21,45.91],[116.57,46.29],[116.81,46.39],[117.34,46.36],[117.39,46.57],[117.57,46.6],[117.8,46.52],[118.27,46.72],[118.72,46.68],[118.85,46.77],[119.32,46.61],[119.68,46.59],[119.85,46.66],[119.9,46.9],[119.7,47.16],[119.28,47.41],[119.31,47.48],[119.13,47.53],[119.08,47.66],[118.77,47.76],[118.54,47.97],[117.77,47.99],[117.36,47.65],[116.82,47.88],[116.24,47.86],[115.91,47.68],[115.58,47.91],[115.51,48.13],[115.8,48.24],[115.8,48.53],[116.03,48.77],[116.68,49.82],[117.84,49.51],[118.64,49.95],[119.09,49.99],[119.32,50.09],[119.36,50.34],[119.14,50.39],[119.5,50.74],[119.52,50.9],[119.74,51.07],[119.76,51.22],[119.92,51.33],[120.1,51.66],[120.65,51.91],[120.78,52.12],[120.63,52.35],[120.72,52.54],[120.45,52.64],[120.08,52.59],[120.03,52.76],[120.87,53.28],[121.2,53.28],[122.32,53.5],[122.86,53.47],[123.61,53.56],[124.87,53.11],[124.9,53.19],[125.07,53.21],[125.62,53.06],[125.73,52.98],[125.65,52.88],[125.84,52.91],[125.98,52.76],[126.09,52.78],[125.99,52.59],[126.21,52.53],[126.2,52.47],[126.35,52.38],[126.32,52.32],[126.44,52.28],[126.32,52.2],[126.56,52.13],[126.44,52.0],[126.73,51.71],[126.68,51.58],[126.91,51.39],[126.81,51.29],[126.97,51.32],[126.93,51.06],[127.29,50.75],[127.37,50.58],[127.29,50.47],[127.36,50.42],[127.33,50.33],[127.59,50.21],[127.49,50.03],[127.54,49.79],[127.85,49.58],[128.2,49.54],[128.67,49.61],[128.8,49.57],[128.76,49.47],[129.12,49.35],[129.34,49.34],[129.38,49.43],[129.48,49.42],[129.55,49.29],[129.71,49.27],[129.93,49.03],[130.2,48.88],[130.67,48.87],[130.53,48.62],[130.63,48.48],[130.76,48.49],[130.83,48.32],[130.67,48.06],[130.91,47.88],[130.94,47.72],[131.02,47.68],[131.42,47.74],[131.6,47.66],[132.52,47.71],[132.67,47.95],[132.81,47.94],[133.09,48.11],[133.52,48.1],[133.74,48.25],[134.39,48.38],[134.72,48.26],[134.56,48.01],[134.77,47.71],[134.56,47.47],[134.18,47.33],[134.23,47.12],[134.07,46.98],[134.01,46.67],[133.85,46.47],[133.93,46.39],[133.86,46.34],[133.9,46.26],[133.69,46.14],[133.66,45.93],[133.48,45.82],[133.48,45.63],[133.18,45.49],[133.1,45.11],[132.92,45.03],[131.97,45.23],[131.85,45.34],[131.43,44.96],[130.93,44.84],[131.07,44.68],[131.26,44.05],[131.16,43.53],[131.28,43.38],[131.08,43.03],[131.1,42.91],[130.41,42.74],[130.57,42.62],[130.53,42.53],[130.5,42.61],[130.45,42.55],[130.26,42.71],[130.24,42.9],[129.88,43.0],[129.7,42.44],[129.54,42.37],[129.34,42.45],[129.19,42.32],[129.21,42.22],[128.94,42.04],[128.03,41.99],[128.05,41.86],[128.3,41.58],[128.15,41.38],[128.0,41.47],[127.64,41.43],[127.13,41.52],[127.18,41.59],[126.93,41.8],[126.79,41.7],[126.68,41.74],[126.73,41.7],[126.57,41.61],[126.52,41.35],[126.12,41.08],[126.01,40.9],[125.76,40.89],[125.41,40.63],[125.03,40.53],[125.04,40.46],[124.9,40.48],[124.14,39.84],[123.77,39.82],[123.66,39.92],[123.59,39.78],[123.43,39.73],[123.42,39.82],[123.25,39.82],[123.22,39.68],[123.01,39.68],[122.29,39.35],[122.04,39.06],[121.83,39.04],[121.87,38.95],[121.72,39.03],[121.59,38.94],[121.7,38.86],[121.24,38.8],[121.18,38.72],[121.11,38.77],[121.12,38.94],[121.67,39.09],[121.59,39.26],[121.94,39.4],[121.53,39.36],[121.44,39.51],[121.22,39.53],[121.53,39.62],[121.47,39.81],[121.87,39.99],[121.83,40.02],[122.3,40.5],[122.15,40.6],[122.16,40.7],[121.85,40.83],[121.87,41.0],[121.74,40.85],[121.36,40.94],[120.98,40.83],[120.94,40.74],[121.02,40.72],[120.83,40.67],[120.55,40.4],[120.59,40.37],[120.47,40.21],[119.54,39.89],[119.53,39.81],[119.21,39.57],[119.28,39.58],[119.28,39.38],[118.93,39.13],[118.97,39.19],[118.87,39.21],[118.33,39.03],[118.03,39.22],[117.72,39.11],[117.78,38.98],[117.7,39.0],[117.54,38.62],[117.72,38.38],[118.07,38.14],[118.95,38.1],[119.26,37.72],[119.07,37.74],[118.97,37.59],[118.96,37.3],[119.15,37.18],[119.77,37.15],[119.9,37.25],[119.86,37.36],[120.32,37.63],[120.22,37.68],[120.74,37.83],[121.14,37.7],[121.17,37.58],[121.39,37.62],[121.57,37.43],[121.68,37.44],[121.59,37.45],[121.64,37.48],[121.99,37.43],[122.12,37.56],[122.18,37.42],[122.69,37.41],[122.55,37.32],[122.63,37.19],[122.45,37.15],[122.4,37.02],[122.54,37.03],[122.51,36.9],[122.41,36.92],[122.44,36.87],[122.32,36.82],[122.19,36.85],[122.27,36.9],[122.17,37.01],[122.03,36.9],[122.05,36.98],[121.93,36.99],[121.95,36.94],[121.64,36.83],[121.63,36.74],[121.5,36.77],[121.61,36.84],[121.46,36.83],[121.4,36.71],[121.02,36.58],[120.85,36.6],[120.96,36.55],[120.95,36.46],[120.87,36.38],[120.81,36.46],[120.71,36.43],[120.72,36.33],[120.64,36.32],[120.7,36.16],[120.63,36.12],[120.35,36.04],[120.29,36.06],[120.36,36.19],[120.31,36.27],[120.28,36.18],[120.1,36.23],[120.18,35.99],[120.3,35.97],[120.1,35.9],[120.0,35.73],[119.91,35.74],[119.9,35.62],[119.65,35.58],[119.55,35.38],[119.42,35.31],[119.36,35.1],[119.19,35.0],[119.19,34.72],[119.44,34.75],[119.65,34.53],[120.26,34.31],[120.48,33.65],[120.9,33.01],[120.83,32.7],[121.39,32.38],[121.42,32.25],[121.36,32.23],[121.44,32.11],[121.82,31.95],[121.93,31.73],[121.68,31.72],[121.29,31.89],[121.12,31.8],[120.98,31.81],[120.81,32.02],[120.63,32.08],[120.47,32.03],[120.75,31.98],[120.82,31.83],[120.73,31.81],[121.14,31.68],[121.73,31.28],[121.98,30.91],[121.54,30.82],[121.02,30.57],[120.81,30.3],[120.7,30.39],[120.48,30.4],[120.43,30.39],[120.38,30.27],[120.26,30.3],[120.15,30.2],[120.27,30.28],[120.38,30.25],[120.45,30.37],[120.62,30.37],[120.73,30.23],[120.63,30.12],[120.68,30.08],[120.79,30.07],[120.65,30.13],[120.75,30.23],[120.89,30.17],[121.25,30.35],[121.43,30.29],[121.72,29.96],[121.94,29.89],[122.14,29.88],[121.69,29.56],[121.44,29.52],[121.48,29.39],[121.71,29.54],[121.81,29.49],[121.84,29.54],[121.74,29.54],[121.8,29.6],[121.97,29.59],[121.91,29.52],[121.97,29.45],[121.9,29.3],[121.99,29.26],[121.94,29.2],[121.79,29.17],[121.84,29.32],[121.79,29.37],[121.72,29.18],[121.65,29.18],[121.64,29.31],[121.63,29.19],[121.57,29.31],[121.41,29.16],[121.46,29.13],[121.4,29.11],[121.62,29.11],[121.61,29.06],[121.54,29.06],[121.53,29.02],[121.69,29.02],[121.68,28.91],[121.59,28.96],[121.57,28.93],[121.52,28.96],[121.49,28.93],[121.67,28.83],[121.62,28.74],[121.35,28.71],[121.14,28.85],[121.3,28.72],[121.26,28.68],[121.51,28.66],[121.62,28.29],[121.41,28.3],[121.33,28.15],[121.26,28.23],[121.23,28.24],[121.26,28.37],[121.17,28.38],[121.13,28.31],[121.02,28.3],[121.12,28.24],[120.97,27.99],[120.61,28.04],[120.58,28.12],[120.56,28.11],[120.59,28.03],[120.84,27.96],[120.87,27.88],[120.72,27.72],[120.64,27.76],[120.68,27.66],[120.6,27.57],[120.68,27.48],[120.64,27.38],[120.5,27.34],[120.52,27.2],[120.43,27.17],[120.38,27.24],[120.35,27.25],[120.3,27.24],[120.35,27.24],[120.42,27.15],[120.24,27.13],[120.26,27.0],[120.15,26.98],[120.22,26.92],[120.03,26.9],[120.13,26.8],[120.13,26.65],[119.85,26.52],[120.08,26.8],[119.93,26.79],[119.88,26.66],[119.79,26.69],[119.85,26.85],[119.76,26.74],[119.69,26.81],[119.72,26.7],[119.61,26.8],[119.55,26.75],[119.6,26.57],[119.78,26.58],[119.79,26.41],[119.65,26.5],[119.57,26.45],[119.65,26.44],[119.68,26.32],[119.83,26.43],[119.95,26.36],[119.65,26.27],[119.46,25.98],[119.52,26.04],[119.7,26.0],[119.57,25.87],[119.59,25.69],[119.45,25.69],[119.49,25.56],[119.58,25.58],[119.65,25.36],[119.58,25.34],[119.58,25.47],[119.48,25.37],[119.51,25.47],[119.45,25.44],[119.38,25.59],[119.31,25.6],[119.1,25.42],[119.2,25.36],[119.2,25.26],[119.28,25.33],[119.34,25.24],[119.26,25.18],[119.12,25.21],[119.1,25.11],[119.03,25.14],[119.07,25.22],[118.97,25.23],[119.03,25.28],[118.88,25.24],[118.97,25.18],[118.85,25.07],[118.95,25.0],[119.0,25.05],[119.02,24.96],[118.91,24.95],[118.95,24.87],[118.72,24.84],[118.67,24.95],[118.67,24.87],[118.57,24.89],[118.64,24.77],[118.76,24.76],[118.64,24.68],[118.62,24.55],[118.55,24.52],[118.43,24.7],[118.4,24.61],[118.22,24.54],[118.16,24.69],[118.11,24.58],[117.97,24.55],[118.06,24.52],[118.02,24.45],[117.79,24.47],[117.91,24.38],[118.04,24.41],[118.02,24.33],[118.09,24.34],[118.13,24.26],[117.91,24.19],[117.89,24.03],[117.75,23.91],[117.8,24.02],[117.67,24.06],[117.7,23.95],[117.59,23.74],[117.57,23.9],[117.42,23.95],[117.49,23.83],[117.28,23.78],[117.26,23.62],[117.23,23.69],[117.08,23.55],[117.07,23.65],[116.92,23.66],[116.77,23.35],[116.52,23.42],[116.57,23.32],[116.75,23.33],[116.8,23.24],[116.67,23.28],[116.72,23.24],[116.65,23.16],[116.61,23.24],[116.51,23.23],[116.6,23.21],[116.49,22.94],[116.21,22.98],[116.28,22.96],[116.14,22.85],[116.04,22.93],[116.08,22.87],[115.81,22.75],[115.68,22.88],[115.73,22.93],[115.56,22.85],[115.55,22.9],[115.41,22.93],[115.47,22.85],[115.56,22.84],[115.61,22.86],[115.53,22.77],[115.58,22.67],[115.37,22.69],[115.41,22.79],[115.23,22.79],[115.3,22.9],[114.99,22.69],[114.86,22.76],[114.97,22.68],[114.9,22.55],[114.74,22.61],[114.78,22.82],[114.52,22.71],[114.51,22.65],[114.59,22.64],[114.5,22.56],[114.62,22.51],[114.52,22.45],[114.4,22.61],[113.96,22.54],[113.89,22.45],[113.76,22.75],[113.67,22.75],[113.61,22.85],[113.64,23.03],[113.6,22.92],[113.62,23.03],[113.58,22.94],[113.58,23.02],[113.53,23.01],[113.58,23.1],[113.42,23.1],[113.5,23.02],[113.48,22.92],[113.21,22.9],[113.49,22.77],[113.38,22.77],[113.6,22.58],[113.59,22.24],[113.48,22.16],[113.17,22.58],[113.4,22.18],[113.3,22.18],[113.16,22.02],[113.09,22.21],[113.03,21.95],[112.91,21.86],[112.83,21.97],[112.55,21.77],[112.43,21.85],[112.49,21.97],[112.39,21.96],[112.4,22.07],[112.36,21.98],[112.4,21.8],[112.29,21.71],[112.18,21.75],[112.19,21.84],[112.03,21.8],[112.04,21.88],[111.97,21.82],[111.89,21.93],[111.9,21.82],[112.0,21.77],[111.87,21.68],[111.84,21.77],[111.68,21.78],[111.79,21.62],[111.63,21.53],[111.58,21.58],[111.48,21.51],[111.43,21.6],[111.44,21.53],[111.27,21.44],[111.3,21.5],[111.09,21.47],[111.03,21.54],[110.98,21.44],[111.04,21.48],[111.07,21.47],[110.99,21.42],[110.77,21.4],[110.65,21.26],[110.64,21.37],[110.64,21.23],[110.43,21.19],[110.49,21.34],[110.43,21.31],[110.36,21.44],[110.4,21.18],[110.2,21.07],[110.16,20.85],[110.37,20.85],[110.41,20.75],[110.36,20.73],[110.34,20.82],[110.3,20.66],[110.53,20.48],[110.28,20.25],[110.04,20.3],[109.92,20.24],[109.86,20.41],[109.98,20.35],[110.01,20.43],[109.82,20.52],[109.85,20.6],[109.75,20.67],[109.79,20.69],[109.76,20.86],[109.72,20.81],[109.66,20.93],[109.77,21.36],[109.92,21.36],[109.94,21.49],[109.81,21.46],[109.77,21.58],[109.77,21.49],[109.65,21.52],[109.68,21.62],[109.61,21.58],[109.59,21.75],[109.46,21.66],[109.57,21.58],[109.53,21.49],[109.24,21.43],[109.24,21.49],[109.14,21.4],[109.04,21.45],[109.14,21.51],[109.14,21.6],[108.93,21.62],[108.86,21.68],[108.92,21.77],[108.8,21.82],[108.84,21.75],[108.78,21.73],[108.86,21.64],[108.75,21.6],[108.72,21.75],[108.68,21.71],[108.65,21.73],[108.68,21.82],[108.59,21.74],[108.64,21.89],[108.57,21.95],[108.49,21.86],[108.46,21.92],[108.48,21.7],[108.57,21.68],[108.47,21.56],[108.39,21.58],[108.47,21.67],[108.34,21.73],[108.28,21.54],[108.21,21.5],[108.25,21.59],[108.21,21.64],[107.99,21.55],[108.08,21.49],[107.97,21.43],[107.81,21.65],[107.35,21.6],[107.27,21.72],[107.0,21.81],[107.01,21.93],[106.65,21.97],[106.66,22.22],[106.53,22.44],[106.58,22.6],[106.68,22.58],[106.79,22.8],[106.49,22.93],[106.26,22.85],[106.13,22.98],[105.85,22.9],[105.55,23.06],[105.29,23.37]],[[120.75,36.62],[120.75,36.54],[120.85,36.6],[120.75,36.62]],[[120.13,31.94],[119.99,32.02],[119.84,32.3],[119.61,32.35],[119.69,32.29],[119.61,32.2],[119.79,32.2],[119.77,32.13],[120.01,31.95],[120.23,31.91],[120.47,32.03],[120.13,31.94]],[[120.31,27.32],[120.2,27.3],[120.18,27.22],[120.3,27.24],[120.31,27.32]],[[119.44,25.98],[119.42,26.01],[119.28,26.05],[119.22,26.1],[119.21,26.1],[119.09,26.15],[119.25,25.97],[119.33,25.94],[119.44,25.96],[119.46,25.98],[119.44,25.98]],[[110.76,21.41],[110.76,21.44],[110.64,21.38],[110.64,21.37],[110.76,21.41]]],[[[112.53,21.6],[112.52,21.61],[112.65,21.71],[112.65,21.64],[112.53,21.6]]],[[[112.81,21.59],[112.79,21.58],[112.77,21.69],[112.71,21.69],[112.86,21.77],[112.81,21.59]]],[[[113.22,21.91],[113.26,21.95],[113.29,21.92],[113.22,21.91]]],[[[113.77,22.0],[113.76,21.97],[113.74,21.99],[113.77,22.0]]],[[[114.31,22.07],[114.3,22.04],[114.21,22.03],[114.31,22.07]]],[[[113.41,22.08],[113.41,22.01],[113.31,22.02],[113.41,22.08]]],[[[113.54,22.08],[113.47,22.08],[113.47,22.11],[113.54,22.08]]],[[[113.31,22.15],[113.36,22.16],[113.31,22.08],[113.31,22.15]]],[[[113.61,22.4],[113.62,22.44],[113.66,22.43],[113.61,22.4]]],[[[113.63,22.6],[113.48,22.73],[113.55,22.74],[113.63,22.6]]],[[[113.48,22.85],[113.4,22.9],[113.49,22.89],[113.6,22.76],[113.48,22.85]]],[[[113.51,22.95],[113.52,22.97],[113.55,22.89],[113.51,22.95]]],[[[117.13,23.4],[116.94,23.43],[117.06,23.48],[117.13,23.4]]],[[[116.94,23.54],[117.01,23.56],[117.0,23.55],[116.94,23.54]]],[[[117.43,23.58],[117.32,23.57],[117.39,23.77],[117.53,23.74],[117.43,23.58]]],[[[118.14,24.43],[118.07,24.46],[118.09,24.56],[118.19,24.49],[118.14,24.43]]],[[[119.46,25.2],[119.45,25.24],[119.57,25.2],[119.46,25.2]]],[[[119.28,25.48],[119.34,25.57],[119.35,25.55],[119.33,25.45],[119.28,25.48]]],[[[119.69,25.44],[119.68,25.5],[119.78,25.52],[119.69,25.59],[119.73,25.65],[119.87,25.56],[119.8,25.52],[119.85,25.46],[119.69,25.44]]],[[[119.26,26.0],[119.21,26.1],[119.26,26.05],[119.4,25.98],[119.26,26.0]]],[[[119.61,26.12],[119.64,26.07],[119.57,26.08],[119.61,26.12]]],[[[120.36,26.96],[120.39,26.94],[120.33,26.94],[120.36,26.96]]],[[[121.17,27.82],[121.1,27.82],[121.19,27.86],[121.17,27.82]]],[[[121.11,27.98],[121.14,27.96],[121.04,27.95],[121.11,27.98]]],[[[121.15,28.04],[121.12,28.14],[121.23,28.22],[121.24,28.09],[121.15,28.04]]],[[[119.82,32.2],[119.72,32.25],[119.75,32.29],[119.83,32.25],[119.9,32.07],[119.82,32.12],[119.82,32.2]]],[[[120.6,37.97],[120.62,37.98],[120.62,37.95],[120.6,37.97]]],[[[120.7,37.99],[120.73,37.97],[120.71,37.97],[120.7,37.99]]],[[[118.49,39.05],[118.65,39.06],[118.59,38.97],[118.49,38.94],[118.49,39.05]]],[[[121.36,39.45],[121.26,39.4],[121.34,39.48],[121.36,39.45]]],[[[121.42,39.37],[121.34,39.38],[121.36,39.45],[121.42,39.37]]],[[[121.87,29.15],[121.94,29.16],[121.94,29.06],[121.87,29.15]]],[[[121.79,29.12],[121.79,29.15],[121.86,29.13],[121.79,29.12]]],[[[122.04,29.72],[122.07,29.78],[122.12,29.78],[122.15,29.67],[122.04,29.72]]],[[[122.28,29.84],[122.31,29.78],[122.3,29.78],[122.28,29.84]]],[[[122.32,29.94],[122.34,29.96],[122.41,29.95],[122.4,29.83],[122.32,29.94]]],[[[121.96,29.95],[121.99,29.91],[121.95,29.9],[121.96,29.95]]],[[[121.83,30.0],[121.85,30.09],[121.91,30.04],[121.83,30.0]]],[[[122.01,30.0],[121.96,30.14],[122.29,30.07],[122.3,29.95],[122.01,30.0]]],[[[122.33,30.27],[122.4,30.27],[122.41,30.25],[122.28,30.24],[122.33,30.27]]],[[[122.14,30.25],[122.07,30.29],[122.21,30.35],[122.22,30.25],[122.14,30.25]]],[[[122.28,30.48],[122.42,30.41],[122.35,30.44],[122.28,30.48]]],[[[122.43,30.7],[122.43,30.74],[122.53,30.72],[122.43,30.7]]],[[[121.82,31.3],[121.79,31.37],[121.88,31.35],[121.82,31.3]]],[[[121.31,31.66],[121.18,31.8],[121.39,31.81],[121.98,31.54],[121.98,31.48],[121.82,31.45],[121.31,31.66]]],[[[123.14,39.08],[123.18,39.09],[123.2,39.05],[123.14,39.08]]],[[[122.39,39.15],[122.32,39.17],[122.4,39.21],[122.39,39.15]]],[[[122.7,39.22],[122.64,39.23],[122.74,39.24],[122.7,39.22]]],[[[122.64,39.28],[122.68,39.26],[122.51,39.3],[122.64,39.28]]],[[[122.97,39.54],[123.04,39.53],[123.03,39.51],[122.97,39.54]]]],"type":"MultiPolygon"},"properties":{"name":"China"},"type":"Feature"},{"geometry":{"coordinates":[[[[-78.86,1.56],[-79.02,1.64],[-78.85,1.82],[-78.57,1.78],[-78.55,1.91],[-78.61,2.03],[-78.67,1.98],[-78.7,2.19],[-78.57,2.43],[-78.56,2.38],[-78.35,2.65],[-78.25,2.54],[-78.25,2.66],[-78.21,2.54],[-78.13,2.49],[-78.11,2.51],[-78.09,2.52],[-78.1,2.65],[-77.95,2.67],[-77.9,2.58],[-77.84,2.57],[-77.76,2.59],[-77.76,2.6],[-77.75,2.63],[-77.81,2.76],[-77.69,2.79],[-77.72,2.84],[-77.64,2.87],[-77.71,2.92],[-77.62,2.93],[-77.63,2.99],[-77.72,2.98],[-77.48,3.23],[-77.54,3.25],[-77.46,3.36],[-77.32,3.32],[-77.33,3.51],[-77.26,3.47],[-77.32,3.55],[-77.12,3.68],[-77.17,3.74],[-77.13,3.73],[-77.15,3.81],[-77.03,3.92],[-77.25,3.84],[-77.3,3.97],[-77.21,3.98],[-77.19,4.07],[-77.26,4.11],[-77.35,3.93],[-77.44,4.03],[-77.43,4.18],[-77.3,4.2],[-77.24,4.27],[-77.39,4.35],[-77.31,4.47],[-77.33,4.75],[-77.26,4.7],[-77.35,4.85],[-77.38,5.4],[-77.56,5.5],[-77.25,5.73],[-77.48,6.19],[-77.48,6.29],[-77.42,6.24],[-77.38,6.3],[-77.35,6.57],[-77.41,6.69],[-77.54,6.66],[-77.59,6.83],[-77.7,6.85],[-77.67,7.02],[-77.9,7.24],[-77.82,7.48],[-77.73,7.53],[-77.76,7.71],[-77.58,7.53],[-77.34,7.71],[-77.38,7.77],[-77.3,7.9],[-77.16,7.94],[-77.49,8.47],[-77.43,8.63],[-77.35,8.67],[-77.27,8.5],[-76.96,8.27],[-76.94,8.13],[-76.83,8.14],[-76.91,7.93],[-76.76,7.92],[-76.77,8.42],[-76.95,8.55],[-76.32,8.95],[-76.17,9.25],[-75.94,9.44],[-75.81,9.39],[-75.62,9.45],[-75.58,9.62],[-75.71,9.7],[-75.53,10.24],[-75.7,10.13],[-75.52,10.32],[-75.52,10.39],[-75.58,10.4],[-75.5,10.49],[-75.49,10.43],[-75.49,10.5],[-75.52,10.58],[-75.25,10.71],[-75.27,10.8],[-74.84,11.11],[-74.3,10.99],[-74.15,11.34],[-73.29,11.29],[-72.74,11.71],[-72.26,11.89],[-72.14,12.26],[-71.97,12.26],[-72.02,12.19],[-71.94,12.17],[-71.87,12.26],[-71.96,12.28],[-71.73,12.41],[-71.69,12.37],[-71.63,12.43],[-71.74,12.42],[-71.68,12.47],[-71.26,12.34],[-71.11,12.09],[-71.14,12.02],[-71.41,11.81],[-71.99,11.65],[-72.27,11.15],[-72.5,11.12],[-72.68,10.86],[-72.91,10.43],[-72.99,9.81],[-73.39,9.17],[-73.21,9.17],[-73.01,9.3],[-72.96,9.1],[-72.79,9.11],[-72.68,8.65],[-72.39,8.36],[-72.34,8.1],[-72.49,7.94],[-72.48,7.48],[-72.21,7.38],[-72.1,7.09],[-71.99,7.01],[-71.62,7.05],[-71.18,6.96],[-70.7,7.1],[-70.32,6.94],[-70.13,6.97],[-69.44,6.12],[-69.33,6.16],[-69.25,6.08],[-69.06,6.22],[-68.64,6.14],[-67.98,6.22],[-67.83,6.31],[-67.45,6.2],[-67.49,6.11],[-67.42,5.98],[-67.63,5.78],[-67.62,5.54],[-67.83,5.34],[-67.79,5.06],[-67.88,4.53],[-67.63,3.76],[-67.5,3.72],[-67.31,3.38],[-67.84,2.89],[-67.86,2.79],[-67.63,2.81],[-67.58,2.69],[-67.19,2.39],[-67.22,2.27],[-66.88,1.35],[-66.88,1.22],[-67.09,1.18],[-67.12,1.71],[-67.42,2.14],[-67.93,1.74],[-68.19,2.01],[-68.28,1.83],[-68.16,1.72],[-69.54,1.77],[-69.86,1.71],[-69.85,1.06],[-69.29,1.04],[-69.15,0.87],[-69.14,0.65],[-69.3,0.62],[-69.48,0.73],[-70.05,0.59],[-70.07,-0.16],[-69.62,-0.52],[-69.63,-0.73],[-69.4,-1.18],[-69.96,-4.24],[-70.31,-3.83],[-70.49,-3.88],[-70.73,-3.78],[-70.05,-2.72],[-70.11,-2.63],[-70.15,-2.67],[-70.58,-2.41],[-70.65,-2.45],[-70.9,-2.21],[-71.42,-2.38],[-71.46,-2.26],[-71.5,-2.32],[-71.54,-2.22],[-71.75,-2.13],[-71.95,-2.32],[-72.18,-2.41],[-72.38,-2.45],[-72.64,-2.33],[-72.71,-2.42],[-72.73,-2.37],[-72.94,-2.43],[-73.2,-2.21],[-73.11,-2.07],[-73.19,-1.79],[-73.35,-1.79],[-73.53,-1.67],[-73.5,-1.48],[-73.64,-1.26],[-73.86,-1.21],[-74.08,-0.99],[-74.27,-0.97],[-74.42,-0.54],[-74.64,-0.34],[-74.79,-0.31],[-74.82,-0.17],[-74.93,-0.21],[-75.14,-0.04],[-75.28,-0.11],[-75.63,0.08],[-75.79,0.08],[-76.05,0.36],[-76.3,0.46],[-76.42,0.4],[-76.41,0.25],[-76.57,0.22],[-77.4,0.39],[-77.47,0.65],[-77.65,0.72],[-77.7,0.84],[-77.85,0.81],[-78.12,0.92],[-78.72,1.34],[-78.86,1.56]],[[-74.49,10.98],[-74.48,10.85],[-74.6,10.87],[-74.6,10.78],[-74.56,10.83],[-74.54,10.76],[-74.5,10.76],[-74.51,10.84],[-74.4,10.75],[-74.3,10.99],[-74.49,10.98]]],[[[-78.21,2.58],[-78.21,2.68],[-78.15,2.67],[-78.11,2.51],[-78.21,2.58]]],[[[-77.89,2.59],[-77.92,2.7],[-77.8,2.61],[-77.79,2.59],[-77.89,2.59]]],[[[-77.88,2.72],[-77.76,2.6],[-77.8,2.61],[-77.88,2.72]]],[[[-78.19,2.93],[-78.22,2.93],[-78.17,3.0],[-78.19,2.93]]],[[[-81.59,3.99],[-81.58,3.98],[-81.61,3.96],[-81.59,3.99]]],[[[-77.33,4.24],[-77.55,4.2],[-77.43,4.34],[-77.27,4.26],[-77.33,4.24]]],[[[-81.7,12.5],[-81.72,12.5],[-81.72,12.56],[-81.7,12.5]]],[[[-81.35,13.33],[-81.38,13.32],[-81.37,13.37],[-81.35,13.33]]],[[[-75.57,10.34],[-75.59,10.32],[-75.58,10.38],[-75.57,10.34]]]],"type":"MultiPolygon"},"properties":{"name":"Colombia"},"type":"Feature"},{"geometry":{"coordinates":[[[[43.86,-12.37],[43.67,-12.35],[43.64,-12.24],[43.86,-12.37]]],[[[44.39,-12.25],[44.21,-12.16],[44.37,-12.18],[44.47,-12.06],[44.52,-12.37],[44.39,-12.25]]],[[[43.44,-11.93],[43.22,-11.75],[43.28,-11.38],[43.39,-11.4],[43.38,-11.61],[43.48,-11.84],[43.44,-11.93]]]],"type":"MultiPolygon"},"properties":{"name":"Comoros"},"type":"Feature"},{"geometry":{"coordinates":[[[[-159.74,-21.25],[-159.85,-21.23],[-159.82,-21.19],[-159.74,-21.25]]],[[[-159.79,-18.89],[-159.79,-18.84],[-159.77,-18.83],[-159.79,-18.89]]],[[[-165.82,-10.89],[-165.82,-10.88],[-165.81,-10.88],[-165.82,-10.89]]],[[[-161.09,-10.04],[-161.07,-10.03],[-161.08,-10.04],[-161.09,-10.04]]],[[[-157.94,-21.94],[-157.97,-21.91],[-157.93,-21.88],[-157.89,-21.93],[-157.94,-21.94]]],[[[-157.34,-20.14],[-157.31,-20.16],[-157.33,-20.18],[-157.34,-20.14]]],[[[-158.12,-19.97],[-158.08,-19.99],[-158.1,-20.02],[-158.12,-19.97]]],[[[-157.74,-19.8],[-157.71,-19.77],[-157.71,-19.84],[-157.74,-19.8]]],[[[-158.0,-8.95],[-157.94,-8.98],[-157.98,-8.98],[-158.0,-8.95]]]],"type":"MultiPolygon"},"properties":{"name":"Cook Islands"},"type":"Feature"},{"geometry":{"coordinates":[[[[149.97,-16.3],[149.98,-16.29],[149.98,-16.3],[149.97,-16.3]]],[[[150.0,-16.13],[150.01,-16.13],[150.01,-16.14],[150.0,-16.14],[150.0,-16.13]]]],"type":"MultiPolygon"},"properties":{"name":"Coral Sea Islands"},"type":"Feature"},{"geometry":{"coordinates":[[[[-87.06,5.56],[-87.12,5.52],[-87.1,5.54],[-87.06,5.56]]],[[[-84.91,10.94],[-84.68,11.07],[-84.44,10.95],[-84.36,10.99],[-84.19,10.78],[-84.01,10.79],[-83.92,10.71],[-83.66,10.81],[-83.7,10.94],[-83.64,10.93],[-83.58,10.81],[-83.62,10.86],[-83.64,10.72],[-83.58,10.77],[-83.2,10.13],[-82.79,9.67],[-82.57,9.58],[-82.63,9.48],[-82.85,9.6],[-82.85,9.49],[-82.94,9.46],[-82.94,9.06],[-82.72,8.92],[-82.92,8.76],[-82.85,8.47],[-83.05,8.33],[-82.94,8.25],[-82.89,8.1],[-82.9,8.03],[-82.97,8.22],[-83.15,8.37],[-83.09,8.45],[-83.17,8.64],[-83.48,8.71],[-83.29,8.54],[-83.29,8.38],[-83.58,8.44],[-83.74,8.59],[-83.58,8.79],[-83.64,8.78],[-83.58,8.88],[-83.63,9.04],[-84.21,9.46],[-84.62,9.58],[-84.73,9.97],[-84.85,9.97],[-84.79,9.99],[-85.29,10.28],[-85.19,10.04],[-84.86,9.83],[-85.11,9.56],[-85.3,9.81],[-85.67,9.91],[-85.87,10.36],[-85.78,10.45],[-85.81,10.52],[-85.63,10.62],[-85.7,10.61],[-85.67,10.78],[-85.95,10.9],[-85.71,10.93],[-85.75,11.02],[-85.67,11.04],[-85.6,11.21],[-84.91,10.94]]],[[[-85.16,10.08],[-85.2,10.12],[-85.14,10.12],[-85.1,10.09],[-85.16,10.08]]],[[[-83.89,8.7],[-83.9,8.71],[-83.87,8.71],[-83.89,8.7]]]],"type":"MultiPolygon"},"properties":{"name":"Costa Rica"},"type":"Feature"},{"geometry":{"coordinates":[[[[15.2,43.88],[15.12,43.91],[14.85,44.18],[15.22,43.9],[15.13,43.92],[15.2,43.88]]],[[[15.07,44.13],[15.06,44.16],[15.23,44.07],[15.25,44.02],[15.07,44.13]]],[[[14.82,44.15],[14.82,44.17],[14.87,44.14],[14.82,44.15]]],[[[14.64,44.33],[14.66,44.31],[14.64,44.31],[14.6,44.35],[14.64,44.33]]],[[[14.76,44.36],[14.78,44.42],[14.81,44.35],[14.76,44.36]]],[[[15.04,44.53],[15.08,44.48],[14.91,44.55],[15.05,44.44],[15.25,44.34],[15.13,44.31],[14.74,44.7],[15.04,44.53]]],[[[14.36,44.57],[14.34,44.72],[14.53,44.48],[14.36,44.57]]],[[[14.26,44.64],[14.27,44.61],[14.23,44.63],[14.26,44.64]]],[[[14.88,44.72],[14.92,44.96],[14.85,45.09],[14.53,45.31],[14.35,45.35],[14.15,44.98],[14.07,44.95],[14.08,44.99],[14.04,45.04],[14.0,44.81],[13.89,44.83],[13.92,44.78],[13.9,44.77],[13.62,45.07],[13.73,45.13],[13.6,45.14],[13.61,45.32],[13.51,45.51],[13.89,45.42],[13.97,45.51],[14.37,45.48],[14.58,45.67],[14.8,45.47],[14.92,45.51],[15.14,45.43],[15.33,45.45],[15.27,45.6],[15.37,45.64],[15.26,45.72],[15.68,45.84],[15.7,46.04],[15.59,46.11],[15.62,46.19],[16.02,46.3],[16.06,46.38],[16.28,46.37],[16.23,46.49],[16.36,46.55],[16.84,46.38],[17.29,45.98],[17.59,45.94],[17.86,45.77],[18.4,45.74],[18.66,45.91],[18.9,45.93],[18.84,45.82],[18.97,45.67],[18.9,45.57],[19.11,45.51],[19.01,45.5],[18.98,45.37],[19.41,45.2],[19.12,45.2],[19.04,45.14],[19.13,44.95],[18.89,44.86],[18.68,45.08],[18.52,45.06],[18.24,45.16],[17.84,45.06],[17.68,45.16],[17.19,45.15],[16.92,45.28],[16.81,45.18],[16.53,45.22],[16.32,45.0],[16.02,45.21],[15.79,45.19],[15.73,44.77],[16.03,44.62],[16.01,44.54],[16.12,44.52],[16.33,44.08],[17.03,43.55],[17.27,43.46],[17.29,43.3],[17.63,43.05],[17.66,42.97],[17.58,42.94],[16.88,43.41],[16.39,43.51],[16.43,43.55],[15.96,43.5],[15.95,43.69],[15.46,43.93],[15.11,44.26],[15.3,44.25],[15.26,44.33],[15.42,44.27],[15.53,44.27],[15.02,44.57],[14.88,44.72]]],[[[14.66,44.8],[14.74,44.85],[14.86,44.72],[14.66,44.8]]],[[[14.43,44.66],[14.29,44.91],[14.41,44.96],[14.28,45.11],[14.31,45.17],[14.47,44.97],[14.45,44.8],[14.53,44.63],[14.43,44.66]]],[[[14.43,45.09],[14.53,45.13],[14.55,45.25],[14.81,44.98],[14.43,45.09]]],[[[16.09,43.01],[16.05,43.07],[16.17,43.09],[16.25,43.06],[16.09,43.01]]],[[[16.28,43.41],[16.39,43.35],[16.35,43.34],[16.21,43.39],[16.28,43.41]]],[[[16.21,43.5],[16.38,43.49],[16.33,43.48],[16.21,43.5]]],[[[15.65,43.67],[15.74,43.63],[15.67,43.64],[15.65,43.67]]],[[[15.31,43.81],[15.23,43.87],[15.24,43.88],[15.39,43.78],[15.31,43.81]]],[[[15.38,43.97],[15.45,43.89],[15.26,44.01],[15.38,43.97]]],[[[18.5,42.42],[17.89,42.79],[17.72,42.83],[17.76,42.78],[17.75,42.77],[17.21,42.98],[17.05,43.0],[17.0,43.05],[17.74,42.84],[17.65,42.89],[17.81,42.91],[17.86,42.82],[18.44,42.56],[18.5,42.42]]],[[[17.32,42.79],[17.39,42.8],[17.75,42.69],[17.32,42.79]]],[[[16.82,42.74],[16.8,42.76],[16.93,42.77],[16.82,42.74]]],[[[16.85,42.9],[16.63,42.98],[17.03,42.98],[17.17,42.92],[16.85,42.9]]],[[[16.56,43.23],[17.19,43.13],[16.67,43.13],[16.42,43.18],[16.56,43.23]]],[[[16.45,43.39],[16.89,43.31],[16.63,43.26],[16.43,43.33],[16.45,43.39]]]],"type":"MultiPolygon"},"properties":{"name":"Croatia"},"type":"Feature"},{"geometry":{"coordinates":[[[[-82.11,21.57],[-81.97,21.64],[-81.99,21.61],[-82.11,21.57]]],[[[-81.94,21.64],[-81.84,21.67],[-81.9,21.62],[-81.94,21.64]]],[[[-81.45,21.65],[-81.5,21.62],[-81.56,21.62],[-81.45,21.65]]],[[[-82.91,21.44],[-83.08,21.47],[-83.19,21.63],[-82.96,21.56],[-83.09,21.8],[-82.99,21.95],[-82.69,21.88],[-82.55,21.58],[-82.91,21.44]]],[[[-82.65,21.95],[-82.59,21.93],[-82.63,21.92],[-82.65,21.95]]],[[[-83.6,21.97],[-83.55,21.96],[-83.59,21.96],[-83.6,21.97]]],[[[-81.58,22.08],[-81.55,22.04],[-81.57,22.05],[-81.58,22.08]]],[[[-80.48,22.19],[-80.54,22.16],[-80.47,22.04],[-81.09,22.09],[-81.19,22.28],[-81.2,22.06],[-81.24,22.15],[-81.34,22.09],[-81.52,22.21],[-81.82,22.19],[-82.16,22.4],[-81.65,22.49],[-81.64,22.57],[-81.88,22.68],[-82.74,22.71],[-83.42,22.19],[-83.58,22.25],[-83.67,22.17],[-83.93,22.17],[-84.03,21.92],[-84.24,21.91],[-84.51,21.77],[-84.5,21.93],[-84.84,21.82],[-84.95,21.88],[-84.52,22.05],[-84.29,22.02],[-84.45,22.21],[-84.21,22.58],[-84.14,22.57],[-84.05,22.72],[-83.39,22.88],[-83.23,23.0],[-83.17,22.93],[-83.06,23.02],[-82.96,22.97],[-82.22,23.19],[-81.58,23.16],[-81.53,23.05],[-81.15,23.21],[-81.29,23.13],[-81.15,23.03],[-81.04,23.11],[-80.97,23.11],[-80.66,23.09],[-80.61,23.16],[-80.56,23.01],[-80.43,22.95],[-80.05,22.96],[-79.92,22.85],[-79.86,22.88],[-79.79,22.9],[-79.86,22.82],[-79.65,22.76],[-79.34,22.41],[-78.78,22.39],[-78.73,22.32],[-78.71,22.39],[-78.07,22.09],[-77.89,21.87],[-77.86,21.97],[-77.81,21.97],[-77.85,21.91],[-77.75,21.8],[-77.46,21.78],[-77.43,21.66],[-77.35,21.64],[-77.45,21.8],[-77.61,21.88],[-77.56,21.93],[-77.13,21.66],[-77.15,21.55],[-77.36,21.61],[-77.26,21.57],[-77.26,21.48],[-77.16,21.48],[-77.09,21.61],[-76.81,21.4],[-76.81,21.39],[-76.67,21.36],[-76.73,21.29],[-76.54,21.29],[-76.61,21.23],[-76.54,21.18],[-76.46,21.23],[-76.53,21.28],[-76.39,21.28],[-76.04,21.07],[-75.7,21.12],[-75.58,21.01],[-75.74,20.89],[-75.55,20.82],[-75.77,20.84],[-75.72,20.7],[-75.63,20.78],[-75.55,20.68],[-75.41,20.74],[-75.31,20.66],[-75.26,20.73],[-74.9,20.67],[-74.74,20.61],[-74.39,20.29],[-74.22,20.32],[-74.13,20.2],[-74.27,20.07],[-74.81,20.04],[-75.09,19.9],[-75.09,20.06],[-75.28,19.89],[-76.2,19.99],[-77.71,19.83],[-77.59,20.09],[-77.11,20.37],[-77.08,20.47],[-77.24,20.56],[-77.2,20.64],[-77.34,20.72],[-78.07,20.71],[-78.49,21.04],[-78.5,21.27],[-78.74,21.64],[-79.25,21.55],[-79.65,21.69],[-79.85,21.68],[-79.9,21.76],[-80.0,21.72],[-80.3,21.91],[-80.48,22.19]]],[[[-82.53,22.64],[-82.52,22.64],[-82.51,22.59],[-82.53,22.64]]],[[[-80.9,23.14],[-80.97,23.11],[-80.85,23.19],[-80.9,23.14]]],[[[-80.5,23.17],[-80.58,23.18],[-80.54,23.21],[-80.5,23.17]]],[[[-80.7,23.18],[-80.7,23.19],[-80.67,23.21],[-80.7,23.18]]],[[[-80.81,23.2],[-80.86,23.22],[-80.71,23.2],[-80.81,23.2]]],[[[-80.94,23.26],[-80.87,23.24],[-80.88,23.23],[-80.94,23.26]]],[[[-78.81,20.76],[-78.75,20.73],[-78.77,20.71],[-78.81,20.76]]],[[[-78.94,20.79],[-78.96,20.81],[-78.93,20.84],[-78.87,20.78],[-78.94,20.79]]],[[[-79.0,20.85],[-79.08,20.9],[-78.97,20.87],[-79.0,20.85]]],[[[-79.15,20.98],[-79.14,20.98],[-79.07,20.92],[-79.15,20.98]]],[[[-78.77,22.54],[-78.73,22.55],[-78.74,22.52],[-78.77,22.54]]],[[[-79.22,22.64],[-79.18,22.64],[-79.21,22.62],[-79.22,22.64]]],[[[-78.98,22.67],[-78.96,22.65],[-79.09,22.67],[-78.98,22.67]]],[[[-79.57,22.79],[-79.64,22.8],[-79.57,22.8],[-79.37,22.68],[-79.33,22.62],[-79.57,22.79]]],[[[-79.74,22.88],[-79.72,22.91],[-79.66,22.85],[-79.74,22.88]]],[[[-79.86,22.93],[-79.86,22.96],[-79.82,22.95],[-79.86,22.93]]],[[[-79.96,22.95],[-79.89,22.96],[-79.9,22.94],[-79.96,22.95]]],[[[-80.23,22.96],[-80.35,22.99],[-80.25,23.01],[-80.23,22.96]]],[[[-80.09,23.04],[-80.09,23.07],[-80.05,23.03],[-80.09,23.04]]],[[[-80.16,23.07],[-80.22,23.09],[-80.2,23.12],[-80.16,23.07]]],[[[-80.29,23.12],[-80.31,23.13],[-80.27,23.14],[-80.29,23.12]]],[[[-80.46,23.13],[-80.46,23.14],[-80.38,23.15],[-80.46,23.13]]],[[[-78.4,20.55],[-78.46,20.6],[-78.33,20.52],[-78.4,20.55]]],[[[-78.61,20.66],[-78.58,20.66],[-78.59,20.64],[-78.61,20.66]]],[[[-78.63,20.66],[-78.63,20.65],[-78.65,20.65],[-78.63,20.66]]],[[[-78.48,20.73],[-78.44,20.73],[-78.51,20.69],[-78.48,20.73]]],[[[-75.57,20.76],[-75.58,20.79],[-75.48,20.74],[-75.57,20.76]]],[[[-77.71,21.91],[-77.95,22.1],[-77.65,22.07],[-77.63,21.95],[-77.71,21.91]]],[[[-78.0,22.29],[-78.02,22.31],[-77.97,22.3],[-77.99,22.24],[-77.87,22.23],[-77.85,22.12],[-77.99,22.14],[-78.0,22.29]]],[[[-77.81,22.23],[-77.76,22.18],[-77.81,22.2],[-77.88,22.31],[-77.81,22.23]]],[[[-78.31,22.4],[-78.14,22.43],[-78.01,22.28],[-78.31,22.4]]],[[[-78.69,22.51],[-78.7,22.54],[-78.4,22.56],[-78.28,22.45],[-78.69,22.51]]]],"type":"MultiPolygon"},"properties":{"name":"Cuba"},"type":"Feature"},{"geometry":{"coordinates":[[[-68.74,12.05],[-68.98,12.12],[-69.17,12.39],[-68.74,12.05]]],"type":"Polygon"},"properties":{"name":"Cura\u00e7ao"},"type":"Feature"},{"geometry":{"coordinates":[[[[32.71,34.65],[32.42,34.75],[32.28,35.09],[32.41,35.04],[32.65,35.19],[32.85,35.08],[33.41,35.2],[33.47,35.01],[33.55,35.07],[33.72,35.0],[33.61,34.82],[33.37,34.73],[32.96,34.63],[32.99,34.67],[32.71,34.65]]],[[[33.8,35.04],[33.88,35.07],[34.01,35.06],[34.1,34.97],[33.8,35.04]]]],"type":"MultiPolygon"},"properties":{"name":"Cyprus"},"type":"Feature"},{"geometry":{"coordinates":[[[13.43,48.96],[13.0,49.29],[12.64,49.43],[12.38,49.74],[12.52,49.9],[12.25,50.04],[12.08,50.32],[12.3,50.16],[12.51,50.39],[12.95,50.4],[13.01,50.49],[13.45,50.6],[13.56,50.71],[14.35,50.88],[14.38,50.92],[14.24,50.98],[14.29,51.04],[14.48,51.04],[14.57,50.98],[14.55,50.91],[14.63,50.92],[14.61,50.85],[14.74,50.81],[14.98,50.86],[15.0,51.02],[15.14,51.01],[15.27,50.95],[15.36,50.78],[15.79,50.74],[15.97,50.68],[15.98,50.6],[16.33,50.64],[16.43,50.57],[16.2,50.41],[16.34,50.37],[16.66,50.09],[17.01,50.22],[16.89,50.43],[17.42,50.24],[17.71,50.31],[17.75,50.22],[17.59,50.16],[17.63,50.11],[17.84,49.97],[18.03,50.0],[18.0,50.05],[18.29,49.91],[18.56,49.91],[18.62,49.71],[18.79,49.67],[18.84,49.53],[18.56,49.49],[18.19,49.28],[18.08,49.05],[17.73,48.86],[17.11,48.83],[16.95,48.6],[16.87,48.72],[16.52,48.81],[16.36,48.73],[16.09,48.74],[15.82,48.87],[15.0,49.01],[14.94,48.76],[14.8,48.78],[14.68,48.58],[14.46,48.64],[14.32,48.56],[14.04,48.6],[13.99,48.7],[13.54,48.97],[13.43,48.96]]],"type":"Polygon"},"properties":{"name":"Czech Republic"},"type":"Feature"},{"geometry":{"coordinates":[[[[12.81,-5.95],[12.75,-5.94],[12.83,-5.87],[12.97,-5.87],[12.81,-5.95]]],[[[13.34,-5.89],[12.9,-5.81],[12.77,-5.87],[12.72,-5.98],[12.45,-6.05],[12.46,-5.98],[12.4,-6.01],[12.21,-5.76],[12.51,-5.73],[12.53,-5.16],[12.44,-5.06],[12.68,-4.92],[12.8,-4.74],[13.07,-4.66],[13.09,-4.58],[13.39,-4.89],[13.71,-4.69],[13.71,-4.45],[13.94,-4.5],[14.39,-4.28],[14.47,-4.43],[14.35,-4.56],[14.4,-4.89],[14.52,-4.84],[14.67,-4.9],[14.83,-4.82],[15.2,-4.34],[15.46,-4.21],[15.53,-4.06],[15.91,-3.92],[16.23,-3.31],[16.19,-2.18],[16.51,-1.89],[16.83,-1.27],[17.02,-1.1],[17.31,-1.01],[17.75,-0.52],[17.72,-0.2],[17.95,0.38],[17.87,1.02],[18.07,1.55],[18.07,2.16],[18.63,3.18],[18.65,4.05],[18.54,4.33],[18.75,4.4],[19.08,4.91],[19.41,5.13],[19.82,5.1],[20.34,4.77],[20.58,4.42],[20.87,4.45],[21.21,4.29],[21.74,4.29],[22.3,4.13],[22.51,4.19],[22.59,4.47],[22.69,4.49],[22.9,4.82],[23.41,4.59],[23.59,4.73],[24.26,4.93],[24.4,5.04],[24.4,5.12],[24.73,4.92],[25.31,5.03],[25.36,5.31],[25.54,5.38],[25.91,5.17],[26.2,5.24],[26.5,5.05],[26.74,5.09],[26.87,5.04],[27.12,5.2],[27.44,5.07],[27.51,4.92],[27.66,4.88],[27.76,4.76],[27.77,4.6],[28.01,4.55],[28.05,4.42],[28.38,4.28],[28.76,4.55],[29.22,4.34],[29.46,4.67],[29.62,4.64],[29.8,4.56],[29.79,4.37],[29.93,4.31],[30.19,3.96],[30.53,3.87],[30.54,3.61],[30.75,3.67],[30.84,3.49],[30.9,3.52],[30.91,3.39],[30.74,3.06],[30.85,2.85],[30.71,2.45],[30.87,2.33],[30.97,2.41],[31.06,2.29],[31.18,2.3],[31.27,2.1],[30.48,1.24],[30.24,1.14],[30.15,0.91],[29.95,0.82],[29.94,0.5],[29.7,0.07],[29.55,-0.93],[29.58,-1.39],[29.23,-1.66],[29.13,-1.84],[29.13,-2.2],[28.87,-2.39],[28.86,-2.52],[28.89,-2.65],[29.03,-2.74],[28.99,-2.81],[29.23,-3.05],[29.22,-3.9],[29.34,-4.09],[29.41,-4.5],[29.32,-4.92],[29.61,-5.7],[29.48,-6.0],[29.54,-6.31],[29.71,-6.62],[30.09,-6.89],[30.29,-7.15],[30.75,-8.19],[28.89,-8.48],[28.89,-8.77],[28.35,-9.27],[28.52,-9.38],[28.7,-9.79],[28.57,-10.22],[28.7,-10.64],[28.55,-10.83],[28.36,-11.53],[28.51,-11.87],[28.75,-11.99],[29.04,-12.38],[29.5,-12.45],[29.47,-12.24],[29.8,-12.15],[29.78,-13.46],[29.62,-13.42],[29.67,-13.28],[29.57,-13.23],[29.18,-13.44],[28.99,-13.4],[28.71,-12.89],[28.54,-12.89],[28.42,-12.52],[27.96,-12.37],[27.86,-12.26],[27.64,-12.29],[27.42,-11.92],[27.23,-11.81],[27.18,-11.57],[27.02,-11.6],[26.95,-11.91],[26.72,-12.01],[26.41,-11.91],[25.98,-11.9],[25.62,-11.73],[25.5,-11.78],[25.34,-11.64],[25.31,-11.19],[24.71,-11.33],[24.49,-11.46],[24.29,-11.4],[24.39,-11.28],[24.37,-11.1],[24.12,-11.04],[24.11,-10.92],[24.0,-10.87],[23.83,-11.03],[23.46,-10.96],[23.01,-11.1],[22.5,-11.04],[22.24,-11.25],[22.17,-10.85],[22.32,-10.76],[22.31,-10.37],[22.16,-9.93],[21.88,-9.66],[21.79,-9.41],[21.94,-8.46],[21.75,-8.0],[21.86,-7.47],[21.78,-7.28],[20.52,-7.29],[20.61,-6.92],[20.32,-6.92],[20.29,-7.0],[19.52,-7.0],[19.51,-7.48],[19.36,-7.57],[19.36,-8.0],[18.52,-7.93],[18.51,-8.0],[18.12,-8.02],[18.1,-8.11],[17.87,-8.04],[17.6,-8.1],[17.32,-7.75],[17.18,-7.43],[16.95,-7.2],[16.97,-7.01],[16.76,-6.69],[16.73,-6.19],[16.61,-6.09],[16.6,-5.92],[15.98,-5.86],[13.34,-5.89]]]],"type":"MultiPolygon"},"properties":{"name":"Democratic Republic of the Congo"},"type":"Feature"},{"geometry":{"coordinates":[[[[10.38,54.83],[10.19,54.98],[10.45,54.9],[10.5,54.86],[10.38,54.83]]],[[[10.74,54.75],[10.69,54.74],[10.6,54.84],[10.96,55.15],[10.74,54.75]]],[[[9.81,54.9],[9.8,55.02],[9.63,55.06],[9.96,55.02],[10.05,54.88],[9.81,54.9]]],[[[10.08,55.09],[10.16,55.14],[10.09,55.19],[10.0,55.2],[10.03,55.13],[9.99,55.13],[9.88,55.35],[9.7,55.47],[9.81,55.44],[9.68,55.5],[10.31,55.62],[10.52,55.53],[10.42,55.46],[10.47,55.44],[10.61,55.49],[10.63,55.61],[10.74,55.49],[10.57,55.46],[10.55,55.44],[10.7,55.44],[10.83,55.29],[10.78,55.3],[10.81,55.19],[10.73,55.07],[10.08,55.09]]],[[[8.66,54.9],[8.68,55.13],[8.46,55.1],[8.49,55.2],[8.69,55.14],[8.62,55.44],[8.44,55.46],[8.31,55.58],[8.24,55.56],[8.31,55.47],[8.1,55.55],[8.18,55.73],[8.13,55.99],[8.19,55.81],[8.39,55.91],[8.25,56.09],[8.15,56.11],[8.11,56.01],[8.13,56.59],[8.21,56.71],[8.3,56.56],[8.57,56.58],[8.73,56.48],[8.76,56.56],[8.68,56.63],[9.06,56.81],[9.18,56.71],[9.17,56.69],[9.24,56.75],[9.17,56.81],[9.2,56.94],[9.92,57.06],[9.8,57.11],[9.25,57.0],[9.11,57.06],[8.68,56.95],[8.49,56.79],[8.51,56.74],[8.53,56.7],[8.41,56.69],[8.59,56.69],[8.56,56.59],[8.35,56.69],[8.3,56.76],[8.24,56.78],[8.62,57.12],[9.41,57.17],[9.97,57.59],[10.2,57.6],[10.54,57.74],[10.65,57.74],[10.43,57.57],[10.55,57.44],[10.54,57.24],[10.35,57.01],[9.99,57.09],[9.93,57.06],[10.31,56.98],[10.27,56.91],[10.34,56.72],[10.15,56.72],[9.81,56.64],[10.33,56.7],[10.34,56.62],[10.21,56.56],[10.18,56.47],[10.33,56.6],[10.47,56.52],[10.82,56.53],[10.96,56.45],[10.92,56.36],[10.74,56.15],[10.6,56.22],[10.55,56.1],[10.35,56.2],[10.49,56.22],[10.5,56.28],[10.4,56.3],[10.22,56.15],[10.28,56.02],[10.18,55.83],[9.87,55.85],[10.05,55.81],[10.01,55.7],[9.56,55.72],[9.85,55.63],[9.5,55.49],[9.66,55.48],[9.59,55.43],[9.71,55.25],[9.49,55.16],[9.56,55.09],[9.43,55.04],[9.73,55.0],[9.75,54.85],[9.62,54.87],[9.62,54.93],[9.44,54.81],[8.66,54.9]],[[9.06,56.57],[9.16,56.66],[9.28,56.63],[9.25,56.58],[9.32,56.53],[9.36,56.54],[9.29,56.56],[9.31,56.7],[9.17,56.69],[9.06,56.57]]],[[[8.46,55.43],[8.48,55.35],[8.43,55.36],[8.37,55.43],[8.46,55.43]]],[[[10.54,56.0],[10.67,55.88],[10.58,55.76],[10.51,55.83],[10.54,56.0]]],[[[8.51,56.74],[8.55,56.79],[8.93,56.98],[8.84,56.76],[8.66,56.68],[8.51,56.74]]],[[[11.81,54.66],[11.45,54.63],[11.01,54.77],[11.11,54.83],[11.02,54.9],[11.23,54.96],[11.59,54.81],[11.65,54.91],[11.85,54.77],[11.81,54.66]]],[[[12.21,54.89],[12.12,54.91],[12.29,54.99],[12.26,55.06],[12.55,54.96],[12.21,54.89]]],[[[15.07,54.99],[14.68,55.1],[14.76,55.31],[15.15,55.1],[15.07,54.99]]],[[[12.47,55.29],[12.01,55.17],[12.17,55.13],[12.16,55.0],[11.91,55.01],[11.88,54.94],[12.17,54.84],[11.96,54.69],[11.95,54.57],[11.87,54.66],[11.91,54.72],[11.71,54.94],[11.88,54.98],[11.62,55.09],[11.83,55.05],[11.72,55.13],[11.81,55.15],[11.72,55.21],[11.26,55.2],[11.19,55.35],[11.09,55.36],[11.21,55.4],[11.08,55.51],[11.15,55.58],[10.93,55.67],[11.09,55.66],[10.88,55.74],[11.19,55.7],[11.51,55.87],[11.48,55.94],[11.3,55.97],[11.27,56.0],[11.77,55.97],[11.66,55.91],[11.72,55.81],[11.61,55.78],[11.74,55.8],[11.76,55.75],[11.66,55.73],[11.78,55.66],[11.95,55.85],[11.93,55.93],[12.05,55.74],[11.91,55.66],[12.06,55.65],[12.1,55.73],[12.03,55.94],[11.87,55.97],[12.25,56.13],[12.62,56.04],[12.51,55.93],[12.6,55.71],[12.2,55.49],[12.47,55.29]]],[[[12.52,55.6],[12.61,55.7],[12.67,55.6],[12.52,55.6]]],[[[11.56,56.68],[11.51,56.71],[11.65,56.73],[11.56,56.68]]],[[[11.07,57.29],[11.0,57.2],[10.85,57.26],[11.03,57.32],[11.2,57.3],[11.07,57.29]]]],"type":"MultiPolygon"},"properties":{"name":"Denmark"},"type":"Feature"},{"geometry":{"coordinates":[[[33.7,34.97],[33.68,35.06],[33.89,35.12],[33.91,35.07],[33.8,35.04],[33.89,34.96],[33.7,34.97]]],"type":"Polygon"},"properties":{"name":"Dhekelia Sovereign Base Area"},"type":"Feature"},{"geometry":{"coordinates":[[[42.62,11.09],[41.94,10.93],[41.77,10.98],[41.75,11.54],[41.81,11.74],[42.43,12.52],[42.68,12.36],[42.79,12.43],[42.87,12.63],[43.12,12.71],[43.33,12.49],[43.4,12.03],[43.06,11.8],[42.78,11.73],[42.67,11.57],[42.52,11.57],[42.6,11.47],[42.86,11.6],[43.15,11.61],[43.24,11.49],[42.91,11.0],[42.62,11.09]]],"type":"Polygon"},"properties":{"name":"Djibouti"},"type":"Feature"},{"geometry":{"coordinates":[[[-61.49,15.54],[-61.47,15.63],[-61.31,15.58],[-61.26,15.47],[-61.26,15.29],[-61.37,15.2],[-61.49,15.54]]],"type":"Polygon"},"properties":{"name":"Dominica"},"type":"Feature"},{"geometry":{"coordinates":[[[[-71.47,17.58],[-71.52,17.55],[-71.54,17.58],[-71.47,17.58]]],[[[-71.71,18.31],[-71.91,18.43],[-72.01,18.6],[-71.84,18.62],[-71.73,18.75],[-71.73,18.88],[-71.87,18.96],[-71.64,19.15],[-71.78,19.33],[-71.7,19.46],[-71.77,19.79],[-71.61,19.9],[-71.17,19.83],[-71.0,19.94],[-70.62,19.77],[-70.43,19.78],[-70.28,19.65],[-69.95,19.68],[-69.77,19.3],[-69.34,19.29],[-69.23,19.36],[-69.25,19.3],[-69.16,19.31],[-69.25,19.18],[-69.62,19.23],[-69.61,19.09],[-68.74,18.96],[-68.33,18.62],[-68.46,18.36],[-68.61,18.37],[-68.66,18.21],[-68.76,18.21],[-68.92,18.41],[-69.85,18.47],[-70.02,18.41],[-70.17,18.23],[-70.55,18.2],[-70.58,18.39],[-70.7,18.43],[-70.93,18.26],[-71.08,18.3],[-71.06,18.14],[-71.42,17.6],[-71.53,17.76],[-71.68,17.77],[-71.63,17.84],[-71.78,18.04],[-71.71,18.31]]],[[[-68.74,18.12],[-68.79,18.2],[-68.6,18.17],[-68.57,18.12],[-68.74,18.12]]]],"type":"MultiPolygon"},"properties":{"name":"Dominican Republic"},"type":"Feature"},{"geometry":{"coordinates":[[[[124.26,-9.5],[124.21,-9.38],[124.09,-9.42],[124.03,-9.34],[124.45,-9.18],[124.26,-9.5]]],[[[125.09,-8.99],[124.97,-9.08],[124.91,-9.04],[125.14,-8.63],[126.41,-8.42],[126.55,-8.49],[126.97,-8.31],[127.31,-8.42],[127.02,-8.68],[126.58,-8.81],[126.47,-8.94],[125.59,-9.19],[125.06,-9.49],[124.96,-9.21],[125.15,-9.17],[125.09,-8.99]]],[[[125.59,-8.31],[125.52,-8.29],[125.51,-8.25],[125.65,-8.14],[125.59,-8.31]]]],"type":"MultiPolygon"},"properties":{"name":"East Timor"},"type":"Feature"},{"geometry":{"coordinates":[[[[-80.27,-3.43],[-80.34,-3.38],[-79.94,-3.18],[-79.73,-2.59],[-79.87,-2.16],[-79.77,-2.0],[-79.89,-2.12],[-79.9,-2.54],[-80.06,-2.58],[-79.93,-2.48],[-80.03,-2.47],[-79.95,-2.31],[-80.01,-2.33],[-80.18,-2.59],[-80.28,-2.61],[-80.26,-2.73],[-80.66,-2.42],[-80.91,-2.32],[-81.01,-2.17],[-80.87,-2.2],[-80.74,-2.04],[-80.86,-1.59],[-80.74,-1.34],[-80.91,-1.04],[-80.82,-0.95],[-80.57,-0.91],[-80.45,-0.61],[-80.38,-0.66],[-80.3,-0.66],[-80.39,-0.63],[-80.5,-0.38],[-80.05,0.09],[-79.99,0.37],[-80.11,0.74],[-80.05,0.84],[-79.66,1.0],[-79.67,0.92],[-79.61,0.85],[-79.63,0.99],[-79.17,1.1],[-79.06,1.22],[-78.99,1.12],[-78.93,1.24],[-78.9,1.24],[-78.87,1.29],[-78.81,1.28],[-78.88,1.32],[-78.83,1.43],[-78.12,0.92],[-77.85,0.81],[-77.7,0.84],[-77.65,0.72],[-77.47,0.65],[-77.4,0.39],[-76.57,0.22],[-76.41,0.25],[-76.42,0.4],[-76.3,0.46],[-76.05,0.36],[-75.82,0.1],[-75.28,-0.11],[-75.64,-0.13],[-75.26,-0.54],[-75.3,-0.75],[-75.23,-0.96],[-75.41,-0.92],[-75.57,-1.54],[-76.09,-2.13],[-76.63,-2.54],[-77.87,-2.99],[-78.2,-3.36],[-78.16,-3.48],[-78.23,-3.51],[-78.35,-3.39],[-78.42,-3.79],[-78.68,-4.33],[-78.67,-4.55],[-78.9,-4.69],[-78.9,-4.84],[-79.06,-5.01],[-79.3,-4.96],[-79.45,-4.81],[-79.51,-4.53],[-79.66,-4.44],[-79.83,-4.48],[-80.14,-4.28],[-80.38,-4.48],[-80.48,-4.43],[-80.35,-4.2],[-80.47,-4.21],[-80.49,-4.01],[-80.33,-4.02],[-80.18,-3.91],[-80.27,-3.43]]],[[[-80.13,-3.02],[-80.27,-3.02],[-80.21,-2.72],[-80.06,-2.66],[-79.91,-2.73],[-80.13,-3.02]]],[[[-79.88,-2.65],[-79.82,-2.49],[-79.77,-2.54],[-79.88,-2.65]]],[[[-89.76,-1.36],[-89.61,-1.37],[-89.68,-1.4],[-89.76,-1.36]]],[[[-90.44,-1.35],[-90.52,-1.31],[-90.47,-1.22],[-90.37,-1.28],[-90.44,-1.35]]],[[[-89.43,-0.93],[-89.63,-0.93],[-89.37,-0.69],[-89.26,-0.68],[-89.43,-0.93]]],[[[-90.35,-0.78],[-90.55,-0.67],[-90.49,-0.53],[-90.26,-0.48],[-90.19,-0.64],[-90.35,-0.78]]],[[[-90.93,-0.97],[-91.44,-1.0],[-91.47,-0.81],[-91.09,-0.58],[-91.37,-0.28],[-91.42,-0.03],[-91.6,-0.01],[-91.5,0.11],[-91.32,0.14],[-91.17,-0.23],[-90.96,-0.42],[-90.99,-0.58],[-90.8,-0.76],[-90.93,-0.97]]],[[[-91.67,-0.28],[-91.47,-0.25],[-91.4,-0.45],[-91.54,-0.47],[-91.67,-0.28]]],[[[-90.82,-0.34],[-90.87,-0.27],[-90.83,-0.16],[-90.55,-0.28],[-90.63,-0.37],[-90.82,-0.34]]],[[[-90.48,0.37],[-90.41,0.31],[-90.48,0.26],[-90.54,0.33],[-90.48,0.37]]],[[[-89.97,0.32],[-89.95,0.34],[-89.94,0.33],[-89.97,0.32]]],[[[-90.8,0.64],[-90.8,0.65],[-90.76,0.55],[-90.8,0.64]]],[[[-91.82,1.39],[-91.81,1.38],[-91.82,1.37],[-91.82,1.39]]],[[[-92.01,1.66],[-92.0,1.65],[-92.01,1.65],[-92.01,1.66]]],[[[-79.0,1.29],[-78.9,1.37],[-78.89,1.31],[-78.91,1.25],[-79.0,1.29]]]],"type":"MultiPolygon"},"properties":{"name":"Ecuador"},"type":"Feature"},{"geometry":{"coordinates":[[[[24.97,29.24],[24.69,30.18],[24.91,30.5],[24.99,30.79],[24.85,31.35],[25.15,31.66],[25.19,31.53],[25.3,31.51],[25.97,31.62],[27.32,31.38],[27.45,31.22],[27.66,31.18],[27.85,31.24],[27.93,31.1],[28.42,31.08],[29.03,30.83],[29.5,30.96],[30.07,31.33],[30.17,31.22],[30.29,31.24],[30.18,31.28],[30.31,31.35],[30.34,31.5],[30.36,31.46],[30.4,31.44],[30.36,31.51],[30.54,31.46],[30.97,31.59],[30.54,31.4],[30.73,31.39],[31.12,31.49],[30.98,31.58],[31.1,31.61],[31.56,31.44],[31.87,31.54],[31.91,31.53],[31.94,31.52],[32.2,31.3],[31.89,31.53],[31.86,31.35],[31.77,31.28],[31.93,31.19],[32.04,31.22],[32.02,31.13],[32.11,31.05],[32.28,31.14],[32.28,31.27],[32.21,31.3],[32.33,31.27],[32.6,31.06],[32.93,31.15],[32.67,31.05],[32.73,31.04],[32.93,31.11],[32.97,31.09],[33.01,31.06],[33.06,31.13],[33.03,31.1],[32.95,31.11],[33.11,31.2],[33.13,31.05],[33.41,31.16],[33.48,31.14],[33.5,31.13],[33.65,31.12],[34.2,31.31],[34.89,29.49],[34.74,29.31],[34.62,28.74],[34.41,28.32],[34.43,27.98],[34.21,27.79],[34.26,27.73],[33.76,28.02],[33.23,28.57],[33.18,28.99],[32.72,29.46],[32.58,30.01],[32.34,29.59],[32.58,29.37],[32.63,28.97],[32.81,28.78],[32.87,28.58],[33.55,27.9],[33.59,27.79],[33.47,27.82],[33.59,27.65],[33.5,27.65],[33.84,27.24],[33.84,27.12],[34.0,26.9],[33.95,26.83],[33.94,26.65],[34.55,25.73],[35.14,24.5],[35.49,24.11],[35.74,23.98],[35.79,23.9],[35.51,23.98],[35.48,23.92],[35.49,23.5],[35.7,22.93],[35.89,22.74],[36.23,22.64],[36.44,22.36],[36.9,22.02],[31.44,22.0],[31.49,22.17],[31.42,22.23],[31.25,21.99],[24.98,22.0],[24.97,29.24]]],[[[34.0,26.71],[33.96,26.79],[33.98,26.79],[34.0,26.71]]],[[[33.93,27.49],[33.91,27.52],[34.03,27.5],[34.05,27.45],[33.93,27.49]]],[[[34.7,27.91],[34.66,27.93],[34.68,27.96],[34.7,27.91]]],[[[34.5,27.96],[34.49,28.0],[34.52,28.02],[34.62,27.93],[34.5,27.96]]],[[[33.27,31.22],[33.45,31.15],[33.41,31.16],[33.27,31.22]]],[[[33.08,31.22],[33.1,31.24],[33.26,31.22],[33.08,31.22]]]],"type":"MultiPolygon"},"properties":{"name":"Egypt"},"type":"Feature"},{"geometry":{"coordinates":[[[[-89.81,13.53],[-90.1,13.73],[-90.02,13.94],[-89.84,14.06],[-89.75,14.04],[-89.69,14.17],[-89.52,14.23],[-89.57,14.41],[-89.11,14.4],[-88.84,14.1],[-88.5,13.98],[-88.5,13.85],[-88.13,13.99],[-88.02,13.87],[-87.82,13.92],[-87.7,13.81],[-87.79,13.53],[-87.72,13.46],[-87.84,13.44],[-87.87,13.37],[-87.79,13.29],[-87.93,13.16],[-88.32,13.17],[-88.35,13.17],[-88.33,13.2],[-88.36,13.23],[-88.41,13.17],[-88.46,13.26],[-88.72,13.27],[-89.25,13.47],[-89.81,13.53]]],[[[-88.58,13.26],[-88.48,13.17],[-88.72,13.27],[-88.58,13.26]]],[[[-87.69,13.17],[-87.72,13.16],[-87.73,13.21],[-87.69,13.17]]],[[[-87.78,13.23],[-87.77,13.25],[-87.75,13.23],[-87.78,13.23]]]],"type":"MultiPolygon"},"properties":{"name":"El Salvador"},"type":"Feature"},{"geometry":{"coordinates":[[[[5.65,-1.44],[5.63,-1.48],[5.61,-1.46],[5.65,-1.44]]],[[[10.03,1.0],[9.94,0.92],[9.72,1.13],[9.58,1.04],[9.52,1.13],[9.4,1.11],[9.35,1.18],[9.47,1.41],[9.61,1.59],[9.66,1.57],[9.69,1.57],[9.74,1.6],[9.61,1.64],[9.81,1.93],[9.78,2.33],[9.99,2.17],[11.32,2.17],[11.34,1.0],[10.03,1.0]]],[[[8.69,3.2],[8.42,3.34],[8.47,3.46],[8.58,3.46],[8.64,3.68],[8.74,3.77],[8.96,3.7],[8.69,3.2]]]],"type":"MultiPolygon"},"properties":{"name":"Equatorial Guinea"},"type":"Feature"},{"geometry":{"coordinates":[[[[42.68,12.36],[42.48,12.52],[42.38,12.47],[42.18,12.73],[41.95,12.88],[41.71,13.25],[41.19,13.62],[40.83,14.11],[40.19,14.44],[39.89,14.43],[39.52,14.57],[39.21,14.44],[39.13,14.6],[39.01,14.65],[38.87,14.49],[38.43,14.42],[38.23,14.68],[38.01,14.72],[37.89,14.88],[37.55,14.11],[37.29,14.46],[37.12,14.42],[37.06,14.28],[36.75,14.33],[36.53,14.26],[36.43,15.13],[36.63,15.45],[36.67,15.72],[36.95,16.28],[36.88,16.51],[37.0,16.84],[36.97,17.06],[37.4,17.03],[37.5,17.31],[38.04,17.55],[38.08,17.48],[38.12,17.55],[38.23,17.53],[38.6,18.0],[39.01,17.17],[39.29,15.93],[39.44,15.81],[39.46,15.52],[39.61,15.5],[39.72,15.09],[39.81,15.08],[39.85,15.17],[39.77,15.39],[39.88,15.5],[40.08,15.34],[40.03,15.24],[40.16,14.98],[40.29,14.91],[40.51,15.02],[40.69,14.9],[40.77,14.7],[41.17,14.64],[41.68,13.94],[41.97,13.85],[42.11,13.64],[42.22,13.55],[42.18,13.67],[42.29,13.57],[42.38,13.22],[42.53,13.23],[42.73,13.03],[42.78,12.85],[42.93,12.79],[43.0,12.9],[43.09,12.82],[43.12,12.71],[42.88,12.63],[42.68,12.36]]],[[[39.98,15.61],[39.94,15.7],[40.08,15.66],[39.93,15.74],[40.04,15.84],[39.95,15.89],[40.14,15.81],[40.16,15.64],[40.29,15.7],[40.41,15.6],[39.98,15.61]]],[[[39.99,16.02],[40.05,16.11],[40.12,16.06],[39.99,16.02]]]],"type":"MultiPolygon"},"properties":{"name":"Eritrea"},"type":"Feature"},{"geometry":{"coordinates":[[[[23.22,57.8],[23.22,57.82],[23.27,57.81],[23.22,57.8]]],[[[24.0,58.11],[23.94,58.11],[23.96,58.15],[24.0,58.11]]],[[[23.16,58.48],[22.72,58.23],[22.32,58.21],[22.2,57.99],[22.02,57.91],[21.96,57.98],[22.2,58.15],[21.87,58.26],[21.87,58.34],[22.01,58.35],[21.83,58.51],[22.0,58.51],[22.09,58.42],[22.19,58.55],[22.27,58.5],[22.32,58.58],[22.58,58.63],[22.99,58.6],[23.33,58.46],[23.16,58.48]]],[[[24.31,57.87],[24.55,58.33],[24.36,58.4],[24.11,58.24],[23.74,58.34],[23.68,58.52],[23.5,58.56],[23.5,58.7],[23.87,58.77],[23.43,58.76],[23.53,58.82],[23.42,58.93],[23.63,58.98],[23.62,59.02],[23.56,59.05],[23.61,59.01],[23.55,58.97],[23.41,59.03],[23.52,59.07],[23.47,59.21],[24.08,59.27],[24.03,59.39],[24.22,59.36],[24.16,59.4],[24.33,59.47],[24.77,59.45],[24.8,59.57],[25.41,59.49],[25.54,59.54],[25.48,59.67],[25.68,59.57],[25.69,59.67],[25.83,59.58],[25.99,59.63],[26.94,59.45],[27.87,59.41],[28.02,59.48],[28.19,59.37],[27.88,59.28],[27.71,58.99],[27.48,58.88],[27.41,58.75],[27.55,58.4],[27.5,58.22],[27.63,58.09],[27.66,57.92],[27.8,57.86],[27.52,57.81],[27.33,57.58],[27.35,57.53],[26.87,57.63],[26.5,57.52],[26.02,57.77],[26.01,57.84],[25.6,57.91],[25.28,58.07],[25.23,57.99],[25.14,58.07],[24.31,57.87]]],[[[23.22,58.54],[23.06,58.62],[23.29,58.67],[23.36,58.53],[23.22,58.54]]],[[[22.46,58.97],[22.67,59.08],[22.93,58.98],[23.04,58.84],[22.85,58.78],[22.78,58.82],[22.56,58.69],[22.38,58.88],[22.04,58.94],[22.46,58.97]]],[[[23.16,58.97],[23.11,59.02],[23.34,59.04],[23.36,58.98],[23.16,58.97]]],[[[24.52,59.6],[24.55,59.56],[24.52,59.54],[24.52,59.6]]]],"type":"MultiPolygon"},"properties":{"name":"Estonia"},"type":"Feature"},{"geometry":{"coordinates":[[[35.26,5.51],[35.1,5.62],[34.97,5.86],[34.7,6.68],[34.52,6.75],[34.5,6.89],[34.28,6.98],[34.18,7.17],[34.03,7.25],[34.01,7.41],[33.72,7.66],[33.06,7.8],[32.99,7.92],[33.19,8.14],[33.16,8.36],[33.24,8.46],[33.62,8.46],[33.74,8.37],[34.1,8.58],[34.07,9.53],[34.32,10.18],[34.28,10.57],[34.57,10.88],[34.75,10.68],[34.84,10.73],[34.96,10.9],[34.94,11.25],[35.07,11.55],[35.07,11.82],[35.32,12.02],[35.69,12.66],[36.12,12.7],[36.14,13.03],[36.39,13.6],[36.53,14.26],[36.75,14.33],[37.06,14.28],[37.12,14.42],[37.29,14.46],[37.55,14.11],[37.89,14.88],[38.01,14.72],[38.23,14.68],[38.43,14.42],[38.87,14.49],[39.01,14.65],[39.13,14.6],[39.21,14.44],[39.52,14.57],[39.89,14.43],[40.1,14.47],[40.83,14.11],[41.19,13.62],[41.71,13.25],[41.95,12.88],[42.18,12.73],[42.38,12.47],[41.79,11.7],[41.76,11.0],[41.94,10.93],[42.62,11.09],[42.92,11.0],[42.65,10.63],[42.84,10.21],[43.07,9.92],[43.19,9.88],[43.42,9.41],[43.62,9.34],[43.98,9.01],[46.98,8.0],[47.98,8.0],[46.42,6.5],[44.94,4.91],[43.97,4.95],[43.53,4.84],[43.12,4.65],[42.83,4.3],[42.1,4.19],[41.84,3.95],[41.16,3.94],[40.76,4.28],[39.85,3.87],[39.54,3.41],[38.51,3.65],[38.1,3.61],[36.9,4.42],[36.02,4.45],[35.76,4.81],[35.8,5.32],[35.47,5.43],[35.32,5.35],[35.26,5.51]]],"type":"Polygon"},"properties":{"name":"Ethiopia"},"type":"Feature"},{"geometry":{"coordinates":[[[[-61.15,-51.84],[-60.99,-51.78],[-60.94,-51.81],[-61.03,-51.87],[-60.95,-51.85],[-60.86,-51.77],[-60.89,-51.93],[-61.04,-51.94],[-61.15,-51.84]]],[[[-61.19,-51.84],[-61.25,-51.86],[-61.32,-51.82],[-61.19,-51.84]]],[[[-59.99,-51.99],[-60.05,-51.94],[-60.26,-51.99],[-60.28,-52.09],[-60.45,-52.17],[-60.55,-52.11],[-60.5,-52.19],[-60.59,-52.24],[-60.69,-52.11],[-60.82,-52.1],[-60.72,-52.17],[-60.8,-52.17],[-61.04,-52.05],[-60.74,-52.01],[-60.85,-51.95],[-60.53,-52.0],[-60.4,-51.92],[-60.51,-51.94],[-60.61,-51.93],[-60.48,-51.92],[-60.44,-51.78],[-60.37,-51.77],[-60.34,-51.86],[-60.3,-51.75],[-60.18,-51.76],[-60.18,-51.71],[-60.34,-51.71],[-60.55,-51.79],[-60.62,-51.67],[-60.08,-51.69],[-60.49,-51.53],[-60.39,-51.48],[-60.65,-51.35],[-60.15,-51.49],[-59.99,-51.47],[-60.08,-51.45],[-60.02,-51.38],[-59.8,-51.45],[-59.49,-51.39],[-59.58,-51.44],[-59.49,-51.46],[-59.39,-51.43],[-59.41,-51.34],[-59.21,-51.41],[-59.99,-51.99]]],[[[-61.28,-51.76],[-61.32,-51.73],[-61.27,-51.68],[-61.21,-51.7],[-61.28,-51.76]]],[[[-60.11,-51.36],[-60.27,-51.3],[-60.29,-51.26],[-60.05,-51.35],[-60.12,-51.41],[-60.29,-51.39],[-60.11,-51.36]]],[[[-59.96,-51.34],[-60.02,-51.3],[-59.94,-51.29],[-59.96,-51.34]]],[[[-60.59,-51.28],[-60.6,-51.26],[-60.52,-51.29],[-60.59,-51.28]]],[[[-61.13,-51.07],[-61.12,-51.03],[-61.05,-51.08],[-61.13,-51.07]]],[[[-59.74,-52.36],[-59.64,-52.37],[-59.7,-52.41],[-59.82,-52.36],[-59.69,-52.32],[-59.74,-52.36]]],[[[-59.76,-52.27],[-59.79,-52.13],[-59.68,-52.18],[-59.76,-52.27]]],[[[-58.43,-52.1],[-58.55,-52.03],[-58.48,-51.99],[-58.41,-52.01],[-58.43,-52.1]]],[[[-59.72,-51.98],[-59.7,-51.94],[-59.67,-51.98],[-59.72,-51.98]]],[[[-58.26,-51.76],[-58.15,-51.79],[-58.42,-51.89],[-58.76,-51.89],[-58.94,-51.8],[-58.97,-51.85],[-58.81,-51.95],[-58.63,-51.97],[-58.64,-52.11],[-59.27,-51.99],[-59.08,-52.1],[-59.15,-52.14],[-59.04,-52.14],[-59.1,-52.17],[-59.05,-52.21],[-59.46,-52.14],[-59.34,-52.34],[-59.72,-52.11],[-59.57,-52.06],[-59.63,-52.01],[-59.52,-51.96],[-59.61,-51.92],[-59.49,-51.93],[-59.49,-51.84],[-59.21,-51.71],[-59.06,-51.69],[-59.04,-51.82],[-58.99,-51.8],[-58.99,-51.65],[-59.17,-51.57],[-59.11,-51.5],[-59.01,-51.56],[-59.1,-51.41],[-58.86,-51.36],[-58.95,-51.25],[-58.41,-51.32],[-58.33,-51.43],[-58.5,-51.4],[-58.52,-51.49],[-58.42,-51.48],[-58.42,-51.55],[-58.23,-51.65],[-58.24,-51.59],[-58.17,-51.61],[-58.22,-51.53],[-58.36,-51.5],[-58.29,-51.42],[-57.91,-51.38],[-57.78,-51.54],[-58.15,-51.54],[-57.81,-51.61],[-57.77,-51.64],[-57.9,-51.68],[-57.73,-51.69],[-58.26,-51.76]]],[[[-59.6,-51.38],[-59.83,-51.35],[-59.69,-51.36],[-59.6,-51.38]]],[[[-59.5,-51.26],[-59.45,-51.32],[-59.55,-51.34],[-59.81,-51.26],[-59.5,-51.26]]]],"type":"MultiPolygon"},"properties":{"name":"Falkland Islands"},"type":"Feature"},{"geometry":{"coordinates":[[[[-6.78,61.46],[-6.65,61.41],[-6.74,61.43],[-6.78,61.46]]],[[[-6.87,61.5],[-6.96,61.63],[-6.72,61.57],[-6.81,61.55],[-6.68,61.48],[-6.78,61.46],[-6.87,61.5]]],[[[-6.66,61.75],[-6.91,61.91],[-6.67,61.87],[-6.66,61.75]]],[[[-7.22,62.16],[-7.04,62.09],[-7.2,62.02],[-7.43,62.15],[-7.22,62.16]]],[[[-7.64,62.1],[-7.64,62.11],[-7.54,62.1],[-7.64,62.1]]],[[[-7.2,62.31],[-7.07,62.29],[-7.0,62.18],[-6.85,62.14],[-6.9,62.1],[-6.78,62.07],[-6.85,62.05],[-6.72,62.03],[-6.7,61.94],[-7.23,62.2],[-7.2,62.31]]],[[[-6.93,62.34],[-6.88,62.31],[-6.93,62.29],[-6.91,62.24],[-6.81,62.29],[-6.56,62.14],[-6.67,62.15],[-6.59,62.11],[-6.69,62.07],[-6.71,62.14],[-6.75,62.18],[-6.81,62.19],[-6.74,62.1],[-7.08,62.31],[-6.93,62.34]]],[[[-6.57,62.35],[-6.54,62.37],[-6.52,62.32],[-6.49,62.31],[-6.48,62.3],[-6.39,62.26],[-6.5,62.25],[-6.42,62.19],[-6.54,62.23],[-6.5,62.17],[-6.57,62.25],[-6.57,62.35]]],[[[-6.34,62.24],[-6.38,62.28],[-6.28,62.3],[-6.34,62.24]]],[[[-6.69,62.25],[-6.79,62.38],[-6.75,62.36],[-6.69,62.25]]],[[[-6.67,62.32],[-6.68,62.37],[-6.59,62.29],[-6.67,62.32]]],[[[-6.49,62.31],[-6.52,62.35],[-6.53,62.37],[-6.41,62.29],[-6.49,62.31]]],[[[-6.54,62.37],[-6.56,62.39],[-6.53,62.37],[-6.54,62.37]]]],"type":"MultiPolygon"},"properties":{"name":"Faroe Islands"},"type":"Feature"},{"geometry":{"coordinates":[[[[153.71,5.31],[153.67,5.29],[153.69,5.31],[153.71,5.31]]],[[[151.87,7.34],[151.86,7.32],[151.85,7.37],[151.87,7.34]]],[[[151.63,7.33],[151.57,7.34],[151.62,7.39],[151.63,7.33]]],[[[149.18,7.38],[149.19,7.38],[149.19,7.37],[149.18,7.38]]],[[[151.89,7.44],[151.86,7.42],[151.86,7.47],[151.89,7.44]]],[[[149.69,8.61],[149.67,8.57],[149.67,8.6],[149.69,8.61]]],[[[138.14,9.52],[138.07,9.41],[138.13,9.57],[138.21,9.54],[138.14,9.52]]],[[[154.72,0.97],[154.73,0.97],[154.73,0.96],[154.72,0.97]]],[[[154.89,3.78],[154.88,3.75],[154.88,3.77],[154.89,3.78]]],[[[154.79,3.78],[154.77,3.77],[154.77,3.78],[154.79,3.78]]],[[[163.01,5.27],[162.91,5.3],[163.01,5.38],[163.01,5.27]]],[[[158.3,6.8],[158.19,6.79],[158.13,6.94],[158.28,6.97],[158.3,6.8]]],[[[154.24,8.14],[154.27,8.18],[154.31,8.17],[154.3,8.11],[154.24,8.14]]]],"type":"MultiPolygon"},"properties":{"name":"Federated States of Micronesia"},"type":"Feature"},{"geometry":{"coordinates":[[[[-178.72,-20.66],[-178.71,-20.67],[-178.73,-20.66],[-178.72,-20.66]]],[[[-178.6,-19.15],[-178.6,-19.13],[-178.58,-19.11],[-178.54,-19.18],[-178.6,-19.15]]],[[[-179.87,-18.99],[-179.85,-18.92],[-179.79,-18.96],[-179.87,-18.99]]],[[[-178.97,-18.97],[-178.94,-18.93],[-178.93,-18.97],[-178.97,-18.97]]],[[[-178.5,-18.67],[-178.52,-18.65],[-178.5,-18.63],[-178.5,-18.67]]],[[[-178.85,-18.22],[-178.79,-18.17],[-178.75,-18.22],[-178.85,-18.22]]],[[[-179.06,-17.95],[-179.03,-17.97],[-179.03,-18.0],[-179.06,-17.95]]],[[[-179.3,-17.77],[-179.34,-17.76],[-179.32,-17.72],[-179.3,-17.77]]],[[[-179.16,-17.47],[-179.18,-17.44],[-179.15,-17.42],[-179.16,-17.47]]],[[[-179.16,-17.27],[-179.15,-17.25],[-179.13,-17.26],[-179.16,-17.27]]],[[[-179.0,-17.3],[-178.96,-17.21],[-179.02,-17.15],[-178.92,-17.2],[-179.0,-17.3]]],[[[-179.82,-16.77],[-180.0,-16.96],[-180.0,-16.79],[-179.86,-16.68],[-179.82,-16.77]]],[[[-179.92,-16.5],[-180.0,-16.54],[-179.99,-16.48],[-179.91,-16.43],[-179.92,-16.5]]],[[[-180.0,-16.15],[-179.94,-16.12],[-179.95,-16.14],[-180.0,-16.15]]],[[[174.62,-21.71],[174.59,-21.68],[174.61,-21.67],[174.62,-21.71]]],[[[-178.22,-19.83],[-178.23,-19.84],[-178.23,-19.83],[-178.22,-19.83]]],[[[-178.42,-19.18],[-178.39,-19.13],[-178.39,-19.17],[-178.42,-19.18]]],[[[178.28,-19.01],[178.18,-19.16],[177.95,-19.13],[178.34,-18.92],[178.5,-19.01],[178.28,-19.01]]],[[[177.62,-18.51],[177.64,-18.49],[177.66,-18.59],[177.62,-18.51]]],[[[178.11,-18.4],[178.14,-18.35],[178.16,-18.38],[178.11,-18.4]]],[[[-178.35,-17.95],[-178.34,-17.89],[-178.25,-17.92],[-178.35,-17.95]]],[[[178.6,-17.65],[178.59,-17.93],[178.71,-17.99],[178.59,-18.14],[178.39,-18.1],[178.17,-18.25],[177.89,-18.27],[177.34,-18.11],[177.26,-17.99],[177.27,-17.86],[177.43,-17.75],[177.39,-17.64],[177.83,-17.36],[177.84,-17.42],[178.21,-17.31],[178.29,-17.38],[178.25,-17.47],[178.35,-17.44],[178.6,-17.65]]],[[[177.11,-17.31],[177.09,-17.25],[177.15,-17.25],[177.11,-17.31]]],[[[177.24,-17.15],[177.18,-17.16],[177.24,-17.06],[177.24,-17.15]]],[[[177.4,-16.87],[177.44,-16.87],[177.4,-16.9],[177.4,-16.87]]],[[[178.28,-16.79],[178.33,-16.79],[178.33,-16.83],[178.28,-16.79]]],[[[177.47,-16.83],[177.43,-16.83],[177.58,-16.68],[177.47,-16.83]]],[[[177.01,-12.49],[177.13,-12.5],[177.09,-12.52],[177.01,-12.49]]],[[[179.74,-19.18],[179.78,-19.12],[179.8,-19.18],[179.74,-19.18]]],[[[178.47,-18.91],[178.52,-18.86],[178.54,-18.89],[178.47,-18.91]]],[[[179.88,-18.66],[179.83,-18.59],[179.94,-18.56],[179.88,-18.66]]],[[[179.25,-18.03],[179.23,-17.94],[179.36,-18.03],[179.31,-18.09],[179.25,-18.03]]],[[[179.42,-17.85],[179.4,-17.78],[179.43,-17.79],[179.42,-17.85]]],[[[178.73,-17.77],[178.71,-17.71],[178.77,-17.75],[178.78,-17.77],[178.73,-17.77]]],[[[178.82,-17.73],[178.77,-17.75],[178.75,-17.64],[178.82,-17.73]]],[[[179.03,-17.66],[179.0,-17.6],[179.02,-17.6],[179.03,-17.66]]],[[[179.37,-17.26],[179.44,-17.24],[179.44,-17.34],[179.38,-17.39],[179.37,-17.26]]],[[[179.89,-16.95],[180.0,-16.79],[180.0,-16.96],[179.89,-16.95]]],[[[179.93,-16.63],[179.95,-16.61],[179.94,-16.65],[179.88,-16.66],[179.93,-16.63]]],[[[179.48,-16.76],[179.94,-16.46],[179.85,-16.66],[179.95,-16.73],[179.91,-16.77],[179.73,-16.72],[179.58,-16.81],[179.3,-16.81],[179.35,-16.73],[179.27,-16.69],[179.07,-16.8],[179.03,-16.92],[178.91,-16.85],[178.73,-17.01],[178.64,-16.81],[178.49,-16.79],[178.59,-16.67],[178.53,-16.63],[178.8,-16.64],[178.94,-16.46],[179.4,-16.41],[179.52,-16.24],[179.76,-16.18],[179.86,-16.23],[180.0,-16.15],[179.48,-16.76]]],[[[179.33,-16.33],[179.39,-16.33],[179.36,-16.34],[179.33,-16.33]]]],"type":"MultiPolygon"},"properties":{"name":"Fiji"},"type":"Feature"},{"geometry":{"coordinates":[[[[21.94,60.11],[21.93,60.12],[22.01,60.12],[21.94,60.11]]],[[[21.61,60.1],[21.48,60.11],[21.57,60.17],[21.61,60.1]]],[[[21.78,60.12],[21.7,60.12],[21.74,60.19],[21.87,60.18],[21.78,60.12]]],[[[21.38,60.16],[21.27,60.19],[21.45,60.19],[21.38,60.16]]],[[[21.56,60.23],[21.59,60.27],[21.63,60.25],[21.56,60.23]]],[[[22.0,60.29],[21.97,60.29],[22.0,60.3],[22.0,60.29]]],[[[21.96,60.31],[21.98,60.3],[21.93,60.28],[21.88,60.3],[21.96,60.31]]],[[[21.3,60.36],[21.3,60.38],[21.34,60.38],[21.3,60.36]]],[[[21.79,60.37],[21.81,60.47],[22.0,60.36],[21.79,60.37]]],[[[21.76,60.53],[21.69,60.46],[21.69,60.48],[21.76,60.53]]],[[[21.44,60.47],[21.33,60.54],[21.39,60.56],[21.44,60.47]]],[[[21.28,60.54],[21.32,60.48],[21.25,60.5],[21.28,60.54]]],[[[21.27,60.64],[21.3,60.57],[21.28,60.57],[21.27,60.64]]],[[[21.19,60.86],[21.27,60.85],[21.26,60.83],[21.19,60.86]]],[[[21.27,60.97],[21.37,60.93],[21.32,60.88],[21.2,60.89],[21.28,60.89],[21.27,60.97]]],[[[21.38,61.21],[21.43,61.17],[21.39,61.18],[21.38,61.21]]],[[[21.48,61.62],[21.46,61.63],[21.52,61.63],[21.48,61.62]]],[[[21.15,63.01],[21.22,62.95],[21.17,62.95],[21.15,63.01]]],[[[21.24,63.15],[21.08,63.29],[21.24,63.28],[21.2,63.23],[21.29,63.21],[21.4,63.26],[21.24,63.15]]],[[[21.35,63.36],[21.37,63.35],[21.32,63.29],[21.23,63.33],[21.35,63.36]]],[[[22.42,59.87],[22.51,59.87],[22.44,59.85],[22.42,59.87]]],[[[22.87,60.01],[22.85,60.03],[22.93,60.07],[22.87,60.01]]],[[[22.38,59.99],[22.35,60.08],[22.43,60.08],[22.38,59.99]]],[[[22.9,60.08],[22.85,60.09],[22.92,60.13],[22.9,60.08]]],[[[22.84,60.2],[22.85,60.11],[22.73,60.0],[22.47,60.0],[22.43,60.08],[22.42,60.11],[22.6,60.14],[22.42,60.15],[22.45,60.22],[22.47,60.18],[22.81,60.23],[22.96,60.29],[22.84,60.2]]],[[[21.94,60.18],[22.06,60.21],[22.07,60.2],[21.94,60.18]]],[[[22.29,60.15],[22.39,60.2],[22.37,60.18],[22.29,60.15]]],[[[22.23,60.18],[22.21,60.2],[22.27,60.25],[22.23,60.18]]],[[[22.22,60.25],[22.08,60.28],[22.25,60.31],[22.33,60.27],[22.22,60.25]]],[[[22.4,60.36],[22.48,60.32],[22.37,60.29],[22.4,60.36]]],[[[22.26,60.37],[22.3,60.37],[22.19,60.34],[22.26,60.37]]],[[[22.87,60.18],[23.08,60.36],[22.53,60.2],[22.65,60.28],[22.46,60.26],[22.62,60.4],[22.29,60.38],[21.9,60.53],[21.79,60.48],[21.84,60.63],[21.61,60.49],[21.52,60.57],[21.41,60.58],[21.47,60.61],[21.35,60.69],[21.47,60.73],[21.33,60.83],[21.43,60.9],[21.3,61.06],[21.48,61.06],[21.44,61.17],[21.56,61.2],[21.48,61.25],[21.54,61.28],[21.52,61.38],[21.45,61.4],[21.57,61.42],[21.42,61.49],[21.59,61.49],[21.48,61.57],[21.72,61.53],[21.54,61.65],[21.52,61.71],[21.59,61.7],[21.47,61.76],[21.41,61.91],[21.24,61.99],[21.39,62.21],[21.37,62.27],[21.31,62.23],[21.34,62.36],[21.27,62.41],[21.22,62.34],[21.2,62.42],[21.13,62.4],[21.13,62.55],[21.21,62.58],[21.07,62.6],[21.16,62.72],[21.11,62.78],[21.39,62.88],[21.5,63.07],[21.69,63.03],[21.52,63.13],[21.5,63.22],[21.89,63.26],[21.88,63.18],[21.98,63.14],[22.02,63.24],[22.18,63.23],[22.37,63.32],[22.19,63.46],[22.4,63.42],[22.27,63.51],[22.44,63.47],[22.59,63.7],[22.77,63.63],[22.9,63.71],[22.83,63.73],[22.93,63.74],[22.9,63.79],[23.0,63.76],[23.06,63.85],[23.42,63.92],[23.4,64.06],[23.6,64.03],[23.57,64.11],[23.94,64.25],[24.0,64.39],[24.34,64.53],[24.59,64.78],[24.54,64.81],[25.09,64.92],[25.23,64.82],[25.36,64.83],[25.36,64.91],[25.19,64.97],[25.44,64.97],[25.36,65.1],[25.21,65.12],[25.33,65.23],[25.33,65.34],[25.27,65.38],[25.36,65.47],[25.07,65.61],[24.68,65.64],[24.55,65.76],[24.71,65.91],[24.52,65.8],[24.21,65.78],[24.02,66.05],[23.69,66.26],[23.65,66.46],[23.88,66.56],[23.89,66.75],[24.0,66.81],[23.58,67.15],[23.6,67.26],[23.79,67.34],[23.77,67.42],[23.43,67.49],[23.55,67.59],[23.48,67.86],[23.66,67.95],[23.31,68.15],[23.17,68.12],[23.07,68.29],[22.81,68.39],[22.07,68.48],[20.91,68.89],[20.91,68.98],[20.62,69.04],[20.74,69.1],[21.07,69.04],[21.16,69.09],[21.03,69.18],[21.1,69.24],[21.64,69.27],[22.37,68.82],[22.41,68.71],[23.2,68.62],[23.93,68.82],[24.66,68.67],[24.88,68.55],[25.13,68.65],[25.2,68.81],[25.63,68.87],[25.8,68.99],[25.74,69.22],[25.88,69.37],[25.89,69.52],[26.0,69.59],[25.97,69.66],[26.2,69.72],[26.5,69.92],[27.1,69.9],[27.87,70.08],[28.4,69.8],[29.13,69.67],[29.34,69.46],[28.85,69.2],[28.83,69.09],[28.95,69.03],[28.41,68.9],[28.8,68.84],[28.45,68.51],[28.69,68.18],[29.33,68.07],[29.65,67.82],[30.01,67.69],[29.92,67.51],[29.52,67.3],[29.05,66.91],[29.9,66.11],[30.11,65.71],[30.1,65.66],[29.7,65.63],[29.84,65.56],[29.73,65.49],[29.72,65.33],[29.58,65.24],[29.83,65.21],[29.85,65.12],[29.6,65.03],[29.63,64.91],[29.78,64.8],[30.12,64.77],[30.18,64.64],[29.95,64.57],[30.07,64.47],[30.03,64.4],[30.56,64.22],[30.55,64.02],[30.2,63.79],[29.98,63.74],[30.46,63.47],[31.2,63.21],[31.57,62.91],[31.24,62.5],[30.93,62.3],[30.65,62.19],[29.2,61.25],[27.74,60.57],[27.72,60.49],[27.46,60.46],[27.23,60.51],[27.31,60.53],[27.21,60.58],[26.96,60.45],[26.48,60.47],[26.63,60.61],[26.75,60.57],[26.66,60.65],[26.34,60.38],[25.92,60.49],[26.11,60.34],[26.04,60.3],[25.84,60.4],[25.93,60.25],[25.75,60.32],[25.85,60.27],[25.74,60.25],[25.67,60.36],[25.53,60.33],[25.5,60.25],[25.31,60.27],[25.03,60.15],[25.0,60.21],[24.95,60.14],[24.81,60.19],[24.67,60.1],[24.55,60.16],[24.59,60.06],[24.45,59.99],[24.46,60.05],[24.31,60.0],[24.32,60.08],[23.43,59.96],[23.55,60.07],[23.24,59.9],[23.25,59.84],[22.89,59.81],[23.25,59.92],[23.33,60.03],[23.11,59.92],[23.26,60.04],[22.87,60.18]]],[[[22.11,63.33],[22.25,63.31],[22.14,63.25],[22.07,63.28],[22.11,63.33]]],[[[22.01,63.32],[22.06,63.3],[22.05,63.28],[22.01,63.32]]],[[[22.0,63.38],[22.1,63.38],[21.95,63.33],[22.0,63.38]]],[[[22.74,63.72],[22.68,63.76],[22.76,63.79],[22.82,63.76],[22.74,63.72]]],[[[23.87,59.95],[23.85,59.95],[23.92,59.97],[23.87,59.95]]],[[[25.82,60.22],[25.88,60.22],[25.86,60.2],[25.82,60.22]]],[[[25.64,60.2],[25.56,60.28],[25.58,60.3],[25.68,60.25],[25.64,60.2]]],[[[26.51,60.4],[26.65,60.43],[26.64,60.41],[26.51,60.4]]],[[[24.72,65.0],[24.83,64.97],[24.73,64.95],[24.56,65.04],[24.83,65.09],[25.06,65.04],[24.72,65.0]]]],"type":"MultiPolygon"},"properties":{"name":"Finland"},"type":"Feature"},{"geometry":{"coordinates":[[[[-53.99,3.61],[-54.35,4.04],[-54.49,4.9],[-54.31,5.23],[-54.06,5.44],[-53.94,5.74],[-52.9,5.41],[-52.39,4.9],[-52.28,4.93],[-52.34,4.72],[-52.23,4.88],[-52.02,4.69],[-51.95,4.45],[-52.05,4.33],[-51.94,4.39],[-51.91,4.66],[-51.79,4.6],[-51.69,4.39],[-51.67,4.06],[-52.36,3.15],[-52.59,2.5],[-52.92,2.2],[-53.27,2.2],[-53.23,2.25],[-53.34,2.35],[-53.53,2.25],[-53.76,2.37],[-54.13,2.11],[-54.62,2.33],[-54.38,2.48],[-54.17,2.85],[-54.21,3.13],[-53.99,3.61]]],[[[-60.87,14.48],[-61.07,14.47],[-61.11,14.52],[-61.0,14.57],[-61.16,14.67],[-61.21,14.85],[-60.88,14.78],[-60.94,14.67],[-60.81,14.46],[-60.89,14.43],[-60.87,14.48]]],[[[-61.57,15.88],[-61.57,15.87],[-61.59,15.86],[-61.57,15.88]]],[[[-61.32,15.97],[-61.24,16.0],[-61.2,15.91],[-61.31,15.88],[-61.32,15.97]]],[[[-61.57,16.03],[-61.69,15.95],[-61.77,16.35],[-61.56,16.29],[-61.57,16.03]]],[[[-61.07,16.3],[-61.09,16.31],[-61.04,16.34],[-61.07,16.3]]],[[[-61.53,16.45],[-61.46,16.51],[-61.37,16.35],[-61.16,16.25],[-61.48,16.21],[-61.55,16.26],[-61.53,16.45]]],[[[-1.66,43.4],[-1.48,43.58],[-1.26,44.56],[-1.19,44.67],[-1.04,44.67],[-1.17,44.78],[-1.26,44.63],[-1.09,45.57],[-0.77,45.33],[-0.72,45.13],[-0.53,44.89],[-0.6,45.02],[-0.49,45.0],[-0.66,45.1],[-0.8,45.48],[-1.25,45.71],[-1.16,45.81],[-0.99,45.72],[-1.15,45.87],[-1.05,46.04],[-1.21,46.17],[-1.11,46.3],[-1.24,46.28],[-1.8,46.49],[-1.91,46.69],[-2.12,46.82],[-1.99,47.05],[-2.24,47.14],[-2.13,47.29],[-1.73,47.21],[-1.87,47.28],[-2.15,47.31],[-2.3,47.25],[-2.54,47.3],[-2.44,47.31],[-2.56,47.38],[-2.39,47.42],[-2.49,47.49],[-2.36,47.51],[-2.63,47.52],[-2.6,47.53],[-2.58,47.55],[-2.82,47.5],[-2.91,47.56],[-2.74,47.55],[-2.69,47.6],[-2.68,47.62],[-2.71,47.64],[-2.92,47.6],[-2.97,47.66],[-2.94,47.56],[-3.12,47.6],[-3.13,47.48],[-3.2,47.64],[-3.12,47.73],[-3.19,47.75],[-3.22,47.66],[-3.36,47.7],[-3.28,47.69],[-3.36,47.71],[-3.28,47.79],[-3.45,47.7],[-4.13,47.92],[-4.19,47.81],[-4.37,47.81],[-4.43,47.98],[-4.73,48.04],[-4.29,48.12],[-4.38,48.23],[-4.56,48.18],[-4.63,48.29],[-4.55,48.35],[-4.52,48.3],[-4.27,48.29],[-4.19,48.31],[-4.45,48.34],[-4.29,48.43],[-4.77,48.35],[-4.72,48.57],[-3.97,48.73],[-3.85,48.63],[-3.81,48.73],[-3.57,48.69],[-3.52,48.84],[-3.21,48.87],[-3.22,48.79],[-3.1,48.88],[-3.13,48.76],[-3.01,48.82],[-2.68,48.51],[-2.32,48.7],[-2.33,48.63],[-2.21,48.58],[-2.05,48.65],[-1.98,48.51],[-2.03,48.64],[-1.95,48.7],[-1.84,48.71],[-1.8,48.62],[-1.36,48.64],[-1.55,48.75],[-1.6,48.85],[-1.51,49.03],[-1.59,49.03],[-1.61,49.22],[-1.55,49.23],[-1.82,49.38],[-1.88,49.53],[-1.84,49.62],[-1.94,49.72],[-1.61,49.65],[-1.26,49.7],[-1.23,49.62],[-1.31,49.56],[-1.12,49.35],[-0.94,49.39],[-0.22,49.28],[0.41,49.45],[0.49,49.49],[0.26,49.46],[0.08,49.53],[0.24,49.73],[1.22,49.98],[1.52,50.21],[1.67,50.19],[1.54,50.28],[1.61,50.37],[1.56,50.4],[1.58,50.87],[2.52,51.09],[2.61,50.96],[2.59,50.85],[2.79,50.72],[3.13,50.78],[3.27,50.53],[3.61,50.48],[3.7,50.3],[4.0,50.34],[4.2,50.26],[4.13,50.13],[4.21,50.06],[4.13,49.97],[4.65,49.98],[4.82,50.16],[4.87,50.14],[4.78,49.96],[4.86,49.91],[4.85,49.79],[5.26,49.69],[5.46,49.5],[5.75,49.55],[5.96,49.44],[6.4,49.47],[6.71,49.16],[6.91,49.21],[7.04,49.11],[7.27,49.11],[7.41,49.17],[7.63,49.04],[8.2,48.96],[7.81,48.62],[7.75,48.34],[7.59,48.13],[7.62,47.97],[7.51,47.71],[7.59,47.58],[7.38,47.43],[6.97,47.49],[6.87,47.35],[7.04,47.33],[6.67,47.02],[6.44,46.94],[6.43,46.76],[6.12,46.58],[6.05,46.42],[6.14,46.37],[6.09,46.25],[5.95,46.2],[5.96,46.13],[6.14,46.15],[6.28,46.24],[6.21,46.32],[6.27,46.38],[6.48,46.45],[6.79,46.41],[6.75,46.35],[6.83,46.27],[6.77,46.15],[7.02,45.93],[6.8,45.83],[6.8,45.72],[7.16,45.41],[7.06,45.21],[6.6,45.1],[6.75,44.91],[7.01,44.82],[7.06,44.68],[6.96,44.68],[6.84,44.53],[6.92,44.44],[6.87,44.37],[6.98,44.24],[7.34,44.12],[7.66,44.18],[7.69,44.08],[7.48,43.87],[7.48,43.76],[7.15,43.65],[7.14,43.55],[6.96,43.54],[6.89,43.43],[6.73,43.41],[6.59,43.27],[6.69,43.27],[6.66,43.19],[6.19,43.11],[6.15,43.03],[5.92,43.13],[5.95,43.08],[5.86,43.04],[5.67,43.18],[5.35,43.22],[5.29,43.36],[5.03,43.34],[5.03,43.41],[5.23,43.48],[5.03,43.56],[5.05,43.43],[4.87,43.42],[4.86,43.34],[4.76,43.42],[4.74,43.52],[4.69,43.58],[4.74,43.42],[4.82,43.35],[3.99,43.55],[3.11,43.11],[3.04,42.63],[3.18,42.43],[2.93,42.47],[2.51,42.33],[2.28,42.43],[2.0,42.35],[1.71,42.49],[1.72,42.61],[1.43,42.6],[1.34,42.71],[0.72,42.85],[0.66,42.84],[0.64,42.68],[-0.04,42.69],[-0.32,42.84],[-0.57,42.77],[-0.76,42.95],[-1.15,43.01],[-1.29,43.11],[-1.46,43.05],[-1.4,43.24],[-1.62,43.25],[-1.8,43.37],[-1.66,43.4]],[[1.95,42.45],[2.0,42.44],[1.97,42.49],[1.95,42.45]]],[[[-1.36,45.96],[-1.4,46.05],[-1.23,45.99],[-1.19,45.83],[-1.36,45.96]]],[[[-2.3,46.72],[-2.27,46.7],[-2.37,46.7],[-2.3,46.72]]],[[[-2.25,46.96],[-2.3,47.03],[-2.2,47.02],[-2.16,46.92],[-2.25,46.96]]],[[[-3.25,47.4],[-3.06,47.32],[-3.09,47.3],[-3.22,47.31],[-3.25,47.4]]],[[[55.81,-21.34],[55.55,-21.36],[55.35,-21.27],[55.23,-21.01],[55.41,-20.86],[55.65,-20.9],[55.85,-21.14],[55.81,-21.34]]],[[[45.18,-12.98],[45.1,-12.98],[45.06,-12.9],[45.14,-12.9],[45.04,-12.7],[45.09,-12.65],[45.22,-12.75],[45.18,-12.98]]],[[[45.26,-12.76],[45.28,-12.74],[45.29,-12.77],[45.26,-12.76]]],[[[9.21,41.37],[9.08,41.48],[8.79,41.56],[8.92,41.69],[8.66,41.75],[8.81,41.91],[8.61,41.9],[8.59,41.97],[8.74,42.06],[8.56,42.15],[8.55,42.24],[8.69,42.28],[8.55,42.38],[8.66,42.43],[8.71,42.58],[9.12,42.73],[9.29,42.67],[9.35,43.0],[9.42,43.02],[9.48,42.83],[9.44,42.64],[9.53,42.56],[9.56,42.15],[9.4,41.95],[9.37,41.68],[9.21,41.37]]],[[[6.16,43.01],[6.25,43.02],[6.25,43.0],[6.16,43.01]]]],"type":"MultiPolygon"},"properties":{"name":"France"},"type":"Feature"},{"geometry":{"coordinates":[[[[-147.7,-23.88],[-147.72,-23.87],[-147.65,-23.85],[-147.7,-23.88]]],[[[-149.48,-23.36],[-149.45,-23.38],[-149.51,-23.4],[-149.48,-23.36]]],[[[-151.39,-22.46],[-151.39,-22.42],[-151.36,-22.46],[-151.39,-22.46]]],[[[-149.35,-17.72],[-149.59,-17.73],[-149.63,-17.55],[-149.47,-17.49],[-149.35,-17.54],[-149.3,-17.71],[-149.16,-17.76],[-149.16,-17.85],[-149.28,-17.84],[-149.35,-17.72]]],[[[-150.66,-17.67],[-150.64,-17.66],[-150.64,-17.67],[-150.66,-17.67]]],[[[-149.94,-17.49],[-149.79,-17.47],[-149.82,-17.55],[-149.94,-17.49]]],[[[-151.48,-16.89],[-151.49,-16.75],[-151.43,-16.75],[-151.36,-16.87],[-151.48,-16.89]]],[[[-151.01,-16.82],[-151.03,-16.78],[-150.99,-16.76],[-151.01,-16.82]]],[[[-151.04,-16.71],[-151.03,-16.69],[-151.01,-16.75],[-151.04,-16.71]]],[[[-151.52,-16.58],[-151.44,-16.61],[-151.46,-16.67],[-151.52,-16.58]]],[[[-151.78,-16.48],[-151.76,-16.47],[-151.75,-16.53],[-151.78,-16.48]]],[[[-152.26,-16.44],[-152.24,-16.44],[-152.26,-16.45],[-152.26,-16.44]]],[[[-146.36,-16.1],[-146.33,-16.14],[-146.34,-16.16],[-146.36,-16.1]]],[[[-145.9,-15.89],[-145.95,-15.84],[-145.91,-15.86],[-145.9,-15.89]]],[[[-148.25,-15.87],[-148.28,-15.81],[-148.26,-15.8],[-148.25,-15.87]]],[[[-146.49,-15.8],[-146.48,-15.83],[-146.5,-15.79],[-146.49,-15.8]]],[[[-154.52,-15.82],[-154.53,-15.83],[-154.54,-15.79],[-154.52,-15.82]]],[[[-146.22,-15.32],[-146.2,-15.33],[-146.19,-15.35],[-146.2,-15.39],[-146.22,-15.32]]],[[[-148.06,-14.96],[-148.05,-15.0],[-148.18,-14.92],[-148.06,-14.96]]],[[[-148.63,-14.89],[-148.69,-14.85],[-148.65,-14.87],[-148.63,-14.89]]],[[[-146.26,-14.5],[-146.27,-14.44],[-146.24,-14.44],[-146.26,-14.5]]],[[[-145.91,-14.35],[-145.86,-14.34],[-145.85,-14.37],[-145.91,-14.35]]],[[[-144.34,-27.63],[-144.34,-27.56],[-144.29,-27.57],[-144.34,-27.63]]],[[[-140.93,-18.08],[-140.83,-18.19],[-140.82,-18.22],[-140.93,-18.08]]],[[[-143.09,-17.85],[-143.08,-17.84],[-143.07,-17.84],[-143.09,-17.85]]],[[[-140.78,-17.75],[-140.62,-17.69],[-140.68,-17.78],[-140.83,-17.86],[-140.78,-17.75]]],[[[-142.58,-17.62],[-142.64,-17.53],[-142.57,-17.6],[-142.58,-17.62]]],[[[-143.44,-17.44],[-143.47,-17.43],[-143.44,-17.43],[-143.44,-17.44]]],[[[-141.43,-17.39],[-141.48,-17.35],[-141.46,-17.34],[-141.43,-17.39]]],[[[-144.05,-16.76],[-144.11,-16.74],[-144.08,-16.73],[-144.05,-16.76]]],[[[-144.19,-16.65],[-144.17,-16.67],[-144.19,-16.66],[-144.19,-16.65]]],[[[-143.39,-16.67],[-143.55,-16.62],[-143.46,-16.61],[-143.39,-16.67]]],[[[-143.86,-16.47],[-143.85,-16.49],[-143.93,-16.45],[-143.86,-16.47]]],[[[-144.26,-16.45],[-144.29,-16.42],[-144.26,-16.44],[-144.26,-16.45]]],[[[-144.4,-16.32],[-144.37,-16.34],[-144.43,-16.33],[-144.43,-16.32],[-144.4,-16.32]]],[[[-145.61,-16.08],[-145.48,-16.35],[-145.55,-16.25],[-145.61,-16.08]]],[[[-145.61,-16.05],[-145.71,-16.06],[-145.66,-16.04],[-145.61,-16.05]]],[[[-145.06,-15.9],[-145.16,-15.76],[-145.13,-15.76],[-145.06,-15.9]]],[[[-140.89,-15.82],[-140.85,-15.82],[-140.88,-15.84],[-140.89,-15.82]]],[[[-144.65,-15.73],[-144.62,-15.74],[-144.63,-15.76],[-144.65,-15.73]]],[[[-145.55,-15.45],[-145.43,-15.49],[-145.44,-15.5],[-145.55,-15.45]]],[[[-144.89,-14.41],[-144.88,-14.41],[-144.88,-14.43],[-145.0,-14.51],[-144.89,-14.42],[-144.99,-14.43],[-144.89,-14.41]]],[[[-141.21,-14.16],[-141.17,-14.19],[-141.19,-14.19],[-141.21,-14.16]]],[[[-135.02,-23.12],[-134.94,-23.08],[-134.98,-23.14],[-135.02,-23.12]]],[[[-140.65,-21.65],[-140.6,-21.71],[-140.63,-21.72],[-140.65,-21.65]]],[[[-135.47,-21.51],[-135.46,-21.53],[-135.53,-21.49],[-135.47,-21.51]]],[[[-136.38,-21.47],[-136.41,-21.47],[-136.4,-21.46],[-136.38,-21.47]]],[[[-136.54,-21.36],[-136.55,-21.34],[-136.53,-21.35],[-136.54,-21.36]]],[[[-136.65,-21.33],[-136.65,-21.32],[-136.64,-21.33],[-136.65,-21.33]]],[[[-136.73,-21.32],[-136.74,-21.32],[-136.75,-21.31],[-136.75,-21.3],[-136.73,-21.32]]],[[[-138.54,-20.78],[-138.52,-20.81],[-138.51,-20.86],[-138.53,-20.88],[-138.54,-20.78]]],[[[-140.39,-19.64],[-140.41,-19.61],[-140.38,-19.64],[-140.39,-19.64]]],[[[-139.21,-19.36],[-139.21,-19.33],[-139.2,-19.33],[-139.21,-19.36]]],[[[-138.8,-19.29],[-138.81,-19.28],[-138.79,-19.28],[-138.8,-19.29]]],[[[-140.72,-19.13],[-140.7,-19.12],[-140.67,-19.13],[-140.66,-19.15],[-140.72,-19.13]]],[[[-136.48,-18.47],[-136.45,-18.47],[-136.38,-18.51],[-136.31,-18.57],[-136.48,-18.47]]],[[[-137.01,-18.3],[-136.97,-18.36],[-137.07,-18.27],[-137.01,-18.3]]],[[[-138.44,-17.37],[-138.46,-17.37],[-138.45,-17.33],[-138.44,-17.37]]],[[[-138.69,-10.53],[-138.7,-10.43],[-138.62,-10.47],[-138.69,-10.53]]],[[[-139.1,-9.96],[-139.13,-10.01],[-139.12,-9.9],[-139.1,-9.96]]],[[[-139.07,-9.85],[-139.17,-9.77],[-139.02,-9.69],[-138.81,-9.74],[-139.07,-9.85]]],[[[-140.16,-9.37],[-140.08,-9.32],[-140.03,-9.34],[-140.09,-9.45],[-140.16,-9.37]]],[[[-139.6,-8.86],[-139.5,-8.9],[-139.52,-8.92],[-139.6,-8.94],[-139.6,-8.86]]],[[[-140.19,-8.95],[-140.25,-8.79],[-140.03,-8.79],[-140.06,-8.9],[-140.19,-8.95]]],[[[-140.64,-7.96],[-140.72,-8.04],[-140.73,-7.99],[-140.64,-7.96]]]],"type":"MultiPolygon"},"properties":{"name":"French Polynesia"},"type":"Feature"},{"geometry":{"coordinates":[[[[68.65,-48.62],[68.68,-48.64],[68.64,-48.65],[68.65,-48.62]]],[[[51.71,-46.44],[51.66,-46.38],[51.76,-46.33],[51.87,-46.41],[51.71,-46.44]]],[[[50.26,-46.13],[50.18,-46.06],[50.27,-46.04],[50.26,-46.13]]],[[[40.34,-22.32],[40.39,-22.32],[40.37,-22.36],[40.34,-22.32]]],[[[42.72,-17.06],[42.76,-17.06],[42.75,-17.08],[42.72,-17.06]]],[[[47.29,-11.57],[47.3,-11.55],[47.31,-11.57],[47.29,-11.57]]],[[[69.84,-49.5],[70.02,-49.56],[69.99,-49.57],[69.84,-49.5]]],[[[68.69,-49.36],[68.64,-49.34],[68.8,-49.33],[68.69,-49.36]]],[[[70.31,-49.38],[70.47,-49.44],[70.29,-49.44],[70.14,-49.34],[69.82,-49.35],[69.93,-49.39],[69.9,-49.44],[69.69,-49.4],[69.81,-49.53],[70.14,-49.62],[70.05,-49.52],[70.3,-49.53],[70.32,-49.57],[70.16,-49.62],[70.28,-49.65],[70.12,-49.71],[69.86,-49.68],[69.74,-49.5],[69.64,-49.5],[69.72,-49.58],[69.66,-49.66],[69.23,-49.49],[69.23,-49.57],[69.14,-49.51],[69.15,-49.62],[69.09,-49.54],[69.07,-49.69],[68.79,-49.71],[68.78,-49.59],[68.9,-49.43],[68.81,-49.37],[68.92,-49.29],[68.84,-49.3],[68.76,-49.19],[68.93,-49.14],[68.75,-49.08],[68.83,-49.05],[68.81,-48.97],[68.9,-48.97],[68.79,-48.85],[68.9,-48.82],[68.96,-48.67],[69.08,-48.66],[69.12,-48.73],[68.91,-48.89],[69.19,-48.77],[69.01,-49.05],[69.07,-49.11],[69.11,-48.99],[69.21,-49.12],[69.44,-49.01],[69.47,-49.08],[69.59,-48.95],[69.64,-49.12],[69.4,-49.11],[69.28,-49.18],[69.47,-49.15],[69.38,-49.18],[69.53,-49.25],[69.41,-49.27],[69.73,-49.25],[69.58,-49.3],[69.8,-49.29],[69.96,-49.16],[70.19,-49.16],[70.34,-49.05],[70.48,-49.07],[70.57,-49.22],[70.46,-49.36],[70.31,-49.38]]],[[[69.62,-49.21],[69.53,-49.19],[69.64,-49.15],[69.62,-49.21]]],[[[69.41,-48.93],[69.22,-49.09],[69.19,-48.99],[69.41,-48.93]]],[[[69.18,-48.97],[69.14,-48.98],[69.18,-48.88],[69.24,-48.89],[69.18,-48.97]]],[[[69.44,-48.83],[69.52,-48.86],[69.47,-48.88],[69.44,-48.83]]],[[[68.83,-48.58],[68.79,-48.62],[68.78,-48.58],[68.83,-48.58]]],[[[77.52,-38.7],[77.55,-38.73],[77.54,-38.74],[77.52,-38.7]]],[[[77.49,-37.85],[77.5,-37.82],[77.57,-37.84],[77.54,-37.9],[77.49,-37.85]]]],"type":"MultiPolygon"},"properties":{"name":"French Southern and Antarctic Lands"},"type":"Feature"},{"geometry":{"coordinates":[[[[11.64,-2.83],[11.78,-3.01],[11.69,-3.17],[11.94,-3.3],[11.83,-3.55],[11.9,-3.67],[11.67,-3.69],[11.48,-3.51],[11.21,-3.7],[11.11,-3.94],[10.96,-3.69],[10.65,-3.45],[10.64,-3.31],[9.9,-2.7],[9.7,-2.44],[9.6,-2.35],[9.57,-2.19],[9.27,-1.88],[9.34,-1.89],[9.26,-1.84],[9.22,-1.58],[9.02,-1.32],[8.98,-1.23],[9.02,-1.3],[9.16,-1.47],[9.26,-1.54],[9.28,-1.68],[9.56,-1.61],[9.46,-1.47],[9.29,-1.57],[9.25,-1.48],[9.33,-1.4],[9.34,-1.28],[9.32,-1.37],[9.19,-1.41],[9.03,-1.3],[9.03,-1.19],[8.87,-0.98],[8.91,-1.01],[8.94,-0.96],[8.84,-0.92],[8.7,-0.59],[8.84,-0.8],[8.93,-0.69],[9.01,-0.87],[9.1,-0.6],[9.31,-0.33],[9.35,0.36],[9.36,0.18],[9.42,0.21],[9.49,0.1],[9.5,0.19],[9.59,0.11],[9.71,0.13],[9.81,0.02],[9.76,0.13],[10.03,0.19],[9.79,0.18],[9.5,0.29],[9.31,0.54],[9.32,0.63],[9.54,0.68],[9.56,0.62],[9.48,0.62],[9.46,0.6],[9.57,0.6],[9.57,0.51],[9.61,0.47],[9.59,1.01],[9.75,1.06],[9.94,0.92],[10.03,1.0],[11.34,1.0],[11.35,2.3],[13.24,2.27],[13.29,2.07],[13.16,1.9],[13.13,1.59],[13.25,1.34],[13.15,1.26],[13.54,1.28],[13.79,1.43],[14.14,1.39],[14.25,1.33],[14.28,1.13],[14.47,0.91],[14.33,0.62],[14.08,0.54],[13.95,0.35],[13.87,0.2],[13.92,-0.05],[13.83,-0.21],[14.1,-0.28],[14.16,-0.46],[14.32,-0.44],[14.49,-0.6],[14.39,-1.01],[14.49,-1.41],[14.46,-1.55],[14.36,-1.61],[14.45,-1.69],[14.4,-1.89],[14.25,-1.97],[14.15,-2.22],[14.23,-2.35],[14.09,-2.5],[13.99,-2.5],[13.85,-2.47],[13.91,-2.36],[13.74,-2.1],[13.46,-2.44],[12.97,-2.37],[13.01,-2.28],[12.8,-1.92],[12.58,-1.83],[12.49,-1.92],[12.42,-1.9],[12.5,-2.1],[12.46,-2.33],[12.06,-2.41],[11.94,-2.33],[11.76,-2.42],[11.57,-2.33],[11.62,-2.63],[11.55,-2.86],[11.64,-2.83]],[[9.75,-2.47],[9.72,-2.38],[9.7,-2.44],[9.75,-2.47]],[[9.79,-2.5],[9.84,-2.46],[9.98,-2.63],[10.16,-2.57],[10.14,-2.53],[9.98,-2.56],[9.87,-2.41],[9.75,-2.47],[9.79,-2.5]],[[9.47,-1.92],[9.54,-2.07],[9.52,-1.93],[9.37,-1.82],[9.34,-1.89],[9.47,-1.92]]],[[[8.97,-0.74],[8.95,-0.65],[9.0,-0.59],[9.04,-0.71],[8.97,-0.74]]]],"type":"MultiPolygon"},"properties":{"name":"Gabon"},"type":"Feature"},{"geometry":{"coordinates":[[[-16.67,13.16],[-16.75,13.07],[-16.83,13.34],[-16.62,13.48],[-16.59,13.34],[-16.42,13.21],[-16.44,13.28],[-16.26,13.32],[-16.23,13.26],[-16.21,13.25],[-16.15,13.28],[-16.23,13.33],[-16.16,13.43],[-15.62,13.45],[-15.54,13.51],[-15.34,13.44],[-15.3,13.46],[-15.29,13.5],[-15.56,13.53],[-16.16,13.45],[-16.41,13.34],[-16.52,13.36],[-16.56,13.59],[-15.52,13.58],[-15.39,13.77],[-15.1,13.82],[-14.88,13.78],[-14.74,13.62],[-14.54,13.64],[-14.37,13.45],[-13.99,13.58],[-13.82,13.43],[-13.9,13.31],[-14.37,13.24],[-15.14,13.59],[-15.28,13.38],[-15.82,13.33],[-15.83,13.16],[-16.67,13.16]]],"type":"Polygon"},"properties":{"name":"Gambia"},"type":"Feature"},{"geometry":{"coordinates":[[[34.56,31.54],[34.25,31.21],[34.2,31.31],[34.48,31.58],[34.56,31.54]]],"type":"Polygon"},"properties":{"name":"Gaza Strip"},"type":"Feature"},{"geometry":{"coordinates":[[[41.95,41.51],[41.81,41.42],[41.52,41.51],[41.74,41.75],[41.77,41.91],[41.48,42.68],[41.15,42.8],[41.02,42.99],[40.86,43.06],[40.34,43.14],[40.22,43.32],[39.99,43.39],[40.07,43.55],[40.65,43.54],[41.58,43.22],[42.83,43.17],[43.16,42.94],[43.8,42.75],[43.72,42.62],[43.94,42.55],[44.51,42.75],[44.68,42.72],[44.77,42.61],[44.86,42.76],[45.16,42.69],[45.36,42.52],[45.7,42.51],[45.63,42.2],[45.95,42.02],[46.41,41.92],[46.33,41.77],[46.19,41.74],[46.19,41.61],[46.69,41.27],[46.6,41.09],[46.47,41.04],[46.23,41.2],[45.97,41.17],[45.71,41.27],[45.74,41.34],[45.28,41.45],[44.96,41.26],[44.82,41.27],[44.85,41.21],[44.18,41.23],[43.45,41.1],[43.38,41.19],[43.1,41.25],[43.18,41.3],[42.77,41.5],[42.8,41.58],[42.59,41.58],[42.46,41.43],[41.95,41.51]]],"type":"Polygon"},"properties":{"name":"Georgia"},"type":"Feature"},{"geometry":{"coordinates":[[[[6.5,49.8],[6.3,49.83],[6.1,50.05],[6.15,50.21],[6.37,50.32],[6.34,50.48],[6.17,50.52],[6.25,50.61],[6.01,50.71],[5.97,50.79],[6.06,50.91],[5.87,50.97],[5.85,51.04],[6.15,51.15],[6.06,51.21],[6.21,51.39],[6.19,51.51],[5.93,51.81],[6.16,51.84],[6.13,51.9],[6.34,51.82],[6.74,51.91],[6.81,51.98],[6.68,52.06],[7.03,52.23],[7.05,52.37],[6.97,52.45],[6.71,52.46],[6.67,52.54],[6.74,52.63],[7.02,52.63],[7.19,53.0],[7.19,53.25],[7.25,53.32],[7.37,53.3],[7.3,53.33],[7.04,53.35],[7.05,53.51],[7.14,53.54],[7.09,53.59],[7.31,53.68],[7.95,53.72],[8.17,53.55],[8.06,53.5],[8.09,53.46],[8.21,53.41],[8.32,53.47],[8.23,53.53],[8.27,53.61],[8.55,53.54],[8.49,53.49],[8.5,53.36],[8.57,53.55],[8.49,53.7],[8.65,53.89],[8.86,53.83],[9.27,53.87],[9.57,53.6],[9.83,53.54],[9.58,53.61],[9.4,53.83],[9.26,53.89],[8.98,53.9],[8.92,53.94],[8.83,54.04],[9.0,54.03],[9.02,54.1],[8.81,54.18],[8.96,54.32],[8.68,54.27],[8.6,54.34],[9.01,54.51],[8.69,54.74],[8.66,54.9],[9.24,54.8],[9.58,54.87],[9.82,54.76],[9.95,54.78],[10.02,54.7],[9.93,54.67],[10.04,54.67],[10.03,54.56],[9.84,54.48],[10.14,54.49],[10.2,54.46],[10.14,54.32],[10.32,54.44],[10.73,54.31],[11.14,54.39],[11.07,54.36],[11.07,54.18],[10.75,54.05],[10.89,53.96],[11.18,54.02],[11.46,53.91],[11.69,54.16],[12.09,54.19],[12.09,54.11],[12.12,54.1],[12.11,54.18],[12.53,54.49],[12.92,54.43],[12.62,54.42],[12.53,54.37],[12.44,54.39],[12.37,54.27],[12.68,54.41],[12.85,54.36],[13.03,54.43],[13.11,54.28],[13.47,54.1],[13.71,54.17],[13.81,54.1],[13.75,54.04],[13.77,54.02],[13.91,53.93],[13.82,53.88],[13.82,53.87],[13.82,53.85],[14.26,53.75],[14.21,53.71],[14.44,53.25],[14.34,53.05],[14.14,52.96],[14.12,52.85],[14.64,52.58],[14.55,52.38],[14.71,52.24],[14.69,52.12],[14.76,52.08],[14.59,51.8],[14.73,51.66],[14.71,51.53],[14.96,51.44],[15.02,51.24],[14.91,50.99],[14.74,50.81],[14.61,50.85],[14.63,50.92],[14.55,50.91],[14.57,50.98],[14.48,51.04],[14.29,51.04],[14.24,50.98],[14.38,50.92],[14.35,50.88],[13.56,50.71],[13.45,50.6],[13.01,50.49],[12.95,50.4],[12.51,50.39],[12.3,50.16],[12.24,50.26],[12.08,50.32],[12.25,50.04],[12.52,49.9],[12.38,49.74],[12.64,49.43],[13.0,49.29],[13.18,49.12],[13.46,48.95],[13.61,48.95],[13.82,48.77],[13.72,48.52],[13.45,48.57],[13.41,48.38],[12.74,48.11],[12.99,47.85],[12.89,47.72],[13.07,47.66],[13.0,47.47],[12.78,47.55],[12.76,47.67],[12.5,47.63],[12.24,47.68],[12.24,47.73],[12.17,47.61],[11.62,47.59],[11.24,47.39],[10.98,47.39],[10.86,47.53],[10.43,47.58],[10.43,47.4],[10.16,47.27],[10.21,47.37],[10.08,47.36],[9.95,47.54],[9.78,47.59],[9.61,47.52],[9.18,47.67],[8.88,47.66],[8.56,47.8],[8.39,47.67],[8.61,47.66],[8.57,47.59],[7.66,47.55],[7.51,47.69],[7.62,47.97],[7.58,48.11],[7.75,48.34],[7.81,48.62],[8.2,48.96],[7.63,49.04],[7.41,49.17],[7.27,49.11],[7.04,49.11],[6.91,49.21],[6.71,49.16],[6.51,49.42],[6.35,49.46],[6.5,49.8]]],[[[6.76,53.56],[6.66,53.6],[6.8,53.6],[6.76,53.56]]],[[[7.05,53.69],[7.09,53.69],[6.87,53.67],[7.05,53.69]]],[[[7.17,53.7],[7.13,53.71],[7.23,53.73],[7.34,53.72],[7.17,53.7]]],[[[8.15,53.71],[8.12,53.71],[8.15,53.74],[8.2,53.73],[8.15,53.71]]],[[[7.42,53.72],[7.37,53.73],[7.4,53.74],[7.42,53.72]]],[[[7.51,53.73],[7.47,53.75],[7.49,53.76],[7.62,53.75],[7.51,53.73]]],[[[7.75,53.76],[7.66,53.76],[7.73,53.79],[7.8,53.78],[7.75,53.76]]],[[[7.96,53.78],[7.85,53.78],[7.88,53.79],[7.96,53.78]]],[[[8.6,54.53],[8.7,54.56],[8.69,54.52],[8.6,54.53]]],[[[8.29,54.67],[8.36,54.71],[8.4,54.63],[8.29,54.67]]],[[[8.49,54.69],[8.39,54.71],[8.55,54.75],[8.57,54.69],[8.49,54.69]]],[[[8.3,54.86],[8.28,54.74],[8.29,54.89],[8.37,55.03],[8.42,55.07],[8.35,54.91],[8.65,54.89],[8.3,54.86]]],[[[11.45,54.0],[11.38,53.98],[11.5,54.02],[11.45,54.0]]],[[[13.82,53.87],[13.93,53.9],[13.9,54.0],[14.05,53.94],[14.05,54.01],[13.95,54.07],[14.21,53.94],[13.82,53.87]]],[[[13.77,54.02],[13.81,54.1],[13.76,54.16],[13.95,54.07],[13.77,54.02]]],[[[11.53,54.06],[11.53,54.08],[11.62,54.11],[11.53,54.06]]],[[[13.71,54.28],[13.62,54.32],[13.69,54.35],[13.5,54.34],[13.36,54.28],[13.41,54.23],[13.15,54.29],[13.15,54.38],[13.27,54.39],[13.16,54.43],[13.27,54.48],[13.14,54.54],[13.3,54.52],[13.37,54.59],[13.35,54.52],[13.51,54.49],[13.52,54.57],[13.44,54.56],[13.37,54.61],[13.25,54.56],[13.29,54.64],[13.22,54.63],[13.45,54.68],[13.41,54.59],[13.67,54.57],[13.58,54.46],[13.74,54.33],[13.71,54.28]]],[[[11.11,54.42],[11.01,54.47],[11.12,54.54],[11.31,54.41],[11.11,54.42]]],[[[8.84,54.47],[8.81,54.5],[8.96,54.52],[8.84,54.47]]],[[[13.06,54.47],[13.1,54.6],[13.15,54.6],[13.06,54.47]]]],"type":"MultiPolygon"},"properties":{"name":"Germany"},"type":"Feature"},{"geometry":{"coordinates":[[[-0.8,5.21],[-1.62,5.02],[-1.75,4.88],[-2.06,4.74],[-2.36,4.92],[-3.12,5.09],[-2.77,5.16],[-2.79,5.35],[-2.73,5.37],[-2.79,5.61],[-2.95,5.61],[-2.96,5.71],[-3.03,5.7],[-3.26,6.62],[-3.24,6.81],[-2.97,7.21],[-2.94,7.58],[-2.79,7.94],[-2.61,8.04],[-2.61,8.16],[-2.51,8.21],[-2.62,8.92],[-2.77,9.05],[-2.66,9.27],[-2.8,9.72],[-2.73,9.82],[-2.75,10.26],[-2.84,10.34],[-2.77,10.42],[-2.93,10.63],[-2.84,11.0],[-0.83,11.01],[-0.63,10.91],[-0.3,11.16],[-0.17,11.13],[0.02,11.06],[-0.09,10.63],[0.4,10.28],[0.35,9.66],[0.26,9.66],[0.38,9.59],[0.23,9.58],[0.3,9.51],[0.23,9.43],[0.41,9.49],[0.53,9.4],[0.43,9.03],[0.51,8.87],[0.37,8.77],[0.71,8.3],[0.57,8.2],[0.61,7.7],[0.5,7.5],[0.65,7.32],[0.6,7.03],[0.49,6.97],[0.52,6.84],[0.75,6.44],[0.98,6.32],[1.19,6.1],[0.95,5.79],[0.3,5.77],[-0.8,5.21]]],"type":"Polygon"},"properties":{"name":"Ghana"},"type":"Feature"},{"geometry":{"coordinates":[[[-5.34,36.14],[-5.34,36.11],[-5.35,36.12],[-5.34,36.14]]],"type":"Polygon"},"properties":{"name":"Gibraltar"},"type":"Feature"},{"geometry":{"coordinates":[[[[23.29,35.87],[23.27,35.9],[23.33,35.86],[23.29,35.87]]],[[[23.05,36.14],[22.93,36.18],[22.93,36.38],[23.05,36.14]]],[[[21.75,36.71],[21.76,36.75],[21.78,36.74],[21.75,36.71]]],[[[21.72,36.78],[21.7,36.74],[21.7,36.79],[21.72,36.78]]],[[[23.13,37.24],[23.09,37.27],[23.13,37.29],[23.13,37.24]]],[[[23.01,37.85],[23.18,37.81],[23.12,37.74],[23.17,37.61],[23.34,37.54],[23.31,37.62],[23.4,37.64],[23.4,37.51],[23.53,37.46],[23.26,37.4],[23.17,37.3],[23.07,37.36],[23.13,37.45],[22.73,37.57],[23.11,36.78],[23.04,36.65],[23.2,36.43],[22.97,36.52],[22.79,36.79],[22.69,36.81],[22.58,36.78],[22.48,36.61],[22.49,36.39],[22.35,36.51],[22.39,36.71],[22.14,36.92],[22.15,37.02],[21.94,36.99],[21.97,36.79],[21.88,36.73],[21.71,36.82],[21.71,36.94],[21.57,37.12],[21.67,37.4],[21.55,37.56],[21.31,37.64],[21.28,37.79],[21.11,37.86],[21.13,37.95],[21.33,38.02],[21.37,38.22],[21.62,38.15],[21.76,38.3],[21.96,38.34],[22.88,37.94],[22.98,37.98],[22.88,38.05],[23.17,38.08],[23.22,38.16],[22.81,38.23],[22.65,38.39],[22.56,38.29],[22.4,38.45],[22.38,38.34],[22.19,38.32],[21.96,38.41],[21.52,38.3],[21.32,38.5],[21.34,38.4],[21.25,38.34],[21.09,38.34],[21.14,38.4],[21.1,38.53],[21.03,38.51],[20.95,38.65],[20.87,38.8],[20.73,38.81],[20.81,38.87],[20.77,38.96],[21.09,38.86],[21.18,38.88],[21.16,39.0],[21.09,39.06],[21.06,39.01],[20.84,39.04],[20.82,39.11],[20.74,39.03],[20.83,38.96],[20.77,38.98],[20.74,38.95],[20.48,39.28],[20.24,39.4],[20.26,39.51],[20.13,39.53],[20.18,39.62],[20.0,39.69],[20.25,39.66],[20.28,39.8],[20.4,39.82],[20.3,39.99],[20.65,40.09],[20.77,40.42],[21.02,40.56],[20.97,40.85],[21.58,40.87],[22.05,41.15],[22.7,41.14],[22.78,41.33],[23.61,41.37],[24.23,41.56],[24.51,41.56],[24.58,41.44],[24.77,41.35],[24.89,41.4],[25.26,41.24],[26.12,41.36],[26.16,41.53],[26.05,41.67],[26.11,41.73],[26.6,41.61],[26.62,41.34],[26.32,41.25],[26.36,40.96],[26.08,40.74],[26.01,40.8],[26.05,40.83],[25.54,40.87],[25.14,41.01],[24.8,40.85],[24.63,40.86],[24.51,40.96],[24.11,40.73],[23.73,40.75],[23.7,40.67],[23.91,40.54],[23.82,40.51],[23.87,40.41],[24.0,40.39],[24.01,40.45],[24.39,40.15],[24.3,40.13],[24.17,40.28],[23.94,40.37],[23.73,40.36],[23.72,40.26],[23.99,40.12],[23.99,39.95],[23.83,40.01],[23.68,40.22],[23.44,40.28],[23.34,40.23],[23.36,40.15],[23.75,39.93],[23.36,39.96],[23.3,40.24],[22.89,40.39],[22.82,40.5],[22.98,40.55],[22.91,40.64],[22.58,40.47],[22.66,40.37],[22.57,40.05],[23.34,39.18],[23.2,39.1],[23.05,39.1],[23.22,39.18],[23.13,39.3],[22.94,39.36],[22.83,39.22],[23.0,39.07],[22.96,39.01],[23.07,39.04],[22.79,38.88],[22.62,38.91],[22.53,38.86],[23.04,38.75],[23.1,38.64],[23.31,38.65],[23.29,38.56],[23.38,38.54],[23.33,38.5],[23.57,38.5],[23.57,38.45],[23.67,38.36],[23.95,38.29],[24.08,38.17],[23.99,38.12],[24.09,37.79],[24.03,37.65],[23.56,37.97],[23.58,38.05],[23.03,37.92],[23.01,37.85]]],[[[23.4,37.3],[23.37,37.3],[23.46,37.36],[23.59,37.37],[23.4,37.3]]],[[[23.48,37.51],[23.44,37.52],[23.48,37.56],[23.48,37.51]]],[[[23.46,37.69],[23.43,37.77],[23.56,37.77],[23.46,37.69]]],[[[20.82,37.65],[20.62,37.86],[20.71,37.93],[20.74,37.86],[20.89,37.81],[21.0,37.7],[20.92,37.73],[20.82,37.65]]],[[[23.43,37.99],[23.57,37.95],[23.4,37.91],[23.48,37.94],[23.43,37.99]]],[[[20.45,38.28],[20.43,38.18],[20.34,38.2],[20.4,38.36],[20.53,38.34],[20.54,38.47],[20.63,38.26],[20.68,38.28],[20.81,38.1],[20.56,38.09],[20.45,38.28]]],[[[20.69,38.34],[20.62,38.48],[20.67,38.5],[20.74,38.34],[20.69,38.34]]],[[[20.91,38.55],[20.89,38.55],[20.93,38.6],[20.91,38.55]]],[[[20.87,38.58],[20.9,38.64],[20.95,38.65],[20.87,38.58]]],[[[20.76,38.63],[20.8,38.6],[20.75,38.63],[20.74,38.65],[20.81,38.67],[20.76,38.63]]],[[[20.65,38.83],[20.72,38.82],[20.72,38.63],[20.54,38.57],[20.65,38.83]]],[[[23.47,39.21],[23.51,39.18],[23.46,39.13],[23.41,39.17],[23.47,39.21]]],[[[20.14,39.21],[20.13,39.24],[20.2,39.18],[20.14,39.21]]],[[[19.88,39.45],[19.63,39.75],[19.67,39.79],[19.95,39.79],[19.84,39.65],[19.93,39.63],[19.94,39.47],[20.08,39.45],[20.07,39.38],[19.88,39.45]]],[[[24.05,34.86],[24.13,34.86],[24.14,34.82],[24.05,34.86]]],[[[26.24,35.04],[26.13,35.0],[24.74,34.93],[24.72,35.09],[24.4,35.19],[23.61,35.23],[23.52,35.31],[23.58,35.58],[23.72,35.51],[23.74,35.69],[23.82,35.53],[24.18,35.59],[24.18,35.51],[24.07,35.5],[24.25,35.48],[24.34,35.35],[24.97,35.42],[25.45,35.29],[25.77,35.34],[25.71,35.18],[25.8,35.12],[26.06,35.23],[26.18,35.21],[26.29,35.32],[26.24,35.04]]],[[[24.84,36.67],[24.96,36.6],[24.92,36.6],[24.84,36.67]]],[[[25.1,36.7],[25.19,36.72],[25.18,36.71],[25.09,36.64],[25.1,36.7]]],[[[24.33,36.65],[24.32,36.67],[24.35,36.75],[24.47,36.7],[24.42,36.77],[24.53,36.77],[24.54,36.68],[24.33,36.65]]],[[[24.64,36.79],[24.67,36.76],[24.64,36.75],[24.64,36.79]]],[[[24.55,36.84],[24.61,36.84],[24.57,36.78],[24.55,36.84]]],[[[23.89,36.83],[23.88,36.83],[23.88,36.84],[23.89,36.83]]],[[[24.71,36.9],[24.64,37.05],[24.75,36.99],[24.71,36.9]]],[[[25.06,36.97],[25.05,36.97],[25.03,37.01],[25.07,37.04],[25.06,36.97]]],[[[25.14,36.99],[25.11,37.06],[25.29,37.15],[25.23,37.01],[25.14,36.99]]],[[[24.53,37.13],[24.42,37.12],[24.44,37.19],[24.51,37.21],[24.53,37.13]]],[[[24.48,37.39],[24.37,37.31],[24.37,37.44],[24.44,37.46],[24.48,37.39]]],[[[24.88,37.36],[24.9,37.51],[24.95,37.49],[24.96,37.4],[24.88,37.36]]],[[[24.29,37.65],[24.37,37.69],[24.4,37.62],[24.29,37.53],[24.29,37.65]]],[[[25.05,37.68],[25.26,37.59],[25.17,37.54],[24.98,37.66],[25.05,37.68]]],[[[24.73,37.63],[24.74,37.6],[24.66,37.61],[24.73,37.63]]],[[[24.72,37.88],[24.69,37.97],[24.78,38.0],[24.96,37.9],[24.96,37.69],[24.72,37.88]]],[[[24.37,37.97],[24.2,38.09],[24.04,38.4],[23.65,38.41],[23.61,38.56],[23.2,38.83],[22.84,38.85],[23.3,39.04],[23.59,38.77],[24.16,38.65],[24.25,38.23],[24.59,38.16],[24.57,37.99],[24.37,37.97]]],[[[24.57,38.76],[24.56,38.85],[24.44,38.88],[24.46,38.97],[24.68,38.78],[24.57,38.76]]],[[[23.73,39.13],[23.79,39.12],[23.67,39.09],[23.6,39.21],[23.73,39.13]]],[[[23.89,39.22],[23.96,39.29],[23.92,39.19],[23.83,39.15],[23.89,39.22]]],[[[24.04,39.33],[24.07,39.36],[24.09,39.33],[24.04,39.33]]],[[[25.05,39.55],[24.99,39.47],[24.97,39.51],[25.05,39.55]]],[[[25.35,39.79],[25.25,39.92],[25.21,39.8],[25.05,39.84],[25.03,40.0],[25.29,39.95],[25.44,40.01],[25.35,39.79]]],[[[24.78,40.61],[24.64,40.57],[24.51,40.67],[24.64,40.8],[24.78,40.74],[24.78,40.61]]],[[[26.88,35.35],[26.85,35.37],[26.9,35.42],[27.01,35.4],[26.88,35.35]]],[[[27.07,35.6],[27.22,35.83],[27.16,35.62],[27.24,35.49],[27.16,35.42],[27.07,35.6]]],[[[28.09,36.06],[27.73,35.92],[27.76,36.08],[27.68,36.16],[27.81,36.27],[28.22,36.46],[28.09,36.06]]],[[[27.53,36.21],[27.52,36.23],[27.62,36.24],[27.53,36.21]]],[[[25.75,36.36],[25.73,36.38],[25.77,36.4],[25.85,36.35],[25.75,36.36]]],[[[25.36,36.36],[25.44,36.39],[25.48,36.36],[25.36,36.36]]],[[[27.38,36.38],[27.3,36.47],[27.36,36.48],[27.44,36.41],[27.38,36.38]]],[[[26.32,36.51],[26.26,36.59],[26.39,36.64],[26.45,36.58],[26.32,36.51]]],[[[27.83,36.53],[27.76,36.58],[27.79,36.62],[27.86,36.65],[27.83,36.53]]],[[[27.17,36.62],[27.21,36.59],[27.17,36.56],[27.17,36.62]]],[[[25.31,36.79],[25.41,36.71],[25.37,36.65],[25.25,36.73],[25.31,36.79]]],[[[26.92,36.72],[27.16,36.89],[27.36,36.86],[26.92,36.72]]],[[[25.46,36.82],[25.42,36.83],[25.47,36.87],[25.46,36.82]]],[[[25.88,36.79],[25.76,36.77],[25.74,36.79],[26.0,36.94],[26.07,36.89],[25.88,36.79]]],[[[25.65,36.88],[25.61,36.88],[25.65,36.91],[25.65,36.88]]],[[[26.89,37.09],[27.04,36.95],[26.91,36.95],[26.89,37.09]]],[[[25.45,36.92],[25.34,37.08],[25.53,37.2],[25.6,37.1],[25.45,36.92]]],[[[25.83,37.14],[25.84,37.11],[25.8,37.1],[25.83,37.14]]],[[[26.82,37.12],[26.77,37.18],[26.85,37.19],[26.88,37.1],[26.82,37.12]]],[[[25.35,37.51],[25.47,37.46],[25.4,37.42],[25.31,37.44],[25.35,37.51]]],[[[25.97,37.54],[26.07,37.64],[26.36,37.69],[25.97,37.54]]],[[[26.6,37.68],[26.58,37.74],[26.77,37.81],[27.07,37.77],[27.06,37.71],[26.6,37.68]]],[[[26.11,38.22],[26.01,38.16],[25.87,38.25],[25.99,38.34],[25.85,38.58],[26.14,38.56],[26.11,38.22]]],[[[25.56,38.54],[25.52,38.6],[25.59,38.61],[25.56,38.54]]],[[[26.49,39.11],[26.44,39.1],[26.55,38.99],[26.16,39.02],[26.09,39.08],[26.28,39.2],[26.06,39.09],[25.84,39.23],[26.16,39.38],[26.36,39.38],[26.61,39.05],[26.53,39.03],[26.49,39.11]]],[[[25.58,40.51],[25.7,40.43],[25.57,40.4],[25.45,40.47],[25.58,40.51]]]],"type":"MultiPolygon"},"properties":{"name":"Greece"},"type":"Feature"},{"geometry":{"coordinates":[[[[-50.88,63.14],[-50.77,63.19],[-50.68,63.12],[-50.88,63.14]]],[[[-51.32,63.53],[-51.2,63.5],[-51.25,63.48],[-51.4,63.47],[-51.32,63.53]]],[[[-52.08,64.13],[-51.88,64.17],[-51.93,64.13],[-52.08,64.13]]],[[[-51.23,64.22],[-51.34,64.25],[-51.16,64.3],[-51.18,64.4],[-51.03,64.55],[-50.81,64.53],[-51.23,64.22]]],[[[-51.26,64.56],[-51.09,64.57],[-51.3,64.38],[-51.52,64.39],[-51.26,64.56]]],[[[-50.77,64.87],[-50.67,64.85],[-50.71,64.79],[-50.64,64.76],[-51.15,64.62],[-51.22,64.62],[-51.04,64.78],[-51.25,64.76],[-51.46,64.51],[-51.71,64.37],[-51.66,64.31],[-52.07,64.19],[-52.16,64.26],[-52.11,64.39],[-52.19,64.47],[-52.04,64.5],[-52.16,64.54],[-52.02,64.6],[-52.14,64.58],[-52.16,64.63],[-52.05,64.63],[-52.13,64.71],[-51.24,65.02],[-51.7,64.89],[-51.55,64.99],[-51.69,65.03],[-51.84,64.91],[-51.76,64.86],[-52.11,64.8],[-51.94,64.88],[-52.06,64.92],[-52.18,64.8],[-52.22,64.91],[-52.01,64.98],[-52.27,65.1],[-52.1,65.12],[-52.2,65.18],[-52.0,65.32],[-52.28,65.2],[-52.2,65.32],[-52.32,65.29],[-52.33,65.34],[-52.53,65.19],[-52.44,65.28],[-52.57,65.32],[-51.72,65.59],[-51.9,65.62],[-51.49,65.74],[-50.98,65.77],[-50.74,65.68],[-50.53,65.69],[-50.94,65.78],[-51.44,65.77],[-51.99,65.67],[-51.93,65.56],[-52.49,65.39],[-52.55,65.43],[-52.44,65.52],[-52.61,65.49],[-52.47,65.67],[-52.7,65.5],[-52.8,65.55],[-52.55,65.68],[-52.77,65.64],[-52.64,65.71],[-52.69,65.81],[-52.82,65.67],[-53.24,65.69],[-52.88,65.81],[-53.11,65.75],[-53.26,65.75],[-52.69,65.94],[-52.3,65.84],[-52.24,65.94],[-51.98,66.0],[-51.74,65.93],[-51.86,66.02],[-51.73,66.08],[-52.21,65.99],[-52.3,65.91],[-52.53,65.91],[-52.58,66.01],[-53.18,65.86],[-53.27,65.92],[-52.87,66.02],[-53.36,65.93],[-53.47,65.98],[-53.11,66.02],[-53.46,66.04],[-52.74,66.26],[-52.36,66.44],[-51.98,66.49],[-52.03,66.54],[-51.87,66.64],[-51.45,66.71],[-51.52,66.74],[-51.28,66.84],[-50.33,66.84],[-50.78,66.85],[-51.01,66.91],[-50.96,66.94],[-50.68,67.01],[-51.17,66.93],[-53.01,66.2],[-53.45,66.1],[-53.66,66.14],[-53.53,66.23],[-53.12,66.29],[-53.63,66.25],[-53.7,66.36],[-53.5,66.47],[-53.64,66.42],[-53.62,66.51],[-52.42,66.55],[-53.23,66.55],[-53.46,66.64],[-52.58,66.71],[-52.59,66.74],[-52.98,66.71],[-53.2,66.75],[-52.65,66.8],[-53.11,66.77],[-53.0,66.86],[-52.3,66.82],[-52.23,66.84],[-52.46,66.88],[-52.29,66.9],[-52.5,66.92],[-52.45,66.98],[-52.8,66.89],[-53.65,66.91],[-53.83,66.98],[-53.22,66.99],[-53.83,67.06],[-53.59,67.07],[-53.4,67.11],[-53.96,67.1],[-53.38,67.21],[-53.59,67.22],[-53.52,67.24],[-52.5,67.31],[-52.19,67.37],[-51.55,67.33],[-51.18,67.12],[-50.35,67.19],[-51.18,67.15],[-51.52,67.35],[-51.11,67.43],[-52.15,67.41],[-53.11,67.28],[-53.23,67.3],[-53.19,67.34],[-53.77,67.21],[-53.88,67.26],[-53.82,67.41],[-53.7,67.46],[-52.91,67.69],[-53.11,67.66],[-52.98,67.71],[-52.55,67.77],[-51.86,67.64],[-51.35,67.68],[-50.69,67.49],[-50.2,67.47],[-50.07,67.52],[-50.55,67.51],[-50.87,67.6],[-50.6,67.65],[-50.28,67.74],[-50.29,67.75],[-51.01,67.63],[-50.9,67.66],[-51.32,67.71],[-51.0,67.72],[-50.26,67.84],[-50.78,67.91],[-50.89,67.86],[-50.65,67.85],[-51.17,67.76],[-51.37,67.89],[-50.98,67.89],[-51.04,67.98],[-51.57,67.93],[-51.33,67.82],[-51.5,67.73],[-51.77,67.7],[-51.85,67.74],[-51.63,67.78],[-52.34,67.82],[-51.61,67.98],[-53.0,67.76],[-53.67,67.5],[-53.75,67.6],[-53.56,67.65],[-53.7,67.65],[-53.54,67.72],[-53.69,67.81],[-53.28,67.81],[-53.49,67.88],[-53.38,67.9],[-53.31,67.84],[-53.18,67.84],[-53.29,67.86],[-53.05,67.89],[-53.31,67.91],[-52.89,67.98],[-53.26,67.99],[-53.18,68.05],[-52.59,67.94],[-52.21,67.93],[-52.06,67.98],[-52.75,67.99],[-53.16,68.13],[-53.11,68.18],[-53.46,68.15],[-53.15,68.2],[-52.45,68.07],[-52.39,68.08],[-52.8,68.18],[-51.93,68.05],[-51.17,68.07],[-50.6,67.91],[-50.18,67.92],[-51.44,68.2],[-50.96,68.19],[-51.38,68.26],[-51.16,68.29],[-51.17,68.41],[-50.77,68.5],[-50.85,68.51],[-51.65,68.41],[-51.22,68.3],[-52.45,68.18],[-52.56,68.26],[-52.51,68.29],[-52.8,68.28],[-52.63,68.24],[-52.71,68.22],[-52.94,68.26],[-52.59,68.35],[-53.34,68.27],[-53.39,68.33],[-53.09,68.32],[-52.39,68.51],[-52.62,68.53],[-51.15,68.56],[-51.04,68.58],[-51.07,68.7],[-50.86,68.62],[-50.81,68.68],[-50.99,68.74],[-50.65,68.83],[-51.29,68.75],[-50.96,68.93],[-51.19,68.89],[-51.09,68.95],[-51.14,69.04],[-51.08,69.13],[-50.75,69.12],[-50.99,69.04],[-50.63,69.07],[-50.53,69.03],[-50.52,68.95],[-50.33,68.91],[-50.49,69.01],[-50.35,69.0],[-50.3,69.07],[-50.22,68.96],[-50.17,69.03],[-50.26,69.08],[-50.69,69.13],[-50.3,69.12],[-50.14,69.22],[-50.45,69.2],[-50.47,69.3],[-50.37,69.34],[-50.43,69.35],[-50.6,69.28],[-50.54,69.26],[-50.59,69.22],[-51.12,69.21],[-50.87,69.28],[-50.99,69.33],[-50.83,69.35],[-50.87,69.46],[-50.2,69.52],[-50.88,69.51],[-50.78,69.65],[-50.41,69.61],[-50.8,69.72],[-50.59,69.79],[-50.19,69.76],[-50.33,69.89],[-50.59,69.93],[-50.21,70.02],[-50.47,70.06],[-50.94,69.96],[-51.26,69.96],[-50.86,70.02],[-51.22,70.07],[-51.44,69.97],[-51.57,69.98],[-51.55,70.03],[-52.32,70.05],[-52.61,70.22],[-54.02,70.41],[-54.63,70.65],[-54.33,70.8],[-53.98,70.83],[-52.79,70.76],[-51.55,70.43],[-50.66,70.33],[-50.53,70.36],[-50.68,70.4],[-50.49,70.51],[-50.77,70.42],[-51.06,70.44],[-50.94,70.47],[-51.35,70.57],[-51.19,70.63],[-50.89,70.51],[-50.91,70.57],[-50.74,70.54],[-50.97,70.64],[-50.62,70.63],[-51.1,70.66],[-51.08,70.76],[-51.21,70.69],[-51.44,70.75],[-51.25,70.81],[-50.82,70.72],[-50.63,70.74],[-50.91,70.82],[-50.85,70.87],[-51.12,70.84],[-51.96,71.02],[-51.83,71.07],[-51.21,70.96],[-50.92,71.02],[-51.48,71.07],[-51.22,71.15],[-52.24,71.13],[-51.53,71.27],[-51.69,71.35],[-52.42,71.15],[-52.56,71.18],[-52.26,71.27],[-52.26,71.37],[-51.36,71.49],[-51.68,71.51],[-52.43,71.37],[-52.99,71.42],[-52.7,71.53],[-51.78,71.6],[-51.65,71.72],[-52.17,71.61],[-52.76,71.66],[-53.27,71.71],[-52.9,71.84],[-52.91,71.91],[-52.68,72.01],[-53.02,71.93],[-52.98,71.85],[-53.36,71.78],[-53.32,71.86],[-53.4,72.04],[-53.7,72.13],[-53.85,72.33],[-53.55,72.36],[-53.96,72.33],[-53.4,71.85],[-53.92,71.74],[-53.77,71.72],[-53.77,71.64],[-54.1,71.71],[-54.05,71.67],[-54.1,71.63],[-53.85,71.55],[-53.95,71.44],[-54.44,71.37],[-54.55,71.37],[-54.63,71.35],[-54.79,71.35],[-55.24,71.5],[-55.12,71.39],[-55.29,71.38],[-55.51,71.45],[-55.68,71.63],[-55.57,71.64],[-55.9,71.68],[-55.46,71.8],[-55.26,71.78],[-55.37,71.83],[-55.33,71.88],[-54.85,71.91],[-54.56,72.03],[-54.38,72.22],[-54.53,72.18],[-54.64,72.02],[-55.27,71.93],[-55.61,71.99],[-54.88,72.25],[-54.95,72.36],[-54.68,72.37],[-54.97,72.41],[-55.22,72.36],[-55.32,72.47],[-55.48,72.4],[-55.65,72.45],[-55.46,72.53],[-54.29,72.48],[-55.01,72.52],[-54.91,72.61],[-54.64,72.62],[-54.88,72.68],[-54.59,72.7],[-54.75,72.74],[-54.53,72.78],[-54.92,72.79],[-54.6,72.83],[-54.85,72.97],[-54.78,73.0],[-55.03,73.0],[-55.02,73.07],[-55.17,73.01],[-55.27,73.05],[-55.7,73.07],[-55.34,73.18],[-55.43,73.2],[-55.14,73.19],[-55.46,73.27],[-55.25,73.39],[-55.09,73.37],[-55.52,73.47],[-55.77,73.63],[-56.07,73.65],[-55.84,73.68],[-56.04,73.69],[-55.91,73.72],[-55.96,73.77],[-55.73,73.71],[-55.61,73.72],[-55.95,73.86],[-55.64,73.88],[-56.12,74.01],[-55.97,74.03],[-56.41,74.07],[-56.2,74.12],[-56.32,74.12],[-56.12,74.28],[-56.56,74.16],[-57.32,74.11],[-56.32,74.29],[-56.71,74.35],[-56.13,74.39],[-56.8,74.45],[-56.17,74.48],[-56.26,74.51],[-56.19,74.55],[-57.16,74.74],[-57.11,74.8],[-56.8,74.81],[-57.06,74.92],[-58.14,75.05],[-57.92,75.16],[-58.44,75.31],[-58.25,75.4],[-58.7,75.35],[-58.21,75.44],[-58.19,75.53],[-58.43,75.57],[-58.31,75.64],[-58.59,75.68],[-58.41,75.72],[-59.04,75.7],[-59.1,75.78],[-59.28,75.77],[-59.22,75.8],[-59.3,75.81],[-59.14,75.84],[-59.27,75.88],[-59.77,75.8],[-59.59,75.92],[-59.76,75.97],[-59.99,75.93],[-60.12,76.03],[-60.5,76.07],[-60.75,76.0],[-60.91,76.08],[-60.83,76.14],[-60.92,76.17],[-62.17,76.22],[-62.27,76.29],[-62.79,76.2],[-62.85,76.3],[-63.48,76.38],[-63.81,76.16],[-64.1,76.15],[-64.22,76.26],[-64.17,76.32],[-64.43,76.35],[-64.38,76.26],[-64.69,76.25],[-64.57,76.18],[-64.68,76.16],[-64.59,76.14],[-65.02,76.18],[-64.99,76.11],[-65.34,76.18],[-65.3,76.08],[-65.35,76.03],[-65.89,76.1],[-65.69,76.2],[-65.77,76.21],[-65.55,76.24],[-65.74,76.28],[-66.21,76.28],[-66.41,76.09],[-66.93,76.27],[-67.31,76.16],[-67.06,76.14],[-67.03,76.06],[-66.49,75.91],[-68.43,76.08],[-68.57,76.12],[-68.47,76.16],[-68.79,76.17],[-69.64,76.38],[-68.81,76.55],[-68.87,76.57],[-68.03,76.58],[-67.99,76.62],[-68.1,76.66],[-67.99,76.68],[-69.24,76.68],[-70.1,76.8],[-69.54,77.01],[-69.76,77.01],[-70.52,76.79],[-70.99,76.9],[-70.68,76.94],[-71.1,76.93],[-71.38,77.02],[-71.19,77.14],[-70.7,77.15],[-70.9,77.19],[-69.73,77.24],[-66.36,77.12],[-66.45,77.14],[-66.17,77.2],[-66.64,77.15],[-69.1,77.27],[-68.37,77.38],[-67.44,77.38],[-66.23,77.25],[-66.66,77.42],[-66.13,77.43],[-66.05,77.49],[-66.28,77.62],[-66.72,77.68],[-66.66,77.72],[-67.14,77.67],[-67.25,77.57],[-67.59,77.52],[-68.36,77.5],[-68.37,77.57],[-68.73,77.67],[-68.81,77.66],[-68.61,77.52],[-69.22,77.45],[-70.29,77.58],[-69.52,77.69],[-69.51,77.76],[-70.68,77.68],[-69.97,77.84],[-71.31,77.77],[-71.44,77.8],[-71.21,77.87],[-72.24,77.94],[-72.35,78.01],[-72.3,78.06],[-73.06,78.16],[-72.46,78.29],[-72.85,78.32],[-72.6,78.4],[-72.67,78.44],[-72.59,78.52],[-71.55,78.64],[-70.8,78.6],[-70.75,78.7],[-69.36,78.8],[-69.15,78.88],[-68.78,78.84],[-69.17,78.93],[-68.04,79.08],[-67.76,79.04],[-67.51,79.14],[-66.12,79.1],[-65.79,79.14],[-65.91,79.15],[-64.83,79.53],[-64.84,79.61],[-65.01,79.66],[-64.91,79.71],[-65.03,79.75],[-64.94,79.78],[-65.13,79.85],[-65.0,79.86],[-65.05,79.9],[-64.95,79.96],[-65.04,80.02],[-63.78,80.15],[-64.16,80.16],[-64.22,80.26],[-64.47,80.11],[-64.93,80.07],[-65.86,80.01],[-66.43,80.12],[-67.05,80.06],[-67.08,80.15],[-67.51,80.21],[-67.44,80.24],[-67.52,80.27],[-67.49,80.32],[-66.79,80.46],[-66.7,80.52],[-66.76,80.55],[-65.53,80.66],[-65.71,80.7],[-65.08,80.79],[-64.98,80.85],[-65.02,80.89],[-64.71,80.94],[-64.79,80.99],[-63.93,81.06],[-63.66,81.15],[-62.78,80.76],[-63.18,80.95],[-63.37,81.16],[-62.83,81.23],[-62.2,81.2],[-61.55,81.07],[-61.08,81.12],[-60.89,81.17],[-61.31,81.37],[-60.77,81.49],[-61.45,81.75],[-60.53,81.91],[-58.84,81.86],[-58.67,81.77],[-58.76,81.74],[-58.68,81.68],[-57.64,81.59],[-57.18,81.48],[-57.24,81.44],[-56.54,81.34],[-56.45,81.34],[-57.75,81.65],[-58.14,81.67],[-58.49,81.88],[-59.47,82.0],[-56.74,82.23],[-56.26,82.17],[-55.96,82.27],[-55.27,82.25],[-55.32,82.2],[-55.11,82.16],[-55.26,82.28],[-55.6,82.28],[-54.44,82.37],[-53.56,82.12],[-53.62,82.03],[-53.51,81.91],[-53.82,81.7],[-53.81,81.59],[-53.68,81.53],[-53.47,81.51],[-53.65,81.54],[-53.46,81.56],[-53.54,81.67],[-52.93,81.87],[-53.02,82.01],[-52.96,82.04],[-51.39,81.9],[-49.92,81.61],[-49.61,81.65],[-51.07,81.93],[-49.83,81.87],[-49.44,81.93],[-50.58,82.15],[-51.11,82.51],[-49.01,82.45],[-48.74,82.36],[-47.61,82.23],[-47.56,82.17],[-46.01,82.04],[-45.95,81.98],[-46.05,81.95],[-44.66,81.75],[-44.17,81.84],[-44.73,81.94],[-44.46,81.97],[-44.51,81.98],[-44.93,82.0],[-44.94,82.04],[-44.4,82.11],[-44.79,82.19],[-44.56,82.29],[-42.3,82.22],[-43.84,82.34],[-43.88,82.37],[-43.73,82.41],[-45.77,82.77],[-42.05,82.76],[-42.17,82.71],[-41.86,82.66],[-41.8,82.61],[-41.87,82.55],[-41.61,82.48],[-41.56,82.53],[-41.67,82.59],[-41.63,82.65],[-41.9,82.73],[-41.58,82.75],[-40.23,82.57],[-40.01,82.49],[-40.05,82.41],[-39.76,82.4],[-39.88,82.45],[-39.76,82.5],[-40.01,82.56],[-39.87,82.62],[-39.91,82.68],[-40.32,82.73],[-45.06,82.91],[-44.86,82.87],[-45.97,82.84],[-46.89,82.96],[-45.98,82.92],[-46.7,83.0],[-45.97,83.1],[-45.11,82.94],[-43.36,82.92],[-45.52,83.12],[-45.41,83.16],[-42.85,83.1],[-44.0,83.2],[-42.89,83.21],[-43.32,83.24],[-42.67,83.28],[-41.71,83.17],[-41.93,83.09],[-41.67,83.14],[-40.69,82.99],[-39.44,82.96],[-39.01,82.9],[-38.62,82.75],[-38.48,82.83],[-38.74,82.83],[-39.15,82.98],[-37.27,83.01],[-38.8,83.06],[-36.88,83.15],[-38.68,83.21],[-38.86,83.26],[-38.7,83.32],[-38.87,83.43],[-37.81,83.36],[-37.74,83.37],[-38.06,83.43],[-37.59,83.51],[-36.45,83.36],[-36.7,83.41],[-36.48,83.43],[-36.54,83.45],[-36.9,83.5],[-34.7,83.61],[-34.52,83.54],[-34.36,83.6],[-33.83,83.46],[-33.74,83.49],[-34.09,83.57],[-32.49,83.63],[-32.21,83.61],[-32.3,83.57],[-30.65,83.6],[-29.15,83.48],[-28.63,83.52],[-28.51,83.49],[-28.93,83.48],[-28.56,83.42],[-28.15,83.43],[-28.45,83.46],[-28.38,83.47],[-25.65,83.3],[-26.08,83.21],[-30.74,83.14],[-32.16,83.06],[-33.44,83.16],[-32.48,83.04],[-35.62,82.91],[-35.3,82.89],[-35.55,82.77],[-35.47,82.75],[-35.29,82.85],[-34.95,82.9],[-34.02,82.92],[-33.82,82.87],[-33.93,82.8],[-33.88,82.79],[-33.69,82.83],[-33.74,82.91],[-33.6,82.95],[-31.83,82.99],[-31.67,82.93],[-31.39,83.02],[-30.1,83.13],[-28.14,83.05],[-25.22,83.17],[-24.84,83.11],[-24.98,83.08],[-24.75,83.0],[-25.15,82.85],[-25.9,82.78],[-23.93,82.92],[-23.84,82.89],[-24.03,82.87],[-23.88,82.8],[-24.03,82.76],[-23.38,82.85],[-21.32,82.62],[-22.31,82.43],[-22.2,82.39],[-22.44,82.34],[-23.89,82.28],[-29.85,82.14],[-30.39,82.2],[-31.58,82.22],[-29.91,82.1],[-32.56,81.88],[-32.81,81.79],[-32.67,81.68],[-32.15,81.68],[-31.68,81.83],[-29.79,81.95],[-29.55,81.89],[-29.04,82.0],[-27.76,82.06],[-24.62,81.99],[-24.7,81.92],[-24.62,81.84],[-24.71,81.78],[-26.72,81.53],[-26.48,81.51],[-26.51,81.46],[-26.39,81.43],[-23.77,81.75],[-23.4,81.72],[-23.31,81.79],[-23.36,81.87],[-23.27,81.92],[-23.31,81.97],[-23.2,82.02],[-21.39,82.08],[-21.06,81.91],[-21.03,81.74],[-21.26,81.52],[-22.27,81.15],[-23.27,80.9],[-23.23,80.82],[-23.86,80.58],[-23.09,80.73],[-23.1,80.78],[-22.91,80.82],[-22.97,80.88],[-22.75,80.93],[-20.95,81.24],[-19.85,81.54],[-20.05,81.59],[-19.71,81.7],[-19.63,81.63],[-18.98,81.61],[-19.28,81.54],[-19.46,81.37],[-18.52,81.51],[-17.86,81.4],[-17.85,81.47],[-17.55,81.39],[-17.15,81.41],[-17.22,81.48],[-16.81,81.54],[-17.02,81.58],[-16.46,81.63],[-16.54,81.68],[-16.49,81.75],[-15.29,81.84],[-12.57,81.7],[-11.38,81.48],[-13.35,81.02],[-14.55,80.99],[-14.13,80.89],[-14.29,80.78],[-15.32,80.71],[-15.42,80.65],[-17.06,80.66],[-17.24,80.72],[-18.32,80.56],[-19.47,80.67],[-20.85,80.56],[-20.38,80.54],[-20.35,80.46],[-19.49,80.63],[-18.06,80.49],[-16.9,80.58],[-15.76,80.42],[-16.27,80.29],[-16.38,80.33],[-16.33,80.26],[-16.45,80.22],[-17.87,80.16],[-19.47,80.26],[-20.17,80.1],[-19.97,80.08],[-20.23,80.02],[-20.08,79.99],[-20.42,79.84],[-20.1,79.82],[-19.97,79.68],[-19.49,79.77],[-19.21,79.71],[-19.39,79.62],[-19.35,79.55],[-19.57,79.39],[-19.47,79.31],[-19.6,79.18],[-19.32,79.29],[-19.28,79.39],[-19.24,79.27],[-18.88,79.23],[-19.0,79.21],[-18.96,79.15],[-19.88,79.03],[-19.77,78.9],[-19.88,78.84],[-20.44,78.86],[-20.65,78.83],[-20.57,78.78],[-20.97,78.78],[-20.84,78.72],[-21.21,78.63],[-20.85,78.59],[-21.3,78.3],[-21.24,78.18],[-21.37,78.14],[-21.32,78.08],[-21.63,78.0],[-21.56,77.9],[-21.81,77.85],[-21.97,77.68],[-21.45,77.66],[-21.56,77.55],[-21.29,77.67],[-21.41,77.71],[-21.37,77.78],[-20.94,77.97],[-19.13,77.68],[-18.98,77.62],[-19.36,77.53],[-20.09,77.7],[-20.82,77.65],[-20.28,77.53],[-20.47,77.47],[-20.93,77.52],[-20.17,77.4],[-20.5,77.36],[-19.73,77.34],[-19.27,77.19],[-19.06,77.19],[-19.08,77.32],[-18.54,77.28],[-18.32,77.21],[-18.26,77.1],[-18.27,76.92],[-18.51,76.74],[-18.63,76.78],[-18.63,76.7],[-19.06,76.84],[-20.51,76.95],[-20.79,76.87],[-21.73,76.89],[-20.78,76.84],[-21.29,76.81],[-21.19,76.78],[-21.67,76.68],[-21.62,76.65],[-22.2,76.86],[-22.47,76.84],[-22.31,76.75],[-22.74,76.7],[-22.49,76.65],[-22.51,76.6],[-22.32,76.52],[-22.34,76.59],[-22.15,76.65],[-21.81,76.59],[-22.09,76.55],[-21.67,76.53],[-22.04,76.47],[-21.7,76.47],[-22.5,76.45],[-21.59,76.44],[-21.7,76.26],[-21.65,76.24],[-21.12,76.28],[-20.56,76.15],[-20.66,76.12],[-20.42,76.14],[-21.09,76.29],[-21.02,76.32],[-20.49,76.22],[-19.94,76.26],[-19.67,76.14],[-19.72,76.06],[-20.27,75.99],[-21.65,75.97],[-21.92,76.05],[-21.98,75.99],[-21.84,75.96],[-19.93,75.93],[-19.35,75.73],[-19.61,75.68],[-19.4,75.56],[-19.34,75.41],[-19.4,75.25],[-19.59,75.14],[-20.0,75.19],[-20.05,75.23],[-19.95,75.28],[-20.14,75.34],[-20.71,75.3],[-21.67,75.59],[-22.26,75.67],[-21.41,75.46],[-22.51,75.54],[-21.43,75.43],[-20.52,75.14],[-21.18,75.12],[-21.76,74.99],[-21.93,75.08],[-22.44,75.17],[-22.41,75.15],[-21.77,74.96],[-21.12,75.09],[-20.68,75.07],[-20.63,75.06],[-20.71,74.98],[-20.68,74.9],[-20.76,74.84],[-20.61,74.73],[-21.12,74.67],[-20.15,74.68],[-19.72,74.59],[-19.4,74.69],[-19.27,74.65],[-19.39,74.56],[-18.97,74.48],[-19.37,74.27],[-19.63,74.24],[-20.2,74.28],[-20.37,74.45],[-21.26,74.47],[-21.63,74.45],[-22.08,74.6],[-21.77,74.42],[-22.05,74.32],[-22.47,74.31],[-22.07,74.29],[-22.06,74.23],[-22.34,74.16],[-22.18,74.11],[-22.49,74.08],[-21.99,74.0],[-21.81,73.85],[-21.83,73.65],[-21.7,73.7],[-21.76,73.87],[-21.92,73.98],[-21.78,74.05],[-20.28,73.88],[-20.3,73.79],[-20.52,73.73],[-20.46,73.64],[-20.52,73.56],[-20.38,73.52],[-20.54,73.45],[-21.54,73.49],[-21.62,73.46],[-21.57,73.4],[-22.31,73.25],[-23.45,73.44],[-23.97,73.59],[-24.03,73.7],[-23.52,73.71],[-24.06,73.82],[-24.34,73.78],[-24.47,73.66],[-24.38,73.56],[-24.46,73.54],[-24.94,73.61],[-24.68,73.52],[-25.29,73.47],[-25.5,73.4],[-25.42,73.4],[-25.45,73.35],[-25.97,73.24],[-26.83,73.34],[-27.33,73.5],[-27.46,73.44],[-26.4,73.24],[-26.71,73.13],[-27.09,73.19],[-27.73,73.13],[-27.4,73.11],[-27.36,73.0],[-27.48,72.93],[-27.33,72.97],[-27.26,73.13],[-26.65,73.1],[-26.44,73.2],[-25.05,73.08],[-24.98,73.03],[-25.14,72.94],[-25.74,72.9],[-26.08,72.78],[-26.78,72.87],[-27.39,72.85],[-26.4,72.77],[-26.78,72.72],[-26.72,72.7],[-26.31,72.73],[-26.47,72.58],[-26.18,72.73],[-25.52,72.84],[-25.26,72.81],[-24.72,72.69],[-24.72,72.59],[-24.6,72.55],[-25.13,72.44],[-25.91,72.42],[-25.29,72.39],[-25.5,72.23],[-25.51,72.12],[-25.18,72.37],[-24.55,72.42],[-23.71,72.22],[-23.82,72.11],[-23.62,72.16],[-22.5,71.9],[-23.12,71.63],[-22.42,71.8],[-22.65,71.67],[-22.6,71.57],[-22.21,71.76],[-21.89,71.74],[-22.22,71.63],[-22.1,71.61],[-22.15,71.59],[-22.51,71.55],[-22.48,71.26],[-22.36,71.27],[-22.31,71.42],[-22.13,71.49],[-21.76,71.51],[-21.87,71.45],[-21.67,71.4],[-21.86,71.35],[-21.61,71.33],[-21.96,71.27],[-21.74,71.25],[-21.66,71.19],[-21.71,71.14],[-21.85,71.2],[-21.72,71.12],[-22.33,71.06],[-21.7,71.08],[-21.66,71.02],[-21.99,70.97],[-21.57,70.96],[-21.76,70.87],[-21.7,70.84],[-21.74,70.8],[-21.93,70.81],[-21.82,70.78],[-21.64,70.8],[-21.79,70.74],[-21.55,70.71],[-21.76,70.71],[-21.58,70.67],[-21.77,70.59],[-21.48,70.54],[-21.94,70.39],[-22.02,70.5],[-22.38,70.45],[-22.48,70.86],[-22.65,70.72],[-22.57,70.57],[-22.63,70.45],[-23.35,70.44],[-24.07,70.69],[-24.21,70.86],[-24.2,71.01],[-24.67,71.27],[-24.64,71.36],[-25.1,71.3],[-25.62,71.54],[-26.28,71.57],[-26.4,71.64],[-26.5,71.56],[-26.79,71.55],[-27.93,72.01],[-28.21,72.0],[-28.63,72.13],[-28.71,72.09],[-28.36,72.01],[-28.46,71.94],[-27.86,71.91],[-27.8,71.87],[-28.03,71.88],[-27.33,71.72],[-27.41,71.64],[-28.49,71.57],[-27.65,71.61],[-27.12,71.57],[-27.33,71.52],[-27.22,71.48],[-25.81,71.49],[-25.41,71.35],[-25.51,71.22],[-25.78,71.26],[-25.6,71.17],[-26.43,70.97],[-27.51,70.94],[-27.81,71.16],[-27.93,71.13],[-27.62,70.95],[-28.4,70.98],[-27.92,70.87],[-28.15,70.65],[-28.34,70.63],[-28.24,70.6],[-28.31,70.56],[-29.2,70.47],[-29.21,70.39],[-28.28,70.51],[-28.35,70.43],[-28.23,70.37],[-26.74,70.48],[-26.32,70.38],[-26.7,70.29],[-26.97,70.33],[-27.82,70.1],[-28.59,70.09],[-28.53,70.05],[-27.55,70.06],[-27.51,69.97],[-27.34,69.97],[-27.19,70.17],[-26.88,70.26],[-26.33,70.2],[-25.31,70.41],[-25.2,70.4],[-25.4,70.36],[-25.27,70.36],[-25.32,70.28],[-25.0,70.37],[-23.86,70.13],[-22.08,70.13],[-22.38,69.97],[-22.93,69.93],[-22.81,69.88],[-23.04,69.94],[-23.09,69.92],[-23.05,69.87],[-23.28,69.86],[-22.91,69.81],[-23.0,69.77],[-23.33,69.86],[-23.39,69.85],[-23.24,69.75],[-23.93,69.76],[-23.58,69.63],[-23.81,69.51],[-24.0,69.59],[-24.35,69.6],[-24.11,69.54],[-24.07,69.49],[-24.16,69.48],[-24.09,69.43],[-24.37,69.45],[-24.45,69.36],[-24.74,69.43],[-24.61,69.32],[-24.77,69.3],[-24.62,69.28],[-24.68,69.24],[-25.19,69.28],[-25.28,69.24],[-24.99,69.17],[-25.33,69.13],[-25.21,69.06],[-25.29,69.02],[-25.66,69.09],[-25.55,69.03],[-25.66,69.01],[-25.45,68.97],[-25.7,68.96],[-25.58,68.91],[-25.94,68.79],[-26.26,68.79],[-26.33,68.68],[-26.74,68.71],[-27.05,68.58],[-27.34,68.6],[-27.24,68.54],[-27.58,68.58],[-27.76,68.52],[-27.6,68.5],[-27.78,68.47],[-27.98,68.57],[-28.01,68.46],[-28.36,68.5],[-28.25,68.44],[-28.51,68.45],[-28.85,68.33],[-29.17,68.4],[-29.1,68.31],[-29.47,68.25],[-29.38,68.2],[-29.77,68.31],[-29.85,68.42],[-30.07,68.32],[-29.99,68.25],[-30.3,68.26],[-30.12,68.22],[-30.06,68.11],[-30.34,68.1],[-30.4,68.22],[-30.82,68.26],[-30.49,68.18],[-30.42,68.07],[-31.02,68.04],[-31.45,68.13],[-31.34,68.15],[-31.4,68.16],[-31.5,68.13],[-31.41,68.09],[-31.58,68.08],[-31.7,68.1],[-31.75,68.21],[-31.55,68.25],[-31.99,68.26],[-32.16,68.4],[-32.13,68.47],[-32.31,68.44],[-32.37,68.58],[-32.49,68.62],[-32.4,68.54],[-32.57,68.51],[-32.5,68.43],[-32.21,68.35],[-32.07,68.19],[-32.44,68.24],[-32.45,68.21],[-32.05,68.16],[-32.0,68.05],[-32.15,68.05],[-32.04,67.93],[-32.18,67.92],[-32.14,67.85],[-32.54,67.87],[-32.93,67.69],[-33.2,67.69],[-33.06,67.63],[-33.37,67.55],[-33.27,67.4],[-33.6,67.37],[-33.42,67.34],[-33.48,67.32],[-33.37,67.25],[-33.67,67.22],[-33.52,67.2],[-33.54,67.08],[-33.98,66.99],[-33.86,66.95],[-34.0,66.95],[-33.95,66.93],[-34.02,66.83],[-33.93,66.77],[-34.09,66.81],[-34.05,66.75],[-34.27,66.58],[-34.26,66.67],[-34.37,66.6],[-34.42,66.75],[-34.53,66.64],[-34.41,66.54],[-34.7,66.42],[-34.62,66.42],[-34.65,66.37],[-34.72,66.41],[-34.72,66.34],[-34.97,66.29],[-35.13,66.34],[-35.11,66.42],[-35.24,66.32],[-35.04,66.26],[-35.22,66.24],[-35.45,66.33],[-35.59,66.29],[-35.83,66.44],[-35.88,66.42],[-35.68,66.33],[-35.74,66.27],[-35.55,66.25],[-35.7,66.21],[-35.62,66.21],[-35.59,66.11],[-35.75,66.2],[-35.71,66.12],[-35.89,66.14],[-35.94,66.1],[-35.72,66.09],[-35.91,66.09],[-35.89,66.02],[-36.09,65.93],[-36.35,65.99],[-36.33,65.91],[-36.39,65.95],[-36.36,66.09],[-36.55,66.08],[-36.48,66.05],[-36.52,65.99],[-36.91,65.93],[-36.83,65.92],[-37.01,65.84],[-37.1,65.94],[-37.03,66.05],[-37.08,66.06],[-37.09,65.99],[-37.17,66.01],[-37.12,65.9],[-37.24,65.91],[-37.09,65.86],[-37.11,65.82],[-37.27,65.83],[-37.18,65.77],[-37.68,65.95],[-37.81,65.88],[-37.85,65.89],[-37.73,65.98],[-37.8,66.05],[-37.17,66.32],[-37.62,66.33],[-37.85,66.44],[-37.87,66.38],[-38.14,66.37],[-37.69,66.27],[-38.0,66.24],[-37.85,66.2],[-38.11,66.11],[-37.96,66.08],[-38.0,65.94],[-38.18,65.97],[-38.15,65.91],[-38.27,65.91],[-38.48,66.02],[-38.43,65.9],[-38.11,65.81],[-38.19,65.77],[-38.18,65.69],[-38.26,65.71],[-38.22,65.65],[-38.42,65.67],[-38.49,65.59],[-38.43,65.68],[-38.75,65.69],[-38.6,65.58],[-38.83,65.62],[-39.07,65.56],[-39.14,65.67],[-39.34,65.75],[-39.21,65.58],[-39.31,65.61],[-39.33,65.55],[-39.34,65.63],[-39.45,65.55],[-39.55,65.62],[-39.51,65.66],[-39.66,65.69],[-39.71,65.67],[-39.64,65.62],[-39.83,65.58],[-39.72,65.56],[-39.81,65.51],[-40.05,65.58],[-40.12,65.55],[-40.04,65.49],[-40.22,65.51],[-39.79,65.41],[-39.95,65.36],[-39.76,65.25],[-40.03,65.19],[-39.94,65.15],[-40.12,65.17],[-39.94,65.1],[-40.28,65.0],[-40.6,65.15],[-40.71,65.03],[-41.11,65.12],[-40.98,64.98],[-41.15,64.95],[-40.6,64.68],[-40.56,64.51],[-40.64,64.47],[-40.36,64.36],[-41.35,64.35],[-41.57,64.27],[-40.98,64.08],[-40.92,64.16],[-40.56,64.11],[-40.65,64.01],[-40.6,63.98],[-40.84,63.95],[-40.62,63.92],[-40.53,63.7],[-41.0,63.7],[-41.49,63.86],[-41.63,63.78],[-40.88,63.66],[-40.87,63.58],[-40.73,63.59],[-40.75,63.52],[-41.14,63.53],[-41.0,63.47],[-41.07,63.45],[-41.29,63.56],[-41.17,63.45],[-41.0,63.41],[-41.13,63.39],[-41.41,63.57],[-41.24,63.4],[-41.49,63.53],[-41.58,63.49],[-41.36,63.43],[-41.12,63.31],[-41.4,63.42],[-41.53,63.43],[-41.72,63.55],[-41.9,63.47],[-41.86,63.4],[-41.68,63.35],[-41.81,63.34],[-41.76,63.3],[-41.49,63.24],[-41.49,63.17],[-41.43,63.13],[-41.55,63.1],[-42.02,63.25],[-41.53,63.03],[-41.97,63.07],[-42.14,63.21],[-42.21,63.11],[-41.62,63.0],[-41.64,62.93],[-41.82,62.88],[-41.75,62.84],[-42.01,62.88],[-42.02,62.8],[-42.32,62.82],[-42.26,62.88],[-42.36,62.89],[-42.31,62.95],[-42.6,62.87],[-42.42,62.83],[-42.58,62.83],[-42.49,62.7],[-42.6,62.77],[-42.56,62.71],[-42.65,62.68],[-42.7,62.78],[-42.71,62.69],[-43.15,62.76],[-42.68,62.59],[-42.38,62.57],[-42.35,62.47],[-42.56,62.54],[-42.48,62.48],[-42.56,62.48],[-42.16,62.39],[-42.97,62.52],[-42.61,62.34],[-42.26,62.31],[-42.33,62.27],[-42.26,62.23],[-42.31,62.1],[-42.52,62.04],[-42.42,62.01],[-42.55,61.95],[-42.12,62.01],[-42.21,61.92],[-42.42,61.92],[-42.19,61.87],[-42.34,61.76],[-42.59,61.74],[-42.77,61.82],[-42.87,61.77],[-42.59,61.7],[-42.25,61.71],[-42.39,61.68],[-42.33,61.62],[-42.45,61.64],[-42.38,61.61],[-42.47,61.62],[-42.44,61.56],[-43.08,61.6],[-42.53,61.53],[-42.51,61.44],[-42.48,61.43],[-42.43,61.44],[-42.42,61.4],[-42.69,61.31],[-42.63,61.29],[-43.25,61.34],[-42.66,61.26],[-42.58,61.2],[-42.76,61.18],[-42.91,61.22],[-42.96,61.2],[-43.18,61.22],[-43.18,61.21],[-42.63,61.1],[-43.61,61.13],[-42.71,61.06],[-42.77,61.04],[-42.66,61.0],[-42.81,61.01],[-42.73,60.93],[-43.03,60.88],[-43.48,60.94],[-42.8,60.8],[-43.53,60.84],[-42.77,60.73],[-42.93,60.65],[-43.28,60.68],[-43.24,60.66],[-42.91,60.62],[-42.75,60.69],[-42.83,60.61],[-43.14,60.61],[-42.83,60.58],[-43.14,60.55],[-43.04,60.51],[-43.3,60.56],[-43.14,60.48],[-43.23,60.47],[-43.54,60.54],[-43.69,60.72],[-43.62,60.56],[-44.19,60.64],[-44.16,60.58],[-43.85,60.54],[-43.8,60.44],[-43.73,60.53],[-43.32,60.45],[-43.59,60.31],[-43.36,60.33],[-43.36,60.38],[-43.1,60.31],[-43.18,60.28],[-43.1,60.24],[-43.33,60.22],[-43.16,60.22],[-43.11,60.16],[-43.21,60.14],[-43.09,60.1],[-43.62,60.19],[-43.66,60.15],[-43.99,60.19],[-44.07,60.18],[-44.17,60.17],[-43.99,60.31],[-44.1,60.39],[-44.1,60.28],[-44.27,60.33],[-44.22,60.23],[-44.32,60.24],[-44.26,60.19],[-44.42,60.15],[-44.46,60.15],[-44.59,59.99],[-44.67,60.02],[-44.67,60.11],[-44.71,60.01],[-44.8,60.02],[-44.84,60.15],[-44.93,60.1],[-44.84,60.02],[-45.17,60.09],[-44.76,60.2],[-44.84,60.22],[-44.53,60.45],[-44.47,60.57],[-44.88,60.22],[-45.17,60.13],[-45.19,60.21],[-44.93,60.33],[-44.84,60.48],[-44.95,60.47],[-44.63,60.74],[-44.8,60.68],[-45.0,60.49],[-45.21,60.44],[-45.26,60.5],[-45.06,60.66],[-45.5,60.49],[-45.12,60.73],[-45.35,60.73],[-45.58,60.47],[-45.59,60.54],[-45.67,60.53],[-45.6,60.59],[-45.73,60.59],[-45.62,60.65],[-45.79,60.62],[-45.88,60.52],[-45.98,60.58],[-45.58,60.7],[-45.86,60.7],[-45.26,60.91],[-45.4,61.01],[-45.71,60.77],[-45.87,60.76],[-45.76,60.83],[-45.87,60.85],[-46.02,60.73],[-46.21,60.75],[-45.85,60.9],[-46.17,60.83],[-45.89,60.93],[-45.51,60.98],[-45.36,61.09],[-45.51,61.25],[-45.48,61.11],[-45.62,61.02],[-45.79,60.96],[-46.03,60.91],[-46.07,60.94],[-46.09,60.98],[-45.62,61.14],[-45.87,61.22],[-45.71,61.33],[-45.94,61.23],[-46.11,61.25],[-45.84,61.15],[-46.03,61.05],[-46.3,61.07],[-46.16,61.0],[-46.41,61.09],[-46.41,61.01],[-46.58,61.01],[-46.54,60.95],[-46.65,60.99],[-46.58,60.91],[-46.89,60.94],[-46.71,60.89],[-46.86,60.8],[-46.98,60.82],[-46.85,60.88],[-47.04,60.84],[-46.91,60.93],[-47.08,60.94],[-47.03,60.97],[-47.25,60.9],[-47.3,60.96],[-47.86,60.87],[-47.32,60.86],[-47.44,60.83],[-47.93,60.84],[-47.94,60.88],[-48.24,60.82],[-47.69,61.01],[-48.4,61.0],[-47.85,61.04],[-47.93,61.09],[-47.77,61.19],[-48.09,61.09],[-48.05,61.18],[-48.21,61.18],[-47.96,61.34],[-48.17,61.31],[-48.29,61.18],[-48.22,61.14],[-48.41,61.13],[-48.3,61.23],[-48.48,61.18],[-48.57,61.21],[-48.5,61.27],[-48.4,61.3],[-48.51,61.3],[-48.49,61.35],[-48.35,61.35],[-48.34,61.38],[-48.67,61.4],[-48.65,61.44],[-48.97,61.36],[-48.94,61.4],[-49.07,61.4],[-48.23,61.55],[-48.48,61.53],[-48.35,61.61],[-48.99,61.46],[-49.11,61.5],[-49.04,61.54],[-49.3,61.56],[-48.59,61.64],[-49.06,61.62],[-49.07,61.7],[-48.88,61.73],[-48.87,61.79],[-49.15,61.73],[-49.11,61.83],[-48.78,61.99],[-49.17,61.86],[-49.22,61.72],[-49.35,61.77],[-49.18,61.9],[-49.43,61.82],[-49.33,61.93],[-49.41,61.94],[-48.84,62.08],[-49.02,62.09],[-48.98,62.14],[-49.08,62.08],[-49.03,62.21],[-49.17,62.02],[-49.44,61.99],[-49.35,62.01],[-49.39,62.07],[-49.64,61.99],[-49.69,62.02],[-49.46,62.09],[-49.33,62.08],[-49.43,62.12],[-49.29,62.18],[-49.68,62.16],[-49.29,62.27],[-49.89,62.25],[-49.79,62.3],[-49.89,62.29],[-49.91,62.36],[-50.01,62.32],[-50.32,62.51],[-50.21,62.68],[-49.87,62.9],[-50.2,62.81],[-50.27,62.71],[-50.32,62.74],[-50.24,62.85],[-49.7,63.06],[-50.18,62.96],[-50.27,62.85],[-50.39,62.79],[-50.33,62.93],[-50.15,63.02],[-50.47,62.95],[-50.61,62.98],[-50.49,63.01],[-50.61,63.1],[-50.06,63.23],[-50.59,63.23],[-50.78,63.2],[-50.91,63.14],[-50.78,63.25],[-51.0,63.16],[-51.05,63.21],[-50.96,63.25],[-51.07,63.25],[-51.0,63.29],[-51.1,63.33],[-50.28,63.4],[-51.05,63.37],[-51.0,63.47],[-51.14,63.38],[-51.22,63.44],[-50.74,63.55],[-51.09,63.53],[-51.14,63.61],[-51.06,63.65],[-50.91,63.61],[-50.57,63.64],[-50.57,63.61],[-50.5,63.67],[-51.08,63.66],[-51.19,63.63],[-51.16,63.51],[-51.28,63.55],[-51.42,63.54],[-51.31,63.63],[-51.54,63.69],[-51.35,63.73],[-51.56,63.72],[-50.92,63.94],[-51.46,63.82],[-51.37,63.89],[-51.44,63.96],[-51.36,63.97],[-51.62,64.03],[-51.33,64.01],[-51.39,64.05],[-50.21,64.21],[-50.05,64.11],[-50.05,64.2],[-50.16,64.24],[-50.55,64.18],[-50.36,64.36],[-50.81,64.18],[-51.44,64.08],[-51.65,64.13],[-51.35,64.14],[-51.77,64.19],[-50.95,64.22],[-50.85,64.26],[-51.05,64.28],[-50.89,64.41],[-50.34,64.39],[-50.18,64.45],[-50.62,64.47],[-50.44,64.56],[-50.64,64.52],[-50.69,64.55],[-50.63,64.59],[-50.92,64.6],[-50.84,64.65],[-50.34,64.68],[-50.15,64.49],[-49.59,64.34],[-50.06,64.53],[-50.12,64.64],[-50.0,64.7],[-50.22,64.73],[-50.0,64.86],[-50.3,64.75],[-50.56,64.77],[-50.7,65.01],[-50.84,65.13],[-50.69,65.21],[-50.89,65.15],[-50.98,65.21],[-50.89,64.98],[-50.72,64.99],[-50.77,64.87]],[[-50.13,66.97],[-50.0,66.98],[-50.63,67.02],[-50.68,67.01],[-50.13,66.97]],[[-22.84,73.56],[-22.66,73.55],[-22.18,73.63],[-22.8,73.57],[-23.52,73.71],[-22.84,73.56]],[[-25.0,73.72],[-25.69,73.96],[-25.74,73.93],[-25.55,73.81],[-24.94,73.61],[-25.0,73.72]]],[[[-43.37,60.39],[-43.18,60.4],[-43.36,60.38],[-43.37,60.39]]],[[[-53.13,65.55],[-53.23,65.6],[-52.86,65.66],[-52.95,65.57],[-53.13,65.55]]],[[[-52.99,68.5],[-52.85,68.42],[-53.09,68.36],[-53.23,68.43],[-52.97,68.44],[-53.05,68.48],[-52.99,68.5]]],[[[-52.11,68.56],[-52.42,68.59],[-51.81,68.63],[-52.11,68.56]]],[[[-53.12,68.57],[-52.65,68.72],[-52.13,68.71],[-53.12,68.57]]],[[[-50.66,69.84],[-50.96,69.73],[-50.95,69.56],[-51.21,69.52],[-51.39,69.7],[-51.0,69.89],[-51.36,69.85],[-51.22,69.91],[-50.9,69.89],[-50.66,69.84]]],[[[-54.27,69.4],[-54.22,69.45],[-53.4,69.44],[-53.58,69.48],[-53.35,69.59],[-53.82,69.46],[-53.73,69.52],[-54.0,69.5],[-53.88,69.56],[-53.96,69.61],[-54.34,69.56],[-54.96,69.68],[-54.96,69.73],[-54.68,69.76],[-54.91,69.82],[-54.79,69.88],[-54.86,69.94],[-54.22,69.92],[-54.76,70.04],[-54.83,70.2],[-54.33,70.32],[-53.27,70.2],[-52.73,69.93],[-52.0,69.81],[-51.91,69.74],[-52.03,69.67],[-51.84,69.64],[-52.14,69.48],[-53.59,69.24],[-54.27,69.4]]],[[[-54.8,70.46],[-54.65,70.38],[-54.93,70.37],[-55.03,70.48],[-54.8,70.46]]],[[[-51.62,70.72],[-51.51,70.67],[-51.58,70.66],[-51.85,70.74],[-51.62,70.72]]],[[[-52.1,70.86],[-52.16,70.89],[-52.01,70.98],[-51.57,70.88],[-52.1,70.86]]],[[[-53.61,71.32],[-53.38,71.12],[-53.67,71.03],[-53.99,71.12],[-53.61,71.32]]],[[[-52.98,71.16],[-53.12,71.21],[-53.18,71.33],[-52.97,71.39],[-52.33,71.3],[-52.98,71.16]]],[[[-53.06,71.66],[-52.76,71.66],[-53.23,71.53],[-53.44,71.56],[-53.48,71.66],[-53.06,71.66]]],[[[-55.61,71.82],[-55.81,71.88],[-55.56,71.93],[-55.45,71.86],[-55.61,71.82]]],[[[-55.38,72.17],[-55.68,72.19],[-55.43,72.27],[-55.62,72.3],[-55.22,72.36],[-55.01,72.38],[-55.03,72.3],[-55.38,72.17]]],[[[-55.61,72.76],[-55.11,72.81],[-55.22,72.84],[-54.97,72.81],[-55.37,72.59],[-55.85,72.61],[-55.61,72.76]]],[[[-55.9,72.66],[-56.23,72.71],[-55.64,72.78],[-55.75,72.7],[-55.94,72.7],[-55.9,72.66]]],[[[-55.3,72.92],[-55.36,73.0],[-55.69,73.0],[-55.52,73.05],[-55.08,72.96],[-55.3,72.92]]],[[[-55.62,73.49],[-55.47,73.43],[-55.75,73.4],[-55.65,73.42],[-55.66,73.48],[-56.12,73.56],[-55.62,73.49]]],[[[-56.32,73.83],[-56.66,73.82],[-56.66,73.88],[-56.77,73.88],[-56.62,73.92],[-55.95,73.83],[-56.32,73.83]]],[[[-56.71,74.56],[-56.47,74.51],[-57.2,74.47],[-57.56,74.5],[-56.71,74.56]]],[[[-69.68,76.53],[-70.03,76.57],[-69.47,76.58],[-69.68,76.53]]],[[[-72.13,77.32],[-72.58,77.41],[-72.23,77.46],[-71.34,77.38],[-72.13,77.32]]],[[[-71.3,77.45],[-70.06,77.4],[-70.25,77.39],[-71.11,77.38],[-71.3,77.45]]],[[[-66.98,80.67],[-66.59,80.62],[-66.78,80.6],[-66.98,80.67]]],[[[-52.47,82.2],[-51.19,82.0],[-52.11,82.0],[-53.19,82.11],[-53.35,82.2],[-53.05,82.33],[-52.55,82.28],[-52.47,82.2]]],[[[-44.15,59.99],[-44.19,59.9],[-44.4,59.91],[-44.22,60.02],[-44.0,60.01],[-44.16,59.93],[-44.15,59.99]]],[[[-44.59,59.98],[-44.51,59.98],[-44.52,59.96],[-44.59,59.98]]],[[[-44.49,60.01],[-44.42,60.15],[-44.2,60.05],[-44.4,59.95],[-44.41,60.04],[-44.49,60.01]]],[[[-44.15,60.1],[-44.01,60.05],[-44.15,60.05],[-44.25,60.13],[-44.15,60.1]]],[[[-45.26,60.14],[-45.3,60.14],[-45.25,60.19],[-45.26,60.14]]],[[[-45.34,60.2],[-45.41,60.19],[-45.33,60.4],[-45.15,60.38],[-45.34,60.2]]],[[[-45.01,60.35],[-45.12,60.31],[-44.97,60.45],[-45.01,60.35]]],[[[-45.06,60.38],[-45.13,60.4],[-45.09,60.45],[-45.0,60.45],[-45.06,60.38]]],[[[-45.39,60.47],[-45.36,60.48],[-45.36,60.45],[-45.43,60.43],[-45.39,60.47]]],[[[-45.95,60.62],[-45.99,60.64],[-45.78,60.66],[-45.95,60.62]]],[[[-46.21,60.68],[-46.18,60.69],[-45.91,60.7],[-46.21,60.68]]],[[[-46.35,60.67],[-46.5,60.7],[-46.32,60.78],[-46.25,60.75],[-46.4,60.73],[-46.35,60.67]]],[[[-46.64,60.74],[-46.57,60.77],[-46.51,60.75],[-46.64,60.74]]],[[[-48.07,60.7],[-48.24,60.8],[-47.97,60.84],[-47.93,60.84],[-47.76,60.81],[-47.81,60.75],[-47.65,60.76],[-48.07,60.7]]],[[[-47.32,60.81],[-47.22,60.79],[-47.24,60.77],[-47.32,60.81]]],[[[-47.0,60.81],[-46.99,60.78],[-47.02,60.78],[-47.0,60.81]]],[[[-46.37,60.78],[-46.43,60.8],[-46.36,60.83],[-46.37,60.78]]],[[[-47.22,60.83],[-47.15,60.81],[-47.16,60.8],[-47.22,60.83]]],[[[-47.17,60.85],[-47.08,60.87],[-47.12,60.83],[-47.17,60.85]]],[[[-46.85,60.77],[-46.16,60.91],[-46.47,60.81],[-46.85,60.77]]],[[[-47.18,60.88],[-47.26,60.85],[-47.25,60.87],[-47.18,60.88]]],[[[-47.12,60.89],[-47.17,60.88],[-47.07,60.93],[-47.12,60.89]]],[[[-46.99,60.91],[-47.05,60.9],[-47.01,60.93],[-46.99,60.91]]],[[[-46.52,60.94],[-46.53,60.99],[-46.43,60.98],[-46.52,60.94]]],[[[-48.3,61.1],[-48.04,61.07],[-48.28,61.05],[-48.36,61.07],[-48.3,61.1]]],[[[-48.89,61.26],[-48.96,61.26],[-48.85,61.3],[-48.72,61.29],[-48.89,61.26]]],[[[-48.65,61.31],[-48.83,61.34],[-48.52,61.34],[-48.65,61.31]]],[[[-49.14,61.63],[-49.22,61.66],[-49.15,61.7],[-49.14,61.63]]],[[[-50.7,63.04],[-50.76,63.07],[-50.65,63.1],[-50.7,63.04]]],[[[-50.68,63.15],[-50.57,63.21],[-50.47,63.15],[-50.68,63.15]]],[[[-44.73,82.1],[-45.09,82.06],[-45.42,82.18],[-46.88,82.36],[-47.18,82.51],[-47.75,82.63],[-46.32,82.68],[-44.42,82.38],[-45.04,82.2],[-44.73,82.1]]],[[[-48.29,82.9],[-47.44,82.81],[-48.33,82.79],[-48.39,82.88],[-48.29,82.9]]],[[[-43.79,59.82],[-43.79,59.89],[-43.9,59.79],[-43.92,59.9],[-44.12,59.83],[-43.96,59.98],[-43.69,59.87],[-43.79,59.82]]],[[[-43.32,59.96],[-43.37,59.92],[-43.32,60.0],[-43.21,59.97],[-43.32,59.96]]],[[[-43.51,59.91],[-43.47,60.03],[-43.35,60.01],[-43.51,59.91]]],[[[-43.58,60.08],[-43.48,60.04],[-43.59,59.92],[-43.67,60.0],[-43.92,60.0],[-43.72,60.06],[-43.94,60.05],[-44.13,60.14],[-44.07,60.18],[-43.14,60.03],[-43.58,60.08]]],[[[-42.85,60.9],[-42.62,60.9],[-42.77,60.86],[-42.94,60.88],[-42.85,60.9]]],[[[-42.45,61.49],[-42.39,61.49],[-42.42,61.48],[-42.47,61.44],[-42.45,61.49]]],[[[-42.12,61.78],[-42.29,61.76],[-42.08,61.88],[-42.12,61.78]]],[[[-42.12,62.5],[-42.19,62.49],[-42.3,62.57],[-42.16,62.58],[-42.12,62.5]]],[[[-42.39,62.69],[-42.45,62.75],[-42.35,62.81],[-41.86,62.75],[-42.39,62.69]]],[[[-41.94,62.84],[-41.82,62.81],[-41.88,62.78],[-41.94,62.84]]],[[[-41.57,62.88],[-41.53,62.93],[-41.61,62.92],[-41.59,63.01],[-41.45,62.97],[-41.57,62.88]]],[[[-41.44,63.05],[-41.53,63.08],[-41.4,63.12],[-41.34,63.05],[-41.44,63.05]]],[[[-41.46,63.2],[-41.18,63.12],[-41.28,63.13],[-41.46,63.2]]],[[[-41.41,63.23],[-41.86,63.47],[-41.68,63.5],[-41.53,63.43],[-41.1,63.22],[-41.41,63.23]]],[[[-40.68,63.65],[-40.66,63.64],[-40.73,63.61],[-40.84,63.63],[-40.68,63.65]]],[[[-41.06,64.23],[-40.83,64.31],[-40.62,64.23],[-41.06,64.23]]],[[[-40.49,64.49],[-40.6,64.72],[-40.87,64.9],[-40.72,64.93],[-40.5,64.83],[-40.44,64.74],[-40.55,64.71],[-40.38,64.62],[-40.48,64.58],[-40.14,64.49],[-40.49,64.49]]],[[[-39.49,65.29],[-39.57,65.28],[-39.8,65.33],[-39.49,65.32],[-39.57,65.29],[-39.49,65.29]]],[[[-37.17,65.53],[-37.2,65.54],[-37.22,65.58],[-37.09,65.56],[-37.17,65.53]]],[[[-37.09,65.61],[-37.22,65.69],[-37.08,65.73],[-36.91,65.65],[-37.09,65.61]]],[[[-37.42,65.73],[-37.5,65.72],[-37.31,65.68],[-37.6,65.6],[-37.71,65.65],[-37.63,65.6],[-37.74,65.57],[-37.91,65.59],[-37.99,65.7],[-37.95,65.8],[-37.69,65.91],[-37.27,65.76],[-37.48,65.79],[-37.42,65.73]]],[[[-36.92,65.8],[-37.0,65.82],[-36.79,65.87],[-36.83,65.74],[-36.92,65.8]]],[[[-36.33,65.82],[-36.38,65.84],[-36.28,65.92],[-36.18,65.88],[-36.33,65.82]]],[[[-36.59,65.82],[-36.74,65.8],[-36.71,65.93],[-36.5,65.95],[-36.59,65.82]]],[[[-35.52,66.18],[-35.56,66.19],[-35.39,66.25],[-35.52,66.18]]],[[[-33.91,66.88],[-33.84,66.82],[-33.86,66.8],[-33.95,66.8],[-33.91,66.88]]],[[[-33.48,67.19],[-33.34,67.21],[-33.41,67.15],[-33.48,67.19]]],[[[-33.28,67.3],[-33.33,67.34],[-33.27,67.38],[-33.28,67.3]]],[[[-29.9,68.15],[-30.01,68.21],[-29.7,68.22],[-29.9,68.15]]],[[[-41.49,83.17],[-40.86,83.17],[-40.36,83.08],[-39.86,82.98],[-41.49,83.17]]],[[[-40.36,83.08],[-40.55,83.16],[-39.29,83.09],[-39.74,83.0],[-40.36,83.08]]],[[[-40.05,83.26],[-40.67,83.3],[-40.3,83.35],[-38.64,83.12],[-40.05,83.26]]],[[[-23.48,69.66],[-23.59,69.72],[-23.3,69.74],[-23.22,69.67],[-23.48,69.66]]],[[[-26.19,70.46],[-26.38,70.49],[-26.22,70.56],[-26.1,70.51],[-26.19,70.46]]],[[[-26.0,70.54],[-26.24,70.59],[-28.14,70.46],[-28.0,70.52],[-28.06,70.58],[-27.96,70.63],[-27.65,70.66],[-27.15,70.88],[-26.31,70.94],[-25.7,71.09],[-25.73,70.99],[-25.4,70.91],[-25.34,70.81],[-25.49,70.78],[-25.32,70.76],[-25.29,70.67],[-26.0,70.54]]],[[[-27.68,70.9],[-27.24,70.89],[-27.7,70.74],[-27.76,70.86],[-27.68,70.9]]],[[[-25.31,71.02],[-25.58,71.11],[-25.46,71.11],[-25.31,71.02]]],[[[-22.76,72.44],[-22.3,72.26],[-22.05,72.27],[-22.2,72.21],[-22.13,72.16],[-22.2,72.13],[-22.52,72.13],[-22.6,72.16],[-22.5,72.21],[-22.68,72.17],[-23.07,72.31],[-24.06,72.45],[-24.03,72.52],[-24.37,72.6],[-24.49,72.83],[-23.14,72.84],[-22.72,72.63],[-22.15,72.53],[-22.2,72.48],[-21.95,72.49],[-21.93,72.41],[-22.76,72.44]]],[[[-24.94,72.78],[-25.32,72.85],[-24.77,72.91],[-24.94,72.78]]],[[[-22.65,72.7],[-22.72,72.72],[-22.61,72.74],[-22.82,72.82],[-23.16,72.88],[-24.59,72.95],[-23.24,73.08],[-22.82,73.04],[-21.97,72.94],[-21.89,72.9],[-22.19,72.81],[-21.98,72.78],[-22.02,72.76],[-21.9,72.69],[-22.65,72.7]]],[[[-21.46,73.12],[-21.17,73.13],[-21.19,73.12],[-21.46,73.12]]],[[[-25.71,73.19],[-25.31,73.32],[-25.24,73.41],[-24.46,73.43],[-23.21,73.23],[-24.97,73.33],[-25.01,73.31],[-22.89,73.16],[-24.47,73.04],[-25.71,73.19]]],[[[-21.27,74.09],[-21.99,74.25],[-21.84,74.35],[-20.98,74.45],[-20.53,74.41],[-20.41,74.27],[-20.13,74.19],[-21.27,74.09]]],[[[-18.82,74.55],[-19.22,74.59],[-18.9,74.68],[-18.74,74.61],[-18.82,74.55]]],[[[-18.32,74.64],[-18.48,74.63],[-18.59,74.73],[-18.3,74.71],[-18.36,74.7],[-18.32,74.64]]],[[[-20.25,74.71],[-20.68,74.82],[-20.55,74.91],[-20.6,75.0],[-20.19,75.04],[-19.96,75.0],[-20.18,74.9],[-19.73,74.87],[-20.25,74.71]]],[[[-17.62,74.94],[-17.61,75.0],[-17.88,75.04],[-18.89,75.0],[-18.93,75.08],[-18.83,75.16],[-18.89,75.19],[-18.84,75.26],[-18.95,75.33],[-18.54,75.38],[-18.32,75.3],[-18.0,75.41],[-17.8,75.31],[-18.21,75.22],[-18.03,75.23],[-18.0,75.15],[-17.72,75.08],[-17.36,75.15],[-17.35,75.03],[-17.62,74.94]]],[[[-18.65,75.9],[-18.64,75.98],[-19.13,76.51],[-19.06,76.59],[-18.76,76.59],[-18.98,76.62],[-19.05,76.75],[-18.66,76.63],[-18.71,76.41],[-18.55,76.05],[-18.57,75.93],[-18.65,75.9]]],[[[-17.72,77.88],[-17.62,77.81],[-17.81,77.66],[-18.27,77.66],[-17.72,77.88]]],[[[-20.47,77.95],[-20.49,77.96],[-20.0,78.0],[-19.24,77.83],[-20.47,77.95]]],[[[-21.13,77.99],[-21.09,77.98],[-21.24,77.88],[-21.4,77.88],[-21.13,77.99]]],[[[-19.15,78.11],[-18.86,78.14],[-18.89,78.04],[-19.17,77.92],[-19.11,78.06],[-19.32,78.14],[-19.15,78.11]]],[[[-20.34,78.16],[-20.81,78.17],[-20.68,78.2],[-20.55,78.24],[-20.34,78.16]]],[[[-19.61,78.36],[-19.35,78.21],[-19.5,78.2],[-19.66,78.28],[-19.61,78.36]]],[[[-19.06,78.31],[-18.88,78.22],[-19.05,78.18],[-19.27,78.23],[-19.32,78.35],[-18.94,78.48],[-18.91,78.35],[-19.06,78.31]]],[[[-18.65,78.56],[-18.23,78.62],[-18.32,78.58],[-18.65,78.56]]],[[[-18.0,78.77],[-18.21,78.7],[-18.24,78.79],[-18.11,78.83],[-18.0,78.77]]],[[[-19.15,78.93],[-19.05,78.92],[-19.15,78.87],[-19.02,78.87],[-19.21,78.79],[-19.04,78.78],[-19.28,78.77],[-19.02,78.75],[-19.16,78.7],[-19.61,78.77],[-19.15,78.93]]],[[[-17.75,78.99],[-17.9,78.97],[-17.96,79.01],[-17.92,79.06],[-17.65,79.19],[-17.41,79.12],[-17.45,79.05],[-17.75,78.99]]],[[[-17.26,80.0],[-17.84,79.74],[-18.17,79.69],[-19.41,79.85],[-18.92,79.93],[-19.0,80.01],[-18.74,79.97],[-17.66,80.09],[-17.26,80.0]]],[[[-19.35,80.21],[-18.7,80.13],[-19.7,80.06],[-19.35,80.21]]],[[[-17.34,81.6],[-17.73,81.6],[-18.28,81.72],[-17.75,81.72],[-17.34,81.6]]],[[[-19.09,82.04],[-18.63,81.82],[-19.05,81.83],[-19.66,82.05],[-19.52,82.12],[-19.09,82.04]]]],"type":"MultiPolygon"},"properties":{"name":"Greenland"},"type":"Feature"},{"geometry":{"coordinates":[[[[-61.79,12.01],[-61.67,12.24],[-61.61,12.22],[-61.63,12.05],[-61.79,12.01]]],[[[-61.49,12.48],[-61.43,12.53],[-61.43,12.45],[-61.49,12.48]]]],"type":"MultiPolygon"},"properties":{"name":"Grenada"},"type":"Feature"},{"geometry":{"coordinates":[[[144.95,13.59],[144.68,13.25],[144.62,13.43],[144.89,13.64],[144.95,13.59]]],"type":"Polygon"},"properties":{"name":"Guam"},"type":"Feature"},{"geometry":{"coordinates":[[[-91.17,13.93],[-91.55,14.06],[-92.25,14.55],[-92.16,14.68],[-92.15,15.0],[-92.07,15.07],[-92.21,15.27],[-91.74,16.06],[-90.49,16.07],[-90.43,16.11],[-90.39,16.42],[-90.63,16.48],[-90.74,16.75],[-91.05,16.91],[-91.28,17.18],[-91.44,17.25],[-90.99,17.25],[-90.96,17.82],[-89.16,17.81],[-89.24,15.89],[-88.79,15.86],[-88.61,15.7],[-88.56,15.85],[-88.49,15.85],[-88.61,15.97],[-88.22,15.73],[-89.16,15.06],[-89.23,14.85],[-89.16,14.58],[-89.36,14.42],[-89.58,14.4],[-89.52,14.23],[-89.69,14.17],[-89.75,14.04],[-89.84,14.06],[-90.02,13.94],[-90.1,13.73],[-90.5,13.89],[-91.17,13.93]]],"type":"Polygon"},"properties":{"name":"Guatemala"},"type":"Feature"},{"geometry":{"coordinates":[[[[-2.35,49.43],[-2.38,49.41],[-2.38,49.44],[-2.35,49.43]]],[[[-2.54,49.43],[-2.67,49.43],[-2.65,49.46],[-2.54,49.51],[-2.54,49.43]]],[[[-2.2,49.71],[-2.23,49.71],[-2.2,49.72],[-2.2,49.71]]]],"type":"MultiPolygon"},"properties":{"name":"Guernsey"},"type":"Feature"},{"geometry":{"coordinates":[[[-12.72,9.39],[-12.96,9.27],[-13.03,9.1],[-13.3,9.04],[-13.16,9.19],[-13.26,9.2],[-13.23,9.27],[-13.32,9.18],[-13.3,9.36],[-13.41,9.29],[-13.4,9.44],[-13.51,9.45],[-13.49,9.57],[-13.55,9.5],[-13.59,9.57],[-13.73,9.51],[-13.56,9.79],[-13.65,9.84],[-13.73,9.74],[-13.69,9.95],[-13.84,9.86],[-14.06,10.03],[-14.0,10.2],[-14.15,10.06],[-14.14,10.18],[-14.22,10.11],[-14.24,10.18],[-14.45,10.21],[-14.54,10.51],[-14.66,10.48],[-14.5,10.89],[-14.7,10.64],[-14.65,10.81],[-14.76,10.7],[-14.74,10.87],[-14.81,10.82],[-14.82,10.91],[-14.66,11.04],[-14.69,11.06],[-14.84,10.97],[-14.92,11.03],[-14.96,10.77],[-15.08,10.86],[-14.71,11.5],[-14.52,11.51],[-14.29,11.67],[-14.02,11.64],[-13.87,11.74],[-13.73,11.71],[-13.72,12.0],[-13.97,12.15],[-13.84,12.28],[-13.7,12.29],[-13.73,12.67],[-13.08,12.64],[-13.05,12.47],[-12.91,12.54],[-12.36,12.31],[-12.1,12.41],[-11.48,12.43],[-11.39,12.38],[-11.51,12.19],[-11.33,12.03],[-11.19,12.01],[-11.05,12.2],[-10.95,12.22],[-10.71,11.89],[-10.51,12.12],[-10.27,12.22],[-9.72,12.03],[-9.63,12.17],[-9.34,12.27],[-9.31,12.36],[-9.4,12.47],[-9.19,12.48],[-8.98,12.37],[-8.92,12.05],[-8.82,12.01],[-8.85,11.66],[-8.73,11.65],[-8.66,11.5],[-8.38,11.37],[-8.7,10.96],[-8.56,10.97],[-8.51,11.05],[-8.33,11.02],[-8.28,10.51],[-7.97,10.28],[-8.17,9.94],[-8.16,9.53],[-8.05,9.39],[-7.87,9.41],[-7.93,9.18],[-7.75,9.08],[-7.93,9.0],[-7.97,8.81],[-7.7,8.62],[-7.66,8.37],[-7.82,8.48],[-7.87,8.42],[-7.97,8.5],[-8.25,8.45],[-8.27,8.25],[-8.0,8.18],[-7.96,8.02],[-8.07,8.03],[-8.2,7.58],[-8.41,7.61],[-8.49,7.56],[-8.57,7.69],[-8.69,7.69],[-8.86,7.27],[-9.13,7.19],[-9.23,7.38],[-9.49,7.38],[-9.36,7.74],[-9.53,8.19],[-9.5,8.34],[-9.68,8.39],[-9.65,8.46],[-9.72,8.44],[-9.77,8.56],[-10.06,8.42],[-10.15,8.52],[-10.37,8.49],[-10.55,8.31],[-10.74,8.29],[-10.48,8.67],[-10.6,8.82],[-10.59,9.05],[-10.75,9.08],[-10.68,9.31],[-10.83,9.39],[-11.2,9.98],[-11.91,9.99],[-11.92,9.92],[-12.14,9.87],[-12.43,9.9],[-12.72,9.39]]],"type":"Polygon"},"properties":{"name":"Guinea"},"type":"Feature"},{"geometry":{"coordinates":[[[[-16.15,11.03],[-16.25,11.1],[-16.08,11.21],[-16.06,11.07],[-16.15,11.03]]],[[[-15.98,11.05],[-15.95,11.2],[-15.91,11.17],[-15.98,11.05]]],[[[-16.06,11.16],[-15.98,11.21],[-15.97,11.13],[-16.01,11.08],[-16.06,11.16]]],[[[-15.9,11.25],[-15.83,11.3],[-15.84,11.21],[-15.9,11.25]]],[[[-16.23,11.3],[-16.15,11.29],[-16.17,11.22],[-16.28,11.24],[-16.23,11.3]]],[[[-16.24,11.51],[-16.16,11.51],[-16.21,11.44],[-16.29,11.46],[-16.24,11.51]]],[[[-15.91,11.58],[-15.9,11.45],[-16.04,11.42],[-16.08,11.47],[-15.91,11.58]]],[[[-16.42,11.49],[-16.43,11.53],[-16.25,11.58],[-16.31,11.49],[-16.42,11.49]]],[[[-15.99,11.89],[-16.04,11.76],[-16.16,11.82],[-15.99,11.89]]],[[[-15.78,11.89],[-15.85,11.78],[-15.88,11.82],[-15.97,11.77],[-15.86,11.98],[-15.72,11.97],[-15.71,12.02],[-15.86,12.03],[-16.12,11.89],[-16.34,12.02],[-16.33,12.16],[-16.06,12.35],[-16.46,12.17],[-16.73,12.33],[-16.22,12.46],[-15.68,12.44],[-15.2,12.68],[-13.73,12.67],[-13.7,12.29],[-13.84,12.28],[-13.97,12.15],[-13.72,12.0],[-13.73,11.71],[-13.87,11.74],[-14.02,11.64],[-14.29,11.67],[-14.52,11.51],[-14.71,11.5],[-15.09,10.93],[-15.0,11.22],[-15.23,10.99],[-15.21,11.23],[-15.23,11.12],[-15.36,11.14],[-15.43,11.29],[-15.27,11.43],[-15.34,11.38],[-15.35,11.46],[-15.51,11.36],[-15.47,11.49],[-15.24,11.58],[-15.28,11.62],[-15.12,11.62],[-15.12,11.55],[-15.01,11.61],[-15.17,11.66],[-15.13,11.71],[-15.23,11.66],[-15.23,11.76],[-15.44,11.56],[-15.43,11.69],[-15.48,11.65],[-15.55,11.73],[-15.44,11.89],[-15.19,11.87],[-15.09,11.94],[-15.22,11.91],[-15.4,11.97],[-15.81,11.75],[-15.78,11.89]],[[-15.07,11.8],[-14.94,11.75],[-15.07,11.86],[-14.99,11.96],[-15.09,11.94],[-15.07,11.8]]],[[[-15.73,11.17],[-15.78,11.19],[-15.72,11.3],[-15.66,11.3],[-15.73,11.17]]],[[[-15.68,11.44],[-15.74,11.46],[-15.69,11.5],[-15.68,11.44]]],[[[-15.57,11.51],[-15.63,11.54],[-15.53,11.62],[-15.47,11.57],[-15.57,11.51]]]],"type":"MultiPolygon"},"properties":{"name":"Guinea Bissau"},"type":"Feature"},{"geometry":{"coordinates":[[[[-59.74,4.2],[-59.69,4.38],[-60.16,4.53],[-60.03,4.73],[-59.98,5.09],[-60.21,5.27],[-60.45,5.17],[-60.74,5.2],[-61.4,5.95],[-61.12,6.19],[-61.21,6.56],[-61.13,6.72],[-60.93,6.73],[-60.91,6.82],[-60.7,6.77],[-60.38,6.94],[-60.3,7.05],[-60.37,7.17],[-60.55,7.13],[-60.63,7.19],[-60.6,7.33],[-60.73,7.53],[-60.53,7.81],[-60.37,7.82],[-59.83,8.25],[-60.02,8.56],[-59.84,8.37],[-59.43,8.13],[-59.76,8.36],[-59.74,8.4],[-59.1,8.01],[-58.49,7.38],[-58.49,7.01],[-58.68,6.38],[-58.59,6.42],[-58.46,6.82],[-58.31,6.89],[-58.01,6.79],[-57.6,6.43],[-57.53,6.27],[-57.49,6.34],[-57.41,6.31],[-57.17,6.09],[-57.16,5.64],[-57.34,5.32],[-57.19,5.17],[-57.29,5.17],[-57.29,5.02],[-57.69,5.01],[-57.85,4.92],[-57.93,4.8],[-57.84,4.65],[-58.07,4.15],[-57.83,3.66],[-57.64,3.52],[-57.65,3.39],[-57.48,3.34],[-57.31,3.39],[-57.2,2.85],[-57.09,2.77],[-56.71,2.03],[-56.48,1.94],[-56.81,1.87],[-57.01,1.92],[-57.1,2.02],[-57.32,1.98],[-57.56,1.71],[-57.99,1.66],[-58.03,1.52],[-58.32,1.6],[-58.51,1.44],[-58.52,1.27],[-58.7,1.28],[-58.82,1.19],[-58.97,1.31],[-59.26,1.39],[-59.53,1.7],[-59.68,1.76],[-59.65,1.84],[-59.76,1.86],[-59.74,2.26],[-59.9,2.36],[-60.0,2.69],[-59.97,3.04],[-59.82,3.36],[-59.86,3.58],[-59.6,3.8],[-59.53,3.94],[-59.74,4.2]]],[[[-58.42,6.97],[-58.33,6.97],[-58.39,6.92],[-58.44,6.9],[-58.42,6.97]]]],"type":"MultiPolygon"},"properties":{"name":"Guyana"},"type":"Feature"},{"geometry":{"coordinates":[[[[-73.65,18.06],[-73.71,18.09],[-73.68,18.11],[-73.58,18.08],[-73.65,18.06]]],[[[-73.66,18.21],[-73.65,18.26],[-73.83,18.14],[-73.79,18.03],[-73.88,18.03],[-74.11,18.25],[-74.37,18.3],[-74.49,18.43],[-74.42,18.62],[-74.26,18.67],[-73.8,18.54],[-73.59,18.58],[-73.71,18.55],[-73.65,18.5],[-72.9,18.43],[-72.72,18.44],[-72.6,18.56],[-72.35,18.53],[-72.33,18.68],[-72.55,18.79],[-72.81,19.05],[-72.71,19.12],[-72.8,19.23],[-72.71,19.29],[-72.77,19.38],[-72.7,19.45],[-73.0,19.6],[-73.41,19.64],[-73.47,19.72],[-73.37,19.82],[-73.42,19.82],[-73.17,19.94],[-72.78,19.94],[-72.39,19.81],[-72.33,19.72],[-72.22,19.79],[-71.82,19.66],[-71.84,19.71],[-71.76,19.71],[-71.7,19.41],[-71.78,19.33],[-71.64,19.15],[-71.87,18.96],[-71.73,18.88],[-71.72,18.77],[-71.84,18.62],[-72.01,18.6],[-71.91,18.43],[-71.71,18.31],[-71.78,18.04],[-72.07,18.24],[-72.89,18.14],[-73.66,18.21]]],[[[-73.77,18.59],[-73.8,18.63],[-73.74,18.64],[-73.77,18.59]]],[[[-73.22,18.97],[-72.99,18.89],[-72.85,18.83],[-72.81,18.72],[-73.3,18.91],[-73.22,18.97]]],[[[-72.64,19.98],[-72.96,20.06],[-72.82,20.09],[-72.64,19.98]]]],"type":"MultiPolygon"},"properties":{"name":"Haiti"},"type":"Feature"},{"geometry":{"coordinates":[[[73.81,-53.12],[73.47,-53.19],[73.24,-52.98],[73.81,-53.12]]],"type":"Polygon"},"properties":{"name":"Heard Island and McDonald Islands"},"type":"Feature"},{"geometry":{"coordinates":[[[[-87.67,13.28],[-87.62,13.29],[-87.62,13.25],[-87.67,13.28]]],[[[-87.59,13.3],[-87.66,13.33],[-87.63,13.37],[-87.59,13.3]]],[[[-87.7,13.81],[-87.82,13.92],[-88.02,13.87],[-88.1,13.99],[-88.24,13.99],[-88.29,13.91],[-88.5,13.85],[-88.5,13.98],[-88.84,14.1],[-89.11,14.4],[-89.36,14.42],[-89.16,14.58],[-89.23,14.85],[-89.16,15.06],[-87.95,15.87],[-87.59,15.94],[-87.48,15.79],[-87.35,15.85],[-86.92,15.76],[-86.37,15.77],[-85.93,15.94],[-85.92,16.0],[-86.01,16.03],[-85.7,15.98],[-85.49,15.87],[-85.0,15.99],[-84.68,15.88],[-84.66,15.77],[-84.45,15.8],[-84.64,15.86],[-84.29,15.81],[-83.73,15.4],[-84.0,15.54],[-84.1,15.55],[-84.09,15.48],[-84.13,15.55],[-84.21,15.55],[-83.94,15.26],[-83.82,15.27],[-84.03,15.41],[-83.81,15.32],[-83.76,15.2],[-83.62,15.3],[-83.61,15.3],[-83.7,15.4],[-83.41,15.27],[-83.28,15.07],[-83.13,15.0],[-83.51,15.01],[-83.62,14.87],[-83.92,14.76],[-84.11,14.79],[-84.17,14.71],[-84.26,14.76],[-84.27,14.68],[-84.36,14.72],[-84.48,14.62],[-84.7,14.67],[-84.79,14.82],[-84.9,14.82],[-85.05,14.66],[-85.03,14.59],[-85.15,14.56],[-85.17,14.32],[-85.73,13.97],[-85.74,13.82],[-85.93,13.91],[-86.02,14.06],[-86.34,13.76],[-86.77,13.75],[-86.7,13.3],[-86.91,13.24],[-86.92,13.09],[-87.04,12.98],[-87.31,12.98],[-87.3,13.1],[-87.42,13.11],[-87.51,13.29],[-87.4,13.41],[-87.62,13.37],[-87.62,13.47],[-87.69,13.37],[-87.82,13.41],[-87.72,13.46],[-87.7,13.81]],[[-83.53,15.28],[-83.53,15.21],[-83.59,15.24],[-83.62,15.18],[-83.48,15.22],[-83.53,15.3],[-83.61,15.3],[-83.53,15.28]]],[[[-86.96,16.07],[-87.0,16.08],[-86.87,16.12],[-86.96,16.07]]],[[[-86.33,16.43],[-86.18,16.43],[-86.6,16.27],[-86.33,16.43]]],[[[-85.86,16.45],[-85.95,16.4],[-85.88,16.5],[-85.82,16.5],[-85.86,16.45]]],[[[-83.94,17.41],[-83.94,17.42],[-83.91,17.41],[-83.94,17.41]]]],"type":"MultiPolygon"},"properties":{"name":"Honduras"},"type":"Feature"},{"geometry":{"coordinates":[[[[114.11,22.24],[114.15,22.2],[114.15,22.18],[114.11,22.24]]],[[[113.89,22.29],[114.05,22.34],[114.0,22.22],[113.84,22.23],[113.89,22.29]]],[[[114.24,22.28],[114.26,22.2],[114.21,22.19],[114.11,22.28],[114.24,22.28]]],[[[114.1,22.37],[113.9,22.41],[114.17,22.56],[114.34,22.51],[114.17,22.45],[114.21,22.4],[114.32,22.48],[114.4,22.44],[114.36,22.33],[114.26,22.36],[114.3,22.26],[114.1,22.37]]]],"type":"MultiPolygon"},"properties":{"name":"Hong Kong S.A.R."},"type":"Feature"},{"geometry":{"coordinates":[[[17.59,45.94],[17.29,45.98],[16.84,46.38],[16.52,46.5],[16.37,46.64],[16.33,46.84],[16.09,46.86],[16.27,47.0],[16.49,47.0],[16.42,47.02],[16.51,47.14],[16.41,47.19],[16.47,47.28],[16.43,47.4],[16.64,47.45],[16.69,47.54],[16.63,47.62],[16.41,47.66],[16.44,47.69],[16.57,47.75],[16.8,47.68],[17.08,47.71],[17.0,47.86],[17.18,48.02],[17.83,47.75],[18.69,47.78],[18.82,47.83],[18.74,47.97],[18.84,48.04],[19.43,48.09],[19.62,48.23],[19.93,48.13],[20.32,48.28],[20.48,48.53],[20.78,48.57],[21.11,48.49],[21.44,48.56],[21.76,48.33],[22.24,48.42],[22.36,48.24],[22.85,48.05],[22.88,47.95],[22.75,47.83],[22.27,47.72],[22.01,47.52],[22.0,47.39],[21.63,47.02],[21.5,46.7],[21.3,46.6],[21.28,46.42],[21.05,46.24],[20.82,46.27],[20.66,46.14],[20.47,46.17],[20.24,46.11],[19.55,46.16],[19.26,45.98],[19.09,46.02],[18.98,45.92],[18.66,45.91],[18.4,45.74],[17.66,45.84],[17.59,45.94]]],"type":"Polygon"},"properties":{"name":"Hungary"},"type":"Feature"},{"geometry":{"coordinates":[[[[-20.29,63.41],[-20.3,63.45],[-20.26,63.45],[-20.29,63.41]]],[[[-22.69,63.81],[-22.73,63.89],[-22.63,63.95],[-22.73,63.97],[-22.72,64.07],[-22.42,63.98],[-21.92,64.11],[-22.02,64.17],[-21.72,64.17],[-21.93,64.23],[-21.75,64.35],[-22.1,64.32],[-21.86,64.39],[-22.05,64.41],[-21.98,64.5],[-21.7,64.61],[-21.58,64.57],[-21.5,64.57],[-21.68,64.62],[-22.04,64.57],[-22.16,64.46],[-22.44,64.67],[-22.37,64.64],[-22.19,64.74],[-22.4,64.68],[-22.32,64.75],[-22.44,64.77],[-22.41,64.82],[-22.66,64.77],[-23.56,64.82],[-23.83,64.73],[-24.06,64.89],[-23.26,64.93],[-23.17,65.02],[-23.09,65.01],[-23.16,64.95],[-23.11,64.92],[-23.02,65.01],[-22.72,65.08],[-22.75,65.03],[-22.58,64.98],[-22.63,65.01],[-22.55,65.05],[-21.83,65.04],[-21.73,65.19],[-22.03,65.11],[-22.56,65.17],[-22.46,65.18],[-22.55,65.19],[-22.43,65.27],[-21.7,65.45],[-21.98,65.44],[-22.11,65.53],[-22.25,65.43],[-22.39,65.49],[-22.16,65.54],[-22.11,65.6],[-22.48,65.51],[-22.55,65.63],[-22.55,65.56],[-22.66,65.53],[-22.68,65.62],[-22.76,65.63],[-22.73,65.5],[-22.89,65.54],[-22.8,65.6],[-22.95,65.61],[-22.99,65.55],[-23.18,65.58],[-23.23,65.49],[-23.9,65.4],[-23.99,65.47],[-24.54,65.51],[-24.3,65.64],[-23.89,65.52],[-23.81,65.54],[-24.09,65.65],[-23.81,65.61],[-24.08,65.71],[-24.09,65.8],[-23.63,65.71],[-23.56,65.61],[-23.29,65.68],[-23.54,65.72],[-23.24,65.74],[-23.19,65.78],[-23.73,65.77],[-23.87,65.88],[-23.8,65.93],[-23.6,65.88],[-23.21,65.84],[-23.81,66.01],[-23.75,66.08],[-23.37,65.99],[-23.67,66.12],[-23.4,66.1],[-23.6,66.14],[-23.46,66.2],[-23.03,66.11],[-22.98,66.03],[-23.06,65.97],[-22.93,66.05],[-22.84,66.02],[-22.94,65.95],[-22.82,66.0],[-22.82,65.91],[-22.76,66.05],[-22.68,66.06],[-22.58,65.97],[-22.65,65.83],[-22.54,65.97],[-22.42,65.93],[-22.47,65.84],[-22.36,65.91],[-22.48,66.03],[-22.38,66.1],[-22.98,66.23],[-22.37,66.28],[-22.71,66.3],[-22.61,66.37],[-22.94,66.3],[-23.19,66.36],[-23.05,66.36],[-23.1,66.44],[-22.86,66.43],[-22.95,66.47],[-22.43,66.46],[-22.2,66.34],[-22.22,66.27],[-21.75,66.19],[-21.67,66.02],[-21.55,66.1],[-21.53,66.03],[-21.33,66.01],[-21.61,65.96],[-21.3,65.94],[-21.33,65.81],[-21.48,65.77],[-21.33,65.74],[-21.58,65.69],[-21.69,65.77],[-21.78,65.77],[-21.63,65.65],[-21.4,65.62],[-21.48,65.56],[-21.32,65.6],[-21.32,65.52],[-21.48,65.45],[-21.21,65.44],[-21.09,65.17],[-21.1,65.45],[-20.92,65.34],[-20.99,65.51],[-20.92,65.6],[-20.68,65.69],[-20.65,65.56],[-20.48,65.49],[-20.43,65.55],[-20.53,65.58],[-20.41,65.6],[-20.39,65.53],[-20.27,65.67],[-20.45,66.03],[-20.41,66.09],[-20.09,66.13],[-19.88,65.91],[-19.46,65.73],[-19.4,65.84],[-19.51,65.96],[-19.41,66.01],[-19.44,66.07],[-19.06,66.07],[-19.07,66.16],[-18.83,66.2],[-18.54,66.08],[-18.54,65.97],[-18.22,65.87],[-18.06,65.65],[-18.07,65.83],[-18.3,66.02],[-18.3,66.18],[-17.91,66.15],[-17.55,65.91],[-17.58,65.97],[-17.5,65.99],[-17.45,66.0],[-17.41,65.96],[-17.35,66.1],[-17.15,66.22],[-16.92,66.11],[-16.6,66.1],[-16.69,66.17],[-16.53,66.2],[-16.62,66.17],[-16.43,66.14],[-16.49,66.19],[-16.42,66.29],[-16.56,66.49],[-16.02,66.54],[-15.89,66.49],[-15.94,66.42],[-15.71,66.4],[-15.68,66.34],[-15.78,66.29],[-15.7,66.23],[-15.38,66.15],[-15.33,66.26],[-14.93,66.39],[-14.56,66.38],[-14.99,66.29],[-14.95,66.19],[-15.18,66.11],[-15.08,66.05],[-14.72,66.07],[-14.62,66.0],[-14.65,65.89],[-14.89,65.76],[-14.79,65.8],[-14.84,65.74],[-14.33,65.78],[-14.4,65.72],[-14.27,65.67],[-14.36,65.66],[-14.53,65.55],[-14.56,65.5],[-14.32,65.65],[-14.19,65.63],[-14.25,65.67],[-13.62,65.52],[-13.67,65.38],[-13.84,65.36],[-13.73,65.33],[-14.01,65.28],[-13.57,65.26],[-14.03,65.2],[-13.63,65.2],[-13.75,65.14],[-13.63,65.1],[-13.52,65.17],[-13.5,65.08],[-13.65,64.99],[-14.03,65.08],[-14.23,65.04],[-13.7,64.93],[-14.05,64.93],[-13.77,64.85],[-13.97,64.84],[-13.84,64.8],[-14.01,64.8],[-14.05,64.72],[-14.31,64.7],[-14.42,64.79],[-14.51,64.8],[-14.27,64.65],[-14.49,64.66],[-14.41,64.61],[-14.58,64.59],[-14.35,64.61],[-14.54,64.41],[-14.75,64.38],[-14.57,64.42],[-14.71,64.43],[-14.95,64.32],[-14.88,64.28],[-15.23,64.27],[-15.21,64.3],[-15.32,64.3],[-15.37,64.37],[-15.41,64.39],[-15.47,64.4],[-15.36,64.34],[-15.4,64.27],[-15.99,64.14],[-16.47,63.9],[-16.78,63.86],[-16.8,63.8],[-16.93,63.87],[-16.93,63.8],[-16.97,63.79],[-16.94,63.9],[-16.97,63.92],[-17.01,63.8],[-17.88,63.73],[-17.97,63.66],[-17.8,63.67],[-17.97,63.62],[-17.86,63.61],[-17.96,63.52],[-18.2,63.47],[-18.18,63.46],[-18.78,63.4],[-19.74,63.55],[-20.19,63.54],[-20.55,63.71],[-20.31,63.73],[-20.44,63.79],[-20.41,63.84],[-20.58,63.71],[-20.77,63.77],[-20.61,63.77],[-20.72,63.78],[-20.69,63.86],[-20.82,63.78],[-21.17,63.88],[-21.19,63.93],[-21.04,63.95],[-21.19,63.96],[-21.3,63.92],[-21.21,63.88],[-21.37,63.85],[-22.69,63.81]],[[-21.44,64.36],[-21.41,64.38],[-21.75,64.35],[-21.44,64.36]],[[-18.12,63.53],[-18.32,63.55],[-18.2,63.47],[-18.12,63.53]]],[[[-17.77,63.7],[-17.82,63.69],[-17.75,63.72],[-17.77,63.7]]],[[[-18.4,65.99],[-18.41,66.02],[-18.36,65.99],[-18.4,65.99]]],[[[-18.02,66.54],[-18.02,66.56],[-17.98,66.55],[-18.02,66.54]]]],"type":"MultiPolygon"},"properties":{"name":"Iceland"},"type":"Feature"},{"geometry":{"coordinates":[[[[73.03,8.25],[73.02,8.27],[73.08,8.32],[73.03,8.25]]],[[[74.83,12.82],[74.94,12.88],[74.82,12.86],[74.69,13.38],[74.67,13.63],[74.74,13.65],[74.69,13.71],[74.66,13.66],[74.5,14.03],[74.43,14.24],[74.51,14.25],[74.42,14.3],[74.35,14.53],[74.43,14.48],[74.36,14.57],[74.3,14.53],[74.34,14.61],[74.28,14.61],[74.25,14.72],[74.1,14.79],[74.24,14.88],[74.11,14.85],[73.91,15.08],[73.96,15.15],[73.89,15.34],[73.78,15.41],[73.97,15.37],[73.8,15.45],[73.87,15.54],[73.77,15.5],[73.74,15.57],[73.84,15.66],[73.72,15.63],[73.45,16.06],[73.49,16.19],[73.45,16.11],[73.3,16.53],[73.38,16.52],[73.31,16.6],[73.37,16.61],[73.19,17.31],[73.25,17.28],[73.13,17.56],[73.2,17.59],[73.12,17.63],[73.04,18.07],[72.93,18.22],[72.94,18.29],[73.06,18.19],[73.07,18.27],[72.91,18.36],[72.91,18.52],[73.01,18.47],[72.85,18.77],[72.93,18.83],[73.0,18.73],[72.98,18.87],[72.9,18.89],[73.06,19.02],[72.99,19.0],[72.97,19.16],[72.81,18.9],[72.78,19.3],[72.97,19.29],[73.03,19.21],[73.05,19.22],[72.99,19.3],[72.76,19.38],[72.75,19.48],[72.88,19.53],[72.72,19.54],[72.73,19.78],[72.68,19.75],[72.65,19.85],[72.95,20.76],[72.9,20.87],[72.84,20.84],[72.89,20.98],[72.77,21.02],[72.85,21.05],[72.81,21.13],[72.62,21.11],[72.73,21.2],[72.56,21.39],[72.75,21.45],[72.58,21.42],[72.82,21.64],[72.89,21.64],[73.13,21.76],[72.55,21.67],[72.57,21.85],[72.73,21.99],[72.54,21.91],[72.5,21.98],[72.58,22.19],[72.75,22.16],[72.92,22.27],[72.47,22.23],[72.39,22.25],[72.4,22.37],[72.33,22.26],[72.24,22.3],[72.15,22.28],[72.31,22.23],[72.31,22.08],[72.17,21.98],[72.1,22.01],[72.03,21.94],[72.16,21.93],[72.17,21.84],[72.06,21.9],[72.1,21.84],[72.0,21.86],[72.0,21.8],[72.17,21.79],[72.3,21.63],[72.1,21.21],[71.14,20.77],[70.74,20.72],[70.05,21.15],[68.94,22.3],[69.07,22.48],[69.07,22.4],[69.2,22.41],[69.21,22.27],[69.48,22.34],[69.52,22.45],[69.62,22.36],[69.73,22.48],[69.79,22.42],[69.97,22.54],[70.18,22.56],[70.38,22.9],[70.5,22.98],[70.5,23.1],[70.4,23.07],[70.39,22.94],[70.13,22.99],[70.14,22.93],[69.83,22.86],[69.72,22.75],[69.59,22.76],[68.87,23.02],[68.55,23.26],[68.61,23.33],[68.54,23.42],[68.42,23.45],[68.49,23.51],[68.41,23.49],[68.41,23.62],[68.82,23.88],[68.43,23.71],[68.33,23.59],[68.14,23.61],[68.28,23.67],[68.16,23.76],[68.26,23.94],[68.72,23.97],[68.75,24.33],[68.84,24.24],[68.9,24.32],[68.96,24.26],[69.56,24.28],[69.71,24.17],[69.97,24.17],[70.1,24.3],[70.42,24.4],[70.56,24.42],[70.57,24.27],[70.76,24.23],[71.08,24.41],[70.98,24.46],[70.95,24.58],[71.06,24.68],[70.85,25.16],[70.65,25.4],[70.65,25.67],[70.25,25.71],[70.06,25.98],[70.16,26.53],[69.82,26.58],[69.5,26.74],[69.53,27.13],[70.34,28.01],[70.53,28.02],[70.71,27.74],[70.83,27.7],[71.87,27.96],[71.91,28.14],[72.15,28.35],[72.35,28.77],[72.93,29.05],[73.23,29.54],[73.37,29.93],[73.94,30.19],[73.85,30.37],[74.32,30.89],[74.66,31.08],[74.51,31.18],[74.62,31.46],[74.49,31.71],[74.55,31.83],[74.83,32.03],[75.29,32.15],[75.36,32.26],[75.02,32.47],[74.69,32.47],[74.63,32.59],[74.69,32.83],[74.57,32.75],[74.35,32.77],[74.31,32.99],[74.0,33.18],[74.16,33.49],[73.97,33.73],[74.27,33.96],[73.89,34.05],[73.99,34.22],[73.77,34.37],[73.92,34.64],[74.35,34.77],[75.78,34.5],[76.02,34.68],[76.64,34.74],[76.76,34.92],[77.01,34.99],[77.04,35.11],[77.8,35.5],[77.88,35.43],[78.04,35.49],[78.0,35.27],[78.3,34.62],[78.66,34.53],[78.99,34.29],[78.73,34.08],[78.8,33.49],[79.08,33.3],[79.46,33.25],[79.33,32.99],[79.62,32.73],[79.44,32.53],[79.32,32.59],[79.11,32.47],[79.08,32.37],[78.94,32.35],[78.77,32.46],[78.74,32.63],[78.38,32.55],[78.46,32.23],[78.74,31.96],[78.67,31.77],[78.82,31.61],[78.7,31.51],[78.75,31.31],[78.92,31.27],[79.07,31.46],[79.13,31.44],[79.4,31.02],[79.58,30.94],[79.85,30.95],[80.22,30.73],[80.18,30.56],[80.6,30.46],[81.0,30.21],[80.87,30.2],[80.37,29.76],[80.39,29.6],[80.21,29.42],[80.26,29.2],[80.13,29.11],[80.04,28.84],[80.33,28.63],[80.49,28.56],[80.56,28.68],[80.91,28.44],[81.17,28.36],[81.3,28.13],[81.4,28.16],[81.86,27.85],[82.03,27.91],[82.4,27.68],[82.68,27.69],[82.75,27.49],[83.13,27.44],[83.28,27.33],[83.39,27.47],[83.85,27.35],[83.83,27.43],[84.12,27.51],[84.29,27.38],[84.61,27.31],[84.64,27.03],[84.82,27.01],[85.29,26.74],[85.61,26.85],[85.83,26.57],[86.01,26.65],[86.28,26.61],[86.71,26.41],[87.04,26.58],[87.11,26.4],[87.3,26.35],[87.42,26.43],[87.59,26.38],[87.87,26.46],[88.01,26.37],[88.17,26.74],[87.97,27.11],[88.02,27.49],[88.16,27.77],[88.1,27.93],[88.59,28.11],[88.8,28.01],[88.86,27.86],[88.74,27.53],[88.89,27.32],[88.73,27.15],[88.83,27.1],[88.85,26.95],[88.91,26.98],[89.1,26.82],[89.34,26.85],[89.81,26.7],[90.13,26.75],[90.35,26.9],[90.72,26.77],[91.3,26.77],[91.42,26.87],[91.52,26.8],[91.83,26.86],[91.88,26.8],[91.89,26.88],[92.07,26.89],[91.99,27.12],[92.09,27.29],[91.98,27.47],[91.73,27.46],[91.6,27.53],[91.64,27.78],[91.56,27.85],[91.95,27.72],[92.24,27.87],[92.3,27.79],[92.57,27.85],[92.74,27.99],[92.64,28.06],[92.68,28.13],[93.21,28.34],[93.19,28.43],[93.32,28.6],[93.45,28.67],[93.93,28.68],[93.99,28.84],[94.35,29.02],[94.29,29.15],[94.6,29.32],[94.78,29.17],[95.37,29.04],[95.49,29.07],[95.56,29.25],[95.72,29.22],[95.74,29.34],[96.14,29.37],[96.24,29.24],[96.37,29.26],[96.17,29.11],[96.2,28.94],[96.37,29.04],[96.46,28.99],[96.59,28.76],[96.3,28.42],[96.72,28.44],[96.97,28.33],[97.08,28.38],[97.32,28.22],[97.33,27.89],[97.22,27.9],[96.86,27.6],[96.88,27.44],[97.12,27.09],[96.87,27.17],[96.71,27.36],[96.14,27.26],[95.41,26.7],[95.12,26.61],[95.04,26.29],[95.15,26.05],[95.0,25.92],[95.01,25.74],[94.61,25.39],[94.55,25.2],[94.69,25.14],[94.71,25.03],[94.3,24.33],[94.13,23.86],[93.71,24.01],[93.46,23.96],[93.31,24.06],[93.43,23.68],[93.37,23.13],[93.27,23.01],[93.14,23.03],[93.18,22.88],[93.07,22.69],[93.17,22.26],[93.14,22.19],[93.02,22.2],[92.98,22.0],[92.88,21.96],[92.68,22.15],[92.58,21.98],[92.5,22.7],[92.36,22.93],[92.26,23.71],[92.19,23.65],[92.15,23.73],[92.02,23.64],[91.92,23.72],[91.94,23.5],[91.74,23.27],[91.8,23.09],[91.59,22.94],[91.39,23.26],[91.37,23.06],[91.31,23.1],[91.29,23.36],[91.14,23.63],[91.36,24.1],[91.58,24.1],[91.63,24.22],[91.7,24.14],[91.73,24.23],[91.88,24.16],[91.9,24.34],[92.11,24.41],[92.22,24.89],[92.38,24.84],[92.48,24.93],[92.03,25.18],[91.64,25.12],[91.24,25.2],[90.36,25.15],[89.82,25.28],[89.83,25.98],[89.65,26.22],[89.56,26.14],[89.61,26.07],[89.54,25.96],[89.34,26.0],[89.12,26.15],[89.04,26.38],[88.94,26.44],[88.89,26.39],[89.02,26.23],[88.66,26.26],[88.71,26.33],[88.66,26.42],[88.37,26.61],[88.32,26.47],[88.46,26.45],[88.5,26.35],[88.16,26.14],[88.09,25.83],[88.26,25.79],[88.53,25.5],[88.77,25.5],[88.84,25.33],[88.98,25.28],[88.92,25.17],[88.44,25.19],[88.32,24.87],[88.11,24.92],[88.02,24.65],[88.11,24.5],[88.48,24.32],[88.74,24.29],[88.68,24.15],[88.71,23.93],[88.58,23.86],[88.54,23.65],[88.77,23.49],[88.7,23.25],[88.96,23.2],[88.84,22.98],[88.94,22.85],[88.93,22.55],[89.08,22.15],[89.06,21.94],[88.91,21.97],[89.08,21.62],[88.89,21.65],[88.86,21.77],[88.86,21.64],[88.81,21.69],[88.79,21.57],[88.71,21.58],[88.76,22.13],[88.63,21.95],[88.68,22.18],[88.66,22.21],[88.57,21.85],[88.56,21.77],[88.63,21.75],[88.57,21.56],[88.49,21.56],[88.53,21.8],[88.5,21.95],[88.46,21.62],[88.39,21.6],[88.33,21.72],[88.31,21.61],[88.3,21.76],[88.26,21.8],[88.31,21.57],[88.25,21.55],[88.15,21.96],[88.2,22.17],[88.01,22.24],[87.94,22.41],[87.91,22.42],[87.97,22.24],[88.13,22.18],[88.16,22.09],[87.83,21.73],[87.2,21.55],[86.92,21.33],[86.84,21.08],[86.97,20.81],[86.88,20.78],[87.04,20.7],[86.75,20.49],[86.72,20.37],[86.81,20.42],[86.69,20.29],[86.75,20.31],[86.5,20.18],[86.43,20.0],[86.15,20.14],[86.37,19.96],[85.48,19.67],[85.43,19.7],[85.58,19.75],[85.57,19.88],[85.44,19.9],[85.27,19.78],[85.12,19.48],[85.25,19.66],[85.39,19.69],[85.33,19.58],[85.58,19.69],[85.18,19.48],[84.79,19.12],[84.74,19.15],[84.74,19.03],[84.11,18.3],[83.45,17.92],[83.34,17.72],[83.25,17.72],[83.3,17.66],[83.24,17.59],[82.39,17.13],[82.25,16.93],[82.31,16.85],[82.35,16.96],[82.37,16.91],[82.31,16.58],[81.76,16.32],[81.41,16.38],[81.26,16.33],[81.01,15.78],[80.91,15.85],[80.9,16.03],[80.81,15.72],[80.78,15.88],[80.67,15.91],[80.28,15.7],[80.05,15.09],[80.14,14.57],[80.2,14.57],[80.17,14.34],[80.05,14.21],[80.14,14.23],[80.31,13.44],[80.33,13.43],[80.33,13.2],[80.18,12.53],[79.94,12.22],[80.01,12.24],[79.79,11.77],[79.75,11.58],[79.82,11.38],[79.75,11.37],[79.68,11.3],[79.83,11.34],[79.86,10.29],[79.56,10.3],[79.59,10.34],[79.29,10.25],[79.28,10.04],[78.91,9.47],[79.07,9.3],[79.34,9.32],[79.45,9.16],[78.99,9.28],[78.41,9.1],[78.18,8.88],[78.16,8.75],[78.22,8.77],[78.11,8.66],[78.06,8.36],[77.57,8.08],[77.24,8.18],[76.54,8.91],[76.67,9.01],[76.53,8.95],[76.36,9.33],[76.31,9.49],[76.24,9.95],[76.25,9.96],[76.39,9.68],[76.36,9.52],[76.5,9.53],[76.41,9.57],[76.39,9.84],[76.18,10.11],[76.24,10.24],[76.15,10.22],[75.74,11.37],[75.31,11.93],[75.4,11.92],[75.39,11.97],[75.19,12.04],[74.83,12.82]],[[80.14,13.73],[80.14,13.62],[80.09,13.69],[80.05,13.62],[80.12,13.5],[80.31,13.44],[80.14,13.73]]],[[[72.78,11.19],[72.77,11.22],[72.78,11.22],[72.78,11.19]]],[[[73.01,11.5],[73.01,11.48],[73.0,11.5],[73.01,11.5]]],[[[80.87,15.81],[80.89,15.85],[80.99,15.77],[80.87,15.81]]],[[[88.84,21.53],[88.84,21.61],[88.91,21.57],[88.84,21.53]]],[[[88.04,21.67],[88.15,21.87],[88.17,21.77],[88.14,21.66],[88.04,21.67]]],[[[88.59,21.8],[88.65,21.93],[88.67,21.91],[88.59,21.8]]],[[[88.13,21.92],[88.08,21.85],[88.07,21.87],[88.13,21.92]]],[[[93.81,6.75],[93.77,6.92],[93.65,7.01],[93.68,7.18],[93.81,7.24],[93.93,7.01],[93.81,6.75]]],[[[93.59,7.31],[93.7,7.45],[93.73,7.35],[93.64,7.26],[93.59,7.31]]],[[[93.34,7.89],[93.32,8.0],[93.39,8.02],[93.45,7.87],[93.34,7.89]]],[[[93.56,8.01],[93.57,7.92],[93.52,7.97],[93.56,8.01]]],[[[93.45,8.16],[93.52,8.23],[93.54,8.05],[93.48,8.0],[93.45,8.16]]],[[[93.07,8.27],[93.08,8.36],[93.18,8.21],[93.07,8.27]]],[[[93.59,8.56],[93.61,8.57],[93.63,8.49],[93.61,8.44],[93.59,8.56]]],[[[92.76,9.26],[92.83,9.2],[92.8,9.11],[92.71,9.18],[92.76,9.26]]],[[[92.51,10.51],[92.38,10.53],[92.38,10.78],[92.53,10.9],[92.6,10.71],[92.51,10.51]]],[[[92.59,11.38],[92.64,11.51],[92.7,11.45],[92.59,11.38]]],[[[92.22,11.6],[92.28,11.58],[92.27,11.53],[92.22,11.6]]],[[[92.95,11.99],[92.98,12.04],[93.07,11.9],[92.95,11.99]]],[[[93.06,12.14],[93.08,12.2],[93.1,12.19],[93.1,12.1],[93.06,12.14]]],[[[93.87,12.27],[93.85,12.26],[93.85,12.27],[93.87,12.27]]],[[[93.02,13.03],[92.94,13.07],[92.95,12.97],[92.88,12.92],[92.96,12.86],[92.99,12.52],[92.94,12.42],[92.85,12.43],[92.92,12.34],[92.89,12.21],[92.76,12.08],[92.74,11.88],[92.76,11.94],[92.8,11.9],[92.68,11.65],[92.76,11.66],[92.72,11.49],[92.52,11.86],[92.57,11.93],[92.62,11.87],[92.68,12.22],[92.79,12.21],[92.72,12.36],[92.78,12.66],[92.74,12.81],[92.83,13.0],[92.85,13.34],[93.01,13.58],[93.08,13.41],[92.98,13.35],[93.08,13.26],[93.02,13.03]]],[[[92.68,12.8],[92.72,12.99],[92.74,12.96],[92.68,12.8]]],[[[94.26,13.43],[94.28,13.44],[94.29,13.42],[94.26,13.43]]],[[[93.04,13.66],[93.05,13.64],[92.99,13.67],[93.04,13.66]]]],"type":"MultiPolygon"},"properties":{"name":"India"},"type":"Feature"},{"geometry":{"coordinates":[[[[96.89,-12.19],[96.92,-12.16],[96.91,-12.19],[96.89,-12.19]]],[[[96.83,-12.18],[96.82,-12.13],[96.87,-12.19],[96.83,-12.18]]],[[[105.69,-10.56],[105.58,-10.52],[105.59,-10.45],[105.71,-10.45],[105.69,-10.56]]]],"type":"MultiPolygon"},"properties":{"name":"Indian Ocean Territories"},"type":"Feature"},{"geometry":{"coordinates":[[[[102.28,-5.5],[102.1,-5.33],[102.17,-5.28],[102.39,-5.38],[102.39,-5.48],[102.28,-5.5]]],[[[103.41,-4.87],[102.31,-3.99],[102.22,-3.64],[101.61,-3.22],[101.33,-2.74],[101.1,-2.59],[100.92,-2.33],[100.83,-2.16],[100.86,-1.89],[100.65,-1.62],[100.57,-1.33],[100.41,-1.26],[100.42,-1.05],[100.3,-0.82],[99.82,-0.31],[99.75,-0.03],[99.34,0.24],[99.14,0.26],[99.1,0.6],[98.71,1.56],[98.82,1.63],[98.77,1.75],[98.69,1.74],[98.54,1.94],[97.96,2.27],[97.74,2.28],[97.66,2.41],[97.6,2.87],[97.41,2.94],[96.88,3.68],[96.48,3.78],[96.2,4.12],[95.57,4.64],[95.2,5.29],[95.21,5.57],[95.43,5.65],[95.61,5.63],[95.89,5.51],[96.09,5.3],[96.41,5.22],[96.97,5.27],[97.23,5.15],[97.53,5.24],[97.91,4.89],[98.0,4.55],[98.28,4.43],[98.27,4.21],[98.18,4.11],[98.26,4.18],[98.31,4.08],[98.68,3.91],[98.8,3.73],[99.75,3.18],[99.98,2.95],[99.95,2.7],[100.01,2.6],[99.97,2.7],[100.05,2.73],[100.13,2.53],[100.12,2.66],[100.21,2.71],[100.43,2.27],[100.81,2.04],[100.95,1.83],[100.8,2.21],[100.89,2.3],[101.05,2.29],[101.32,2.02],[101.43,1.71],[101.75,1.66],[102.12,1.39],[102.21,1.02],[102.43,0.8],[102.55,0.74],[102.88,0.73],[103.08,0.52],[103.07,0.44],[102.58,0.18],[102.5,0.24],[102.43,0.25],[102.58,0.16],[102.9,0.27],[103.36,0.54],[103.74,0.28],[103.8,-0.01],[103.58,-0.01],[103.58,-0.1],[103.27,-0.26],[103.49,-0.21],[103.35,-0.37],[103.6,-0.44],[103.42,-0.52],[103.37,-0.45],[103.42,-0.58],[103.35,-0.7],[103.83,-1.07],[103.96,-0.98],[104.21,-1.07],[104.38,-1.03],[104.54,-1.76],[104.5,-1.94],[104.56,-1.86],[104.64,-1.92],[104.59,-2.02],[104.81,-2.01],[104.88,-2.13],[104.76,-2.33],[104.61,-2.4],[104.71,-2.37],[104.71,-2.56],[104.57,-2.66],[104.53,-2.77],[104.73,-2.59],[104.86,-2.29],[104.93,-2.37],[105.61,-2.4],[105.63,-2.62],[105.78,-2.69],[105.84,-2.93],[106.03,-2.98],[106.08,-3.22],[105.9,-3.41],[105.82,-3.67],[105.95,-3.83],[105.81,-4.24],[105.91,-4.47],[105.91,-4.94],[105.83,-5.65],[105.73,-5.9],[105.28,-5.44],[105.18,-5.58],[105.16,-5.79],[104.68,-5.51],[104.55,-5.51],[104.72,-5.92],[104.56,-5.93],[103.9,-5.22],[103.89,-5.1],[103.41,-4.87]]],[[[100.19,-2.97],[100.23,-2.77],[100.47,-3.02],[100.46,-3.13],[100.38,-3.15],[100.48,-3.32],[100.19,-2.97]]],[[[100.02,-2.83],[99.98,-2.48],[100.2,-2.68],[100.02,-2.83]]],[[[99.6,-2.27],[99.53,-2.15],[99.56,-2.03],[99.69,-2.07],[99.83,-2.35],[99.6,-2.27]]],[[[99.25,-1.77],[99.12,-1.8],[98.83,-1.61],[98.59,-1.2],[98.67,-0.95],[98.94,-0.96],[99.13,-1.45],[99.27,-1.6],[99.27,-1.74],[99.21,-1.62],[99.25,-1.77]]],[[[98.28,-0.53],[98.43,-0.24],[98.51,-0.36],[98.5,-0.57],[98.28,-0.53]]],[[[103.55,-0.38],[103.46,-0.33],[103.57,-0.22],[103.76,-0.3],[103.55,-0.38]]],[[[98.55,-0.38],[98.3,-0.01],[98.44,-0.05],[98.55,-0.38]]],[[[98.84,0.08],[98.69,0.07],[98.52,0.15],[98.84,0.14],[98.84,0.08]]],[[[102.88,0.32],[102.93,0.31],[102.88,0.28],[102.88,0.32]]],[[[103.18,0.7],[103.25,0.69],[103.3,0.55],[103.14,0.54],[103.18,0.7]]],[[[103.04,0.66],[103.08,0.57],[103.06,0.59],[103.04,0.66]]],[[[103.47,0.65],[103.52,0.7],[103.5,0.63],[103.47,0.65]]],[[[104.27,0.68],[104.28,0.63],[104.27,0.63],[104.22,0.7],[104.27,0.68]]],[[[104.27,0.8],[104.3,0.71],[104.21,0.72],[104.27,0.8]]],[[[103.08,0.78],[103.11,0.79],[103.09,0.72],[103.08,0.78]]],[[[103.34,0.8],[103.39,0.89],[103.51,0.74],[103.4,0.68],[103.34,0.8]]],[[[103.67,0.82],[103.67,0.84],[103.72,0.77],[103.67,0.82]]],[[[103.51,0.83],[103.52,0.78],[103.43,0.85],[103.51,0.83]]],[[[103.85,0.84],[103.82,0.89],[103.94,0.78],[103.85,0.84]]],[[[103.73,0.85],[103.74,0.89],[103.83,0.82],[103.73,0.85]]],[[[104.09,0.88],[104.1,0.95],[104.27,0.86],[104.18,0.8],[104.09,0.88]]],[[[103.46,0.92],[103.48,0.88],[103.46,0.87],[103.46,0.92]]],[[[102.89,0.79],[102.46,0.83],[102.41,0.87],[102.5,0.95],[102.47,1.11],[102.53,1.14],[102.61,1.01],[102.66,1.0],[102.76,1.01],[103.02,0.85],[103.02,0.7],[102.89,0.79]]],[[[103.85,0.98],[103.84,1.01],[103.95,0.99],[103.92,0.93],[103.85,0.98]]],[[[102.77,1.04],[102.62,1.02],[102.8,1.16],[103.04,1.04],[103.17,0.86],[102.77,1.04]]],[[[97.83,0.56],[97.7,0.57],[97.61,0.82],[97.4,0.94],[97.25,1.27],[97.06,1.42],[97.26,1.42],[97.35,1.55],[97.49,1.48],[97.69,1.19],[97.9,1.04],[97.83,0.56]]],[[[103.32,1.09],[103.39,1.13],[103.44,1.0],[103.32,1.09]]],[[[104.05,0.98],[103.9,1.09],[104.12,1.19],[104.05,0.98]]],[[[102.37,0.94],[102.24,1.08],[102.22,1.41],[102.47,1.24],[102.45,1.08],[102.46,0.96],[102.37,0.94]]],[[[102.22,1.41],[102.1,1.48],[102.01,1.62],[102.46,1.52],[102.51,1.28],[102.22,1.41]]],[[[98.46,1.71],[98.6,1.63],[98.53,1.62],[98.46,1.71]]],[[[101.63,1.71],[101.49,1.74],[101.4,1.91],[101.42,2.04],[101.68,2.11],[101.77,1.99],[101.73,1.8],[101.63,1.71]]],[[[97.14,2.09],[97.12,2.01],[97.1,2.02],[97.08,2.09],[97.14,2.09]]],[[[96.63,2.13],[96.67,2.1],[96.62,2.07],[96.63,2.13]]],[[[97.21,2.18],[97.1,2.21],[97.28,2.23],[97.32,2.03],[97.21,2.18]]],[[[96.04,2.59],[95.79,2.65],[95.69,2.81],[95.79,2.94],[96.13,2.73],[96.1,2.65],[96.16,2.68],[96.38,2.47],[96.42,2.51],[96.48,2.36],[96.04,2.59]]],[[[95.14,5.66],[95.19,5.61],[95.16,5.59],[95.14,5.66]]],[[[95.01,5.74],[95.03,5.76],[95.13,5.69],[95.01,5.74]]],[[[95.29,5.79],[95.21,5.91],[95.34,5.9],[95.36,5.8],[95.29,5.79]]],[[[113.29,-8.43],[113.41,-8.47],[113.37,-8.49],[113.29,-8.43]]],[[[109.91,-7.84],[109.37,-7.71],[109.01,-7.73],[108.87,-7.61],[108.33,-7.82],[107.86,-7.75],[107.41,-7.5],[106.52,-7.41],[106.38,-7.31],[106.54,-7.05],[106.51,-6.96],[106.33,-7.0],[105.98,-6.82],[105.27,-6.85],[105.22,-6.77],[105.36,-6.66],[105.49,-6.81],[105.64,-6.48],[105.78,-6.51],[105.87,-6.11],[106.05,-5.88],[106.16,-6.01],[106.3,-5.95],[106.47,-6.03],[106.69,-6.01],[106.79,-6.1],[107.01,-6.07],[107.04,-5.91],[107.35,-5.98],[107.47,-6.15],[107.68,-6.24],[107.89,-6.19],[108.09,-6.33],[108.19,-6.23],[108.36,-6.25],[108.54,-6.49],[108.61,-6.76],[108.94,-6.85],[109.02,-6.79],[109.35,-6.88],[109.49,-6.8],[109.94,-6.92],[110.18,-6.86],[110.38,-6.98],[110.57,-6.84],[110.67,-6.5],[111.01,-6.42],[111.14,-6.69],[111.37,-6.71],[111.49,-6.62],[111.74,-6.78],[111.98,-6.78],[112.08,-6.91],[112.58,-6.87],[112.68,-7.17],[112.6,-7.19],[112.82,-7.26],[112.76,-7.53],[113.13,-7.73],[113.32,-7.79],[113.53,-7.7],[113.79,-7.73],[114.05,-7.61],[114.39,-7.76],[114.47,-7.83],[114.38,-8.52],[114.41,-8.45],[114.45,-8.6],[114.62,-8.74],[114.37,-8.74],[114.39,-8.66],[114.3,-8.61],[113.98,-8.62],[113.24,-8.28],[112.67,-8.45],[111.97,-8.28],[111.79,-8.26],[111.7,-8.37],[110.6,-8.15],[109.91,-7.84]]],[[[108.8,-7.7],[109.05,-7.77],[109.04,-7.78],[108.8,-7.7]]],[[[114.27,-7.1],[114.29,-7.05],[114.39,-7.18],[114.27,-7.1]]],[[[113.87,-7.13],[113.61,-7.13],[113.51,-7.25],[113.17,-7.22],[113.12,-7.14],[113.13,-7.23],[112.73,-7.16],[112.69,-7.06],[112.92,-6.89],[113.92,-6.86],[114.11,-6.95],[113.87,-7.13]]],[[[105.18,-6.58],[105.26,-6.53],[105.18,-6.67],[105.18,-6.58]]],[[[110.43,-5.84],[110.47,-5.84],[110.44,-5.88],[110.43,-5.84]]],[[[112.6,-5.84],[112.65,-5.73],[112.74,-5.76],[112.69,-5.85],[112.6,-5.84]]],[[[104.85,-5.77],[104.84,-5.82],[104.79,-5.79],[104.85,-5.77]]],[[[106.81,-2.89],[106.92,-2.95],[106.86,-3.03],[106.76,-2.98],[106.81,-2.89]]],[[[107.41,-2.95],[107.34,-2.89],[107.46,-2.82],[107.5,-2.85],[107.41,-2.95]]],[[[108.21,-3.14],[108.06,-3.23],[107.98,-3.24],[107.87,-3.05],[107.82,-3.17],[107.6,-3.23],[107.61,-2.92],[107.55,-2.92],[107.67,-2.56],[107.83,-2.53],[108.2,-2.68],[108.29,-2.85],[108.21,-3.14]]],[[[107.06,-2.82],[107.1,-2.86],[107.08,-2.91],[107.02,-2.88],[107.06,-2.82]]],[[[106.6,-2.91],[106.75,-3.07],[106.53,-3.11],[106.44,-2.97],[105.99,-2.82],[105.91,-2.67],[105.94,-2.5],[105.83,-2.4],[105.78,-2.15],[105.57,-2.07],[105.31,-2.14],[105.15,-2.08],[105.14,-1.97],[105.4,-1.78],[105.35,-1.65],[105.57,-1.53],[105.7,-1.66],[105.66,-1.74],[105.81,-1.79],[105.7,-1.53],[105.91,-1.49],[106.04,-1.58],[106.18,-1.89],[106.29,-2.39],[106.4,-2.48],[106.83,-2.57],[106.6,-2.91]]],[[[108.72,-1.69],[108.78,-1.7],[108.68,-1.71],[108.72,-1.69]]],[[[108.81,-1.57],[108.96,-1.57],[108.93,-1.64],[108.83,-1.66],[108.81,-1.57]]],[[[114.15,-3.38],[114.12,-3.19],[114.04,-3.36],[113.63,-3.46],[113.61,-3.17],[113.37,-3.25],[113.3,-3.16],[113.35,-3.27],[113.04,-2.92],[112.94,-3.11],[113.02,-3.16],[112.64,-3.42],[112.2,-3.33],[111.91,-3.57],[111.81,-3.53],[111.83,-3.06],[111.75,-2.74],[111.7,-2.94],[111.57,-3.02],[111.36,-2.92],[110.99,-3.09],[110.75,-3.03],[110.96,-2.88],[110.66,-3.08],[110.55,-2.87],[110.26,-3.0],[110.16,-2.62],[110.28,-2.52],[110.16,-2.44],[110.09,-1.95],[109.9,-1.83],[110.03,-1.65],[110.04,-1.3],[109.74,-0.97],[109.76,-0.87],[109.68,-0.98],[109.53,-0.86],[109.28,-0.86],[109.26,-0.67],[109.47,-0.74],[109.51,-0.72],[109.36,-0.65],[109.4,-0.6],[109.12,-0.5],[109.05,-0.23],[109.22,-0.24],[109.16,0.02],[109.3,0.01],[109.1,0.24],[108.93,0.32],[108.86,0.83],[108.98,0.96],[108.92,1.16],[109.14,1.25],[109.27,1.39],[108.99,1.22],[109.07,1.53],[109.27,1.69],[109.34,1.94],[109.65,2.08],[109.53,1.89],[109.64,1.78],[109.66,1.6],[110.17,1.17],[110.26,0.99],[110.51,0.86],[111.2,1.08],[111.5,0.96],[111.62,1.03],[111.82,1.01],[111.91,1.11],[112.09,1.14],[112.16,1.43],[112.47,1.57],[112.97,1.57],[113.02,1.51],[112.96,1.42],[113.52,1.31],[113.62,1.23],[113.91,1.44],[114.17,1.42],[114.37,1.51],[114.55,1.43],[114.68,1.84],[114.83,1.9],[114.78,2.25],[115.21,2.51],[115.06,2.61],[115.07,2.83],[115.24,3.04],[115.31,2.99],[115.46,3.03],[115.52,3.36],[115.6,3.43],[115.54,3.92],[115.83,4.38],[116.02,4.27],[116.13,4.38],[116.31,4.38],[116.41,4.29],[116.52,4.4],[116.59,4.33],[117.22,4.35],[117.57,4.16],[117.37,4.17],[117.69,3.91],[117.65,3.9],[117.57,3.93],[117.52,3.93],[117.72,3.86],[117.78,3.78],[117.7,3.78],[117.83,3.72],[117.63,3.63],[117.47,3.79],[117.51,3.61],[117.09,3.65],[117.03,3.59],[117.2,3.62],[117.2,3.55],[117.24,3.49],[117.45,3.43],[117.36,3.24],[117.27,3.23],[117.62,3.09],[117.56,2.98],[117.69,2.96],[117.54,2.92],[117.74,2.9],[117.62,2.83],[117.78,2.76],[117.83,2.61],[118.08,2.34],[118.06,2.22],[117.91,2.09],[117.83,2.11],[117.9,2.05],[117.74,2.04],[117.87,1.99],[117.92,1.82],[118.43,1.49],[118.46,1.39],[118.61,1.35],[119.01,0.98],[118.8,0.8],[118.38,0.8],[118.1,0.91],[117.89,1.11],[118.03,0.8],[117.9,0.84],[117.74,0.74],[117.47,0.11],[117.53,-0.03],[117.44,-0.24],[117.5,-0.35],[117.44,-0.53],[117.63,-0.42],[117.55,-0.69],[117.48,-0.7],[117.63,-0.77],[117.34,-0.9],[117.28,-0.81],[116.96,-1.24],[116.82,-1.26],[116.74,-1.02],[116.76,-1.37],[116.57,-1.45],[116.54,-1.62],[116.22,-1.79],[116.42,-1.77],[116.47,-1.91],[116.46,-2.04],[116.28,-2.17],[116.6,-2.22],[116.52,-2.55],[116.3,-2.53],[116.3,-2.61],[116.39,-2.57],[116.29,-2.99],[116.23,-3.0],[116.14,-2.82],[116.11,-3.0],[116.26,-3.14],[116.11,-3.25],[115.97,-3.61],[114.66,-4.18],[114.61,-4.13],[114.61,-3.68],[114.52,-3.52],[114.55,-3.35],[114.48,-3.5],[114.29,-3.42],[114.35,-3.25],[114.15,-3.38]]],[[[109.1,-1.29],[109.18,-1.27],[109.14,-1.31],[109.1,-1.29]]],[[[109.22,-1.19],[109.26,-1.17],[109.25,-1.21],[109.22,-1.19]]],[[[109.43,-1.27],[109.46,-0.99],[109.74,-1.0],[109.78,-1.13],[109.43,-1.27]]],[[[104.42,-0.57],[104.36,-0.66],[104.25,-0.46],[104.33,-0.35],[104.34,-0.43],[104.47,-0.33],[104.59,-0.45],[104.51,-0.61],[104.42,-0.57]]],[[[104.42,-0.32],[104.4,-0.28],[104.49,-0.27],[104.42,-0.32]]],[[[104.71,-0.21],[104.54,-0.27],[104.45,-0.22],[104.54,0.02],[104.77,-0.19],[104.85,-0.14],[105.01,-0.28],[104.93,-0.31],[104.71,-0.21]]],[[[104.4,0.12],[104.41,0.18],[104.5,0.07],[104.4,0.12]]],[[[104.6,0.1],[104.49,0.24],[104.7,0.03],[104.6,0.1]]],[[[104.37,0.32],[104.34,0.37],[104.42,0.31],[104.37,0.32]]],[[[104.75,0.74],[104.74,0.72],[104.72,0.74],[104.75,0.74]]],[[[104.51,0.75],[104.54,0.8],[104.62,0.79],[104.51,0.75]]],[[[104.64,0.85],[104.65,0.86],[104.66,0.82],[104.64,0.85]]],[[[104.83,0.96],[104.79,1.02],[104.84,1.02],[104.83,0.96]]],[[[107.54,1.03],[107.6,1.02],[107.56,0.97],[107.54,1.03]]],[[[104.6,0.84],[104.48,0.86],[104.42,0.96],[104.49,1.03],[104.27,1.0],[104.23,1.09],[104.58,1.23],[104.66,0.93],[104.6,0.84]]],[[[108.97,2.56],[109.11,2.52],[109.03,2.49],[108.97,2.56]]],[[[106.23,2.81],[106.24,2.73],[106.22,2.76],[106.23,2.81]]],[[[108.78,2.89],[108.86,3.0],[108.9,2.98],[108.88,2.88],[108.78,2.89]]],[[[105.7,2.85],[105.69,3.06],[105.85,2.98],[105.7,2.85]]],[[[107.81,2.99],[107.75,2.98],[107.75,3.01],[107.81,2.99]]],[[[106.21,3.23],[106.24,3.23],[106.29,3.09],[106.21,3.23]]],[[[106.23,3.26],[106.29,3.37],[106.29,3.26],[106.23,3.26]]],[[[108.09,3.7],[108.19,3.79],[108.28,3.73],[108.26,3.79],[108.06,3.86],[107.98,4.01],[108.22,4.24],[108.4,3.99],[108.32,3.69],[108.09,3.7]]],[[[107.94,4.71],[108.01,4.77],[107.99,4.69],[107.94,4.71]]],[[[121.56,-10.6],[121.63,-10.6],[121.57,-10.64],[121.56,-10.6]]],[[[121.86,-10.6],[121.69,-10.56],[121.92,-10.42],[122.01,-10.47],[121.86,-10.6]]],[[[120.47,-10.31],[120.16,-10.22],[119.97,-9.98],[119.63,-9.77],[119.1,-9.72],[118.94,-9.53],[119.17,-9.39],[119.8,-9.38],[119.96,-9.29],[120.09,-9.46],[120.23,-9.49],[120.27,-9.64],[120.48,-9.64],[120.81,-9.98],[120.83,-10.09],[120.47,-10.31]]],[[[115.47,-8.73],[115.52,-8.67],[115.62,-8.74],[115.56,-8.8],[115.47,-8.73]]],[[[119.7,-8.8],[119.61,-8.77],[119.63,-8.6],[119.7,-8.67],[119.79,-8.62],[119.7,-8.8]]],[[[119.11,-8.75],[118.9,-8.69],[118.7,-8.75],[118.93,-8.85],[118.71,-8.8],[118.47,-8.87],[118.39,-8.8],[118.41,-8.58],[118.16,-8.87],[117.73,-8.91],[117.39,-9.05],[117.19,-9.02],[117.07,-9.1],[116.73,-8.96],[116.82,-8.8],[116.75,-8.67],[116.84,-8.51],[117.2,-8.36],[117.43,-8.48],[117.44,-8.41],[117.56,-8.41],[117.59,-8.51],[117.62,-8.44],[117.81,-8.72],[117.97,-8.75],[118.07,-8.66],[118.28,-8.64],[117.71,-8.24],[117.74,-8.15],[117.92,-8.09],[118.15,-8.13],[118.31,-8.37],[118.46,-8.25],[118.65,-8.29],[118.67,-8.55],[118.75,-8.33],[118.99,-8.31],[119.04,-8.63],[119.17,-8.56],[119.11,-8.75]]],[[[119.46,-8.6],[119.47,-8.74],[119.37,-8.73],[119.42,-8.44],[119.56,-8.49],[119.57,-8.59],[119.46,-8.6]]],[[[116.5,-8.8],[116.57,-8.9],[116.45,-8.92],[116.46,-8.83],[116.4,-8.95],[116.07,-8.86],[116.02,-8.91],[115.83,-8.79],[115.85,-8.72],[116.09,-8.74],[116.03,-8.45],[116.38,-8.2],[116.71,-8.32],[116.5,-8.8]]],[[[122.8,-8.44],[122.81,-8.61],[122.45,-8.73],[122.11,-8.73],[121.65,-8.91],[121.58,-8.82],[121.4,-8.79],[121.34,-8.92],[120.99,-8.94],[120.83,-8.82],[120.75,-8.87],[120.58,-8.79],[120.28,-8.83],[120.17,-8.77],[119.91,-8.87],[119.81,-8.74],[119.87,-8.41],[119.99,-8.45],[120.42,-8.23],[120.98,-8.34],[121.5,-8.6],[121.63,-8.47],[121.89,-8.49],[122.02,-8.43],[122.04,-8.51],[122.29,-8.63],[122.48,-8.59],[122.49,-8.48],[122.6,-8.4],[122.88,-8.29],[122.94,-8.19],[122.74,-8.22],[122.88,-8.07],[123.03,-8.3],[122.8,-8.44]]],[[[115.32,-8.62],[115.2,-8.75],[115.23,-8.83],[115.11,-8.85],[115.16,-8.66],[114.93,-8.47],[114.57,-8.36],[114.45,-8.1],[114.86,-8.19],[115.22,-8.06],[115.5,-8.17],[115.69,-8.34],[115.6,-8.5],[115.32,-8.62]]],[[[121.73,-8.29],[121.74,-8.33],[121.71,-8.35],[121.73,-8.29]]],[[[117.55,-8.38],[117.49,-8.36],[117.49,-8.18],[117.66,-8.15],[117.55,-8.38]]],[[[119.02,-8.19],[119.09,-8.13],[119.14,-8.19],[119.05,-8.26],[119.02,-8.19]]],[[[121.78,-7.34],[121.84,-7.36],[121.78,-7.42],[121.78,-7.34]]],[[[120.82,-7.3],[120.79,-7.28],[121.07,-7.3],[120.82,-7.3]]],[[[115.88,-7.16],[115.89,-7.11],[115.89,-7.16],[115.84,-7.2],[115.74,-7.15],[115.88,-7.16]]],[[[114.55,-7.12],[114.62,-7.15],[114.62,-7.17],[114.51,-7.16],[114.55,-7.12]]],[[[120.56,-7.09],[120.62,-7.0],[120.78,-7.06],[120.77,-7.13],[120.56,-7.09]]],[[[115.29,-7.01],[115.21,-6.93],[115.26,-6.84],[115.38,-6.83],[115.57,-6.93],[115.44,-6.91],[115.29,-7.01]]],[[[120.48,-6.48],[120.43,-6.19],[120.48,-5.76],[120.56,-6.02],[120.48,-6.48]]],[[[121.81,-5.26],[121.92,-5.05],[122.06,-5.19],[122.03,-5.47],[121.81,-5.26]]],[[[115.85,-4.74],[115.79,-4.83],[115.8,-4.79],[115.85,-4.74]]],[[[122.25,-3.38],[122.29,-3.47],[122.21,-3.59],[122.55,-3.88],[122.66,-3.89],[122.55,-3.97],[122.66,-4.01],[122.69,-4.14],[122.84,-4.13],[122.78,-4.05],[122.84,-4.06],[122.9,-4.39],[122.84,-4.44],[122.67,-4.31],[122.76,-4.48],[122.6,-4.4],[122.23,-4.47],[122.05,-4.63],[122.09,-4.84],[121.7,-4.84],[121.48,-4.62],[121.53,-4.24],[121.63,-4.09],[121.26,-3.9],[121.26,-3.82],[120.87,-3.5],[121.07,-3.19],[121.08,-2.87],[120.98,-2.82],[121.08,-2.76],[121.05,-2.7],[120.78,-2.61],[120.2,-2.96],[120.26,-3.14],[120.43,-3.26],[120.45,-3.73],[120.35,-4.1],[120.45,-4.65],[120.31,-4.87],[120.26,-5.15],[120.46,-5.62],[120.32,-5.51],[120.1,-5.6],[119.91,-5.57],[119.72,-5.7],[119.52,-5.56],[119.43,-5.59],[119.35,-5.36],[119.52,-4.92],[119.49,-4.75],[119.59,-4.56],[119.65,-3.98],[119.59,-4.03],[119.46,-3.71],[119.49,-3.48],[119.3,-3.43],[118.93,-3.57],[118.76,-3.09],[118.85,-3.07],[118.89,-2.87],[118.77,-2.86],[118.76,-2.78],[118.81,-2.63],[118.91,-2.65],[119.14,-2.45],[119.22,-2.01],[119.35,-1.96],[119.31,-1.25],[119.45,-1.1],[119.53,-0.86],[119.73,-0.63],[119.86,-0.83],[119.76,-0.47],[119.8,-0.12],[119.68,-0.1],[119.63,0.01],[119.83,-0.08],[119.89,0.07],[119.79,0.24],[119.87,0.29],[119.91,0.47],[120.03,0.52],[120.03,0.71],[120.23,0.81],[120.28,0.99],[120.34,0.98],[120.35,0.86],[120.57,0.78],[120.66,0.97],[120.8,1.05],[120.82,1.31],[120.91,1.35],[121.26,1.23],[121.45,1.3],[121.45,1.17],[121.55,1.07],[122.45,1.02],[122.85,0.82],[122.97,0.96],[123.18,0.92],[123.19,0.97],[123.93,0.83],[124.29,1.02],[124.39,1.19],[124.59,1.2],[124.55,1.36],[124.84,1.47],[124.83,1.57],[124.98,1.73],[125.18,1.68],[125.25,1.48],[125.12,1.39],[124.9,0.97],[124.66,0.81],[124.51,0.5],[124.32,0.4],[123.63,0.27],[123.24,0.32],[123.07,0.52],[121.8,0.43],[121.6,0.55],[121.11,0.41],[120.5,0.53],[120.13,0.19],[120.0,-0.21],[120.07,-0.61],[120.26,-0.9],[120.5,-0.98],[120.68,-1.39],[120.83,-1.34],[121.11,-1.41],[121.21,-1.19],[121.62,-0.8],[121.71,-0.94],[121.93,-0.96],[122.11,-0.93],[122.21,-0.76],[122.93,-0.76],[122.73,-0.65],[123.06,-0.56],[123.42,-0.65],[123.44,-0.83],[123.35,-1.04],[123.24,-1.02],[123.1,-0.84],[122.84,-0.9],[122.37,-1.49],[122.18,-1.61],[121.86,-1.67],[121.69,-1.91],[121.55,-1.93],[121.44,-1.81],[121.3,-1.82],[121.34,-1.99],[121.4,-1.91],[121.57,-2.16],[121.82,-2.29],[122.02,-2.69],[122.29,-2.89],[122.28,-3.04],[122.47,-3.15],[122.3,-3.31],[122.38,-3.42],[122.25,-3.38]]],[[[116.31,-3.9],[116.06,-4.04],[116.05,-3.5],[116.12,-3.32],[116.27,-3.22],[116.31,-3.9]]],[[[122.29,-3.54],[122.33,-3.52],[122.36,-3.56],[122.29,-3.54]]],[[[116.32,-3.53],[116.4,-3.37],[116.43,-3.41],[116.39,-3.64],[116.32,-3.53]]],[[[121.74,-0.48],[121.64,-0.55],[121.75,-0.4],[121.9,-0.43],[121.88,-0.51],[121.74,-0.48]]],[[[121.88,-0.39],[121.87,-0.33],[122.05,-0.34],[121.88,-0.39]]],[[[122.07,-0.3],[122.09,-0.26],[122.14,-0.37],[122.07,-0.4],[122.07,-0.3]]],[[[122.23,-0.19],[122.36,-0.25],[122.38,-0.35],[122.23,-0.19]]],[[[122.15,-0.24],[122.18,-0.2],[122.24,-0.26],[122.15,-0.24]]],[[[121.63,-0.12],[121.65,-0.15],[121.6,-0.2],[121.57,-0.14],[121.63,-0.12]]],[[[120.37,1.07],[120.39,1.09],[120.4,1.04],[120.37,1.07]]],[[[120.66,1.07],[120.68,1.04],[120.61,1.07],[120.66,1.07]]],[[[118.56,2.31],[118.58,2.32],[118.65,2.18],[118.56,2.31]]],[[[117.41,3.3],[117.53,3.32],[117.52,3.29],[117.41,3.3]]],[[[117.64,3.25],[117.54,3.43],[117.67,3.43],[117.64,3.25]]],[[[117.85,3.58],[117.89,3.46],[117.83,3.49],[117.78,3.56],[117.85,3.58]]],[[[117.27,3.59],[117.52,3.48],[117.27,3.5],[117.27,3.59]]],[[[117.83,3.84],[117.85,3.8],[117.73,3.87],[117.83,3.84]]],[[[117.66,4.15],[117.75,4.05],[117.67,3.98],[117.59,4.06],[117.66,4.15]]],[[[117.84,4.04],[117.7,4.16],[117.91,4.16],[117.93,4.06],[117.84,4.04]]],[[[123.21,-10.81],[122.82,-10.89],[122.81,-10.78],[123.05,-10.71],[123.39,-10.43],[123.42,-10.66],[123.21,-10.81]]],[[[123.41,-10.33],[123.32,-10.34],[123.46,-10.14],[123.51,-10.19],[123.41,-10.33]]],[[[124.45,-9.18],[124.92,-8.96],[124.93,-9.07],[125.09,-8.99],[125.15,-9.04],[125.15,-9.19],[124.96,-9.21],[125.06,-9.49],[124.98,-9.65],[124.5,-10.11],[124.12,-10.17],[123.8,-10.37],[123.47,-10.36],[123.52,-10.21],[123.76,-10.07],[123.58,-10.03],[123.69,-9.61],[123.99,-9.35],[124.12,-9.43],[124.21,-9.38],[124.26,-9.5],[124.45,-9.18]]],[[[122.88,-8.58],[123.0,-8.45],[123.18,-8.44],[122.88,-8.58]]],[[[122.41,-8.44],[122.41,-8.49],[122.35,-8.48],[122.41,-8.44]]],[[[123.57,-8.47],[123.58,-8.57],[123.23,-8.53],[123.49,-8.35],[123.37,-8.32],[123.41,-8.27],[123.57,-8.25],[123.52,-8.35],[123.59,-8.37],[123.64,-8.22],[123.94,-8.23],[123.57,-8.47]]],[[[124.11,-8.55],[124.02,-8.43],[123.91,-8.45],[124.04,-8.3],[124.11,-8.38],[124.27,-8.18],[124.3,-8.32],[124.11,-8.55]]],[[[123.04,-8.41],[123.02,-8.36],[123.16,-8.24],[123.34,-8.26],[123.32,-8.38],[123.04,-8.41]]],[[[124.43,-8.47],[124.33,-8.41],[124.55,-8.23],[124.39,-8.27],[124.48,-8.13],[124.6,-8.21],[125.09,-8.16],[125.13,-8.34],[124.43,-8.47]]],[[[127.17,-8.02],[127.23,-8.04],[127.22,-8.11],[127.15,-8.09],[127.17,-8.02]]],[[[126.56,-7.82],[126.47,-7.97],[126.05,-7.88],[125.77,-8.01],[125.97,-7.66],[126.33,-7.7],[126.63,-7.56],[126.82,-7.68],[126.83,-7.76],[126.56,-7.82]]],[[[123.97,-5.94],[123.98,-5.87],[124.06,-6.03],[123.97,-5.94]]],[[[123.69,-5.47],[123.8,-5.52],[123.81,-5.6],[123.69,-5.47]]],[[[123.52,-5.28],[123.52,-5.25],[123.64,-5.29],[123.57,-5.37],[123.52,-5.28]]],[[[122.88,-5.46],[122.92,-5.53],[122.81,-5.69],[122.74,-5.63],[122.65,-5.68],[122.57,-5.51],[122.81,-5.21],[122.76,-5.21],[122.8,-5.04],[122.75,-5.03],[122.83,-4.93],[122.85,-4.61],[123.04,-4.38],[123.22,-4.71],[123.21,-4.84],[123.15,-4.72],[123.05,-4.74],[122.96,-4.99],[122.95,-5.19],[123.05,-5.14],[123.22,-5.28],[122.88,-5.46]]],[[[122.6,-5.16],[122.66,-5.3],[122.6,-5.42],[122.54,-5.43],[122.51,-5.29],[122.47,-5.4],[122.41,-5.35],[122.45,-5.32],[122.28,-5.37],[122.4,-5.06],[122.33,-4.84],[122.38,-4.75],[122.71,-4.62],[122.73,-4.97],[122.6,-5.16]]],[[[122.95,-4.05],[123.03,-3.97],[123.2,-3.99],[123.24,-4.12],[123.09,-4.23],[122.95,-4.05]]],[[[127.14,-3.87],[127.17,-3.81],[127.25,-3.85],[127.21,-3.91],[127.14,-3.87]]],[[[123.14,-3.54],[123.18,-3.57],[123.12,-3.63],[123.07,-3.59],[123.14,-3.54]]],[[[126.7,-3.86],[126.2,-3.63],[126.01,-3.36],[126.02,-3.17],[126.72,-3.06],[127.08,-3.19],[127.06,-3.33],[127.27,-3.39],[127.24,-3.61],[126.7,-3.86]]],[[[122.4,-3.42],[122.42,-3.38],[122.46,-3.44],[122.4,-3.42]]],[[[125.86,-2.09],[125.93,-1.96],[126.09,-2.44],[125.97,-2.4],[125.86,-2.09]]],[[[123.87,-2.01],[123.89,-2.07],[123.87,-2.05],[123.87,-2.01]]],[[[124.37,-1.97],[124.37,-2.04],[124.33,-2.0],[124.37,-1.97]]],[[[123.77,-1.92],[123.79,-1.87],[123.87,-2.0],[123.77,-1.92]]],[[[123.75,-1.94],[123.71,-1.96],[123.71,-1.93],[123.75,-1.94]]],[[[125.43,-1.95],[125.34,-1.85],[125.4,-1.77],[126.35,-1.82],[125.43,-1.95]]],[[[123.07,-1.89],[123.1,-1.75],[123.15,-1.82],[123.07,-1.89]]],[[[124.45,-2.01],[124.33,-1.87],[124.38,-1.67],[124.53,-1.63],[125.05,-1.77],[125.13,-1.68],[125.21,-1.79],[125.3,-1.74],[125.32,-1.88],[124.45,-2.01]]],[[[123.27,-1.77],[123.37,-1.67],[123.38,-1.71],[123.27,-1.77]]],[[[123.48,-1.67],[123.53,-1.48],[123.62,-1.62],[123.58,-1.72],[123.48,-1.67]]],[[[123.41,-1.52],[123.29,-1.42],[123.24,-1.63],[123.11,-1.58],[123.18,-1.49],[123.15,-1.3],[122.9,-1.59],[122.81,-1.4],[122.9,-1.18],[123.18,-1.14],[123.23,-1.39],[123.41,-1.22],[123.55,-1.28],[123.53,-1.42],[123.41,-1.52]]],[[[127.16,-0.73],[127.25,-0.61],[127.32,-0.79],[127.16,-0.73]]],[[[127.11,-0.29],[127.3,-0.28],[127.25,-0.5],[127.11,-0.5],[127.11,-0.29]]],[[[126.37,1.35],[126.4,1.33],[126.38,1.28],[126.37,1.35]]],[[[125.17,1.4],[125.25,1.45],[125.3,1.55],[125.27,1.41],[125.17,1.4]]],[[[125.12,1.81],[125.14,1.83],[125.18,1.78],[125.12,1.81]]],[[[125.33,2.08],[125.4,2.13],[125.4,2.1],[125.33,2.08]]],[[[125.45,2.38],[125.45,2.33],[125.39,2.33],[125.45,2.38]]],[[[125.36,2.74],[125.4,2.81],[125.45,2.78],[125.42,2.67],[125.36,2.74]]],[[[125.51,3.46],[125.44,3.74],[125.64,3.51],[125.6,3.4],[125.51,3.46]]],[[[126.74,3.85],[126.86,3.76],[126.81,3.73],[126.74,3.85]]],[[[126.67,3.93],[126.62,4.04],[126.71,3.92],[126.7,3.81],[126.67,3.93]]],[[[126.66,4.03],[126.8,4.22],[126.71,4.26],[126.7,4.4],[126.8,4.55],[126.92,4.28],[126.76,3.99],[126.66,4.03]]],[[[127.15,4.75],[127.14,4.74],[127.12,4.77],[127.15,4.75]]],[[[128.1,-8.21],[128.22,-8.21],[128.23,-8.27],[128.1,-8.28],[128.1,-8.21]]],[[[128.92,-8.25],[128.83,-8.2],[129.04,-8.22],[128.92,-8.25]]],[[[127.7,-8.15],[127.77,-8.19],[127.67,-8.24],[127.62,-8.21],[127.7,-8.15]]],[[[127.83,-8.2],[127.77,-8.11],[128.12,-8.15],[128.01,-8.26],[127.83,-8.2]]],[[[129.59,-7.92],[129.6,-7.81],[129.84,-7.84],[129.78,-8.06],[129.59,-7.92]]],[[[130.06,-7.76],[130.08,-7.77],[130.07,-7.79],[130.06,-7.76]]],[[[130.0,-7.71],[130.02,-7.74],[130.0,-7.75],[130.0,-7.71]]],[[[127.36,-7.66],[127.37,-7.51],[127.49,-7.54],[127.36,-7.66]]],[[[129.68,-7.58],[129.65,-7.55],[129.66,-7.54],[129.68,-7.58]]],[[[128.62,-7.06],[128.7,-7.11],[128.64,-7.22],[128.55,-7.16],[128.62,-7.06]]],[[[129.12,-6.97],[129.14,-6.96],[129.15,-6.99],[129.12,-6.97]]],[[[129.51,-6.77],[129.48,-6.76],[129.5,-6.72],[129.51,-6.77]]],[[[130.0,-6.32],[130.0,-6.31],[130.03,-6.32],[130.0,-6.32]]],[[[127.55,-5.49],[127.56,-5.5],[127.55,-5.5],[127.55,-5.49]]],[[[127.79,-5.41],[127.8,-5.4],[127.8,-5.41],[127.79,-5.41]]],[[[129.86,-4.55],[129.95,-4.51],[129.95,-4.56],[129.86,-4.55]]],[[[129.78,-4.52],[129.77,-4.54],[129.76,-4.52],[129.78,-4.52]]],[[[128.78,-3.64],[128.81,-3.68],[128.76,-3.7],[128.78,-3.64]]],[[[128.13,-3.77],[128.22,-3.65],[127.99,-3.77],[127.91,-3.7],[128.29,-3.5],[128.35,-3.53],[128.13,-3.77]]],[[[128.43,-3.52],[128.56,-3.57],[128.55,-3.6],[128.43,-3.63],[128.43,-3.52]]],[[[128.63,-3.62],[128.56,-3.49],[128.71,-3.5],[128.73,-3.61],[128.63,-3.62]]],[[[130.82,-3.87],[130.0,-3.47],[129.89,-3.33],[129.51,-3.3],[129.56,-3.44],[129.49,-3.46],[128.96,-3.36],[128.98,-3.25],[128.88,-3.2],[128.68,-3.43],[128.48,-3.46],[128.18,-3.19],[128.17,-3.07],[127.93,-3.55],[127.93,-3.32],[127.84,-3.17],[128.1,-3.07],[128.07,-2.97],[128.18,-2.86],[129.05,-2.8],[129.18,-2.96],[129.4,-2.79],[129.54,-2.78],[129.96,-2.97],[130.34,-2.98],[130.58,-3.12],[130.67,-3.4],[130.83,-3.46],[130.82,-3.87]]],[[[127.56,-3.26],[127.64,-3.36],[127.6,-3.36],[127.5,-3.32],[127.56,-3.26]]],[[[127.68,-3.25],[127.64,-3.22],[127.76,-3.15],[127.68,-3.25]]],[[[127.93,-3.03],[127.83,-3.03],[127.93,-2.92],[127.99,-2.94],[127.93,-3.03]]],[[[130.34,-1.95],[130.13,-2.07],[129.71,-1.88],[130.34,-1.68],[130.44,-1.84],[130.34,-1.93],[130.4,-1.99],[130.34,-1.95]]],[[[127.43,-1.69],[127.38,-1.63],[127.43,-1.42],[127.71,-1.34],[128.16,-1.64],[128.09,-1.71],[127.43,-1.69]]],[[[127.36,-1.36],[127.38,-1.41],[127.28,-1.43],[127.36,-1.36]]],[[[127.46,-1.24],[127.55,-1.17],[127.7,-1.23],[127.46,-1.24]]],[[[129.88,-1.2],[129.74,-1.2],[129.95,-1.16],[129.88,-1.2]]],[[[130.85,-1.33],[130.65,-0.97],[130.89,-0.89],[131.04,-0.92],[131.01,-1.31],[130.85,-1.33]]],[[[128.33,-1.02],[128.31,-0.94],[128.4,-1.0],[128.33,-1.02]]],[[[130.82,-0.87],[130.4,-0.93],[130.48,-0.8],[130.92,-0.78],[130.82,-0.87]]],[[[127.68,-0.85],[127.63,-0.75],[127.46,-0.82],[127.47,-0.64],[127.3,-0.49],[127.32,-0.34],[127.45,-0.42],[127.52,-0.3],[127.58,-0.32],[127.69,-0.48],[127.6,-0.62],[127.65,-0.71],[127.9,-0.77],[127.81,-0.87],[127.68,-0.85]]],[[[130.6,-0.46],[130.46,-0.53],[130.45,-0.46],[130.68,-0.44],[130.57,-0.53],[130.6,-0.46]]],[[[129.85,-0.43],[129.9,-0.41],[129.91,-0.44],[129.86,-0.5],[129.85,-0.43]]],[[[130.97,-0.36],[130.65,-0.08],[130.75,-0.29],[130.95,-0.37],[130.73,-0.44],[130.69,-0.29],[130.55,-0.44],[130.52,-0.26],[130.22,-0.2],[130.42,-0.2],[130.41,-0.13],[130.3,-0.17],[130.34,-0.08],[130.36,-0.13],[130.82,-0.0],[131.3,-0.16],[131.35,-0.29],[130.97,-0.36]]],[[[129.37,-0.08],[129.29,0.05],[129.54,-0.13],[129.53,-0.21],[129.37,-0.08]]],[[[127.39,0.03],[127.41,0.15],[127.46,-0.04],[127.39,0.03]]],[[[127.4,0.38],[127.4,0.28],[127.36,0.28],[127.4,0.38]]],[[[127.72,0.31],[127.53,0.56],[127.62,0.83],[127.49,0.91],[127.49,1.05],[127.4,1.04],[127.4,1.21],[127.63,1.84],[127.93,2.19],[128.05,2.2],[127.85,1.85],[128.01,1.72],[128.01,1.31],[127.64,1.0],[127.64,0.92],[127.74,0.82],[127.87,0.82],[127.99,1.08],[128.18,1.15],[128.09,1.26],[128.2,1.39],[128.44,1.54],[128.72,1.57],[128.7,1.07],[128.3,0.89],[128.21,0.77],[128.36,0.64],[128.68,0.55],[128.69,0.35],[128.9,0.22],[128.46,0.39],[127.91,0.44],[127.89,0.02],[127.98,-0.26],[128.23,-0.71],[128.44,-0.91],[128.03,-0.7],[127.89,-0.41],[127.71,-0.29],[127.72,0.31]]],[[[127.45,0.67],[127.39,0.62],[127.36,0.67],[127.41,0.75],[127.45,0.67]]],[[[127.32,0.86],[127.38,0.81],[127.31,0.76],[127.32,0.86]]],[[[127.81,2.26],[127.82,2.23],[127.78,2.21],[127.81,2.26]]],[[[128.27,2.0],[128.2,2.27],[128.36,2.5],[128.57,2.63],[128.69,2.44],[128.51,2.06],[128.27,2.0]]],[[[128.19,2.37],[128.15,2.29],[128.13,2.34],[128.19,2.37]]],[[[138.68,-8.19],[138.79,-8.16],[138.91,-8.37],[138.58,-8.37],[138.68,-8.19]]],[[[130.89,-8.25],[130.76,-8.35],[130.93,-8.13],[131.18,-8.12],[130.89,-8.25]]],[[[138.89,-7.9],[138.9,-8.08],[138.66,-8.17],[138.41,-8.4],[137.64,-8.43],[137.89,-7.82],[138.24,-7.46],[138.8,-7.37],[138.92,-7.53],[139.08,-7.58],[138.89,-7.9]]],[[[130.97,-7.7],[131.13,-7.62],[131.11,-7.68],[130.97,-7.7]]],[[[131.71,-7.42],[131.63,-7.62],[131.32,-8.02],[131.28,-7.94],[131.12,-8.0],[131.11,-7.71],[131.25,-7.71],[131.18,-7.65],[131.24,-7.49],[131.64,-7.11],[131.74,-7.2],[131.65,-7.3],[131.71,-7.42]]],[[[130.9,-7.55],[130.84,-7.53],[130.86,-7.49],[130.96,-7.54],[130.9,-7.55]]],[[[131.06,-7.51],[130.99,-7.46],[131.18,-7.41],[131.06,-7.51]]],[[[131.26,-7.3],[131.3,-7.32],[131.28,-7.37],[131.22,-7.36],[131.26,-7.3]]],[[[131.73,-7.14],[131.92,-7.1],[131.98,-7.25],[131.73,-7.14]]],[[[138.62,-6.77],[138.63,-6.72],[138.78,-6.81],[138.72,-6.86],[138.62,-6.77]]],[[[131.53,-6.78],[131.57,-6.7],[131.62,-6.68],[131.53,-6.78]]],[[[134.62,-6.75],[134.7,-6.59],[134.74,-6.63],[134.62,-6.75]]],[[[134.21,-6.91],[134.07,-6.83],[134.11,-6.46],[134.21,-6.51],[134.12,-6.42],[134.11,-6.17],[134.33,-6.39],[134.46,-6.45],[134.52,-6.59],[134.21,-6.91]]],[[[134.62,-6.49],[134.66,-6.45],[134.73,-6.53],[134.67,-6.56],[134.62,-6.49]]],[[[134.46,-6.42],[134.35,-6.37],[134.43,-6.29],[134.6,-6.4],[134.56,-6.52],[134.46,-6.42]]],[[[134.79,-6.4],[134.86,-6.28],[134.89,-6.34],[134.84,-6.46],[134.79,-6.4]]],[[[134.16,-6.2],[134.11,-6.08],[134.16,-6.01],[134.27,-6.06],[134.24,-6.14],[134.36,-6.25],[134.42,-6.27],[134.35,-6.33],[134.16,-6.2]]],[[[134.55,-6.36],[134.28,-6.12],[134.37,-6.03],[134.29,-5.92],[134.38,-5.79],[134.2,-5.71],[134.35,-5.71],[134.5,-5.55],[134.51,-5.43],[134.63,-5.44],[134.7,-5.53],[134.64,-5.59],[134.76,-5.67],[134.74,-5.97],[134.65,-5.93],[134.6,-5.95],[134.77,-6.09],[134.69,-6.19],[134.76,-6.16],[134.72,-6.28],[134.55,-6.36]]],[[[134.18,-5.75],[134.23,-5.77],[134.21,-5.83],[134.18,-5.75]]],[[[132.67,-5.9],[132.62,-5.6],[132.7,-5.6],[132.81,-5.8],[132.74,-5.95],[132.67,-5.9]]],[[[132.98,-5.73],[132.84,-6.0],[133.16,-5.29],[133.11,-5.61],[132.98,-5.73]]],[[[132.74,-5.63],[132.78,-5.53],[132.81,-5.57],[132.79,-5.67],[132.74,-5.63]]],[[[132.31,-5.54],[132.32,-5.51],[132.38,-5.53],[132.31,-5.54]]],[[[131.96,-5.34],[132.01,-5.31],[132.0,-5.37],[131.96,-5.34]]],[[[140.98,-6.34],[140.85,-6.7],[140.98,-6.9],[140.98,-9.11],[139.99,-8.19],[140.06,-8.08],[140.06,-7.95],[140.13,-7.94],[140.15,-7.88],[140.06,-7.92],[139.97,-8.1],[139.4,-8.2],[139.25,-8.15],[139.25,-8.02],[139.22,-7.98],[139.22,-8.07],[138.91,-8.29],[138.84,-8.12],[138.9,-8.08],[138.93,-8.07],[138.92,-7.9],[138.99,-7.87],[139.08,-7.58],[139.09,-7.56],[138.67,-7.2],[139.16,-7.24],[139.24,-7.15],[139.06,-7.21],[138.84,-7.15],[138.56,-6.92],[138.93,-6.84],[138.68,-6.71],[138.68,-6.65],[138.83,-6.71],[138.47,-6.4],[138.26,-5.91],[138.4,-5.84],[138.16,-5.77],[138.36,-5.68],[138.07,-5.73],[138.06,-5.4],[138.0,-5.48],[137.92,-5.33],[137.81,-5.36],[137.81,-5.25],[137.38,-5.08],[137.27,-5.01],[137.28,-4.94],[137.22,-5.01],[137.09,-4.96],[137.1,-4.89],[136.82,-4.93],[135.95,-4.51],[135.19,-4.45],[134.65,-4.12],[134.69,-3.95],[134.92,-3.98],[134.97,-3.94],[134.68,-3.91],[134.53,-4.03],[134.33,-3.87],[134.32,-4.02],[134.14,-3.9],[134.19,-3.84],[134.13,-3.75],[134.11,-3.82],[133.97,-3.85],[133.84,-3.59],[133.83,-3.72],[133.7,-3.67],[133.64,-3.48],[133.69,-3.22],[133.85,-3.09],[133.93,-3.11],[133.86,-2.92],[133.67,-3.12],[133.63,-3.42],[133.51,-3.38],[133.59,-3.55],[133.41,-3.72],[133.45,-3.87],[133.25,-4.07],[132.91,-4.09],[132.73,-3.68],[132.93,-3.55],[132.82,-3.44],[132.81,-3.28],[132.67,-3.33],[132.55,-3.11],[132.33,-2.95],[131.98,-2.93],[132.04,-2.8],[131.96,-2.79],[132.31,-2.68],[132.73,-2.81],[133.03,-2.48],[133.24,-2.42],[133.39,-2.53],[133.38,-2.68],[133.45,-2.49],[133.45,-2.64],[133.47,-2.52],[133.52,-2.59],[133.63,-2.54],[133.68,-2.72],[133.71,-2.51],[133.82,-2.65],[133.82,-2.48],[133.75,-2.44],[133.91,-2.48],[133.87,-2.41],[134.01,-2.39],[133.87,-2.34],[133.95,-2.29],[133.95,-2.2],[133.93,-2.27],[133.79,-2.26],[133.94,-2.11],[133.65,-2.24],[133.3,-2.2],[132.69,-2.31],[132.56,-2.19],[132.31,-2.27],[132.05,-2.08],[132.13,-2.0],[132.03,-2.02],[131.94,-1.9],[132.02,-1.68],[131.89,-1.65],[131.98,-1.54],[131.8,-1.61],[131.79,-1.5],[131.75,-1.57],[131.57,-1.48],[131.44,-1.5],[131.37,-1.39],[131.28,-1.37],[131.34,-1.45],[131.21,-1.52],[130.95,-1.41],[131.24,-1.12],[131.29,-0.91],[131.24,-0.82],[131.88,-0.69],[132.15,-0.44],[132.4,-0.35],[132.98,-0.44],[133.39,-0.72],[133.98,-0.72],[134.17,-0.86],[134.04,-0.96],[134.28,-1.35],[134.09,-1.68],[134.19,-2.38],[134.46,-2.86],[134.53,-2.83],[134.48,-2.54],[134.55,-2.46],[134.64,-2.51],[134.7,-2.96],[134.85,-2.9],[134.82,-3.14],[134.9,-3.26],[135.34,-3.39],[135.51,-3.35],[135.91,-2.99],[135.96,-2.78],[136.27,-2.56],[136.38,-2.23],[136.53,-2.19],[136.75,-2.25],[137.18,-2.11],[137.23,-2.06],[137.1,-1.89],[137.12,-1.8],[137.88,-1.47],[139.78,-2.35],[140.16,-2.32],[140.33,-2.46],[140.38,-2.4],[140.74,-2.5],[140.72,-2.63],[140.97,-2.6],[140.98,-6.34]],[[139.29,-7.97],[139.22,-7.95],[139.22,-7.98],[139.29,-7.97]],[[139.07,-6.95],[139.19,-6.97],[138.93,-6.84],[139.07,-6.95]]],[[[131.75,-4.74],[131.74,-4.77],[131.73,-4.69],[131.75,-4.74]]],[[[133.33,-4.17],[133.32,-4.11],[133.54,-4.22],[133.63,-4.3],[133.33,-4.17]]],[[[131.29,-4.06],[131.39,-4.15],[131.31,-4.12],[131.29,-4.06]]],[[[131.22,-4.02],[131.21,-3.98],[131.25,-4.0],[131.22,-4.02]]],[[[131.42,-3.96],[131.44,-4.07],[131.4,-4.05],[131.42,-3.96]]],[[[132.62,-3.42],[132.68,-3.42],[132.7,-3.52],[132.62,-3.42]]],[[[131.63,-2.62],[131.65,-2.61],[131.62,-2.64],[131.57,-2.65],[131.63,-2.62]]],[[[133.51,-2.42],[133.61,-2.49],[133.56,-2.51],[133.51,-2.42]]],[[[134.55,-2.37],[134.57,-2.29],[134.58,-2.45],[134.55,-2.37]]],[[[134.33,-2.11],[134.39,-2.0],[134.43,-2.03],[134.39,-2.13],[134.33,-2.11]]],[[[134.18,-1.94],[134.17,-1.83],[134.24,-1.74],[134.18,-1.94]]],[[[136.27,-1.91],[135.42,-1.61],[136.19,-1.65],[136.9,-1.79],[136.27,-1.91]]],[[[135.11,-1.47],[135.33,-1.48],[135.28,-1.52],[135.11,-1.47]]],[[[134.8,-1.03],[134.88,-0.94],[134.95,-0.99],[134.93,-1.07],[135.0,-1.02],[134.96,-1.13],[134.8,-1.03]]],[[[135.89,-1.18],[135.77,-0.84],[135.66,-0.89],[135.46,-0.79],[135.37,-0.64],[135.78,-0.75],[135.87,-0.7],[136.2,-1.07],[136.38,-1.11],[136.21,-1.2],[135.89,-1.18]]],[[[134.34,0.77],[134.35,0.75],[134.32,0.73],[134.34,0.77]]],[[[131.27,1.05],[131.25,1.04],[131.26,1.07],[131.27,1.05]]]],"type":"MultiPolygon"},"properties":{"name":"Indonesia"},"type":"Feature"},{"geometry":{"coordinates":[[[[50.31,29.22],[50.28,29.27],[50.33,29.26],[50.31,29.22]]],[[[48.01,30.46],[48.01,30.99],[47.67,30.99],[47.68,31.41],[47.83,31.81],[47.49,32.15],[47.41,32.4],[47.27,32.48],[47.09,32.47],[46.48,32.89],[46.1,32.95],[46.12,33.06],[46.03,33.11],[46.17,33.17],[46.16,33.26],[45.97,33.49],[45.85,33.49],[45.93,33.55],[45.89,33.63],[45.73,33.58],[45.49,33.94],[45.38,33.97],[45.54,34.14],[45.56,34.31],[45.42,34.44],[45.5,34.49],[45.5,34.59],[45.7,34.55],[45.63,34.72],[45.67,34.81],[45.85,34.91],[45.91,35.09],[46.15,35.11],[46.12,35.32],[45.96,35.49],[46.0,35.67],[46.33,35.8],[46.06,35.86],[45.75,35.81],[45.54,35.99],[45.32,35.99],[45.24,36.4],[45.07,36.42],[44.99,36.53],[45.04,36.69],[44.82,36.81],[44.89,37.02],[44.75,37.1],[44.8,37.29],[44.57,37.43],[44.6,37.72],[44.2,37.9],[44.46,38.34],[44.29,38.38],[44.28,38.84],[44.15,38.96],[44.19,39.15],[44.08,39.2],[44.01,39.37],[44.39,39.41],[44.46,39.7],[44.57,39.77],[44.87,39.63],[45.15,39.21],[45.31,39.2],[45.44,39.0],[46.13,38.86],[46.55,38.89],[47.1,39.31],[47.97,39.7],[48.34,39.38],[48.11,39.27],[48.29,39.0],[48.06,38.95],[47.99,38.85],[48.31,38.6],[48.42,38.62],[48.61,38.4],[48.87,38.43],[48.94,37.9],[49.07,37.68],[49.44,37.49],[50.2,37.39],[50.48,37.03],[51.09,36.74],[51.91,36.58],[53.61,36.88],[54.01,36.82],[54.02,37.03],[53.91,37.34],[54.21,37.32],[54.65,37.44],[54.79,37.52],[54.83,37.74],[55.13,37.95],[55.71,38.12],[56.3,38.08],[56.3,38.18],[56.44,38.26],[57.04,38.19],[57.17,38.28],[57.35,37.97],[58.16,37.79],[58.21,37.68],[58.36,37.63],[58.8,37.69],[59.31,37.53],[59.46,37.21],[60.02,37.03],[60.34,36.64],[61.17,36.64],[61.15,36.36],[61.22,36.12],[61.13,35.97],[61.24,35.89],[61.29,35.55],[61.19,35.3],[61.11,35.28],[61.15,35.1],[61.07,34.81],[60.95,34.64],[60.7,34.52],[60.89,34.32],[60.64,34.31],[60.49,34.14],[60.51,33.64],[60.92,33.51],[60.57,33.15],[60.56,33.06],[60.83,32.25],[60.77,32.03],[60.82,31.49],[61.69,31.37],[61.83,31.01],[61.8,30.85],[60.84,29.86],[61.34,29.37],[61.57,28.87],[61.89,28.54],[62.36,28.42],[62.58,28.23],[62.76,28.25],[62.81,27.49],[62.74,27.27],[62.89,27.21],[63.18,27.26],[63.32,27.12],[63.23,27.07],[63.26,26.87],[63.19,26.85],[63.14,26.63],[62.75,26.64],[62.42,26.56],[62.29,26.5],[62.27,26.36],[62.12,26.37],[61.83,26.23],[61.75,25.82],[61.66,25.77],[61.62,25.29],[61.41,25.06],[60.63,25.27],[60.55,25.45],[60.4,25.38],[60.47,25.29],[60.29,25.38],[59.9,25.33],[59.45,25.46],[59.04,25.4],[58.83,25.56],[58.42,25.61],[58.07,25.56],[57.96,25.69],[57.77,25.64],[57.76,25.74],[57.31,25.78],[57.17,26.08],[57.21,26.17],[57.08,26.42],[57.02,26.85],[56.93,26.96],[56.97,27.0],[56.87,27.01],[56.81,27.14],[56.12,27.16],[55.94,27.03],[55.67,27.0],[55.52,26.78],[55.27,26.79],[54.79,26.5],[54.39,26.61],[54.31,26.71],[53.72,26.71],[53.49,26.85],[53.44,26.98],[53.03,27.1],[52.6,27.35],[52.67,27.45],[52.46,27.63],[52.01,27.83],[51.68,27.83],[51.4,27.93],[51.08,28.53],[51.06,28.74],[50.8,28.93],[50.82,29.0],[50.9,28.95],[50.93,29.05],[50.84,29.14],[50.64,29.14],[50.66,29.45],[50.14,29.94],[50.07,30.2],[49.91,30.2],[49.53,30.02],[49.48,30.16],[49.25,30.16],[49.22,30.26],[49.16,30.22],[48.92,30.38],[49.2,30.35],[49.26,30.45],[49.21,30.51],[48.98,30.52],[49.04,30.43],[48.93,30.42],[48.86,30.35],[48.92,30.04],[48.64,30.06],[48.65,29.98],[48.53,29.96],[48.45,30.0],[48.4,30.22],[48.01,30.46]]],[[[54.49,26.27],[54.51,26.32],[54.55,26.29],[54.49,26.27]]],[[[54.02,26.56],[54.05,26.51],[53.96,26.49],[53.91,26.55],[54.02,26.56]]],[[[53.63,26.69],[53.66,26.67],[53.63,26.66],[53.63,26.69]]],[[[53.15,26.85],[53.38,26.8],[53.28,26.79],[53.15,26.85]]],[[[55.01,25.88],[55.04,25.89],[55.05,25.86],[55.01,25.88]]],[[[54.55,25.93],[54.55,25.9],[54.53,25.9],[54.55,25.93]]],[[[55.88,26.68],[55.9,26.67],[55.87,26.61],[55.88,26.68]]],[[[55.95,26.7],[55.88,26.74],[55.29,26.56],[55.28,26.66],[55.77,26.8],[55.76,26.95],[56.29,26.96],[55.95,26.7]]],[[[56.38,26.84],[56.32,26.83],[56.37,26.89],[56.38,26.84]]],[[[56.48,27.05],[56.43,27.05],[56.46,27.1],[56.48,27.05]]]],"type":"MultiPolygon"},"properties":{"name":"Iran"},"type":"Feature"},{"geometry":{"coordinates":[[[42.08,31.08],[40.42,31.92],[39.15,32.12],[39.29,32.24],[39.24,32.35],[39.03,32.33],[38.98,32.47],[39.06,32.5],[38.77,33.37],[40.69,34.33],[40.97,34.4],[41.2,34.79],[41.2,35.24],[41.36,35.66],[41.24,36.06],[41.28,36.35],[41.39,36.52],[41.82,36.6],[42.36,37.11],[42.56,37.15],[42.77,37.37],[42.94,37.32],[43.11,37.37],[43.81,37.2],[44.09,37.31],[44.24,37.24],[44.18,37.09],[44.28,36.97],[44.58,37.17],[44.75,37.16],[44.89,37.02],[44.83,36.79],[45.05,36.67],[44.99,36.53],[45.08,36.41],[45.24,36.4],[45.32,35.99],[45.54,35.99],[45.75,35.81],[46.32,35.82],[46.24,35.72],[46.0,35.67],[45.96,35.49],[46.12,35.32],[46.15,35.11],[45.91,35.09],[45.85,34.91],[45.67,34.81],[45.63,34.72],[45.7,34.55],[45.5,34.59],[45.5,34.49],[45.42,34.44],[45.56,34.31],[45.54,34.14],[45.38,33.97],[45.49,33.94],[45.73,33.58],[45.89,33.63],[45.93,33.55],[45.85,33.49],[45.97,33.49],[46.16,33.26],[46.17,33.17],[46.03,33.11],[46.12,33.06],[46.1,32.95],[46.48,32.89],[47.09,32.47],[47.27,32.48],[47.41,32.4],[47.49,32.15],[47.83,31.81],[47.68,31.41],[47.67,30.99],[48.01,30.99],[48.01,30.46],[48.31,30.31],[48.45,30.0],[48.56,29.95],[48.12,30.04],[47.97,30.0],[47.95,30.09],[47.93,30.11],[47.95,29.99],[47.67,30.1],[47.2,30.03],[46.71,29.27],[46.53,29.1],[46.36,29.06],[44.69,29.2],[42.08,31.08]]],"type":"Polygon"},"properties":{"name":"Iraq"},"type":"Feature"},{"geometry":{"coordinates":[[[[-9.92,51.63],[-9.8,51.64],[-9.81,51.63],[-9.92,51.63]]],[[[-8.3,51.76],[-8.56,51.71],[-8.5,51.69],[-8.53,51.61],[-8.76,51.64],[-8.7,51.58],[-9.12,51.56],[-9.35,51.47],[-9.33,51.54],[-9.4,51.5],[-9.44,51.56],[-9.81,51.45],[-9.55,51.61],[-9.85,51.55],[-9.44,51.72],[-9.56,51.76],[-9.63,51.69],[-9.92,51.63],[-10.16,51.59],[-9.58,51.88],[-10.14,51.74],[-10.22,51.78],[-10.19,51.84],[-10.34,51.79],[-10.39,51.85],[-10.25,51.91],[-10.27,51.99],[-9.76,52.15],[-10.44,52.1],[-10.45,52.19],[-10.17,52.29],[-10.1,52.24],[-10.06,52.31],[-9.95,52.24],[-9.74,52.25],[-9.87,52.27],[-9.83,52.38],[-9.95,52.41],[-9.63,52.47],[-9.65,52.57],[-9.27,52.58],[-8.75,52.67],[-8.96,52.69],[-8.94,52.78],[-9.29,52.59],[-9.58,52.67],[-9.94,52.56],[-9.5,52.75],[-9.35,52.93],[-9.48,52.94],[-9.27,53.15],[-9.07,53.12],[-9.13,53.16],[-8.94,53.15],[-8.89,53.22],[-9.05,53.22],[-8.94,53.26],[-9.02,53.28],[-9.51,53.23],[-9.55,53.29],[-9.61,53.24],[-9.55,53.39],[-9.81,53.3],[-9.9,53.32],[-9.8,53.42],[-10.18,53.41],[-10.01,53.48],[-10.18,53.56],[-9.7,53.6],[-9.91,53.65],[-9.91,53.76],[-9.57,53.8],[-9.62,53.82],[-9.56,53.87],[-9.94,53.88],[-9.91,53.92],[-9.92,53.95],[-9.79,53.92],[-9.9,54.03],[-9.83,54.11],[-9.97,54.08],[-9.91,54.12],[-10.01,54.22],[-10.12,54.1],[-10.06,54.22],[-10.12,54.24],[-10.0,54.3],[-9.88,54.26],[-9.98,54.24],[-9.91,54.2],[-9.77,54.26],[-9.85,54.32],[-9.79,54.34],[-9.27,54.3],[-9.14,54.15],[-9.05,54.29],[-8.51,54.21],[-8.62,54.26],[-8.47,54.28],[-8.57,54.31],[-8.52,54.33],[-8.66,54.36],[-8.47,54.48],[-8.21,54.5],[-8.27,54.52],[-8.12,54.65],[-8.46,54.56],[-8.39,54.62],[-8.8,54.69],[-8.41,54.76],[-8.56,54.82],[-8.49,54.85],[-8.33,54.83],[-8.46,55.0],[-8.32,55.03],[-8.28,55.16],[-8.16,55.12],[-7.98,55.22],[-8.0,55.17],[-7.86,55.14],[-7.8,55.26],[-7.82,55.19],[-7.7,55.1],[-7.7,55.21],[-7.79,55.22],[-7.64,55.27],[-7.53,55.12],[-7.68,54.95],[-7.46,55.06],[-7.52,55.29],[-7.26,55.28],[-7.4,55.38],[-6.95,55.25],[-7.38,55.03],[-7.54,54.74],[-7.93,54.7],[-7.71,54.6],[-8.17,54.46],[-7.86,54.21],[-7.61,54.14],[-7.28,54.13],[-7.15,54.22],[-7.19,54.33],[-7.02,54.41],[-6.79,54.2],[-6.64,54.17],[-6.63,54.04],[-6.35,54.11],[-6.13,54.03],[-6.16,53.97],[-6.36,54.02],[-6.38,53.92],[-6.24,53.87],[-6.23,53.66],[-6.08,53.55],[-6.19,53.46],[-6.06,53.37],[-6.22,53.35],[-6.1,53.29],[-5.99,52.96],[-6.37,52.34],[-6.5,52.36],[-6.37,52.32],[-6.32,52.24],[-6.37,52.18],[-6.81,52.21],[-6.76,52.26],[-6.93,52.12],[-6.9,52.17],[-7.0,52.29],[-6.96,52.18],[-7.02,52.14],[-7.6,52.1],[-7.55,52.05],[-7.59,51.99],[-7.85,51.98],[-8.02,51.82],[-8.25,51.8],[-8.19,51.89],[-8.43,51.88],[-8.33,51.86],[-8.3,51.76]]],[[[-10.43,51.89],[-10.3,51.92],[-10.3,51.91],[-10.43,51.89]]],[[[-9.81,53.14],[-9.64,53.1],[-9.66,53.09],[-9.81,53.14]]],[[[-9.68,53.28],[-9.64,53.25],[-9.69,53.23],[-9.68,53.28]]],[[[-9.96,53.88],[-10.27,53.98],[-9.98,54.02],[-9.96,53.88]]],[[[-8.54,55.02],[-8.48,54.98],[-8.53,54.97],[-8.54,55.02]]]],"type":"MultiPolygon"},"properties":{"name":"Ireland"},"type":"Feature"},{"geometry":{"coordinates":[[[[-4.81,54.04],[-4.83,54.05],[-4.81,54.06],[-4.81,54.04]]],[[[-4.79,54.06],[-4.53,54.37],[-4.35,54.41],[-4.31,54.29],[-4.62,54.07],[-4.79,54.06]]]],"type":"MultiPolygon"},"properties":{"name":"Isle of Man"},"type":"Feature"},{"geometry":{"coordinates":[[[34.56,31.54],[34.48,31.58],[34.71,31.95],[34.95,32.81],[35.06,32.86],[35.1,33.09],[35.48,33.09],[35.55,33.28],[35.6,33.24],[35.82,33.41],[35.77,33.27],[35.89,32.94],[35.76,32.74],[35.56,32.64],[35.56,32.38],[35.19,32.54],[35.04,32.43],[34.96,32.2],[35.04,31.91],[34.98,31.83],[35.19,31.81],[35.22,31.88],[35.26,31.75],[34.97,31.63],[34.88,31.36],[35.16,31.36],[35.46,31.49],[35.4,31.26],[35.44,31.1],[35.14,30.43],[35.15,30.12],[34.91,29.49],[34.25,31.21],[34.56,31.54]]],"type":"Polygon"},"properties":{"name":"Israel"},"type":"Feature"},{"geometry":{"coordinates":[[[[8.41,38.96],[8.35,39.1],[8.44,39.1],[8.41,38.96]]],[[[8.23,39.17],[8.31,39.19],[8.31,39.1],[8.23,39.17]]],[[[8.37,39.22],[8.43,39.3],[8.37,39.38],[8.46,39.58],[8.45,39.76],[8.5,39.72],[8.55,39.86],[8.39,39.91],[8.38,40.03],[8.49,40.1],[8.38,40.47],[8.29,40.6],[8.15,40.59],[8.18,40.95],[8.52,40.83],[8.82,40.95],[9.19,41.25],[9.42,41.18],[9.44,41.09],[9.52,41.15],[9.51,41.02],[9.66,41.0],[9.5,40.93],[9.72,40.84],[9.66,40.8],[9.83,40.52],[9.63,40.26],[9.73,40.08],[9.57,39.15],[9.52,39.1],[9.01,39.26],[9.08,39.22],[9.03,39.0],[8.85,38.88],[8.72,38.93],[8.64,38.86],[8.37,39.22]],[[8.52,39.7],[8.57,39.7],[8.5,39.72],[8.52,39.7]]],[[[8.28,41.11],[8.33,41.13],[8.33,41.06],[8.22,41.02],[8.28,41.11]]],[[[9.44,41.19],[9.46,41.24],[9.48,41.22],[9.44,41.19]]],[[[9.42,41.26],[9.44,41.22],[9.38,41.21],[9.42,41.26]]],[[[9.78,43.03],[9.83,43.07],[9.85,43.04],[9.78,43.03]]],[[[7.66,44.18],[7.33,44.13],[6.98,44.24],[6.87,44.36],[6.92,44.44],[6.84,44.53],[6.96,44.68],[7.06,44.68],[7.01,44.82],[6.75,44.91],[6.6,45.1],[7.06,45.21],[7.16,45.41],[6.8,45.72],[6.8,45.83],[7.02,45.93],[7.15,45.88],[7.54,45.98],[7.84,45.92],[8.11,46.13],[8.09,46.27],[8.4,46.45],[8.44,46.24],[8.81,46.09],[8.77,45.98],[8.87,45.95],[8.9,45.83],[9.0,45.82],[9.06,45.9],[9.0,46.04],[9.22,46.23],[9.28,46.5],[9.43,46.5],[9.54,46.3],[9.92,46.37],[10.08,46.22],[10.16,46.26],[10.09,46.33],[10.14,46.4],[10.03,46.45],[10.03,46.53],[10.19,46.63],[10.44,46.54],[10.46,46.62],[10.37,46.67],[10.45,46.86],[11.0,46.77],[11.17,46.96],[11.73,46.97],[12.2,47.08],[12.13,46.91],[12.27,46.87],[12.41,46.69],[13.7,46.52],[13.37,46.29],[13.41,46.21],[13.64,46.18],[13.46,46.01],[13.61,45.99],[13.58,45.81],[13.89,45.63],[13.81,45.61],[13.57,45.79],[13.4,45.68],[13.37,45.74],[13.12,45.77],[13.08,45.64],[12.42,45.44],[12.58,45.55],[12.27,45.46],[12.15,45.29],[12.25,45.2],[12.31,45.23],[12.37,45.01],[12.37,45.07],[12.53,44.97],[12.44,44.82],[12.41,44.89],[12.42,44.8],[12.27,44.83],[12.28,44.49],[12.39,44.22],[12.69,43.99],[13.62,43.56],[14.08,42.6],[14.71,42.18],[14.74,42.08],[15.17,41.93],[16.14,41.92],[16.19,41.79],[15.9,41.61],[15.93,41.48],[18.01,40.65],[18.44,40.27],[18.52,40.1],[18.35,39.8],[18.07,39.91],[17.86,40.29],[17.51,40.3],[17.2,40.42],[17.32,40.5],[17.05,40.52],[16.91,40.45],[16.6,40.08],[16.63,39.97],[16.49,39.78],[16.55,39.66],[17.16,39.41],[17.12,39.09],[17.21,39.03],[17.1,38.9],[16.94,38.94],[16.59,38.8],[16.57,38.43],[16.17,38.14],[16.09,37.95],[15.73,37.93],[15.64,38.01],[15.63,38.22],[15.81,38.3],[15.9,38.47],[15.84,38.65],[16.15,38.73],[16.22,38.9],[15.62,40.08],[15.41,39.99],[15.26,40.03],[15.13,40.17],[14.91,40.24],[15.0,40.4],[14.78,40.67],[14.34,40.57],[14.47,40.73],[14.29,40.84],[14.05,40.79],[14.02,40.92],[13.72,41.25],[13.54,41.21],[13.29,41.3],[13.04,41.23],[12.89,41.4],[12.64,41.45],[12.24,41.74],[12.02,41.99],[11.83,42.03],[11.66,42.28],[11.38,42.41],[11.11,42.39],[11.19,42.48],[11.16,42.56],[10.94,42.74],[10.73,42.8],[10.76,42.92],[10.5,42.94],[10.53,43.25],[10.32,43.49],[10.25,43.85],[10.09,44.03],[9.84,44.11],[9.83,44.04],[9.23,44.35],[9.21,44.31],[8.76,44.43],[8.47,44.3],[8.17,43.96],[7.96,43.85],[7.5,43.79],[7.48,43.87],[7.63,43.99],[7.66,44.18]],[[12.49,43.94],[12.48,43.98],[12.39,43.92],[12.49,43.94]]],[[[12.0,36.84],[12.05,36.77],[12.0,36.74],[11.94,36.79],[12.0,36.84]]],[[[12.06,37.99],[12.08,37.95],[12.05,37.96],[12.06,37.99]]],[[[10.31,42.32],[10.29,42.33],[10.31,42.35],[10.31,42.32]]],[[[10.88,42.39],[10.94,42.33],[10.92,42.32],[10.88,42.39]]],[[[10.05,42.59],[10.08,42.61],[10.1,42.58],[10.05,42.59]]],[[[10.42,42.71],[10.1,42.78],[10.42,42.87],[10.42,42.71]]],[[[12.87,35.87],[12.88,35.86],[12.86,35.85],[12.87,35.87]]],[[[13.17,37.49],[12.66,37.57],[12.51,37.67],[12.43,37.8],[12.49,38.02],[12.7,38.11],[12.73,38.19],[12.9,38.03],[13.06,38.08],[13.1,38.19],[13.32,38.22],[13.39,38.1],[13.79,37.97],[14.02,38.05],[14.51,38.04],[14.91,38.19],[15.09,38.13],[15.24,38.26],[15.29,38.21],[15.65,38.28],[15.21,37.76],[15.1,37.49],[15.1,37.34],[15.25,37.26],[15.18,37.21],[15.33,37.01],[15.16,36.92],[15.11,36.66],[14.49,36.79],[14.21,37.08],[13.79,37.15],[13.17,37.49]]],[[[12.3,37.92],[12.27,37.94],[12.31,37.95],[12.37,37.93],[12.3,37.92]]],[[[13.17,38.72],[13.2,38.71],[13.17,38.69],[13.17,38.72]]],[[[13.86,40.76],[13.97,40.74],[13.94,40.7],[13.86,40.76]]],[[[13.43,40.79],[13.41,40.79],[13.42,40.8],[13.43,40.79]]],[[[12.43,45.42],[12.32,45.35],[12.38,45.42],[12.43,45.42]]],[[[12.33,45.46],[12.36,45.45],[12.34,45.43],[12.33,45.46]]],[[[14.95,38.41],[14.96,38.43],[15.01,38.38],[14.95,38.41]]],[[[14.97,38.45],[14.9,38.48],[14.92,38.52],[14.97,38.45]]],[[[14.35,38.54],[14.34,38.55],[14.36,38.55],[14.35,38.54]]],[[[14.86,38.54],[14.79,38.57],[14.85,38.58],[14.86,38.54]]],[[[14.58,38.58],[14.59,38.56],[14.55,38.56],[14.58,38.58]]],[[[15.19,38.79],[15.22,38.81],[15.24,38.8],[15.19,38.79]]]],"type":"MultiPolygon"},"properties":{"name":"Italy"},"type":"Feature"},{"geometry":{"coordinates":[[[[-7.45,5.85],[-7.49,5.81],[-7.79,5.96],[-7.91,6.27],[-8.41,6.34],[-8.42,6.45],[-8.62,6.49],[-8.35,6.76],[-8.29,6.99],[-8.49,7.56],[-8.41,7.61],[-8.23,7.54],[-8.07,8.03],[-7.96,8.02],[-8.0,8.18],[-8.27,8.25],[-8.25,8.45],[-7.97,8.5],[-7.66,8.37],[-7.7,8.62],[-7.81,8.75],[-7.96,8.78],[-7.93,9.0],[-7.75,9.08],[-7.93,9.18],[-7.87,9.42],[-8.05,9.39],[-8.15,9.5],[-8.17,9.93],[-7.66,10.44],[-7.49,10.46],[-7.36,10.25],[-7.02,10.14],[-6.96,10.34],[-6.67,10.36],[-6.67,10.65],[-6.45,10.55],[-6.43,10.69],[-6.26,10.73],[-6.2,10.63],[-6.26,10.51],[-6.18,10.42],[-6.24,10.25],[-6.02,10.19],[-5.88,10.38],[-5.59,10.45],[-5.4,10.3],[-5.14,10.3],[-5.07,10.11],[-4.96,10.04],[-4.97,9.9],[-4.8,9.84],[-4.8,9.75],[-4.68,9.68],[-4.51,9.75],[-4.5,9.66],[-4.37,9.58],[-4.15,9.82],[-3.76,9.94],[-3.32,9.9],[-3.3,9.84],[-3.21,9.92],[-2.81,9.41],[-2.68,9.47],[-2.66,9.25],[-2.77,9.05],[-2.62,8.92],[-2.51,8.21],[-2.61,8.16],[-2.61,8.04],[-2.79,7.94],[-2.94,7.58],[-2.97,7.21],[-3.22,6.85],[-3.26,6.62],[-3.03,5.7],[-2.96,5.71],[-2.95,5.61],[-2.79,5.6],[-2.77,5.16],[-3.14,5.14],[-3.21,5.22],[-3.15,5.37],[-3.26,5.34],[-3.31,5.12],[-3.72,5.24],[-3.83,5.2],[-4.0,5.27],[-4.13,5.31],[-4.24,5.28],[-4.27,5.31],[-4.45,5.26],[-4.56,5.3],[-4.69,5.23],[-4.67,5.31],[-4.81,5.18],[-4.18,5.28],[-4.0,5.23],[-4.89,5.13],[-5.01,5.22],[-5.32,5.23],[-5.4,5.14],[-5.19,5.16],[-5.23,5.2],[-5.0,5.13],[-5.85,5.03],[-7.54,4.35],[-7.61,4.9],[-7.55,4.91],[-7.58,5.07],[-7.39,5.32],[-7.45,5.85]],[[-3.74,5.27],[-3.91,5.35],[-3.99,5.27],[-3.74,5.27]],[[-3.73,5.27],[-3.72,5.28],[-3.76,5.37],[-3.8,5.38],[-3.74,5.27],[-3.73,5.27]]],[[[-3.23,5.16],[-3.12,5.11],[-3.12,5.09],[-3.26,5.11],[-3.23,5.16]]]],"type":"MultiPolygon"},"properties":{"name":"Ivory Coast"},"type":"Feature"},{"geometry":{"coordinates":[[[-77.22,17.77],[-77.14,17.77],[-77.16,17.7],[-77.42,17.86],[-77.73,17.85],[-78.05,18.19],[-78.37,18.27],[-78.23,18.44],[-77.97,18.44],[-77.86,18.53],[-76.91,18.41],[-76.78,18.28],[-76.35,18.16],[-76.19,17.92],[-76.59,17.87],[-76.85,17.99],[-76.94,17.83],[-77.09,17.9],[-77.22,17.77]]],"type":"Polygon"},"properties":{"name":"Jamaica"},"type":"Feature"},{"geometry":{"coordinates":[[[[123.68,24.29],[123.67,24.3],[123.78,24.42],[123.93,24.37],[123.87,24.26],[123.68,24.29]]],[[[122.96,24.47],[123.02,24.47],[123.0,24.44],[122.96,24.47]]],[[[124.18,24.33],[124.08,24.44],[124.21,24.45],[124.32,24.59],[124.18,24.33]]],[[[125.26,24.73],[125.26,24.89],[125.45,24.74],[125.26,24.73]]],[[[125.18,24.86],[125.22,24.82],[125.17,24.8],[125.18,24.86]]],[[[123.53,25.77],[123.55,25.76],[123.53,25.76],[123.53,25.77]]],[[[127.35,26.21],[127.36,26.22],[127.36,26.16],[127.35,26.21]]],[[[126.78,26.31],[126.7,26.37],[126.79,26.38],[126.78,26.31]]],[[[128.14,26.55],[127.85,26.44],[127.92,26.31],[127.83,26.32],[127.8,26.14],[127.65,26.08],[127.72,26.43],[127.96,26.56],[127.88,26.69],[128.06,26.64],[128.26,26.89],[128.33,26.75],[128.14,26.55]]],[[[127.23,26.6],[127.24,26.59],[127.21,26.58],[127.23,26.6]]],[[[127.76,26.71],[127.75,26.73],[127.81,26.74],[127.76,26.71]]],[[[128.43,27.07],[128.45,27.03],[128.43,27.02],[128.43,27.07]]],[[[128.6,27.36],[128.53,27.37],[128.71,27.45],[128.6,27.36]]],[[[128.88,27.82],[128.95,27.91],[129.03,27.77],[128.98,27.7],[128.88,27.82]]],[[[128.24,27.85],[128.23,27.87],[128.24,27.87],[128.24,27.85]]],[[[129.22,28.1],[129.18,28.19],[129.35,28.09],[129.22,28.1]]],[[[129.45,28.29],[129.38,28.12],[129.15,28.25],[129.27,28.26],[129.26,28.33],[129.64,28.44],[129.67,28.51],[129.7,28.43],[129.45,28.29]]],[[[129.61,29.44],[129.6,29.44],[129.59,29.47],[129.61,29.44]]],[[[129.53,29.91],[129.55,29.9],[129.54,29.89],[129.53,29.91]]],[[[128.77,32.57],[128.6,32.61],[128.65,32.78],[128.81,32.8],[128.9,32.65],[128.77,32.57]]],[[[128.84,32.79],[128.84,32.83],[128.91,32.8],[128.84,32.79]]],[[[128.94,32.8],[128.88,32.86],[128.95,32.88],[128.94,32.8]]],[[[128.97,32.87],[128.98,32.93],[129.03,32.9],[128.97,32.87]]],[[[129.05,32.82],[129.05,32.91],[128.98,32.95],[129.08,33.02],[129.11,33.17],[129.1,32.99],[129.18,32.98],[129.05,32.82]]],[[[129.08,33.27],[129.14,33.3],[129.15,33.27],[129.08,33.27]]],[[[129.45,33.2],[129.38,33.17],[129.34,33.18],[129.56,33.41],[129.45,33.2]]],[[[129.54,33.51],[129.58,33.49],[129.55,33.47],[129.54,33.51]]],[[[129.65,33.77],[129.69,33.87],[129.8,33.79],[129.71,33.7],[129.65,33.77]]],[[[129.25,34.1],[129.17,34.11],[129.21,34.33],[129.34,34.29],[129.25,34.1]]],[[[129.37,34.31],[129.31,34.38],[129.23,34.36],[129.32,34.65],[129.46,34.7],[129.37,34.31]]],[[[131.21,25.84],[131.25,25.88],[131.28,25.86],[131.21,25.84]]],[[[131.29,25.95],[131.32,25.95],[131.32,25.93],[131.29,25.95]]],[[[129.98,28.34],[130.03,28.37],[130.0,28.29],[129.91,28.3],[129.98,28.34]]],[[[129.75,29.65],[129.72,29.61],[129.71,29.63],[129.75,29.65]]],[[[129.88,29.88],[129.93,29.83],[129.86,29.82],[129.88,29.88]]],[[[129.92,30.0],[129.95,29.96],[129.94,29.95],[129.92,30.0]]],[[[130.38,30.39],[130.47,30.46],[130.67,30.37],[130.58,30.24],[130.44,30.24],[130.38,30.39]]],[[[130.14,30.49],[130.26,30.44],[130.21,30.42],[130.14,30.49]]],[[[130.96,30.37],[130.87,30.34],[130.85,30.47],[131.05,30.84],[131.08,30.7],[130.96,30.37]]],[[[129.93,30.85],[129.96,30.84],[129.94,30.81],[129.93,30.85]]],[[[131.13,31.28],[130.66,31.0],[130.8,31.34],[130.7,31.55],[130.59,31.59],[130.75,31.56],[130.81,31.65],[130.69,31.73],[130.61,31.68],[130.52,31.45],[130.66,31.27],[130.64,31.19],[130.22,31.25],[130.12,31.41],[130.23,31.38],[130.34,31.61],[130.17,31.79],[130.24,31.82],[130.18,32.09],[130.33,32.13],[130.67,32.65],[130.45,32.62],[130.63,32.7],[130.61,32.78],[130.44,32.92],[130.42,33.09],[130.24,33.19],[130.13,33.12],[130.22,32.98],[130.11,32.88],[130.34,32.86],[130.36,32.69],[130.17,32.59],[130.13,32.68],[130.21,32.75],[130.09,32.79],[129.74,32.57],[129.86,32.72],[129.64,32.93],[129.68,33.09],[129.82,32.98],[129.79,32.87],[130.0,32.85],[129.95,33.02],[129.75,33.07],[129.71,33.16],[129.67,33.1],[129.55,33.23],[129.58,33.37],[129.67,33.4],[129.85,33.28],[129.87,33.4],[129.79,33.45],[129.87,33.44],[129.85,33.55],[130.02,33.45],[130.17,33.53],[130.09,33.57],[130.21,33.67],[130.29,33.57],[130.39,33.6],[130.4,33.67],[130.35,33.64],[130.29,33.68],[130.44,33.72],[130.49,33.86],[130.76,33.94],[130.91,33.89],[131.01,33.97],[130.96,33.82],[131.1,33.62],[131.37,33.57],[131.52,33.68],[131.67,33.67],[131.74,33.48],[131.6,33.35],[131.51,33.36],[131.51,33.27],[131.9,33.27],[131.81,33.13],[132.0,33.09],[131.9,32.98],[132.08,32.93],[131.68,32.54],[131.74,32.49],[131.66,32.48],[131.59,32.3],[131.34,31.37],[131.15,31.47],[131.01,31.36],[131.13,31.28]]],[[[129.66,31.66],[129.78,31.8],[129.8,31.75],[129.72,31.64],[129.66,31.66]]],[[[129.88,31.81],[129.82,31.86],[129.93,31.87],[129.88,31.81]]],[[[130.12,32.18],[130.12,32.21],[130.19,32.18],[130.15,32.11],[130.12,32.18]]],[[[130.22,32.29],[130.26,32.3],[130.25,32.27],[130.22,32.29]]],[[[130.0,32.19],[129.96,32.25],[130.06,32.31],[129.98,32.33],[130.0,32.53],[130.19,32.52],[130.2,32.34],[130.0,32.19]]],[[[130.21,32.45],[130.46,32.53],[130.39,32.4],[130.21,32.45]]],[[[130.4,32.59],[130.44,32.62],[130.45,32.58],[130.4,32.59]]],[[[132.55,32.75],[132.57,32.73],[132.55,32.7],[132.55,32.75]]],[[[132.49,32.9],[132.47,33.04],[132.38,33.02],[132.49,33.13],[132.39,33.2],[132.55,33.23],[132.53,33.31],[132.38,33.32],[132.42,33.44],[132.01,33.35],[132.68,33.72],[132.71,33.9],[132.92,34.07],[132.9,34.12],[133.15,33.93],[133.53,33.97],[133.65,34.12],[133.56,34.26],[133.7,34.23],[133.94,34.38],[134.14,34.39],[134.44,34.21],[134.65,34.24],[134.6,34.01],[134.7,33.94],[134.65,33.85],[134.75,33.83],[134.31,33.57],[134.18,33.24],[133.93,33.49],[133.67,33.53],[133.27,33.35],[133.23,33.16],[133.0,32.99],[132.96,32.81],[133.03,32.72],[132.63,32.75],[132.71,32.91],[132.49,32.9]]],[[[132.23,33.8],[132.27,33.77],[132.19,33.78],[132.23,33.8]]],[[[132.33,33.9],[132.47,33.94],[132.37,33.84],[132.22,33.86],[132.23,33.95],[132.33,33.9]]],[[[132.59,33.97],[132.64,34.01],[132.64,34.0],[132.59,33.97]]],[[[132.55,34.17],[132.57,34.08],[132.46,34.09],[132.55,34.17]]],[[[133.03,34.19],[133.1,34.17],[133.05,34.12],[133.03,34.19]]],[[[132.7,34.18],[132.69,34.19],[132.76,34.18],[132.7,34.18]]],[[[132.14,33.94],[132.16,33.84],[132.04,33.78],[132.1,33.87],[131.78,33.97],[131.82,34.03],[131.74,34.06],[131.44,33.98],[131.39,34.04],[131.26,33.92],[131.04,34.05],[130.92,33.91],[130.87,34.28],[131.03,34.38],[130.93,34.4],[130.98,34.44],[131.17,34.37],[131.17,34.43],[131.25,34.44],[131.28,34.41],[131.23,34.42],[131.21,34.37],[131.41,34.42],[131.6,34.66],[131.86,34.71],[132.64,35.29],[132.64,35.44],[133.09,35.6],[133.31,35.58],[133.26,35.5],[133.4,35.45],[133.58,35.53],[134.24,35.55],[134.54,35.67],[134.93,35.64],[135.23,35.77],[135.31,35.67],[135.19,35.55],[135.25,35.59],[135.32,35.45],[135.46,35.6],[135.53,35.49],[135.83,35.53],[135.81,35.64],[135.98,35.63],[135.96,35.73],[136.02,35.77],[136.07,35.66],[136.1,35.78],[135.96,36.0],[136.12,36.25],[136.38,36.39],[136.69,36.73],[136.77,36.89],[136.67,37.15],[136.75,37.36],[137.34,37.52],[137.26,37.32],[137.01,37.18],[136.95,37.23],[136.86,37.08],[137.05,37.1],[137.01,36.84],[137.33,36.76],[137.45,36.93],[138.24,37.18],[138.55,37.38],[138.86,37.83],[139.41,38.13],[139.47,38.41],[139.77,38.82],[140.05,39.5],[140.03,39.82],[139.92,39.9],[139.76,39.86],[139.7,39.96],[139.87,39.98],[140.01,40.24],[140.02,40.36],[139.86,40.61],[140.05,40.77],[140.27,40.81],[140.32,41.03],[140.41,41.03],[140.25,41.12],[140.34,41.27],[140.46,41.18],[140.63,41.19],[140.7,40.85],[140.85,40.88],[140.89,41.01],[141.13,40.87],[141.28,41.16],[141.21,41.26],[140.77,41.15],[140.91,41.54],[141.28,41.35],[141.46,41.43],[141.39,41.03],[141.44,40.67],[141.83,40.25],[141.84,40.07],[141.95,40.0],[142.0,39.77],[141.96,39.61],[142.04,39.64],[142.07,39.55],[141.95,39.46],[142.06,39.47],[141.91,39.33],[141.98,39.35],[141.84,39.15],[141.91,39.1],[141.82,39.09],[141.85,39.02],[141.73,39.04],[141.73,38.95],[141.64,38.99],[141.67,38.85],[141.59,38.88],[141.52,38.77],[141.57,38.7],[141.46,38.66],[141.54,38.63],[141.47,38.57],[141.55,38.52],[141.47,38.43],[141.55,38.39],[141.53,38.27],[141.3,38.41],[141.17,38.32],[141.08,38.36],[140.97,38.17],[140.92,37.97],[141.02,37.73],[141.01,37.13],[140.96,36.97],[140.74,36.77],[140.56,36.28],[140.65,36.01],[140.88,35.72],[140.48,35.57],[140.32,35.13],[140.13,35.12],[139.93,34.91],[139.76,34.96],[139.87,35.0],[139.87,35.25],[139.78,35.32],[140.1,35.57],[139.95,35.67],[139.9,35.61],[139.77,35.65],[139.79,35.51],[139.64,35.45],[139.65,35.3],[139.75,35.25],[139.69,35.14],[139.62,35.13],[139.54,35.31],[139.15,35.24],[139.08,35.05],[139.14,34.87],[138.99,34.65],[138.84,34.6],[138.75,34.69],[138.76,34.98],[138.91,35.03],[138.8,35.12],[138.55,35.1],[138.22,34.71],[138.23,34.59],[137.55,34.68],[137.02,34.58],[137.07,34.66],[137.34,34.73],[137.28,34.81],[137.02,34.78],[136.98,34.92],[136.92,34.78],[136.97,34.7],[136.86,34.74],[136.82,34.95],[136.89,35.09],[136.83,35.08],[136.66,34.98],[136.52,34.68],[136.55,34.6],[136.92,34.43],[136.9,34.27],[136.71,34.33],[136.34,34.18],[136.22,34.08],[136.27,33.97],[136.1,33.89],[135.96,33.59],[135.76,33.43],[135.44,33.55],[135.33,33.67],[135.39,33.71],[135.06,33.88],[135.16,34.02],[135.12,34.14],[135.19,34.15],[135.06,34.27],[135.37,34.48],[135.41,34.69],[135.34,34.71],[135.05,34.62],[134.74,34.77],[134.49,34.79],[134.35,34.71],[134.21,34.73],[134.28,34.7],[134.15,34.6],[133.99,34.61],[133.94,34.59],[134.05,34.58],[133.94,34.45],[133.79,34.44],[133.72,34.53],[133.47,34.42],[133.5,34.49],[133.3,34.32],[133.25,34.43],[133.19,34.28],[133.08,34.26],[133.17,34.36],[133.09,34.39],[132.66,34.2],[132.55,34.19],[132.52,34.35],[132.38,34.37],[132.22,34.24],[132.21,33.99],[132.14,33.94]]],[[[132.97,34.25],[133.03,34.3],[133.05,34.22],[132.96,34.19],[132.97,34.25]]],[[[132.85,34.24],[132.93,34.28],[132.92,34.22],[132.85,34.24]]],[[[132.3,34.29],[132.34,34.3],[132.33,34.26],[132.27,34.24],[132.3,34.29]]],[[[133.02,36.03],[133.08,35.99],[133.03,35.99],[133.02,36.03]]],[[[133.09,36.12],[132.99,36.04],[132.95,36.06],[133.09,36.13],[133.09,36.12]]],[[[139.27,34.39],[139.3,34.42],[139.28,34.34],[139.27,34.39]]],[[[133.69,34.38],[133.72,34.4],[133.73,34.37],[133.69,34.38]]],[[[134.9,34.37],[134.96,34.27],[134.73,34.19],[134.68,34.33],[135.0,34.61],[134.9,34.37]]],[[[135.22,34.42],[135.21,34.43],[135.24,34.45],[135.22,34.42]]],[[[134.08,34.46],[134.04,34.48],[134.07,34.5],[134.08,34.46]]],[[[134.24,34.42],[134.18,34.52],[134.37,34.55],[134.34,34.44],[134.24,34.42]]],[[[136.87,34.49],[136.91,34.5],[136.9,34.49],[136.87,34.49]]],[[[136.83,34.85],[136.81,34.84],[136.8,34.88],[136.83,34.85]]],[[[133.14,36.09],[133.08,36.02],[133.08,36.08],[133.14,36.09]]],[[[133.09,36.12],[133.11,36.11],[133.09,36.11],[133.09,36.12]]],[[[133.25,36.17],[133.2,36.28],[133.29,36.34],[133.38,36.26],[133.25,36.17]]],[[[136.91,37.14],[137.05,37.15],[137.04,37.12],[136.91,37.14]]],[[[138.22,37.81],[138.34,37.97],[138.25,37.98],[138.24,38.07],[138.49,38.32],[138.44,38.06],[138.58,38.07],[138.51,37.94],[138.22,37.81]]],[[[139.37,41.52],[139.38,41.51],[139.35,41.49],[139.37,41.52]]],[[[141.47,24.23],[141.47,24.21],[141.46,24.22],[141.47,24.23]]],[[[153.98,24.28],[153.97,24.28],[153.98,24.3],[153.98,24.28]]],[[[153.97,24.31],[153.95,24.29],[153.94,24.31],[153.97,24.31]]],[[[141.3,24.79],[141.36,24.79],[141.37,24.78],[141.29,24.73],[141.3,24.79]]],[[[141.27,25.43],[141.27,25.45],[141.3,25.45],[141.27,25.43]]],[[[142.17,26.7],[142.18,26.62],[142.14,26.66],[142.12,26.72],[142.17,26.7]]],[[[142.23,27.09],[142.23,27.05],[142.22,27.04],[142.23,27.09]]],[[[142.18,27.16],[142.19,27.19],[142.2,27.17],[142.18,27.16]]],[[[142.2,27.6],[142.18,27.61],[142.19,27.62],[142.2,27.6]]],[[[140.32,30.49],[140.33,30.49],[140.31,30.47],[140.32,30.49]]],[[[139.76,32.45],[139.76,32.47],[139.77,32.44],[139.76,32.45]]],[[[139.74,33.12],[139.75,33.15],[139.88,33.09],[139.82,33.04],[139.74,33.12]]],[[[139.61,33.9],[139.63,33.87],[139.59,33.85],[139.61,33.9]]],[[[139.49,34.09],[139.56,34.11],[139.56,34.06],[139.49,34.09]]],[[[139.36,34.7],[139.36,34.8],[139.45,34.76],[139.44,34.68],[139.36,34.7]]],[[[139.41,42.17],[139.55,42.24],[139.51,42.1],[139.46,42.05],[139.41,42.17]]],[[[145.63,43.31],[145.53,43.17],[145.14,43.13],[145.17,43.08],[145.0,43.04],[145.01,42.99],[144.8,43.05],[144.74,42.92],[144.32,43.0],[143.89,42.84],[143.35,42.32],[143.24,41.93],[141.82,42.6],[141.43,42.56],[140.98,42.3],[140.73,42.56],[140.46,42.56],[140.33,42.43],[140.29,42.26],[140.55,42.11],[140.71,42.13],[141.2,41.8],[141.01,41.71],[140.71,41.75],[140.66,41.83],[140.45,41.68],[140.43,41.53],[140.21,41.4],[140.04,41.44],[139.98,41.58],[140.15,41.98],[139.77,42.31],[139.88,42.66],[140.2,42.81],[140.28,42.76],[140.52,43.0],[140.34,43.21],[140.36,43.33],[140.49,43.37],[140.8,43.2],[141.01,43.23],[141.17,43.14],[141.42,43.32],[141.34,43.71],[141.64,43.94],[141.66,44.28],[141.8,44.64],[141.58,45.25],[141.67,45.45],[141.82,45.42],[141.94,45.52],[142.98,44.59],[143.41,44.32],[143.78,44.19],[143.68,44.18],[143.73,44.11],[144.12,44.13],[144.15,44.02],[144.24,44.12],[144.38,43.96],[144.43,43.94],[144.45,43.94],[144.46,43.94],[144.57,43.92],[144.74,43.91],[145.34,44.35],[145.37,44.25],[145.07,43.75],[145.39,43.31],[145.26,43.34],[145.32,43.28],[145.52,43.23],[145.66,43.38],[145.82,43.37],[145.63,43.31]]],[[[145.28,43.54],[145.33,43.57],[145.36,43.56],[145.28,43.54]]],[[[141.13,45.17],[141.17,45.24],[141.34,45.16],[141.24,45.1],[141.13,45.17]]],[[[141.0,45.35],[140.97,45.47],[141.07,45.44],[141.04,45.29],[141.0,45.35]]]],"type":"MultiPolygon"},"properties":{"name":"Japan"},"type":"Feature"},{"geometry":{"coordinates":[[[-2.02,49.17],[-2.23,49.18],[-2.24,49.26],[-2.08,49.26],[-2.02,49.17]]],"type":"Polygon"},"properties":{"name":"Jersey"},"type":"Feature"},{"geometry":{"coordinates":[[[35.15,30.12],[35.14,30.43],[35.44,31.1],[35.4,31.26],[35.56,31.77],[35.56,32.64],[35.77,32.75],[36.39,32.38],[36.81,32.31],[38.77,33.37],[39.06,32.5],[38.98,32.47],[39.03,32.33],[39.24,32.35],[39.27,32.21],[38.96,31.99],[36.96,31.49],[37.98,30.5],[37.65,30.33],[37.49,30.01],[36.73,29.85],[36.48,29.49],[36.04,29.19],[34.95,29.35],[35.15,30.12]]],"type":"Polygon"},"properties":{"name":"Jordan"},"type":"Feature"},{"geometry":{"coordinates":[[[[54.95,41.8],[54.91,41.93],[54.12,42.34],[53.41,42.26],[52.98,42.13],[52.44,41.75],[52.49,41.9],[52.4,42.09],[52.68,42.54],[52.56,42.74],[52.71,42.59],[52.71,42.73],[52.47,42.83],[52.3,42.79],[52.17,42.89],[51.91,42.84],[51.65,43.19],[51.28,43.15],[51.31,43.46],[50.86,44.03],[50.85,44.19],[50.24,44.37],[50.22,44.57],[50.31,44.66],[50.87,44.63],[51.14,44.48],[51.37,44.56],[51.56,44.51],[50.96,44.86],[50.96,44.98],[51.2,45.07],[51.27,45.02],[51.24,45.16],[51.42,45.39],[51.54,45.33],[51.76,45.46],[51.94,45.37],[52.52,45.41],[52.91,45.31],[53.26,45.34],[52.73,45.55],[53.12,46.11],[53.16,46.34],[53.03,46.47],[53.1,46.44],[53.08,46.51],[53.0,46.5],[53.21,46.7],[53.11,46.74],[53.06,46.89],[52.46,47.0],[52.36,46.89],[52.19,46.88],[52.24,46.81],[52.11,46.81],[52.02,46.94],[51.94,46.88],[51.74,46.93],[51.68,47.06],[51.59,46.99],[51.21,47.12],[50.85,47.04],[50.74,46.91],[50.75,46.97],[50.62,46.94],[50.57,46.83],[50.43,46.9],[49.82,46.54],[49.62,46.58],[49.58,46.5],[49.47,46.59],[49.49,46.5],[49.31,46.59],[49.37,46.4],[49.22,46.47],[49.29,46.4],[49.17,46.41],[49.23,46.33],[48.54,46.57],[48.46,46.66],[48.56,46.76],[48.76,46.68],[49.01,46.77],[48.53,47.41],[48.04,47.77],[47.41,47.84],[47.36,47.68],[47.17,47.77],[47.04,47.99],[47.19,48.07],[47.1,48.1],[47.1,48.27],[46.48,48.41],[46.75,48.91],[47.02,49.1],[47.03,49.2],[46.78,49.33],[46.92,49.86],[47.33,50.07],[47.27,50.19],[47.31,50.29],[47.6,50.45],[47.99,50.18],[48.24,49.86],[48.43,49.81],[48.78,49.93],[48.87,50.07],[48.78,50.11],[48.67,50.58],[48.57,50.64],[48.83,50.6],[49.37,50.83],[49.42,50.88],[49.35,50.96],[49.44,51.11],[49.78,51.1],[50.33,51.3],[50.36,51.41],[50.53,51.47],[50.58,51.64],[50.67,51.57],[50.79,51.6],[50.77,51.76],[51.37,51.63],[51.24,51.54],[51.3,51.47],[51.58,51.53],[51.69,51.45],[51.87,51.67],[52.09,51.66],[52.31,51.77],[52.55,51.46],[53.41,51.48],[53.61,51.39],[53.59,51.29],[53.67,51.22],[53.94,51.19],[54.28,50.9],[54.48,50.85],[54.38,50.62],[54.5,50.52],[54.68,50.6],[54.64,50.89],[54.5,50.93],[54.64,51.03],[55.05,50.88],[55.31,50.66],[55.47,50.66],[55.66,50.53],[56.08,50.72],[56.16,50.91],[56.32,50.88],[56.48,51.07],[56.69,50.97],[56.72,51.07],[57.15,51.1],[57.33,50.9],[57.47,50.86],[57.72,50.91],[57.77,51.12],[58.17,51.06],[58.31,51.15],[58.6,51.02],[58.55,50.89],[58.66,50.79],[58.93,50.68],[59.44,50.63],[59.56,50.58],[59.45,50.54],[59.52,50.47],[59.82,50.56],[60.02,50.85],[60.14,50.84],[60.3,50.68],[60.72,50.65],[61.37,50.78],[61.53,51.21],[61.66,51.26],[61.47,51.43],[61.03,51.48],[60.94,51.61],[60.38,51.66],[60.45,51.81],[60.06,51.86],[59.99,51.95],[60.43,52.13],[60.67,52.14],[61.04,52.33],[60.94,52.49],[60.81,52.52],[60.8,52.63],[60.67,52.67],[61.06,52.92],[60.97,52.97],[61.45,53.02],[61.96,52.93],[62.09,52.99],[62.05,53.12],[61.16,53.3],[61.24,53.5],[61.41,53.44],[61.56,53.51],[61.5,53.59],[61.28,53.54],[60.88,53.63],[61.01,53.64],[61.2,53.8],[60.98,53.88],[61.0,53.94],[61.21,53.91],[61.19,54.02],[61.34,54.06],[61.58,53.95],[61.79,54.0],[62.0,53.93],[62.0,54.02],[62.41,54.03],[62.39,53.94],[62.53,53.87],[62.58,54.05],[63.08,54.09],[63.16,54.18],[63.71,54.25],[63.9,54.19],[64.01,54.23],[64.0,54.32],[64.58,54.39],[64.72,54.33],[64.91,54.4],[65.18,54.31],[65.2,54.52],[65.45,54.56],[65.45,54.63],[65.74,54.6],[65.93,54.7],[65.98,54.61],[67.7,54.87],[67.88,54.97],[68.17,54.96],[68.31,55.07],[68.18,55.17],[68.61,55.2],[68.7,55.36],[68.97,55.28],[68.94,55.43],[69.19,55.33],[69.33,55.39],[69.67,55.33],[70.21,55.13],[70.44,55.28],[70.82,55.29],[70.79,55.23],[70.98,55.08],[71.01,54.77],[71.26,54.66],[71.14,54.56],[71.19,54.32],[70.97,54.31],[71.16,54.1],[71.32,54.2],[71.65,54.11],[71.76,54.25],[72.18,54.14],[72.07,54.22],[72.04,54.38],[72.32,54.25],[72.3,54.18],[72.48,54.14],[72.36,54.09],[72.39,53.91],[72.7,53.96],[72.66,54.04],[72.5,54.05],[72.62,54.13],[72.94,54.12],[73.06,53.98],[73.36,53.94],[73.52,53.96],[73.6,54.07],[73.74,54.06],[73.68,53.87],[73.43,53.87],[73.23,53.66],[73.23,53.57],[73.39,53.52],[73.35,53.46],[73.41,53.43],[73.65,53.61],[73.9,53.64],[74.22,53.59],[74.39,53.46],[74.44,53.67],[74.62,53.68],[74.77,53.83],[75.03,53.81],[75.43,53.99],[75.36,54.06],[75.43,54.09],[76.18,54.25],[76.23,54.35],[76.48,54.32],[76.9,54.46],[76.75,54.38],[76.84,54.3],[76.66,54.13],[76.38,54.15],[76.5,53.99],[77.87,53.27],[79.04,51.99],[80.02,50.77],[80.09,50.75],[80.02,50.84],[80.14,50.82],[80.44,50.96],[80.42,51.19],[80.6,51.21],[80.68,51.3],[81.15,51.19],[81.05,50.96],[81.4,50.96],[81.46,50.73],[81.74,50.78],[82.48,50.71],[82.67,50.79],[82.73,50.9],[82.98,50.88],[83.11,50.99],[83.43,50.99],[83.95,50.78],[84.2,50.51],[84.25,50.26],[84.99,50.07],[85.03,50.0],[84.95,49.91],[85.06,49.87],[85.22,49.6],[85.61,49.62],[86.18,49.46],[86.61,49.8],[86.75,49.78],[86.78,49.7],[86.6,49.57],[86.82,49.51],[86.91,49.34],[87.27,49.21],[87.32,49.09],[86.86,49.11],[86.71,48.95],[86.79,48.84],[86.75,48.72],[86.57,48.53],[85.72,48.36],[85.52,47.92],[85.68,47.27],[85.5,47.05],[85.23,47.04],[84.74,46.81],[84.75,46.92],[84.66,46.98],[83.91,46.97],[83.02,47.21],[82.99,46.94],[82.29,45.53],[82.63,45.42],[82.54,45.12],[82.25,45.23],[81.95,45.14],[81.67,45.35],[80.85,45.13],[80.1,45.03],[79.86,44.9],[79.99,44.79],[80.24,44.82],[80.49,44.73],[80.36,44.65],[80.34,44.12],[80.71,43.46],[80.64,43.33],[80.79,43.15],[80.37,43.03],[80.55,42.9],[80.25,42.82],[80.14,42.64],[80.27,42.24],[80.21,42.19],[79.92,42.42],[79.43,42.47],[79.15,42.79],[77.33,42.9],[76.96,42.99],[76.41,42.89],[75.8,42.94],[75.62,42.81],[75.18,42.85],[74.18,43.26],[74.21,43.2],[73.97,43.22],[73.9,43.13],[73.57,43.03],[73.41,42.63],[73.51,42.4],[71.85,42.83],[71.25,42.75],[71.14,42.6],[71.0,42.56],[71.06,42.47],[70.96,42.47],[70.85,42.31],[70.95,42.25],[70.73,42.2],[70.61,42.03],[70.36,42.06],[69.91,41.71],[69.62,41.67],[69.39,41.54],[69.4,41.47],[69.04,41.37],[69.03,41.21],[68.57,40.91],[68.61,40.61],[68.46,40.58],[67.99,40.81],[68.13,41.03],[68.03,41.04],[67.94,41.2],[66.73,41.16],[66.5,41.99],[66.01,42.0],[66.1,42.99],[65.8,42.88],[65.52,43.3],[64.92,43.72],[64.43,43.55],[63.21,43.63],[62.03,43.48],[61.16,44.17],[61.04,44.38],[58.53,45.56],[55.98,45.0],[55.98,41.32],[55.51,41.26],[54.95,41.8]],[[63.87,45.75],[63.96,45.94],[63.92,46.14],[63.75,46.3],[63.27,46.38],[63.01,46.3],[62.85,46.14],[62.81,45.9],[63.01,45.66],[63.32,45.57],[63.66,45.62],[63.87,45.75]]],[[[50.7,44.86],[50.63,44.97],[50.73,44.94],[50.7,44.86]]],[[[49.99,44.97],[50.04,45.06],[50.11,45.08],[50.02,44.94],[50.07,44.86],[50.19,44.86],[50.06,44.84],[49.99,44.97]]],[[[50.35,45.07],[50.28,44.96],[50.26,45.01],[50.35,45.07]]],[[[52.56,45.46],[52.6,45.53],[52.67,45.5],[52.68,45.4],[52.56,45.46]]],[[[49.77,46.25],[49.72,46.36],[49.82,46.31],[49.8,46.21],[49.77,46.25]]]],"type":"MultiPolygon"},"properties":{"name":"Kazakhstan"},"type":"Feature"},{"geometry":{"coordinates":[[[[41.28,-1.97],[41.22,-1.92],[41.01,-2.04],[41.01,-1.9],[40.95,-2.07],[40.86,-1.96],[40.98,-2.24],[40.94,-2.31],[40.86,-2.23],[40.77,-2.28],[40.82,-2.4],[40.65,-2.54],[40.49,-2.53],[40.23,-2.67],[40.16,-2.93],[40.23,-2.98],[40.12,-3.27],[39.99,-3.37],[39.97,-3.32],[39.87,-3.62],[39.78,-3.57],[39.87,-3.69],[39.79,-3.92],[39.68,-3.92],[39.71,-4.04],[39.61,-3.97],[39.64,-4.02],[39.56,-4.04],[39.67,-4.09],[39.54,-4.43],[39.4,-4.63],[39.3,-4.59],[39.19,-4.68],[37.77,-3.66],[37.71,-3.53],[37.6,-3.51],[37.59,-3.41],[37.7,-3.31],[37.64,-3.05],[33.9,-1.0],[33.95,-0.15],[33.89,0.11],[34.09,0.35],[34.15,0.6],[34.39,0.82],[34.49,1.08],[34.8,1.23],[34.78,1.39],[34.97,1.65],[35.01,1.92],[34.87,2.35],[34.92,2.48],[34.88,2.59],[34.43,3.18],[34.38,3.48],[34.44,3.67],[34.15,3.78],[34.2,3.87],[34.08,3.88],[33.98,4.22],[34.38,4.62],[35.41,5.03],[35.4,4.93],[35.57,4.9],[35.52,4.78],[35.61,4.62],[35.7,4.59],[35.78,4.68],[35.78,4.62],[35.92,4.62],[36.04,4.44],[36.9,4.42],[38.11,3.61],[38.51,3.65],[39.54,3.41],[39.85,3.87],[40.76,4.28],[41.16,3.94],[41.89,3.98],[41.34,3.2],[40.97,2.81],[40.98,-0.87],[41.53,-1.59],[41.28,-1.97]]],[[[41.16,-2.11],[40.96,-2.17],[40.98,-2.1],[41.12,-2.05],[41.16,-2.11]]]],"type":"MultiPolygon"},"properties":{"name":"Kenya"},"type":"Feature"},{"geometry":{"coordinates":[[[[-151.82,-11.4],[-151.81,-11.39],[-151.78,-11.45],[-151.82,-11.4]]],[[[-155.93,-5.61],[-155.86,-5.63],[-155.87,-5.63],[-155.93,-5.61]]],[[[-174.52,-4.68],[-174.52,-4.66],[-174.5,-4.69],[-174.5,-4.7],[-174.51,-4.69],[-174.52,-4.68]]],[[[-172.23,-4.52],[-172.23,-4.5],[-172.17,-4.51],[-172.23,-4.52]]],[[[-171.26,-4.46],[-171.24,-4.44],[-171.23,-4.46],[-171.26,-4.46]]],[[[-154.96,-4.09],[-155.02,-4.05],[-154.94,-4.03],[-154.96,-4.09]]],[[[-171.09,-3.13],[-171.09,-3.11],[-171.08,-3.13],[-171.09,-3.13]]],[[[-171.72,-2.76],[-171.65,-2.8],[-171.63,-2.83],[-171.62,-2.86],[-171.63,-2.86],[-171.72,-2.76]]],[[[169.53,-0.85],[169.56,-0.86],[169.55,-0.88],[169.53,-0.85]]],[[[-157.57,1.86],[-157.58,1.91],[-157.53,1.93],[-157.54,1.87],[-157.43,1.84],[-157.48,1.88],[-157.35,1.93],[-157.51,2.02],[-157.31,1.97],[-157.35,1.86],[-157.2,1.72],[-157.57,1.86]]],[[[172.89,3.07],[172.79,3.02],[172.75,3.02],[172.89,3.07]]],[[[172.96,3.14],[172.97,3.14],[172.97,3.13],[172.89,3.1],[172.96,3.14]]],[[[-159.35,3.8],[-159.29,3.85],[-159.41,3.9],[-159.34,3.93],[-159.25,3.83],[-159.35,3.8]]],[[[-160.4,4.7],[-160.42,4.72],[-160.4,4.72],[-160.4,4.7]]],[[[176.77,-2.61],[176.84,-2.63],[176.83,-2.66],[176.77,-2.61]]],[[[175.59,-1.92],[175.55,-1.82],[175.59,-1.87],[175.59,-1.92]]],[[[175.06,-1.51],[175.06,-1.53],[175.01,-1.55],[175.06,-1.51]]],[[[175.05,-1.43],[175.07,-1.46],[175.06,-1.51],[175.05,-1.43]]],[[[176.43,-1.37],[176.4,-1.32],[176.44,-1.37],[176.45,-1.43],[176.43,-1.37]]],[[[175.94,-1.28],[175.98,-1.28],[176.02,-1.36],[176.02,-1.37],[175.94,-1.28]]],[[[174.72,-1.13],[174.74,-1.15],[174.78,-1.26],[174.72,-1.13]]],[[[174.48,-0.82],[174.47,-0.81],[174.46,-0.65],[174.48,-0.82]]],[[[174.39,-0.61],[174.38,-0.59],[174.46,-0.64],[174.39,-0.61]]],[[[173.61,0.22],[173.64,0.21],[173.64,0.18],[173.62,0.13],[173.61,0.22]]],[[[173.92,0.38],[173.8,0.43],[173.87,0.42],[173.92,0.38]]],[[[173.07,0.96],[173.08,0.96],[173.01,0.85],[173.07,0.96]]],[[[173.15,1.39],[173.17,1.37],[173.01,1.34],[173.15,1.39]]],[[[173.27,2.01],[173.26,2.0],[173.26,2.04],[173.28,2.06],[173.32,1.98],[173.31,1.96],[173.27,2.01]]]],"type":"MultiPolygon"},"properties":{"name":"Kiribati"},"type":"Feature"},{"geometry":{"coordinates":[[[20.5,42.21],[20.23,42.33],[20.02,42.72],[20.48,42.86],[20.46,42.95],[20.66,43.09],[20.6,43.2],[20.82,43.26],[20.84,43.17],[21.09,43.09],[21.26,42.89],[21.41,42.85],[21.38,42.74],[21.76,42.67],[21.62,42.39],[21.52,42.34],[21.56,42.25],[21.37,42.22],[21.3,42.09],[21.1,42.2],[20.78,42.08],[20.7,41.85],[20.57,41.91],[20.5,42.21]]],"type":"Polygon"},"properties":{"name":"Kosovo"},"type":"Feature"},{"geometry":{"coordinates":[[[[47.43,28.99],[46.53,29.1],[46.85,29.44],[47.14,30.0],[47.36,30.09],[47.67,30.1],[47.95,29.99],[48.05,29.8],[48.18,29.54],[47.97,29.58],[47.7,29.36],[48.1,29.35],[48.16,29.02],[48.39,28.74],[48.35,28.64],[48.43,28.54],[47.67,28.53],[47.43,28.99]]],[[[48.4,29.39],[48.27,29.43],[48.28,29.47],[48.4,29.39]]],[[[48.05,29.8],[48.19,29.92],[48.15,29.99],[48.36,29.75],[48.23,29.6],[48.05,29.8]]],[[[48.04,30.02],[48.11,30.03],[48.11,30.02],[48.04,30.02]]]],"type":"MultiPolygon"},"properties":{"name":"Kuwait"},"type":"Feature"},{"geometry":{"coordinates":[[[71.96,40.32],[72.17,40.45],[72.39,40.39],[72.35,40.6],[72.63,40.51],[72.78,40.67],[73.14,40.83],[72.66,40.87],[72.33,41.07],[72.17,41.0],[72.16,41.19],[71.87,41.19],[71.85,41.34],[71.75,41.45],[71.67,41.43],[71.67,41.55],[71.6,41.49],[71.59,41.32],[71.42,41.35],[71.42,41.13],[71.28,41.11],[71.21,41.19],[71.18,41.11],[70.77,41.24],[70.67,41.47],[70.45,41.41],[70.15,41.55],[70.65,41.89],[70.81,41.92],[70.85,42.03],[71.24,42.16],[71.08,42.28],[70.85,42.31],[70.96,42.47],[71.06,42.47],[71.0,42.56],[71.4,42.79],[71.57,42.76],[71.85,42.83],[72.29,42.76],[73.51,42.4],[73.41,42.63],[73.57,43.03],[73.9,43.13],[73.97,43.22],[74.21,43.2],[74.18,43.26],[75.18,42.85],[75.62,42.81],[75.8,42.94],[76.41,42.89],[76.96,42.99],[77.33,42.9],[79.15,42.79],[79.43,42.47],[79.92,42.42],[80.26,42.08],[79.84,42.0],[79.75,41.88],[78.66,41.53],[78.36,41.38],[78.35,41.27],[78.07,41.04],[76.86,41.01],[76.65,40.76],[76.62,40.61],[76.33,40.35],[76.24,40.44],[75.68,40.29],[75.56,40.63],[75.19,40.44],[74.84,40.51],[74.79,40.42],[74.86,40.33],[74.71,40.33],[74.33,40.09],[73.97,40.03],[73.82,39.81],[73.93,39.59],[73.82,39.47],[73.48,39.46],[73.17,39.36],[72.52,39.38],[72.32,39.33],[72.23,39.19],[72.05,39.37],[71.75,39.27],[71.74,39.45],[71.51,39.46],[71.46,39.61],[71.1,39.51],[70.98,39.39],[70.77,39.38],[70.62,39.56],[70.48,39.6],[70.22,39.52],[70.2,39.62],[70.13,39.55],[69.3,39.52],[69.23,39.75],[69.31,39.98],[69.41,39.9],[69.5,39.92],[69.52,40.13],[69.97,40.21],[70.53,40.03],[70.48,39.9],[70.67,40.1],[70.93,40.17],[71.0,40.27],[71.25,40.32],[71.57,40.2],[71.63,40.26],[71.69,40.14],[71.84,40.25],[72.02,40.26],[71.96,40.32]],[[71.76,39.98],[71.67,39.94],[71.76,39.9],[71.76,39.98]],[[70.98,40.14],[71.05,39.96],[71.01,39.89],[71.21,39.89],[71.17,39.99],[71.24,40.05],[70.98,40.14]],[[70.58,39.77],[70.71,39.84],[70.48,39.88],[70.58,39.77]]],"type":"Polygon"},"properties":{"name":"Kyrgyzstan"},"type":"Feature"},{"geometry":{"coordinates":[[[101.79,18.07],[101.73,17.91],[101.39,17.73],[101.13,17.46],[100.89,17.57],[101.0,17.88],[101.17,18.05],[101.16,18.32],[101.03,18.43],[101.23,18.66],[101.22,18.87],[101.33,19.02],[101.17,19.38],[101.25,19.56],[100.88,19.61],[100.75,19.48],[100.47,19.52],[100.38,19.75],[100.55,20.17],[100.31,20.4],[100.15,20.24],[100.1,20.28],[100.21,20.7],[100.36,20.83],[100.63,20.85],[100.52,20.89],[100.53,20.97],[100.73,21.31],[100.85,21.31],[101.16,21.55],[101.26,21.18],[101.52,21.24],[101.72,21.13],[101.82,21.22],[101.72,21.32],[101.74,21.57],[101.81,21.61],[101.75,21.82],[101.61,21.97],[101.52,22.25],[101.74,22.5],[101.84,22.38],[102.1,22.42],[102.59,21.9],[102.65,21.66],[102.75,21.68],[102.81,21.84],[102.85,21.7],[102.95,21.74],[102.97,21.58],[102.8,21.25],[103.14,20.85],[103.44,20.82],[103.68,20.66],[103.79,20.85],[104.09,20.96],[104.62,20.65],[104.36,20.44],[104.68,20.34],[104.66,20.21],[104.91,20.18],[104.95,20.0],[104.78,19.91],[104.81,19.79],[104.61,19.61],[104.23,19.71],[104.0,19.68],[104.09,19.48],[103.85,19.3],[104.15,19.18],[104.71,18.8],[105.11,18.7],[105.17,18.61],[105.08,18.45],[105.17,18.31],[105.37,18.15],[105.47,18.18],[105.72,17.67],[106.19,17.26],[106.28,17.28],[106.41,17.0],[106.52,16.99],[106.54,16.66],[106.67,16.44],[106.74,16.42],[106.85,16.53],[106.96,16.31],[107.11,16.27],[107.3,16.06],[107.44,16.07],[107.38,15.92],[107.19,15.86],[107.15,15.77],[107.66,15.27],[107.59,15.06],[107.45,15.03],[107.56,14.89],[107.52,14.7],[107.41,14.54],[107.29,14.6],[106.93,14.32],[106.81,14.31],[106.51,14.59],[106.42,14.47],[106.23,14.49],[106.17,14.37],[105.97,14.37],[106.15,14.05],[106.07,13.92],[105.9,13.92],[105.74,14.09],[105.53,14.16],[105.34,14.11],[105.18,14.35],[105.42,14.43],[105.51,14.56],[105.49,14.79],[105.59,14.99],[105.44,15.13],[105.56,15.27],[105.48,15.35],[105.6,15.44],[105.65,15.63],[105.41,15.8],[105.36,15.92],[105.42,16.01],[105.06,16.12],[105.02,16.28],[104.75,16.53],[104.74,17.0],[104.82,17.35],[104.71,17.52],[104.45,17.67],[104.0,18.32],[103.86,18.29],[103.55,18.42],[103.28,18.42],[103.23,18.35],[103.3,18.29],[103.17,18.25],[103.04,17.99],[102.85,17.97],[102.68,17.81],[102.6,17.84],[102.6,17.96],[102.31,18.05],[102.15,18.21],[101.9,18.04],[101.79,18.07]]],"type":"Polygon"},"properties":{"name":"Laos"},"type":"Feature"},{"geometry":{"coordinates":[[[21.19,56.08],[21.05,56.07],[20.97,56.23],[21.01,56.52],[20.99,56.55],[21.05,56.83],[21.38,57.01],[21.42,57.29],[21.73,57.57],[22.6,57.76],[22.66,57.59],[23.13,57.37],[23.26,57.1],[23.59,56.98],[23.87,56.99],[24.4,57.26],[24.31,57.87],[25.09,58.07],[25.23,57.99],[25.26,58.08],[25.6,57.91],[26.01,57.84],[26.02,57.77],[26.5,57.52],[26.87,57.63],[27.53,57.53],[27.51,57.43],[27.85,57.27],[27.82,57.16],[27.68,57.1],[27.75,57.04],[27.63,56.84],[27.91,56.82],[27.87,56.74],[28.13,56.55],[28.22,56.27],[28.15,56.14],[27.93,56.11],[27.65,55.92],[27.59,55.79],[26.98,55.83],[26.82,55.71],[26.59,55.67],[26.28,55.74],[25.66,56.14],[25.07,56.2],[24.87,56.44],[24.48,56.27],[24.14,56.26],[23.71,56.35],[23.29,56.37],[23.06,56.3],[22.92,56.41],[22.67,56.35],[22.09,56.42],[21.25,56.19],[21.19,56.08]]],"type":"Polygon"},"properties":{"name":"Latvia"},"type":"Feature"},{"geometry":{"coordinates":[[[35.48,33.09],[35.1,33.1],[35.35,33.51],[35.47,33.9],[35.64,34.0],[35.67,34.31],[35.98,34.54],[35.97,34.65],[36.26,34.63],[36.31,34.69],[36.44,34.63],[36.32,34.51],[36.53,34.42],[36.6,34.2],[36.29,33.95],[36.36,33.82],[36.05,33.82],[35.92,33.64],[36.04,33.57],[35.77,33.34],[35.57,33.28],[35.48,33.09]]],"type":"Polygon"},"properties":{"name":"Lebanon"},"type":"Feature"},{"geometry":{"coordinates":[[[28.2,-30.28],[28.24,-30.35],[28.13,-30.46],[28.08,-30.66],[27.74,-30.6],[27.45,-30.31],[27.37,-30.31],[27.38,-30.14],[27.0,-29.67],[27.35,-29.48],[27.75,-28.91],[28.01,-28.88],[28.15,-28.7],[28.63,-28.57],[28.98,-28.91],[29.31,-29.09],[29.44,-29.34],[29.11,-29.75],[29.14,-29.92],[28.2,-30.28]]],"type":"Polygon"},"properties":{"name":"Lesotho"},"type":"Feature"},{"geometry":{"coordinates":[[[-10.4,6.18],[-10.79,6.29],[-10.76,6.4],[-11.35,6.7],[-11.48,6.92],[-11.32,7.21],[-10.62,7.77],[-10.61,8.03],[-10.32,8.18],[-10.28,8.48],[-10.15,8.52],[-10.04,8.43],[-9.79,8.57],[-9.72,8.44],[-9.65,8.46],[-9.68,8.39],[-9.5,8.34],[-9.53,8.19],[-9.42,8.03],[-9.35,7.62],[-9.49,7.38],[-9.23,7.38],[-9.13,7.19],[-8.91,7.25],[-8.69,7.69],[-8.57,7.69],[-8.43,7.5],[-8.28,7.02],[-8.34,6.78],[-8.62,6.49],[-8.42,6.45],[-8.41,6.34],[-7.91,6.27],[-7.79,5.96],[-7.49,5.81],[-7.45,5.85],[-7.39,5.32],[-7.58,5.07],[-7.55,4.91],[-7.61,4.9],[-7.54,4.35],[-8.26,4.58],[-9.1,5.03],[-10.4,6.18]]],"type":"Polygon"},"properties":{"name":"Liberia"},"type":"Feature"},{"geometry":{"coordinates":[[[10.19,24.75],[10.03,24.86],[10.01,25.33],[9.38,26.17],[9.48,26.35],[9.85,26.52],[9.91,26.84],[9.72,27.31],[9.94,27.87],[9.78,28.27],[9.83,29.13],[9.67,29.61],[9.29,30.12],[9.87,30.36],[10.19,30.73],[10.27,30.92],[10.11,31.43],[10.26,31.68],[10.5,31.74],[10.61,31.95],[10.77,32.0],[10.87,32.14],[11.55,32.43],[11.45,32.64],[11.51,33.18],[12.35,32.83],[12.82,32.8],[13.35,32.9],[13.57,32.8],[14.19,32.71],[14.47,32.52],[15.18,32.4],[15.36,32.17],[15.36,31.97],[15.49,31.66],[15.76,31.39],[16.04,31.28],[16.94,31.18],[17.85,30.92],[18.21,30.77],[18.65,30.42],[19.06,30.27],[19.62,30.42],[20.1,30.94],[20.15,31.22],[19.92,31.76],[20.07,32.18],[20.56,32.56],[21.05,32.77],[21.41,32.79],[21.62,32.94],[22.15,32.95],[23.11,32.64],[23.15,32.48],[23.08,32.33],[23.31,32.16],[23.3,32.22],[23.84,32.15],[24.09,32.01],[24.73,32.03],[24.98,31.97],[25.16,31.66],[24.85,31.35],[24.99,30.79],[24.91,30.5],[24.69,30.18],[24.98,29.18],[24.98,20.0],[23.98,20.0],[23.98,19.5],[15.99,23.44],[14.22,22.62],[13.48,23.18],[11.97,23.52],[11.54,24.3],[10.7,24.56],[10.41,24.47],[10.19,24.75]]],"type":"Polygon"},"properties":{"name":"Libya"},"type":"Feature"},{"geometry":{"coordinates":[[[9.49,47.21],[9.52,47.26],[9.62,47.11],[9.49,47.08],[9.49,47.21]]],"type":"Polygon"},"properties":{"name":"Liechtenstein"},"type":"Feature"},{"geometry":{"coordinates":[[[[22.77,54.36],[22.67,54.49],[22.83,54.87],[22.57,55.07],[22.08,55.03],[21.37,55.29],[21.27,55.25],[21.26,55.37],[21.18,55.35],[21.22,55.52],[21.15,55.68],[21.06,55.79],[21.05,56.07],[21.19,56.08],[21.33,56.22],[22.09,56.42],[22.67,56.35],[22.92,56.41],[23.06,56.3],[23.29,56.37],[23.71,56.35],[24.14,56.26],[24.48,56.27],[24.87,56.44],[25.07,56.2],[25.66,56.14],[26.28,55.74],[26.59,55.67],[26.45,55.33],[26.8,55.27],[26.6,55.12],[26.26,55.14],[26.14,54.97],[25.78,54.87],[25.74,54.57],[25.53,54.35],[25.79,54.24],[25.74,54.15],[25.52,54.14],[25.55,54.23],[25.46,54.3],[25.21,54.26],[25.07,54.13],[24.82,54.13],[24.79,53.97],[24.38,53.89],[24.17,53.96],[23.63,53.9],[23.49,53.94],[23.43,54.17],[22.84,54.4],[22.77,54.36]]],[[[21.08,55.5],[21.09,55.72],[21.11,55.42],[20.92,55.28],[21.08,55.5]]]],"type":"MultiPolygon"},"properties":{"name":"Lithuania"},"type":"Feature"},{"geometry":{"coordinates":[[[5.89,49.64],[5.71,49.88],[5.96,50.17],[6.1,50.15],[6.22,49.89],[6.3,49.83],[6.33,49.84],[6.4,49.81],[6.46,49.81],[6.5,49.8],[6.35,49.46],[5.96,49.44],[5.81,49.55],[5.89,49.64]]],"type":"Polygon"},"properties":{"name":"Luxembourg"},"type":"Feature"},{"geometry":{"coordinates":[[[[113.59,22.12],[113.55,22.11],[113.53,22.16],[113.59,22.12]]],[[[113.56,22.2],[113.52,22.17],[113.52,22.21],[113.56,22.2]]]],"type":"MultiPolygon"},"properties":{"name":"Macau S.A.R"},"type":"Feature"},{"geometry":{"coordinates":[[[20.72,40.91],[20.58,41.09],[20.48,41.32],[20.54,41.4],[20.44,41.51],[20.53,41.59],[20.54,41.86],[20.72,41.87],[20.81,42.09],[21.1,42.2],[21.3,42.09],[21.44,42.25],[22.27,42.37],[22.53,42.13],[22.84,42.02],[23.01,41.74],[22.93,41.61],[22.94,41.35],[22.75,41.32],[22.7,41.14],[22.05,41.15],[21.58,40.87],[20.97,40.85],[20.72,40.91]]],"type":"Polygon"},"properties":{"name":"Macedonia"},"type":"Feature"},{"geometry":{"coordinates":[[[[45.15,-25.6],[44.83,-25.34],[44.37,-25.26],[44.3,-25.15],[44.38,-25.22],[44.4,-25.19],[44.03,-25.0],[43.92,-24.62],[43.67,-24.33],[43.62,-23.76],[43.76,-23.46],[43.63,-23.34],[43.58,-23.08],[43.37,-22.86],[43.28,-22.59],[43.25,-22.04],[43.35,-21.75],[43.47,-21.67],[43.51,-21.31],[43.81,-21.22],[43.9,-20.88],[44.48,-19.96],[44.37,-19.77],[44.48,-19.48],[44.23,-19.09],[44.26,-18.8],[44.05,-18.43],[44.04,-17.77],[43.93,-17.48],[44.43,-16.7],[44.45,-16.19],[44.87,-16.22],[45.27,-15.92],[45.3,-16.11],[45.41,-16.05],[45.38,-15.97],[45.57,-15.94],[45.6,-16.05],[45.66,-15.8],[45.95,-15.77],[46.07,-15.86],[46.07,-15.78],[46.02,-15.79],[46.14,-15.7],[46.24,-15.72],[46.21,-15.82],[46.33,-15.98],[46.39,-15.9],[46.3,-15.82],[46.33,-15.63],[46.95,-15.2],[47.07,-15.32],[46.96,-15.55],[47.23,-15.43],[47.06,-15.19],[47.37,-14.89],[47.28,-14.85],[47.44,-14.67],[47.52,-14.82],[47.43,-15.11],[47.8,-14.57],[47.92,-14.71],[47.97,-14.62],[48.0,-14.76],[48.01,-14.63],[47.8,-14.55],[47.75,-14.6],[47.7,-14.45],[47.79,-14.22],[47.94,-14.23],[47.92,-14.09],[48.01,-14.14],[47.98,-14.33],[48.03,-14.26],[48.05,-14.08],[47.94,-14.0],[48.02,-13.95],[47.88,-13.78],[47.9,-13.6],[48.07,-13.52],[48.19,-13.77],[48.3,-13.8],[48.33,-13.55],[48.53,-13.52],[48.48,-13.36],[48.6,-13.45],[48.78,-13.38],[48.96,-12.81],[48.89,-12.56],[48.73,-12.43],[48.95,-12.48],[48.98,-12.33],[49.2,-12.15],[49.09,-12.1],[49.16,-12.05],[49.22,-12.11],[49.18,-12.04],[49.28,-11.95],[49.37,-12.2],[49.26,-12.14],[49.23,-12.22],[49.35,-12.3],[49.38,-12.22],[49.46,-12.37],[49.54,-12.38],[49.49,-12.41],[49.59,-12.48],[49.56,-12.63],[49.65,-12.8],[49.74,-12.74],[49.94,-13.03],[50.14,-13.78],[50.21,-14.75],[50.49,-15.22],[50.48,-15.44],[50.34,-15.81],[50.17,-15.98],[49.97,-15.72],[49.9,-15.42],[49.72,-15.45],[49.64,-15.54],[49.73,-15.91],[49.69,-16.09],[49.85,-16.24],[49.85,-16.54],[49.72,-16.75],[49.84,-16.83],[49.61,-16.9],[49.43,-17.28],[49.51,-17.73],[49.44,-18.15],[48.75,-19.97],[48.78,-20.04],[48.2,-21.8],[47.9,-22.48],[47.74,-23.26],[47.57,-23.6],[47.57,-23.85],[47.32,-24.27],[47.13,-24.93],[47.11,-24.88],[47.09,-24.97],[46.77,-25.15],[46.24,-25.2],[45.67,-25.49],[45.15,-25.6]]],[[[50.02,-16.69],[49.83,-17.09],[49.86,-16.92],[50.02,-16.69]]],[[[48.21,-13.38],[48.19,-13.26],[48.28,-13.26],[48.28,-13.2],[48.36,-13.41],[48.21,-13.38]]]],"type":"MultiPolygon"},"properties":{"name":"Madagascar"},"type":"Feature"},{"geometry":{"coordinates":[[[[34.41,-15.48],[34.57,-15.3],[34.58,-14.98],[34.52,-14.61],[34.37,-14.4],[33.8,-14.53],[33.72,-14.49],[33.64,-14.6],[33.28,-14.06],[33.14,-13.92],[33.0,-14.05],[32.87,-13.82],[32.76,-13.78],[32.77,-13.65],[32.66,-13.6],[32.81,-13.53],[33.0,-13.2],[33.01,-12.92],[32.94,-12.77],[33.02,-12.61],[33.35,-12.53],[33.53,-12.36],[33.35,-12.33],[33.25,-12.14],[33.31,-11.77],[33.3,-11.59],[33.21,-11.56],[33.23,-11.42],[33.39,-11.16],[33.23,-10.88],[33.5,-10.77],[33.67,-10.58],[33.53,-10.23],[33.3,-10.06],[33.34,-9.83],[33.18,-9.6],[32.99,-9.63],[32.96,-9.38],[33.17,-9.51],[33.3,-9.49],[33.44,-9.62],[33.73,-9.58],[33.91,-9.72],[33.96,-9.52],[34.05,-9.49],[34.32,-9.72],[34.54,-10.04],[34.58,-10.54],[34.68,-10.75],[34.61,-11.1],[34.77,-11.35],[34.89,-11.38],[34.96,-11.57],[34.62,-11.58],[34.56,-11.83],[34.36,-12.15],[34.49,-12.69],[34.55,-13.33],[34.64,-13.49],[34.86,-13.52],[35.08,-13.7],[35.85,-14.65],[35.9,-14.89],[35.78,-15.17],[35.84,-15.42],[35.79,-16.04],[35.51,-16.17],[35.37,-16.14],[35.13,-16.54],[35.28,-16.7],[35.29,-17.13],[35.07,-17.11],[35.12,-16.83],[34.91,-16.74],[34.43,-16.27],[34.4,-16.06],[34.23,-15.85],[34.4,-15.65],[34.41,-15.48]]],[[[34.6,-12.07],[34.54,-11.99],[34.63,-11.99],[34.6,-12.07]]],[[[34.71,-12.12],[34.66,-12.1],[34.69,-12.0],[34.76,-12.07],[34.71,-12.12]]]],"type":"MultiPolygon"},"properties":{"name":"Malawi"},"type":"Feature"},{"geometry":{"coordinates":[[[[101.99,2.39],[101.87,2.39],[101.77,2.59],[101.29,2.85],[101.37,3.0],[101.3,3.27],[101.04,3.62],[100.81,3.79],[100.85,3.85],[100.71,3.88],[100.71,3.98],[100.87,4.02],[100.62,4.18],[100.57,4.32],[100.65,4.56],[100.59,4.61],[100.67,4.67],[100.6,4.67],[100.62,4.79],[100.36,5.08],[100.43,5.21],[100.38,5.81],[100.35,6.01],[100.14,6.38],[100.17,6.7],[100.27,6.7],[100.39,6.52],[100.63,6.44],[100.73,6.49],[100.83,6.24],[101.08,6.25],[101.08,5.94],[100.97,5.79],[101.12,5.63],[101.25,5.79],[101.56,5.91],[101.67,5.77],[101.8,5.74],[102.06,6.09],[102.07,6.26],[102.34,6.18],[102.52,5.87],[103.12,5.38],[103.45,4.81],[103.5,4.31],[103.34,3.76],[103.48,3.51],[103.44,2.92],[103.64,2.67],[103.77,2.65],[103.95,2.34],[104.26,1.64],[104.28,1.37],[104.11,1.38],[104.06,1.49],[104.15,1.55],[104.05,1.51],[103.97,1.65],[104.01,1.45],[103.7,1.45],[103.55,1.38],[103.52,1.27],[103.37,1.54],[102.7,1.86],[102.53,2.07],[101.99,2.39]]],[[[101.27,2.97],[101.32,3.07],[101.34,3.01],[101.27,2.97]]],[[[101.26,3.06],[101.27,3.05],[101.24,3.03],[101.26,3.06]]],[[[100.29,5.26],[100.18,5.27],[100.18,5.46],[100.31,5.45],[100.29,5.26]]],[[[99.83,6.19],[99.81,6.17],[99.77,6.22],[99.83,6.27],[99.83,6.19]]],[[[99.73,6.26],[99.65,6.44],[99.85,6.47],[99.89,6.32],[99.73,6.26]]],[[[111.31,2.45],[111.32,2.78],[111.38,2.7],[111.39,2.38],[111.31,2.45]]],[[[104.13,2.78],[104.17,2.89],[104.23,2.74],[104.13,2.78]]],[[[115.15,4.91],[115.21,4.96],[115.36,4.9],[115.56,5.07],[115.61,5.21],[115.37,5.31],[115.39,5.41],[115.6,5.64],[115.6,5.52],[115.85,5.56],[115.93,5.76],[116.05,5.84],[116.11,6.13],[116.5,6.5],[116.77,7.03],[116.86,6.82],[116.78,6.59],[116.97,6.71],[117.03,6.93],[117.15,7.0],[117.26,6.94],[117.3,6.64],[117.46,6.55],[117.53,6.62],[117.73,6.45],[117.72,6.25],[117.6,6.2],[117.67,5.97],[117.47,5.87],[117.77,5.91],[118.02,6.06],[118.13,5.86],[117.92,5.81],[117.96,5.69],[118.37,5.81],[118.59,5.68],[118.57,5.53],[118.65,5.64],[118.93,5.39],[119.19,5.45],[119.28,5.34],[119.27,5.2],[119.16,5.11],[118.68,4.94],[118.5,4.93],[118.36,5.04],[118.14,4.88],[118.28,4.7],[118.48,4.6],[118.5,4.51],[118.6,4.52],[118.65,4.44],[118.56,4.36],[117.98,4.23],[117.66,4.42],[117.63,4.18],[117.57,4.16],[117.2,4.36],[116.59,4.33],[116.52,4.4],[116.41,4.29],[116.31,4.38],[116.13,4.38],[116.02,4.27],[115.84,4.39],[115.54,3.92],[115.6,3.43],[115.52,3.36],[115.46,3.03],[115.31,2.99],[115.24,3.04],[115.07,2.83],[115.06,2.61],[115.21,2.51],[114.78,2.25],[114.83,1.9],[114.68,1.84],[114.55,1.43],[114.37,1.51],[114.17,1.42],[113.91,1.44],[113.62,1.23],[113.52,1.31],[112.96,1.42],[113.02,1.51],[112.97,1.57],[112.47,1.57],[112.16,1.43],[112.09,1.14],[111.91,1.11],[111.82,1.01],[111.62,1.03],[111.5,0.96],[111.2,1.08],[110.55,0.85],[110.26,0.99],[110.17,1.17],[109.78,1.46],[109.65,1.62],[109.64,1.78],[109.54,1.83],[109.65,2.08],[109.69,1.87],[109.93,1.69],[110.29,1.67],[110.33,1.8],[110.39,1.7],[110.51,1.74],[110.47,1.62],[110.73,1.55],[110.68,1.45],[110.84,1.57],[111.14,1.37],[111.34,1.33],[111.3,1.41],[111.06,1.46],[111.01,1.58],[111.1,1.69],[111.18,1.63],[111.27,1.63],[111.1,1.77],[111.21,2.07],[111.27,2.07],[111.25,2.13],[111.34,2.11],[111.38,2.16],[111.18,2.15],[111.22,2.42],[111.49,2.35],[111.4,2.48],[111.52,2.49],[111.42,2.56],[111.46,2.71],[111.67,2.84],[113.01,3.16],[113.43,3.75],[113.95,4.27],[113.98,4.59],[114.25,4.48],[114.28,4.26],[114.42,4.26],[114.59,4.02],[114.77,4.13],[114.82,4.26],[114.85,4.42],[114.74,4.73],[115.02,4.92],[115.09,4.41],[115.35,4.31],[115.15,4.91]]],[[[117.77,4.25],[117.91,4.16],[117.7,4.16],[117.65,4.24],[117.77,4.25]]],[[[118.67,4.44],[118.64,4.5],[118.76,4.47],[118.67,4.44]]],[[[118.54,4.6],[118.35,4.68],[118.46,4.7],[118.6,4.64],[118.54,4.6]]],[[[115.16,5.25],[115.24,5.39],[115.26,5.29],[115.16,5.25]]],[[[118.18,5.82],[118.16,5.83],[118.23,5.85],[118.18,5.82]]],[[[117.34,6.66],[117.47,6.77],[117.51,6.67],[117.34,6.66]]],[[[117.25,7.18],[117.07,7.1],[117.06,7.27],[117.15,7.34],[117.27,7.35],[117.25,7.18]]],[[[116.98,7.25],[116.85,7.2],[117.0,7.36],[116.98,7.25]]]],"type":"MultiPolygon"},"properties":{"name":"Malaysia"},"type":"Feature"},{"geometry":{"coordinates":[[[[72.92,2.32],[72.93,2.33],[72.93,2.32],[72.92,2.32]]],[[[72.79,3.52],[72.8,3.51],[72.79,3.51],[72.79,3.52]]],[[[72.94,3.84],[72.95,3.83],[72.94,3.83],[72.94,3.84]]],[[[72.94,4.43],[72.96,4.44],[72.96,4.42],[72.94,4.43]]],[[[73.02,5.62],[73.01,5.61],[73.01,5.62],[73.02,5.62]]],[[[73.06,6.67],[73.07,6.67],[73.06,6.66],[73.06,6.67]]],[[[73.03,6.76],[73.04,6.76],[73.04,6.75],[73.03,6.76]]],[[[73.25,-0.59],[73.24,-0.61],[73.24,-0.59],[73.25,-0.59]]],[[[73.13,6.73],[73.16,6.79],[73.17,6.78],[73.13,6.73]]],[[[73.18,6.83],[73.2,6.83],[73.19,6.82],[73.18,6.83]]],[[[73.21,6.9],[73.2,6.88],[73.2,6.9],[73.21,6.9]]],[[[73.19,6.97],[73.2,6.97],[73.19,6.95],[73.19,6.97]]],[[[73.45,1.83],[73.46,1.83],[73.46,1.82],[73.45,1.83]]],[[[73.37,2.41],[73.36,2.38],[73.35,2.43],[73.37,2.41]]],[[[73.44,3.84],[73.43,3.84],[73.43,3.85],[73.44,3.84]]],[[[73.4,5.96],[73.38,5.96],[73.39,5.97],[73.4,5.96]]],[[[73.57,2.11],[73.59,2.11],[73.56,2.09],[73.57,2.11]]],[[[73.43,4.19],[73.55,4.24],[73.53,4.17],[73.43,4.19]]],[[[73.64,5.4],[73.63,5.39],[73.63,5.42],[73.64,5.4]]]],"type":"MultiPolygon"},"properties":{"name":"Maldives"},"type":"Feature"},{"geometry":{"coordinates":[[[-4.39,12.53],[-4.45,12.44],[-4.41,12.31],[-4.49,12.32],[-4.57,12.14],[-4.76,12.01],[-5.09,11.98],[-5.41,11.83],[-5.29,11.76],[-5.22,11.42],[-5.33,11.12],[-5.5,11.07],[-5.43,10.84],[-5.52,10.43],[-5.81,10.41],[-6.02,10.19],[-6.18,10.22],[-6.24,10.25],[-6.18,10.42],[-6.26,10.51],[-6.2,10.63],[-6.26,10.73],[-6.43,10.69],[-6.45,10.55],[-6.67,10.65],[-6.67,10.36],[-6.96,10.34],[-7.02,10.14],[-7.36,10.25],[-7.5,10.46],[-7.66,10.44],[-7.83,10.21],[-7.97,10.16],[-8.0,10.33],[-8.23,10.42],[-8.3,10.54],[-8.33,11.02],[-8.51,11.05],[-8.56,10.97],[-8.7,10.96],[-8.38,11.37],[-8.66,11.5],[-8.73,11.65],[-8.85,11.66],[-8.8,11.93],[-8.92,12.05],[-8.99,12.39],[-9.33,12.5],[-9.41,12.46],[-9.31,12.36],[-9.34,12.27],[-9.63,12.17],[-9.72,12.03],[-10.27,12.22],[-10.51,12.12],[-10.67,11.89],[-10.93,12.21],[-11.05,12.2],[-11.26,12.0],[-11.49,12.15],[-11.39,12.38],[-11.38,12.48],[-11.47,12.54],[-11.39,12.97],[-11.53,13.11],[-11.61,13.36],[-11.74,13.41],[-11.83,13.31],[-12.04,13.6],[-12.1,13.7],[-11.96,13.83],[-12.0,14.17],[-12.22,14.39],[-12.17,14.64],[-12.26,14.77],[-12.07,14.73],[-11.82,14.9],[-11.85,15.18],[-11.73,15.54],[-11.61,15.54],[-11.52,15.64],[-10.92,15.1],[-10.73,15.43],[-10.07,15.36],[-9.42,15.44],[-9.45,15.59],[-9.36,15.7],[-9.35,15.5],[-5.51,15.49],[-5.35,16.31],[-5.62,16.53],[-6.59,24.99],[-4.82,25.0],[1.15,21.1],[1.15,20.74],[1.56,20.6],[1.78,20.3],[2.07,20.21],[2.2,20.27],[2.4,20.06],[3.2,19.82],[3.26,19.39],[3.1,19.14],[3.28,19.0],[4.23,19.14],[4.18,16.42],[4.06,16.3],[3.87,15.71],[3.53,15.5],[3.51,15.35],[3.03,15.43],[3.0,15.34],[1.33,15.28],[0.97,14.99],[0.67,14.94],[0.22,15.0],[0.22,14.91],[-0.24,15.07],[-0.4,15.0],[-0.47,15.08],[-0.75,15.07],[-1.08,14.8],[-1.7,14.5],[-2.0,14.47],[-2.04,14.18],[-2.15,14.16],[-2.46,14.28],[-2.6,14.22],[-2.87,14.0],[-2.9,13.65],[-3.07,13.61],[-3.29,13.7],[-3.25,13.29],[-3.45,13.27],[-3.45,13.17],[-3.97,13.39],[-3.92,13.45],[-3.98,13.5],[-4.35,13.12],[-4.23,12.95],[-4.23,12.74],[-4.49,12.71],[-4.39,12.53]]],"type":"Polygon"},"properties":{"name":"Mali"},"type":"Feature"},{"geometry":{"coordinates":[[[[14.32,35.97],[14.38,35.99],[14.57,35.85],[14.36,35.87],[14.32,35.97]]],[[[14.26,36.08],[14.33,36.03],[14.26,36.01],[14.2,36.03],[14.26,36.08]]]],"type":"MultiPolygon"},"properties":{"name":"Malta"},"type":"Feature"},{"geometry":{"coordinates":[[[[168.72,4.57],[168.69,4.57],[168.77,4.63],[168.72,4.57]]],[[[168.12,5.63],[168.13,5.61],[168.1,5.6],[168.12,5.63]]],[[[168.68,7.32],[168.68,7.34],[168.83,7.31],[168.68,7.32]]],[[[167.74,8.73],[167.73,8.72],[167.73,8.74],[167.74,8.73]]],[[[166.84,11.16],[166.9,11.17],[166.87,11.16],[166.84,11.16]]],[[[165.29,11.71],[165.28,11.7],[165.28,11.71],[165.29,11.71]]],[[[169.66,5.94],[169.73,6.01],[169.62,5.8],[169.59,5.8],[169.66,5.94]]],[[[171.97,6.06],[172.03,6.05],[171.96,6.05],[171.97,6.06]]],[[[171.72,6.08],[171.72,6.1],[171.75,6.08],[171.72,6.08]]],[[[171.58,7.05],[171.69,7.02],[171.76,6.97],[171.58,7.05]]],[[[171.79,7.04],[171.76,7.02],[171.8,7.06],[171.79,7.04]]],[[[171.91,7.09],[171.89,7.09],[171.92,7.13],[171.91,7.09]]],[[[171.06,7.14],[171.23,7.08],[171.39,7.11],[171.26,7.07],[171.2,7.07],[171.06,7.14]]],[[[170.84,8.9],[170.85,8.9],[170.84,8.89],[170.84,8.9]]],[[[170.25,9.46],[170.24,9.45],[170.24,9.47],[170.25,9.46]]]],"type":"MultiPolygon"},"properties":{"name":"Marshall Islands"},"type":"Feature"},{"geometry":{"coordinates":[[[[-15.67,16.48],[-16.27,16.52],[-16.46,16.19],[-16.54,15.81],[-16.53,16.33],[-16.08,17.54],[-16.04,18.14],[-16.2,18.98],[-16.54,19.38],[-16.36,19.42],[-16.28,19.53],[-16.39,19.46],[-16.36,19.54],[-16.47,19.41],[-16.23,19.79],[-16.25,19.9],[-16.31,19.89],[-16.22,20.0],[-16.26,20.14],[-16.2,20.23],[-16.45,20.61],[-16.47,20.65],[-16.41,20.68],[-16.53,20.74],[-16.54,20.56],[-16.67,20.68],[-16.92,21.16],[-17.06,20.77],[-16.97,21.32],[-13.02,21.33],[-13.15,22.82],[-13.02,23.02],[-12.62,23.27],[-12.02,23.46],[-12.02,25.99],[-8.69,26.0],[-8.68,27.29],[-4.82,25.0],[-6.59,24.99],[-5.62,16.53],[-5.35,16.31],[-5.51,15.49],[-9.35,15.5],[-9.36,15.7],[-9.45,15.59],[-9.42,15.44],[-10.07,15.36],[-10.73,15.43],[-10.92,15.1],[-11.52,15.64],[-11.61,15.54],[-11.73,15.54],[-11.85,15.18],[-11.82,14.9],[-12.07,14.73],[-12.38,14.85],[-12.48,15.02],[-12.89,15.25],[-12.83,15.28],[-12.96,15.51],[-13.08,15.49],[-13.11,15.6],[-13.24,15.62],[-13.32,15.93],[-13.48,16.15],[-13.67,16.11],[-13.73,16.19],[-13.84,16.12],[-13.98,16.34],[-14.41,16.66],[-14.95,16.67],[-15.67,16.48]]],[[[-16.5,19.71],[-16.48,19.73],[-16.47,19.72],[-16.5,19.71]]],[[[-16.43,19.6],[-16.46,19.68],[-16.35,19.87],[-16.43,19.6]]],[[[-16.47,20.59],[-16.46,20.61],[-16.45,20.61],[-16.47,20.59]]]],"type":"MultiPolygon"},"properties":{"name":"Mauritania"},"type":"Feature"},{"geometry":{"coordinates":[[[[57.3,-20.43],[57.36,-20.41],[57.38,-20.24],[57.53,-20.02],[57.67,-19.99],[57.78,-20.34],[57.67,-20.48],[57.43,-20.5],[57.3,-20.43]]],[[[56.57,-10.39],[56.57,-10.41],[56.53,-10.35],[56.57,-10.39]]],[[[63.37,-19.77],[63.33,-19.74],[63.49,-19.68],[63.37,-19.77]]]],"type":"MultiPolygon"},"properties":{"name":"Mauritius"},"type":"Feature"},{"geometry":{"coordinates":[[[[-114.78,18.32],[-114.8,18.34],[-114.72,18.35],[-114.78,18.32]]],[[[-111.66,24.35],[-111.67,24.36],[-111.56,24.38],[-111.46,24.33],[-111.66,24.35]]],[[[-111.71,24.3],[-112.01,24.51],[-111.84,24.51],[-111.71,24.3]]],[[[-112.18,24.65],[-112.16,24.74],[-112.3,24.79],[-112.14,25.27],[-112.21,24.85],[-112.12,24.69],[-112.14,24.63],[-112.06,24.54],[-112.18,24.65]]],[[[-112.11,25.33],[-112.12,25.28],[-112.1,25.49],[-112.11,25.33]]],[[[-112.7,27.75],[-112.35,27.55],[-112.21,27.21],[-111.95,27.09],[-112.02,26.98],[-111.87,26.83],[-111.9,26.71],[-111.78,26.57],[-111.68,26.58],[-111.81,26.71],[-111.82,26.9],[-111.56,26.7],[-111.56,26.56],[-111.44,26.52],[-111.31,25.78],[-111.12,25.53],[-111.02,25.52],[-110.9,25.14],[-110.68,24.88],[-110.74,24.55],[-110.61,24.25],[-110.33,24.18],[-110.43,24.17],[-110.36,24.11],[-110.3,24.22],[-110.33,24.33],[-110.23,24.34],[-110.01,24.16],[-109.99,24.05],[-109.83,24.06],[-109.7,23.67],[-109.47,23.56],[-109.45,23.2],[-109.9,22.87],[-110.06,22.95],[-110.31,23.54],[-111.44,24.32],[-111.36,24.29],[-111.68,24.59],[-111.81,24.51],[-112.01,24.87],[-111.97,24.74],[-112.04,24.84],[-112.09,24.77],[-112.1,25.0],[-112.14,24.87],[-112.17,24.95],[-112.03,25.47],[-112.08,25.48],[-112.08,25.72],[-112.1,25.5],[-112.18,25.96],[-112.4,26.24],[-112.69,26.32],[-113.06,26.6],[-113.12,26.79],[-113.22,26.74],[-113.15,26.97],[-113.27,26.75],[-113.47,26.8],[-113.64,26.73],[-113.82,26.95],[-114.01,26.98],[-114.18,27.14],[-114.44,27.18],[-114.51,27.41],[-115.02,27.74],[-115.08,27.85],[-114.5,27.77],[-114.32,27.87],[-114.28,27.74],[-114.1,27.6],[-114.07,27.69],[-113.95,27.66],[-113.92,27.72],[-114.06,27.8],[-114.05,27.72],[-114.14,27.73],[-114.15,27.95],[-114.28,27.9],[-114.13,28.08],[-114.15,28.0],[-114.11,27.93],[-114.12,28.02],[-114.04,28.03],[-114.12,28.26],[-114.07,28.52],[-114.97,29.38],[-115.19,29.43],[-115.7,29.76],[-115.7,29.9],[-115.81,29.97],[-115.84,30.35],[-115.98,30.4],[-115.93,30.45],[-115.99,30.5],[-116.0,30.36],[-116.05,30.48],[-116.06,30.8],[-116.34,30.96],[-116.34,31.22],[-116.68,31.55],[-116.65,31.66],[-116.75,31.75],[-116.64,31.73],[-116.61,31.84],[-116.87,32.01],[-117.13,32.53],[-114.72,32.71],[-114.82,32.5],[-111.01,31.33],[-108.21,31.33],[-108.22,31.78],[-106.43,31.76],[-106.21,31.48],[-105.96,31.37],[-105.36,30.85],[-104.93,30.61],[-104.68,30.19],[-104.68,29.94],[-104.44,29.59],[-103.3,29.0],[-103.12,29.0],[-102.86,29.23],[-102.88,29.34],[-102.68,29.74],[-102.41,29.78],[-102.32,29.89],[-102.11,29.8],[-101.41,29.78],[-101.31,29.6],[-101.23,29.62],[-101.21,29.53],[-100.67,29.12],[-100.62,28.92],[-100.32,28.51],[-100.28,28.28],[-100.06,28.14],[-99.83,27.78],[-99.52,27.59],[-99.46,27.06],[-99.25,26.83],[-99.11,26.42],[-98.8,26.37],[-98.22,26.08],[-97.66,26.03],[-97.43,25.85],[-97.14,25.97],[-97.17,25.72],[-97.46,25.18],[-97.65,24.52],[-97.73,23.81],[-97.82,23.79],[-97.76,23.65],[-97.72,23.74],[-97.74,22.97],[-97.89,22.61],[-97.83,22.67],[-97.76,22.1],[-97.61,21.84],[-97.32,21.56],[-97.41,21.27],[-97.47,21.44],[-97.37,21.54],[-97.63,21.79],[-97.78,22.1],[-97.67,21.68],[-97.58,21.5],[-97.49,21.48],[-97.5,21.4],[-97.15,20.65],[-96.46,19.87],[-96.29,19.33],[-95.75,18.8],[-95.96,18.86],[-95.81,18.75],[-95.86,18.72],[-95.57,18.68],[-95.73,18.76],[-95.73,18.8],[-95.58,18.72],[-95.19,18.71],[-95.02,18.56],[-94.79,18.51],[-94.53,18.16],[-93.8,18.27],[-93.58,18.41],[-93.84,18.32],[-93.55,18.43],[-93.16,18.44],[-93.13,18.34],[-93.14,18.43],[-92.86,18.47],[-92.72,18.59],[-92.67,18.43],[-92.7,18.62],[-92.41,18.67],[-91.95,18.69],[-91.87,18.6],[-91.95,18.63],[-92.05,18.55],[-91.89,18.51],[-91.97,18.59],[-91.9,18.58],[-91.81,18.39],[-91.8,18.49],[-91.49,18.44],[-91.5,18.51],[-91.18,18.66],[-91.3,18.63],[-91.27,18.74],[-91.41,18.81],[-91.24,18.96],[-91.51,18.82],[-90.77,19.31],[-90.68,19.75],[-90.48,19.92],[-90.49,20.53],[-90.36,21.0],[-89.92,21.24],[-88.88,21.41],[-88.45,21.58],[-88.3,21.55],[-88.24,21.57],[-88.13,21.62],[-87.24,21.44],[-87.14,21.56],[-87.41,21.53],[-87.11,21.62],[-86.83,21.43],[-86.82,21.2],[-86.74,21.16],[-86.88,20.86],[-87.43,20.22],[-87.43,19.89],[-87.48,19.78],[-87.45,19.89],[-87.67,19.63],[-87.74,19.67],[-87.67,19.51],[-87.44,19.55],[-87.53,19.59],[-87.44,19.64],[-87.41,19.58],[-87.46,19.46],[-87.68,19.31],[-87.64,19.22],[-87.46,19.32],[-87.84,18.2],[-87.94,18.44],[-88.08,18.5],[-88.0,18.69],[-88.04,18.87],[-88.13,18.73],[-88.13,18.77],[-88.2,18.74],[-88.25,18.7],[-88.15,18.7],[-88.28,18.49],[-88.53,18.45],[-88.87,17.89],[-89.05,18.0],[-89.15,17.94],[-89.16,17.81],[-90.99,17.8],[-90.99,17.25],[-91.44,17.24],[-91.28,17.18],[-91.05,16.91],[-90.8,16.81],[-90.63,16.48],[-90.39,16.42],[-90.44,16.1],[-91.74,16.06],[-92.21,15.27],[-92.07,15.07],[-92.15,15.0],[-92.23,14.55],[-92.84,15.16],[-92.74,15.09],[-92.77,15.17],[-93.94,16.01],[-93.85,16.02],[-93.9,16.09],[-94.4,16.3],[-94.44,16.22],[-93.96,16.0],[-94.39,16.18],[-94.72,16.2],[-94.58,16.33],[-94.67,16.36],[-94.79,16.26],[-94.85,16.43],[-95.06,16.27],[-94.83,16.29],[-94.93,16.24],[-94.81,16.24],[-94.77,16.2],[-95.23,16.16],[-95.43,15.98],[-96.24,15.68],[-96.85,15.73],[-97.27,15.94],[-97.77,15.98],[-98.17,16.21],[-98.08,16.19],[-98.07,16.2],[-98.55,16.31],[-98.78,16.56],[-99.66,16.7],[-99.99,16.91],[-101.06,17.26],[-101.99,17.97],[-102.19,17.92],[-103.36,18.27],[-103.98,18.87],[-104.33,19.02],[-104.35,19.11],[-104.44,19.08],[-104.99,19.34],[-105.09,19.56],[-105.53,20.03],[-105.7,20.41],[-105.24,20.58],[-105.34,20.75],[-105.54,20.77],[-105.23,21.06],[-105.18,21.44],[-105.45,21.63],[-105.63,21.96],[-105.72,22.51],[-105.8,22.64],[-106.43,23.19],[-106.52,23.41],[-106.79,23.63],[-107.04,23.98],[-107.78,24.48],[-107.8,24.51],[-107.5,24.34],[-107.53,24.52],[-107.62,24.46],[-107.94,24.64],[-107.81,24.53],[-107.91,24.58],[-108.06,24.79],[-107.98,24.76],[-107.99,24.95],[-108.05,25.0],[-108.09,24.82],[-108.33,25.11],[-108.18,24.98],[-108.14,25.06],[-108.0,25.03],[-108.22,25.17],[-108.35,25.17],[-108.36,25.27],[-108.4,25.15],[-108.44,25.26],[-108.73,25.36],[-108.59,25.35],[-108.77,25.38],[-108.77,25.54],[-108.9,25.56],[-108.93,25.47],[-109.12,25.54],[-108.98,25.54],[-108.84,25.8],[-109.06,25.59],[-109.25,25.69],[-109.16,25.56],[-109.41,25.65],[-109.29,25.71],[-109.38,25.76],[-109.41,25.69],[-109.43,26.02],[-109.26,26.3],[-109.27,26.17],[-109.22,26.34],[-109.11,26.22],[-109.09,26.29],[-109.12,26.29],[-109.16,26.36],[-109.18,26.38],[-109.25,26.33],[-109.26,26.5],[-109.48,26.74],[-109.55,26.72],[-109.49,26.67],[-109.78,26.72],[-109.97,27.11],[-110.29,27.15],[-110.52,27.29],[-110.43,27.3],[-110.55,27.38],[-110.63,27.64],[-110.55,27.74],[-110.6,27.75],[-110.61,27.82],[-110.51,27.87],[-110.85,27.91],[-110.84,27.99],[-110.89,27.84],[-111.0,27.96],[-111.11,27.94],[-111.44,28.39],[-111.71,28.46],[-111.95,28.76],[-111.87,28.8],[-112.17,28.97],[-112.24,29.32],[-112.41,29.34],[-112.38,29.49],[-112.75,29.91],[-112.76,30.21],[-113.08,30.67],[-113.09,31.2],[-113.23,31.29],[-113.62,31.33],[-113.66,31.5],[-113.98,31.66],[-113.95,31.57],[-114.03,31.49],[-114.21,31.51],[-115.03,31.97],[-114.78,31.66],[-114.89,31.16],[-114.71,30.92],[-114.62,30.12],[-114.39,29.78],[-114.21,29.74],[-113.64,29.28],[-113.52,28.89],[-113.39,28.94],[-113.35,28.8],[-113.2,28.79],[-113.1,28.5],[-112.85,28.44],[-112.87,28.28],[-112.7,27.75]],[[-87.44,19.91],[-87.48,19.96],[-87.45,19.89],[-87.44,19.91]]],[[[-111.29,26.1],[-111.28,26.14],[-111.26,26.14],[-111.29,26.1]]],[[[-113.17,26.72],[-113.14,26.67],[-113.26,26.71],[-113.17,26.72]]],[[[-112.11,27.24],[-112.09,27.26],[-112.05,27.22],[-112.11,27.24]]],[[[-111.89,27.43],[-111.9,27.45],[-111.86,27.45],[-111.89,27.43]]],[[[-115.18,27.85],[-115.22,27.9],[-115.16,27.87],[-115.18,27.85]]],[[[-111.39,27.99],[-111.37,27.95],[-111.38,27.96],[-111.39,27.99]]],[[[-115.18,28.03],[-115.36,28.08],[-115.21,28.38],[-115.18,28.03]]],[[[-112.77,28.58],[-112.89,28.68],[-112.86,28.67],[-112.77,28.58]]],[[[-112.55,28.67],[-112.6,28.67],[-112.61,28.73],[-112.55,28.67]]],[[[-112.58,28.88],[-112.49,28.97],[-112.46,29.18],[-112.26,29.25],[-112.2,29.02],[-112.25,28.77],[-112.58,28.88]]],[[[-118.37,29.11],[-118.27,29.19],[-118.22,29.02],[-118.27,28.89],[-118.37,29.11]]],[[[-113.5,29.29],[-113.59,29.41],[-113.57,29.54],[-113.4,29.46],[-113.37,29.31],[-113.17,29.28],[-113.11,28.98],[-113.5,29.29]]],[[[-114.4,29.99],[-114.39,29.96],[-114.42,29.97],[-114.4,29.99]]],[[[-116.11,30.5],[-116.1,30.48],[-116.12,30.49],[-116.11,30.5]]],[[[-114.76,31.72],[-114.79,31.8],[-114.65,31.69],[-114.76,31.72]]],[[[-111.07,18.77],[-111.0,18.87],[-110.91,18.76],[-111.07,18.77]]],[[[-110.84,19.29],[-110.81,19.35],[-110.79,19.31],[-110.84,19.29]]],[[[-106.26,21.33],[-106.22,21.33],[-106.23,21.29],[-106.26,21.33]]],[[[-106.44,21.44],[-106.49,21.47],[-106.37,21.48],[-106.44,21.44]]],[[[-106.63,21.6],[-106.66,21.69],[-106.53,21.66],[-106.53,21.55],[-106.63,21.6]]],[[[-106.69,21.75],[-106.66,21.78],[-106.66,21.74],[-106.69,21.75]]],[[[-109.9,24.2],[-109.93,24.37],[-109.81,24.18],[-109.9,24.2]]],[[[-110.35,24.4],[-110.4,24.59],[-110.31,24.5],[-110.35,24.4]]],[[[-110.57,24.82],[-110.59,24.83],[-110.57,24.84],[-110.57,24.82]]],[[[-110.57,25.02],[-110.52,24.88],[-110.64,24.91],[-110.71,25.11],[-110.57,25.02]]],[[[-110.73,25.29],[-110.69,25.31],[-110.7,25.29],[-110.73,25.29]]],[[[-108.99,25.43],[-109.01,25.45],[-108.88,25.44],[-108.79,25.39],[-108.99,25.43]]],[[[-110.75,25.6],[-110.77,25.59],[-110.81,25.64],[-110.77,25.7],[-110.75,25.6]]],[[[-111.02,25.67],[-111.04,25.65],[-111.06,25.71],[-111.02,25.67]]],[[[-111.12,25.99],[-111.23,25.82],[-111.18,26.04],[-111.06,26.07],[-111.12,25.99]]],[[[-110.53,27.28],[-110.6,27.32],[-110.6,27.38],[-110.59,27.42],[-110.53,27.28]]],[[[-87.34,18.45],[-87.33,18.53],[-87.31,18.57],[-87.33,18.45],[-87.34,18.45]]],[[[-87.25,18.65],[-87.26,18.63],[-87.27,18.74],[-87.25,18.65]]],[[[-91.69,18.67],[-91.84,18.65],[-91.56,18.79],[-91.52,18.75],[-91.69,18.67]]],[[[-86.89,20.35],[-87.0,20.26],[-87.02,20.4],[-86.94,20.55],[-86.74,20.6],[-86.89,20.35]]],[[[-86.74,21.24],[-86.74,21.29],[-86.73,21.24],[-86.74,21.24]]],[[[-97.63,21.79],[-97.6,21.75],[-97.61,21.74],[-97.66,21.78],[-97.68,21.86],[-97.63,21.79]]],[[[-89.69,22.53],[-89.77,22.53],[-89.75,22.58],[-89.62,22.5],[-89.65,22.37],[-89.69,22.53]]],[[[-97.82,22.72],[-97.79,22.77],[-97.8,22.72],[-97.82,22.72]]]],"type":"MultiPolygon"},"properties":{"name":"Mexico"},"type":"Feature"},{"geometry":{"coordinates":[[[27.81,47.14],[27.57,47.38],[27.58,47.46],[27.3,47.67],[27.04,48.13],[26.63,48.28],[26.77,48.29],[26.84,48.39],[27.21,48.36],[27.6,48.48],[28.08,48.31],[28.09,48.24],[28.36,48.24],[28.32,48.14],[28.41,48.17],[28.48,48.06],[28.57,48.15],[28.8,48.11],[28.95,47.93],[29.12,47.98],[29.24,47.87],[29.12,47.53],[29.16,47.45],[29.41,47.28],[29.56,47.32],[29.54,47.14],[29.48,47.11],[29.6,47.06],[29.56,46.95],[29.93,46.81],[29.9,46.53],[30.13,46.42],[29.83,46.34],[29.71,46.47],[29.62,46.36],[29.46,46.48],[29.37,46.42],[29.31,46.47],[29.2,46.36],[29.18,46.54],[28.95,46.45],[28.93,46.26],[29.02,46.18],[28.96,46.0],[28.74,45.95],[28.74,45.84],[28.47,45.66],[28.5,45.51],[28.2,45.46],[28.06,45.59],[28.17,45.63],[28.08,46.01],[28.25,46.62],[28.04,47.02],[27.81,47.14]]],"type":"Polygon"},"properties":{"name":"Moldova"},"type":"Feature"},{"geometry":{"coordinates":[[[7.44,43.74],[7.37,43.72],[7.37,43.75],[7.44,43.74]]],"type":"Polygon"},"properties":{"name":"Monaco"},"type":"Feature"},{"geometry":{"coordinates":[[[99.47,42.56],[97.19,42.79],[96.36,42.72],[96.32,42.91],[95.87,43.25],[95.54,43.96],[95.32,44.02],[95.4,44.28],[95.04,44.25],[94.7,44.34],[94.18,44.66],[93.93,44.67],[93.53,44.95],[92.85,45.04],[92.22,45.01],[91.53,45.07],[91.06,45.22],[90.87,45.19],[90.65,45.49],[90.71,45.75],[91.0,46.02],[90.9,46.3],[91.05,46.57],[90.89,46.94],[90.71,47.01],[90.47,47.31],[90.34,47.66],[90.08,47.76],[90.04,47.88],[89.75,47.82],[89.54,48.03],[89.05,47.99],[88.6,48.2],[88.5,48.39],[87.98,48.55],[87.94,48.6],[88.06,48.71],[87.74,48.87],[87.87,48.97],[87.82,49.17],[88.14,49.27],[88.12,49.36],[88.2,49.45],[88.87,49.44],[88.87,49.54],[88.98,49.46],[89.2,49.52],[89.22,49.63],[89.37,49.58],[89.7,49.72],[89.62,49.84],[89.67,49.93],[89.97,49.97],[90.02,50.07],[90.48,50.21],[90.68,50.22],[91.01,50.43],[91.42,50.46],[91.75,50.68],[92.16,50.69],[92.36,50.87],[92.65,50.67],[92.8,50.79],[92.96,50.78],[93.01,50.62],[93.1,50.6],[94.26,50.56],[94.35,50.22],[94.6,50.02],[94.92,50.05],[95.08,49.95],[95.5,49.89],[95.83,50.02],[95.95,49.94],[96.06,50.0],[96.59,49.86],[96.97,49.89],[97.15,49.75],[97.34,49.73],[97.57,49.85],[97.57,49.92],[97.83,49.92],[98.05,50.02],[98.26,50.28],[98.29,50.52],[98.04,50.62],[97.94,50.77],[97.98,50.85],[97.81,51.0],[98.04,51.46],[98.22,51.48],[98.33,51.72],[98.68,51.82],[98.93,52.13],[99.92,51.75],[100.51,51.73],[101.35,51.45],[102.07,51.37],[102.19,51.31],[102.15,51.1],[102.23,50.98],[102.22,50.8],[102.33,50.72],[102.3,50.56],[102.93,50.3],[103.2,50.3],[103.28,50.2],[104.12,50.15],[104.41,50.3],[105.33,50.48],[105.98,50.4],[106.22,50.29],[106.66,50.33],[106.97,50.2],[107.19,50.01],[107.95,49.93],[107.93,49.67],[108.54,49.33],[109.29,49.34],[110.18,49.16],[110.37,49.24],[110.73,49.14],[111.34,49.36],[112.03,49.41],[112.47,49.53],[112.78,49.5],[113.06,49.6],[113.18,49.8],[113.58,50.02],[114.29,50.28],[114.75,50.24],[115.39,49.89],[115.72,49.88],[116.22,50.01],[116.58,49.92],[116.68,49.82],[116.03,48.77],[115.8,48.53],[115.8,48.24],[115.51,48.13],[115.6,47.89],[115.91,47.68],[116.24,47.86],[116.82,47.88],[117.36,47.65],[117.77,47.99],[118.47,47.99],[118.77,47.76],[119.08,47.66],[119.13,47.53],[119.31,47.48],[119.28,47.41],[119.7,47.16],[119.9,46.9],[119.9,46.71],[119.68,46.59],[119.06,46.66],[118.85,46.77],[118.72,46.68],[118.27,46.72],[117.8,46.52],[117.57,46.6],[117.39,46.57],[117.3,46.35],[116.81,46.39],[116.36,46.11],[116.14,45.69],[115.64,45.44],[114.53,45.39],[114.42,45.2],[114.09,44.96],[113.64,44.75],[112.75,44.87],[112.41,45.07],[111.84,45.04],[111.55,44.69],[111.4,44.35],[111.84,43.94],[111.93,43.7],[110.97,43.32],[110.41,42.77],[109.49,42.45],[108.8,42.4],[108.18,42.45],[106.77,42.29],[105.2,41.74],[104.97,41.59],[104.5,41.66],[104.5,41.87],[103.69,41.76],[103.07,42.0],[102.03,42.18],[101.64,42.52],[99.97,42.68],[99.47,42.56]]],"type":"Polygon"},"properties":{"name":"Mongolia"},"type":"Feature"},{"geometry":{"coordinates":[[[19.37,42.1],[19.37,41.85],[19.17,41.94],[18.89,42.28],[18.78,42.27],[18.55,42.42],[18.7,42.39],[18.69,42.48],[18.5,42.46],[18.53,42.4],[18.44,42.49],[18.55,42.64],[18.44,42.82],[18.45,42.99],[18.64,43.02],[18.66,43.23],[18.82,43.34],[18.99,43.27],[19.07,43.31],[18.91,43.49],[18.98,43.55],[19.2,43.53],[19.19,43.45],[19.6,43.18],[19.93,43.11],[20.35,42.89],[20.18,42.74],[20.03,42.74],[20.1,42.65],[19.98,42.51],[19.8,42.47],[19.72,42.65],[19.65,42.63],[19.28,42.16],[19.37,42.1]]],"type":"Polygon"},"properties":{"name":"Montenegro"},"type":"Feature"},{"geometry":{"coordinates":[[[-62.22,16.69],[-62.2,16.82],[-62.17,16.81],[-62.15,16.72],[-62.22,16.69]]],"type":"Polygon"},"properties":{"name":"Montserrat"},"type":"Feature"},{"geometry":{"coordinates":[[[[-13.31,23.98],[-13.89,23.69],[-14.1,23.1],[-14.22,22.31],[-14.63,21.86],[-14.61,21.75],[-14.75,21.5],[-14.97,21.44],[-16.04,21.5],[-17.01,21.42],[-16.92,21.93],[-16.71,22.28],[-16.47,22.38],[-16.29,22.9],[-16.16,22.99],[-16.21,23.09],[-15.77,23.79],[-15.78,23.91],[-14.9,24.71],[-14.82,25.33],[-14.51,25.94],[-14.47,26.19],[-13.56,26.75],[-13.17,27.69],[-12.95,27.93],[-12.06,28.09],[-11.49,28.33],[-11.06,28.75],[-10.57,28.99],[-10.25,29.3],[-9.66,30.13],[-9.61,30.4],[-9.89,30.65],[-9.81,30.83],[-9.85,31.4],[-9.28,32.2],[-9.26,32.58],[-8.53,33.27],[-7.53,33.63],[-6.82,34.04],[-6.29,34.88],[-5.93,35.78],[-5.4,35.92],[-5.25,35.58],[-5.07,35.42],[-4.77,35.24],[-4.38,35.15],[-3.92,35.27],[-3.79,35.21],[-3.7,35.29],[-3.32,35.2],[-3.08,35.29],[-2.97,35.45],[-2.86,35.13],[-2.75,35.12],[-2.88,35.25],[-2.67,35.11],[-2.28,35.11],[-1.77,34.74],[-1.87,34.6],[-1.7,34.48],[-1.81,34.37],[-1.67,34.08],[-1.75,33.7],[-1.62,33.55],[-1.67,33.24],[-1.5,33.06],[-1.56,32.93],[-1.42,32.74],[-1.03,32.49],[-1.24,32.36],[-1.31,32.17],[-1.2,32.15],[-1.21,32.09],[-2.52,32.13],[-2.88,32.08],[-2.94,32.05],[-2.83,31.79],[-3.66,31.65],[-3.67,31.39],[-3.82,31.34],[-3.84,31.17],[-3.73,31.18],[-3.55,30.96],[-3.66,30.84],[-3.65,30.71],[-4.37,30.51],[-5.18,29.98],[-5.54,29.52],[-5.72,29.52],[-5.76,29.61],[-6.41,29.57],[-6.78,29.45],[-7.15,29.51],[-7.35,29.38],[-7.65,29.38],[-8.25,28.99],[-8.68,28.69],[-8.68,27.66],[-8.82,27.66],[-8.75,27.15],[-9.41,27.09],[-9.82,26.85],[-10.03,26.91],[-10.25,26.86],[-10.76,27.02],[-11.39,26.88],[-11.34,26.63],[-11.72,26.1],[-12.06,25.99],[-12.43,24.83],[-12.99,24.47],[-13.31,23.98]]],[[[-15.99,23.65],[-15.94,23.77],[-15.78,23.91],[-15.99,23.65]]]],"type":"MultiPolygon"},"properties":{"name":"Morocco"},"type":"Feature"},{"geometry":{"coordinates":[[[[32.96,-26.04],[32.91,-26.06],[32.9,-26.03],[32.95,-25.98],[32.96,-26.04]]],[[[32.5,-25.95],[32.48,-26.0],[32.55,-25.98],[32.84,-26.29],[32.95,-26.08],[32.89,-26.85],[32.11,-26.84],[32.07,-26.01],[31.95,-25.96],[31.91,-25.81],[32.0,-25.64],[31.99,-24.42],[31.85,-23.93],[31.53,-23.46],[31.54,-23.16],[31.28,-22.42],[32.45,-21.31],[32.34,-21.13],[32.49,-20.94],[32.48,-20.6],[32.67,-20.53],[32.89,-20.1],[33.01,-20.03],[33.03,-19.78],[32.94,-19.65],[32.82,-19.67],[32.83,-19.5],[32.76,-19.46],[32.86,-19.08],[32.68,-18.95],[32.69,-18.83],[32.9,-18.77],[32.87,-18.54],[33.04,-18.35],[32.95,-18.26],[32.93,-17.97],[33.02,-17.62],[32.94,-17.5],[33.02,-17.35],[32.83,-16.94],[32.97,-16.68],[32.73,-16.71],[32.67,-16.6],[32.29,-16.45],[31.91,-16.43],[31.71,-16.22],[31.4,-16.16],[31.26,-16.02],[30.4,-16.0],[30.39,-15.48],[30.21,-14.98],[33.2,-14.01],[33.64,-14.6],[33.72,-14.49],[34.05,-14.5],[34.34,-14.39],[34.52,-14.61],[34.57,-15.27],[34.23,-15.89],[34.4,-16.06],[34.43,-16.27],[34.91,-16.74],[35.12,-16.83],[35.07,-17.11],[35.29,-17.13],[35.28,-16.7],[35.13,-16.54],[35.37,-16.14],[35.51,-16.17],[35.79,-16.04],[35.84,-15.42],[35.78,-15.17],[35.9,-14.89],[35.85,-14.65],[35.08,-13.7],[34.86,-13.52],[34.64,-13.49],[34.55,-13.33],[34.49,-12.69],[34.35,-12.2],[34.62,-11.58],[35.53,-11.61],[35.83,-11.41],[36.17,-11.58],[36.2,-11.7],[36.63,-11.72],[36.82,-11.57],[37.03,-11.56],[37.14,-11.67],[37.47,-11.72],[37.82,-11.53],[37.94,-11.28],[38.26,-11.28],[38.49,-11.41],[38.9,-11.17],[39.24,-11.17],[39.5,-10.99],[39.79,-10.93],[40.51,-10.48],[40.51,-10.57],[40.65,-10.69],[40.49,-10.76],[40.62,-10.84],[40.5,-10.96],[40.51,-11.04],[40.57,-11.01],[40.51,-11.19],[40.35,-11.32],[40.47,-11.39],[40.43,-11.65],[40.52,-11.84],[40.52,-12.2],[40.45,-12.26],[40.56,-12.39],[40.48,-12.5],[40.56,-12.53],[40.65,-12.77],[40.41,-12.94],[40.48,-13.02],[40.5,-12.95],[40.6,-12.98],[40.53,-13.51],[40.6,-13.57],[40.54,-13.64],[40.65,-14.03],[40.54,-14.16],[40.59,-14.26],[40.7,-14.18],[40.75,-14.27],[40.73,-14.34],[40.64,-14.34],[40.63,-14.57],[40.7,-14.43],[40.8,-14.41],[40.84,-14.46],[40.76,-14.53],[40.83,-14.52],[40.85,-14.71],[40.73,-14.89],[40.64,-14.85],[40.77,-15.0],[40.67,-14.98],[40.71,-15.07],[40.53,-15.13],[40.51,-15.18],[40.64,-15.16],[40.68,-15.23],[40.58,-15.49],[40.06,-15.99],[40.13,-15.99],[39.99,-16.22],[39.78,-16.3],[39.81,-16.39],[39.86,-16.43],[39.13,-16.87],[39.09,-16.98],[38.66,-17.03],[38.17,-17.29],[38.08,-17.19],[38.13,-17.29],[37.19,-17.74],[36.98,-18.01],[36.89,-17.88],[36.83,-17.88],[36.98,-18.05],[36.47,-18.56],[36.41,-18.78],[36.24,-18.69],[36.27,-18.89],[36.15,-18.9],[36.12,-18.8],[35.86,-18.95],[35.13,-19.71],[34.88,-19.86],[34.63,-19.6],[34.55,-19.58],[34.78,-19.82],[34.71,-19.88],[34.77,-20.15],[34.66,-20.15],[34.74,-20.23],[34.64,-20.38],[34.72,-20.47],[34.67,-20.54],[34.74,-20.52],[34.87,-20.71],[34.99,-20.73],[35.04,-20.94],[35.12,-20.97],[35.02,-21.11],[35.07,-21.32],[35.13,-21.18],[35.12,-21.38],[35.27,-21.64],[35.31,-22.39],[35.39,-22.49],[35.44,-22.12],[35.5,-22.11],[35.52,-22.31],[35.55,-22.18],[35.49,-22.69],[35.54,-22.95],[35.61,-22.91],[35.48,-23.18],[35.39,-23.75],[35.38,-23.68],[35.34,-23.68],[35.33,-23.96],[35.38,-23.84],[35.47,-23.88],[35.48,-23.78],[35.53,-23.8],[35.5,-24.1],[35.11,-24.6],[33.21,-25.3],[32.84,-25.57],[32.6,-25.96],[32.5,-25.95]],[[34.69,-12.0],[34.66,-12.1],[34.71,-12.12],[34.76,-12.07],[34.69,-12.0]],[[34.61,-12.07],[34.63,-11.99],[34.54,-11.99],[34.61,-12.07]]],[[[35.46,-21.78],[35.43,-21.78],[35.44,-21.67],[35.5,-21.55],[35.46,-21.78]]],[[[39.86,-16.41],[39.82,-16.32],[39.94,-16.28],[39.86,-16.41]]]],"type":"MultiPolygon"},"properties":{"name":"Mozambique"},"type":"Feature"},{"geometry":{"coordinates":[[[[93.4,14.1],[93.37,14.06],[93.38,14.14],[93.4,14.1]]],[[[93.69,14.86],[93.68,14.86],[93.72,14.91],[93.69,14.86]]],[[[94.72,15.82],[94.82,15.95],[94.84,15.88],[94.8,15.8],[94.72,15.82]]],[[[94.4,15.84],[94.39,16.0],[94.64,16.25],[94.57,16.01],[94.4,15.84]]],[[[96.62,16.52],[96.44,16.48],[96.27,16.6],[96.23,16.76],[96.29,16.81],[96.17,16.77],[96.34,16.44],[96.29,16.37],[96.12,16.32],[96.01,16.39],[96.07,16.31],[95.8,16.14],[95.72,16.22],[95.66,15.95],[95.4,15.72],[95.29,15.74],[95.36,15.98],[95.36,16.15],[95.21,15.79],[95.13,15.82],[95.1,16.03],[95.23,16.12],[95.14,16.15],[95.07,16.07],[95.03,15.81],[94.85,15.79],[94.9,15.85],[94.83,15.95],[94.92,16.04],[94.86,16.13],[94.87,16.04],[94.72,15.86],[94.6,15.92],[94.73,16.02],[94.79,16.16],[94.57,15.94],[94.68,16.12],[94.73,16.52],[94.68,16.53],[94.63,16.26],[94.63,16.34],[94.52,16.3],[94.43,16.07],[94.24,15.98],[94.27,16.53],[94.34,16.55],[94.38,16.9],[94.46,16.95],[94.45,17.18],[94.54,17.19],[94.55,17.32],[94.59,17.29],[94.56,17.58],[94.62,17.55],[94.45,17.97],[94.46,18.16],[94.33,18.26],[94.42,18.31],[94.15,18.73],[94.21,18.73],[94.28,18.74],[94.15,18.87],[94.04,18.86],[94.07,19.37],[93.99,19.16],[93.91,19.19],[93.98,18.97],[93.93,18.86],[93.68,19.02],[93.48,19.35],[93.55,19.43],[93.8,19.24],[93.93,19.3],[93.98,19.37],[93.99,19.46],[93.73,19.63],[93.8,19.66],[93.81,19.75],[93.76,19.67],[93.75,19.77],[93.6,19.72],[93.74,19.93],[93.58,19.88],[93.53,20.0],[93.42,19.97],[93.38,20.09],[93.36,20.03],[93.34,20.1],[93.27,20.05],[93.13,20.09],[93.24,19.82],[93.13,20.01],[93.13,19.83],[92.97,20.13],[93.09,20.15],[93.12,20.21],[92.99,20.15],[93.09,20.38],[93.03,20.41],[93.09,20.53],[93.07,20.55],[93.02,20.45],[93.02,20.32],[92.86,20.12],[92.78,20.23],[92.94,20.32],[92.64,20.7],[92.73,20.26],[92.38,20.7],[92.18,21.3],[92.32,21.46],[92.61,21.26],[92.58,21.98],[92.68,22.15],[92.88,21.96],[92.97,21.99],[93.02,22.2],[93.17,22.25],[93.08,22.77],[93.18,22.88],[93.15,23.05],[93.27,23.01],[93.37,23.13],[93.43,23.65],[93.31,24.06],[93.46,23.96],[93.71,24.01],[94.13,23.86],[94.3,24.33],[94.71,25.03],[94.69,25.14],[94.55,25.2],[94.61,25.39],[95.01,25.74],[95.0,25.92],[95.15,26.05],[95.04,26.29],[95.12,26.61],[95.41,26.7],[96.14,27.26],[96.71,27.36],[96.87,27.17],[97.12,27.09],[96.88,27.44],[96.86,27.6],[97.22,27.9],[97.33,27.89],[97.32,28.22],[97.45,28.3],[97.55,28.54],[97.7,28.49],[97.77,28.35],[97.9,28.36],[98.12,28.14],[98.11,27.97],[98.29,27.54],[98.38,27.56],[98.41,27.68],[98.67,27.59],[98.76,26.63],[98.64,26.25],[98.71,26.17],[98.55,26.11],[98.68,25.85],[98.5,25.83],[98.31,25.56],[98.14,25.61],[98.11,25.39],[97.91,25.21],[97.82,25.26],[97.7,25.07],[97.77,24.83],[97.54,24.75],[97.51,24.44],[97.65,24.43],[97.72,24.17],[97.52,23.94],[97.62,23.85],[98.11,24.1],[98.59,24.08],[98.87,24.15],[98.66,23.96],[98.66,23.8],[98.79,23.76],[98.86,23.61],[98.78,23.53],[98.89,23.41],[98.86,23.18],[99.22,23.06],[99.33,23.13],[99.49,23.06],[99.54,22.93],[99.41,22.93],[99.31,22.75],[99.36,22.5],[99.14,22.15],[99.94,22.05],[99.95,21.72],[100.14,21.65],[100.09,21.53],[100.19,21.43],[100.34,21.53],[100.62,21.47],[101.08,21.77],[101.17,21.61],[101.0,21.41],[100.73,21.31],[100.52,20.91],[100.65,20.88],[100.36,20.83],[100.21,20.7],[100.1,20.32],[99.94,20.45],[99.65,20.31],[99.42,20.38],[99.51,20.15],[99.3,20.06],[99.07,20.1],[99.0,19.82],[98.9,19.75],[98.81,19.81],[98.53,19.68],[98.24,19.66],[98.02,19.8],[98.01,19.64],[97.85,19.57],[97.77,19.4],[97.81,19.11],[97.66,18.93],[97.75,18.57],[97.51,18.49],[97.35,18.55],[97.49,18.29],[97.64,18.31],[97.75,17.97],[97.68,17.83],[97.76,17.69],[98.51,16.89],[98.46,16.72],[98.66,16.29],[98.84,16.47],[98.9,16.38],[98.81,16.11],[98.55,16.05],[98.56,15.36],[98.4,15.36],[98.39,15.26],[98.28,15.29],[98.16,15.11],[98.24,14.81],[98.55,14.38],[98.94,14.09],[99.09,13.87],[99.19,13.23],[99.1,13.17],[99.09,13.04],[99.22,12.72],[99.4,12.58],[99.45,12.13],[99.54,12.14],[99.52,12.03],[99.63,11.82],[99.54,11.64],[99.45,11.61],[99.21,11.11],[98.77,10.69],[98.75,10.35],[98.54,9.99],[98.46,10.72],[98.53,10.69],[98.63,10.85],[98.58,10.88],[98.71,10.92],[98.66,11.13],[98.76,11.27],[98.7,11.39],[98.77,11.45],[98.74,11.64],[98.89,11.69],[98.78,11.76],[98.83,11.83],[98.81,11.85],[98.67,11.69],[98.6,11.8],[98.71,11.88],[98.55,11.88],[98.66,11.92],[98.72,12.0],[98.63,12.13],[98.7,12.24],[98.54,12.24],[98.71,12.35],[98.61,12.43],[98.71,12.51],[98.62,12.56],[98.69,12.73],[98.62,12.77],[98.58,13.19],[98.24,13.71],[98.19,14.06],[98.19,13.54],[98.14,13.54],[98.06,14.01],[98.11,14.17],[97.89,14.68],[98.03,14.65],[97.95,14.8],[97.85,14.72],[97.79,14.88],[97.82,15.21],[97.73,15.34],[97.79,15.41],[97.73,15.84],[97.57,16.06],[97.64,16.48],[97.74,16.56],[97.37,16.48],[97.18,16.92],[97.16,17.09],[97.26,17.11],[97.16,17.13],[97.13,17.08],[96.88,17.46],[96.82,17.39],[96.91,17.32],[96.85,17.21],[96.91,17.02],[96.81,16.91],[96.83,16.8],[96.62,16.52]],[[94.9,16.18],[94.96,16.2],[94.99,16.25],[94.85,16.16],[94.86,16.13],[94.9,16.18]]],[[[93.65,18.68],[93.48,18.87],[93.74,18.87],[93.73,18.69],[93.65,18.68]]],[[[93.77,19.3],[93.64,19.49],[93.69,19.56],[93.96,19.43],[93.92,19.32],[93.77,19.3]]],[[[93.5,19.89],[93.51,19.75],[93.44,19.81],[93.41,19.92],[93.5,19.89]]],[[[92.91,20.07],[92.92,20.09],[92.96,20.05],[93.01,19.85],[92.91,20.07]]],[[[98.06,9.8],[98.01,9.81],[98.02,9.83],[98.06,9.8]]],[[[98.24,10.17],[98.19,10.04],[98.17,10.15],[98.24,10.17]]],[[[97.93,10.41],[97.89,10.41],[97.9,10.49],[97.93,10.41]]],[[[98.24,10.7],[98.2,10.88],[98.28,10.76],[98.24,10.7]]],[[[98.08,10.89],[98.14,10.98],[98.2,10.88],[98.08,10.89]]],[[[97.88,10.84],[97.91,10.92],[97.95,10.92],[97.88,10.84]]],[[[98.01,11.7],[98.03,11.72],[98.01,11.76],[98.01,11.86],[98.09,11.64],[98.01,11.7]]],[[[97.64,11.87],[97.66,11.91],[97.68,11.89],[97.64,11.87]]],[[[98.04,12.21],[98.07,12.29],[98.12,12.28],[98.14,12.15],[98.04,12.21]]],[[[97.94,12.37],[98.09,12.42],[98.1,12.37],[98.01,12.31],[97.94,12.37]]],[[[97.85,12.54],[97.82,12.59],[97.85,12.6],[97.85,12.54]]],[[[97.84,12.77],[97.84,12.81],[97.85,12.81],[97.84,12.77]]],[[[97.92,13.85],[97.93,13.86],[97.93,13.78],[97.92,13.85]]],[[[97.67,15.55],[97.66,15.5],[97.66,15.52],[97.67,15.55]]],[[[97.52,16.21],[97.49,16.5],[97.61,16.48],[97.52,16.21]]],[[[98.18,9.93],[98.13,9.85],[98.13,9.96],[98.29,10.02],[98.18,9.93]]],[[[98.23,10.53],[98.19,10.48],[98.19,10.5],[98.23,10.53]]],[[[98.53,10.82],[98.49,10.89],[98.55,10.83],[98.53,10.82]]],[[[98.43,10.97],[98.44,11.0],[98.45,11.0],[98.43,10.97]]],[[[98.51,11.07],[98.53,11.08],[98.54,10.95],[98.48,10.97],[98.51,11.07]]],[[[98.25,11.21],[98.22,11.27],[98.28,11.28],[98.25,11.21]]],[[[98.28,11.48],[98.17,11.45],[98.28,11.8],[98.28,11.48]]],[[[98.54,11.53],[98.43,11.57],[98.37,11.79],[98.54,11.8],[98.54,11.53]]],[[[98.25,11.86],[98.27,11.91],[98.28,11.9],[98.25,11.86]]],[[[98.27,11.94],[98.25,11.92],[98.23,11.95],[98.27,11.94]]],[[[98.48,11.89],[98.44,12.11],[98.66,11.95],[98.48,11.89]]],[[[98.49,12.49],[98.5,12.51],[98.51,12.42],[98.49,12.49]]],[[[98.3,12.34],[98.32,12.69],[98.47,12.56],[98.3,12.34]]],[[[98.23,12.52],[98.26,12.57],[98.29,12.53],[98.23,12.52]]],[[[98.3,12.91],[98.25,13.22],[98.3,13.08],[98.3,12.91]]]],"type":"MultiPolygon"},"properties":{"name":"Myanmar"},"type":"Feature"},{"geometry":{"coordinates":[[[14.49,-23.31],[14.41,-22.96],[14.44,-22.88],[14.47,-22.98],[14.53,-22.85],[14.47,-22.47],[14.29,-22.13],[13.95,-21.78],[13.83,-21.46],[13.4,-20.85],[13.18,-20.19],[13.04,-20.06],[12.45,-18.9],[12.03,-18.51],[11.8,-17.96],[11.72,-17.55],[11.77,-17.25],[12.09,-17.14],[12.24,-17.22],[12.57,-17.23],[13.17,-16.95],[13.48,-17.01],[13.52,-17.12],[13.98,-17.42],[18.45,-17.39],[18.64,-17.64],[18.89,-17.8],[19.77,-17.89],[20.34,-17.85],[20.81,-18.03],[21.16,-17.93],[21.39,-18.01],[24.24,-17.48],[24.9,-17.53],[25.25,-17.78],[24.82,-17.84],[24.56,-18.05],[24.35,-17.96],[23.61,-18.48],[23.29,-18.0],[20.98,-18.32],[20.98,-21.96],[19.98,-22.0],[19.98,-28.42],[19.57,-28.53],[19.46,-28.71],[19.27,-28.74],[19.28,-28.89],[19.08,-28.96],[18.75,-28.84],[18.17,-28.9],[17.91,-28.78],[17.63,-28.76],[17.58,-28.68],[17.4,-28.7],[17.42,-28.59],[17.32,-28.47],[17.4,-28.4],[17.35,-28.23],[17.21,-28.23],[17.09,-28.03],[16.89,-28.08],[16.77,-28.27],[16.74,-28.48],[16.42,-28.61],[15.75,-28.02],[15.3,-27.32],[15.23,-26.95],[15.08,-26.7],[15.17,-26.6],[15.13,-26.46],[14.97,-26.34],[14.98,-26.06],[14.84,-25.75],[14.85,-25.06],[14.47,-24.16],[14.51,-23.89],[14.45,-23.46],[14.49,-23.31]]],"type":"Polygon"},"properties":{"name":"Namibia"},"type":"Feature"},{"geometry":{"coordinates":[[[166.91,-0.5],[166.96,-0.5],[166.94,-0.55],[166.91,-0.5]]],"type":"Polygon"},"properties":{"name":"Nauru"},"type":"Feature"},{"geometry":{"coordinates":[[[83.85,27.35],[83.39,27.47],[83.28,27.33],[83.13,27.44],[82.75,27.49],[82.68,27.69],[82.4,27.68],[82.03,27.91],[81.86,27.85],[81.4,28.16],[81.3,28.13],[81.17,28.36],[80.91,28.44],[80.56,28.68],[80.49,28.56],[80.33,28.63],[80.03,28.88],[80.26,29.2],[80.21,29.42],[80.39,29.6],[80.37,29.76],[80.88,30.21],[81.0,30.2],[81.08,30.03],[81.19,30.0],[81.35,30.16],[81.39,30.37],[81.51,30.33],[81.61,30.42],[82.07,30.34],[82.15,30.06],[82.54,29.92],[82.84,29.66],[82.98,29.66],[83.06,29.58],[83.17,29.62],[83.52,29.18],[83.64,29.15],[83.91,29.29],[84.09,29.26],[84.23,29.03],[84.21,28.94],[84.45,28.73],[84.81,28.54],[85.05,28.64],[85.16,28.59],[85.09,28.3],[85.61,28.25],[85.69,28.34],[85.96,27.89],[86.11,27.93],[86.07,28.08],[86.16,28.16],[86.2,28.0],[86.43,27.91],[86.55,28.1],[86.66,28.11],[87.16,27.83],[87.73,27.81],[87.84,27.91],[88.16,27.85],[87.97,27.11],[88.17,26.73],[88.01,26.37],[87.87,26.46],[87.59,26.38],[87.42,26.43],[87.3,26.35],[87.11,26.4],[87.04,26.58],[86.71,26.41],[86.28,26.61],[86.01,26.65],[85.83,26.57],[85.6,26.85],[85.19,26.76],[85.16,26.85],[85.02,26.85],[84.82,27.01],[84.63,27.04],[84.66,27.2],[84.58,27.33],[84.29,27.38],[84.1,27.52],[83.83,27.43],[83.85,27.35]]],"type":"Polygon"},"properties":{"name":"Nepal"},"type":"Feature"},{"geometry":{"coordinates":[[[[-62.98,17.47],[-63.0,17.53],[-62.98,17.5],[-62.98,17.47]]],[[[-63.24,17.65],[-63.22,17.63],[-63.24,17.61],[-63.24,17.65]]],[[[3.35,51.38],[3.53,51.42],[3.83,51.34],[3.98,51.41],[4.22,51.37],[3.93,51.21],[3.35,51.29],[3.35,51.38]]],[[[3.96,51.46],[3.83,51.39],[3.45,51.55],[3.85,51.61],[4.1,51.45],[4.28,51.45],[3.99,51.59],[4.21,51.59],[4.11,51.64],[4.18,51.69],[3.86,51.82],[4.08,51.84],[4.02,51.99],[4.14,52.01],[4.51,52.34],[4.75,52.97],[4.87,52.9],[5.08,52.95],[5.38,53.1],[5.59,53.3],[5.98,53.41],[6.83,53.45],[6.9,53.35],[7.19,53.25],[7.19,53.0],[7.04,52.65],[6.74,52.63],[6.67,52.54],[6.71,52.46],[6.97,52.45],[7.05,52.37],[7.03,52.23],[6.67,52.05],[6.81,51.96],[6.34,51.82],[6.13,51.9],[6.16,51.84],[5.93,51.82],[6.21,51.46],[6.06,51.21],[6.15,51.15],[5.85,51.04],[5.87,50.97],[6.06,50.91],[5.99,50.75],[5.71,50.75],[5.62,50.83],[5.83,51.16],[5.49,51.29],[5.22,51.26],[5.03,51.48],[4.91,51.39],[4.76,51.41],[4.83,51.46],[4.76,51.5],[4.63,51.42],[4.38,51.44],[4.39,51.35],[3.96,51.46]]],[[[3.7,51.68],[3.69,51.73],[3.96,51.74],[4.07,51.64],[3.7,51.68]]],[[[4.76,52.99],[4.71,53.03],[4.89,53.19],[4.87,53.05],[4.76,52.99]]],[[[4.91,53.21],[4.88,53.22],[4.99,53.29],[5.1,53.3],[4.91,53.21]]],[[[5.21,53.35],[5.17,53.37],[5.59,53.45],[5.21,53.35]]],[[[5.64,53.45],[5.95,53.46],[5.86,53.45],[5.64,53.45]]],[[[6.12,53.48],[6.34,53.51],[6.34,53.5],[6.12,53.48]]],[[[6.46,53.54],[6.44,53.56],[6.51,53.54],[6.46,53.54]]]],"type":"MultiPolygon"},"properties":{"name":"Netherlands"},"type":"Feature"},{"geometry":{"coordinates":[[[[166.69,-21.98],[166.94,-22.08],[167.03,-22.24],[167.0,-22.34],[166.93,-22.39],[166.89,-22.39],[166.84,-22.3],[166.78,-22.39],[166.52,-22.23],[166.44,-22.31],[166.43,-22.17],[166.34,-22.23],[166.33,-22.14],[166.11,-22.09],[166.16,-22.02],[166.06,-21.89],[166.0,-21.96],[165.81,-21.86],[165.73,-21.72],[165.68,-21.76],[165.29,-21.58],[164.99,-21.3],[164.95,-21.35],[164.79,-21.06],[164.71,-21.09],[164.66,-20.95],[164.38,-20.77],[164.4,-20.73],[164.12,-20.41],[164.17,-20.33],[163.99,-20.26],[164.06,-20.23],[163.99,-20.08],[164.32,-20.32],[164.31,-20.24],[164.5,-20.3],[164.95,-20.68],[165.22,-20.76],[165.62,-21.27],[165.86,-21.42],[165.89,-21.36],[165.97,-21.5],[165.97,-21.41],[166.69,-21.98]]],[[[166.42,-20.74],[166.39,-20.73],[166.46,-20.72],[166.42,-20.74]]],[[[164.16,-20.06],[164.24,-20.16],[164.22,-20.15],[164.16,-20.06]]],[[[163.94,-20.04],[163.95,-20.0],[163.99,-20.05],[163.94,-20.04]]],[[[163.64,-19.72],[163.62,-19.62],[163.7,-19.77],[163.64,-19.72]]],[[[167.42,-22.65],[167.43,-22.54],[167.5,-22.55],[167.56,-22.64],[167.42,-22.65]]],[[[166.81,-22.46],[166.77,-22.45],[166.8,-22.4],[166.81,-22.46]]],[[[168.13,-21.62],[168.04,-21.66],[167.86,-21.6],[167.81,-21.38],[167.99,-21.34],[167.98,-21.43],[168.14,-21.43],[168.13,-21.62]]],[[[167.39,-21.18],[167.12,-21.05],[167.02,-20.91],[167.19,-20.81],[167.04,-20.77],[167.06,-20.72],[167.3,-20.71],[167.28,-20.89],[167.43,-21.07],[167.39,-21.18]]],[[[166.58,-20.55],[166.59,-20.67],[166.49,-20.71],[166.6,-20.46],[166.56,-20.4],[166.67,-20.46],[166.58,-20.55]]]],"type":"MultiPolygon"},"properties":{"name":"New Caledonia"},"type":"Feature"},{"geometry":{"coordinates":[[[[169.13,-52.6],[169.02,-52.54],[169.21,-52.47],[169.29,-52.52],[169.13,-52.6]]],[[[165.99,-50.9],[165.92,-50.85],[166.23,-50.89],[165.99,-50.9]]],[[[166.16,-50.69],[166.23,-50.69],[166.12,-50.71],[166.23,-50.76],[166.24,-50.85],[166.06,-50.83],[166.08,-50.79],[166.04,-50.75],[166.02,-50.84],[165.92,-50.85],[165.9,-50.85],[165.93,-50.75],[166.08,-50.68],[166.1,-50.54],[166.29,-50.54],[166.16,-50.69]]],[[[166.61,-48.04],[166.57,-48.03],[166.64,-47.99],[166.61,-48.04]]],[[[167.42,-47.23],[167.48,-47.21],[167.49,-47.22],[167.42,-47.23]]],[[[167.9,-47.19],[167.76,-47.14],[167.62,-47.21],[167.73,-47.21],[167.67,-47.26],[167.52,-47.25],[167.81,-46.92],[167.76,-46.81],[167.81,-46.69],[167.97,-46.7],[168.18,-46.86],[168.01,-46.9],[167.97,-46.97],[168.23,-46.97],[168.24,-47.09],[167.9,-47.19]]],[[[167.69,-46.76],[167.72,-46.77],[167.68,-46.8],[167.69,-46.76]]],[[[168.54,-46.76],[168.59,-46.73],[168.61,-46.75],[168.54,-46.76]]],[[[166.65,-45.74],[166.62,-45.66],[166.51,-45.72],[166.57,-45.64],[166.7,-45.62],[166.74,-45.73],[166.65,-45.74]]],[[[168.89,-46.66],[168.84,-46.56],[168.67,-46.55],[168.59,-46.61],[168.37,-46.54],[168.38,-46.62],[168.27,-46.53],[168.39,-46.5],[168.37,-46.42],[168.3,-46.48],[168.17,-46.34],[167.84,-46.39],[167.71,-46.2],[167.59,-46.16],[167.45,-46.15],[167.41,-46.25],[167.3,-46.27],[166.76,-46.22],[166.67,-46.15],[166.95,-45.94],[166.62,-46.09],[166.81,-45.93],[166.69,-45.94],[166.73,-45.86],[166.49,-46.01],[166.47,-45.82],[167.01,-45.72],[166.77,-45.72],[166.89,-45.65],[166.78,-45.66],[166.78,-45.59],[166.99,-45.58],[167.05,-45.49],[166.71,-45.58],[166.77,-45.41],[166.95,-45.44],[166.81,-45.33],[166.89,-45.28],[167.05,-45.36],[167.01,-45.43],[167.1,-45.38],[167.05,-45.33],[167.31,-45.31],[167.05,-45.27],[167.01,-45.13],[167.17,-45.18],[167.05,-45.1],[167.12,-45.04],[167.19,-45.14],[167.27,-45.09],[167.15,-45.01],[167.34,-45.04],[167.2,-44.96],[167.39,-44.84],[167.51,-44.99],[167.46,-44.79],[167.56,-44.79],[167.55,-44.73],[167.68,-44.77],[167.59,-44.7],[167.75,-44.6],[167.93,-44.7],[167.84,-44.51],[168.37,-44.04],[168.8,-44.0],[169.42,-43.65],[169.72,-43.57],[170.1,-43.26],[170.24,-43.24],[170.29,-43.11],[170.86,-42.84],[171.23,-42.45],[171.47,-41.77],[171.86,-41.67],[172.07,-41.41],[172.14,-41.29],[172.11,-40.89],[172.51,-40.59],[172.59,-40.6],[172.6,-40.53],[172.84,-40.5],[173.0,-40.52],[172.74,-40.52],[172.66,-40.65],[172.86,-40.84],[173.02,-40.8],[173.06,-40.96],[173.0,-41.02],[173.1,-41.31],[173.59,-41.06],[173.69,-41.1],[173.75,-41.04],[173.68,-41.02],[173.85,-40.93],[173.87,-40.98],[173.78,-41.01],[173.78,-41.11],[173.83,-41.06],[173.93,-41.05],[173.96,-41.06],[173.82,-41.15],[173.87,-41.19],[173.79,-41.29],[174.13,-41.18],[173.9,-41.19],[173.95,-41.08],[173.98,-41.15],[174.05,-41.09],[173.95,-41.01],[174.0,-40.97],[174.18,-40.97],[174.21,-41.07],[174.32,-41.0],[174.26,-41.13],[174.17,-41.12],[174.22,-41.19],[173.94,-41.28],[174.2,-41.26],[174.33,-41.22],[174.05,-41.44],[174.29,-41.75],[173.7,-42.38],[173.72,-42.44],[173.56,-42.49],[173.29,-42.95],[172.92,-43.1],[172.75,-43.27],[172.75,-43.57],[172.83,-43.6],[172.68,-43.64],[173.06,-43.65],[173.09,-43.85],[173.0,-43.89],[172.95,-43.75],[172.97,-43.91],[172.82,-43.88],[172.76,-43.79],[172.42,-43.85],[172.65,-43.78],[172.42,-43.74],[172.38,-43.86],[171.35,-44.28],[171.17,-44.55],[171.2,-44.91],[170.93,-45.24],[170.87,-45.48],[170.63,-45.71],[170.76,-45.78],[170.56,-45.9],[170.78,-45.78],[170.78,-45.88],[170.33,-45.98],[170.22,-46.17],[169.9,-46.34],[169.85,-46.47],[169.66,-46.49],[169.74,-46.53],[168.89,-46.66]]],[[[173.98,-40.9],[174.03,-40.93],[173.87,-40.98],[173.98,-40.9]]],[[[166.89,-45.24],[166.97,-45.15],[167.03,-45.3],[166.89,-45.24]]],[[[-176.22,-44.34],[-176.22,-44.23],[-176.11,-44.27],[-176.22,-44.34]]],[[[-176.37,-43.77],[-176.54,-43.76],[-176.42,-43.81],[-176.5,-43.86],[-176.46,-43.95],[-176.3,-44.04],[-176.58,-44.12],[-176.66,-44.02],[-176.52,-43.92],[-176.57,-43.84],[-176.85,-43.82],[-176.58,-43.7],[-176.17,-43.73],[-176.4,-43.86],[-176.37,-43.77]]],[[[172.14,-34.17],[172.11,-34.15],[172.16,-34.14],[172.14,-34.17]]],[[[-177.89,-29.23],[-177.85,-29.28],[-177.92,-29.28],[-177.89,-29.23]]],[[[-172.49,-8.57],[-172.5,-8.54],[-172.48,-8.56],[-172.49,-8.57]]],[[[178.74,-49.71],[178.72,-49.67],[178.83,-49.62],[178.83,-49.71],[178.74,-49.71]]],[[[174.26,-41.23],[174.2,-41.23],[174.38,-41.11],[174.39,-41.18],[174.26,-41.23]]],[[[175.97,-41.25],[175.31,-41.61],[175.22,-41.61],[175.18,-41.42],[174.87,-41.42],[174.89,-41.22],[174.79,-41.25],[174.81,-41.33],[174.61,-41.29],[174.87,-41.1],[174.84,-41.04],[175.14,-40.67],[175.24,-40.3],[175.18,-40.13],[174.97,-39.92],[174.57,-39.83],[174.32,-39.61],[173.85,-39.46],[173.76,-39.3],[173.85,-39.13],[174.42,-38.96],[174.59,-38.82],[174.71,-38.1],[174.85,-38.15],[174.94,-38.1],[174.79,-38.08],[174.89,-37.97],[174.79,-37.99],[174.79,-37.87],[174.98,-37.75],[174.85,-37.76],[174.72,-37.41],[174.84,-37.3],[174.71,-37.35],[174.56,-37.06],[174.67,-37.07],[174.74,-37.24],[174.8,-37.17],[174.72,-37.15],[174.95,-37.1],[174.79,-37.01],[174.83,-36.94],[174.5,-37.03],[174.18,-36.45],[174.26,-36.45],[174.43,-36.67],[174.47,-36.37],[174.33,-36.39],[174.27,-36.34],[174.52,-36.24],[174.35,-36.3],[174.31,-36.28],[174.45,-36.16],[174.39,-36.12],[174.39,-36.19],[174.33,-36.23],[174.28,-36.12],[174.18,-36.15],[174.32,-36.24],[174.26,-36.27],[174.08,-36.17],[173.9,-35.96],[173.95,-35.92],[173.91,-35.87],[173.88,-35.96],[174.2,-36.35],[174.08,-36.4],[173.41,-35.57],[173.46,-35.44],[173.54,-35.45],[173.66,-35.31],[173.57,-35.27],[173.57,-35.36],[173.41,-35.39],[173.37,-35.52],[173.27,-35.39],[173.32,-35.3],[173.25,-35.37],[173.2,-35.32],[173.26,-35.28],[173.09,-35.21],[173.2,-35.11],[173.16,-34.95],[172.67,-34.48],[172.7,-34.41],[173.08,-34.41],[173.04,-34.52],[172.97,-34.47],[172.91,-34.54],[173.0,-34.56],[173.01,-34.65],[173.04,-34.55],[173.19,-34.84],[173.3,-34.91],[173.27,-35.01],[173.37,-34.97],[173.4,-34.9],[173.46,-34.98],[173.59,-35.01],[173.59,-34.93],[173.78,-35.01],[173.76,-35.1],[173.89,-35.0],[173.99,-35.12],[174.13,-35.14],[174.16,-35.18],[174.06,-35.15],[174.01,-35.22],[174.09,-35.22],[174.15,-35.37],[174.25,-35.32],[174.16,-35.29],[174.16,-35.27],[174.35,-35.2],[174.34,-35.31],[174.42,-35.37],[174.33,-35.33],[174.57,-35.59],[174.48,-35.64],[174.61,-35.84],[174.39,-35.79],[174.36,-35.71],[174.35,-35.84],[174.5,-35.83],[174.5,-35.99],[174.88,-36.35],[174.75,-36.35],[174.78,-36.49],[174.72,-36.41],[174.72,-36.59],[174.86,-36.61],[174.72,-36.63],[174.82,-36.82],[174.7,-36.76],[174.62,-36.8],[174.68,-36.8],[174.68,-36.91],[174.88,-36.85],[174.89,-36.96],[174.94,-36.84],[174.96,-36.93],[175.03,-36.87],[175.09,-36.97],[175.24,-36.94],[175.37,-37.21],[175.56,-37.18],[175.61,-37.25],[175.44,-36.86],[175.54,-36.79],[175.5,-36.63],[175.35,-36.49],[175.53,-36.51],[175.63,-36.76],[175.85,-36.72],[175.71,-36.88],[175.85,-36.84],[175.98,-37.47],[176.17,-37.62],[175.94,-37.52],[176.0,-37.63],[176.21,-37.72],[176.22,-37.62],[177.13,-38.02],[177.56,-37.91],[177.74,-37.68],[177.99,-37.54],[178.3,-37.57],[178.57,-37.7],[178.35,-38.0],[178.3,-38.53],[178.08,-38.71],[177.93,-38.7],[177.88,-39.09],[178.0,-39.13],[177.91,-39.26],[177.84,-39.23],[177.87,-39.1],[177.76,-39.08],[177.41,-39.06],[177.06,-39.2],[176.9,-39.43],[176.96,-39.62],[177.12,-39.68],[176.84,-40.18],[176.68,-40.27],[176.63,-40.46],[176.42,-40.6],[175.97,-41.25]]],[[[173.44,-34.8],[173.5,-34.87],[173.4,-34.9],[173.44,-34.8]]],[[[173.78,-40.84],[173.85,-40.87],[173.79,-40.88],[173.78,-40.84]]],[[[173.83,-40.76],[173.89,-40.81],[173.96,-40.71],[173.92,-40.87],[173.85,-40.87],[173.83,-40.76]]],[[[175.18,-36.82],[175.01,-36.79],[175.19,-36.73],[175.18,-36.82]]],[[[175.8,-36.62],[175.77,-36.58],[175.85,-36.63],[175.8,-36.62]]],[[[174.85,-36.45],[174.85,-36.39],[174.88,-36.39],[174.85,-36.45]]],[[[175.33,-36.22],[175.38,-36.07],[175.53,-36.18],[175.52,-36.35],[175.33,-36.22]]],[[[175.1,-36.23],[175.08,-36.21],[175.13,-36.18],[175.1,-36.23]]]],"type":"MultiPolygon"},"properties":{"name":"New Zealand"},"type":"Feature"},{"geometry":{"coordinates":[[[[-86.77,12.2],[-87.67,12.89],[-87.58,13.08],[-87.39,12.91],[-87.29,12.92],[-87.38,12.94],[-87.31,12.98],[-87.04,12.98],[-86.92,13.09],[-86.91,13.24],[-86.7,13.3],[-86.77,13.75],[-86.34,13.76],[-86.02,14.06],[-85.93,13.91],[-85.74,13.82],[-85.73,13.97],[-85.17,14.32],[-85.15,14.56],[-85.03,14.59],[-85.05,14.66],[-84.9,14.82],[-84.79,14.82],[-84.7,14.67],[-84.48,14.62],[-84.36,14.72],[-84.27,14.68],[-84.26,14.76],[-84.17,14.71],[-84.11,14.79],[-83.92,14.76],[-83.62,14.87],[-83.51,15.01],[-83.13,15.0],[-83.29,14.8],[-83.32,14.91],[-83.37,14.88],[-83.42,14.8],[-83.3,14.77],[-83.19,14.35],[-83.43,13.96],[-83.56,13.42],[-83.48,12.42],[-83.64,12.39],[-83.64,12.56],[-83.56,12.64],[-83.56,12.81],[-83.65,12.79],[-83.59,12.63],[-83.77,12.53],[-83.68,12.28],[-83.62,12.35],[-83.67,11.99],[-83.7,12.14],[-83.73,12.17],[-83.78,12.18],[-83.71,12.13],[-83.8,12.06],[-83.76,11.95],[-83.84,11.87],[-83.77,11.8],[-83.7,11.85],[-83.65,11.62],[-83.76,11.56],[-83.87,11.27],[-83.66,10.81],[-83.93,10.71],[-84.01,10.79],[-84.19,10.78],[-84.36,10.99],[-84.44,10.95],[-84.68,11.07],[-84.93,10.94],[-85.6,11.21],[-85.7,11.08],[-86.34,11.61],[-86.77,12.2]]],[[[-83.73,11.92],[-83.74,11.94],[-83.71,11.99],[-83.73,11.92]]],[[[-83.03,12.18],[-83.05,12.14],[-83.05,12.18],[-83.03,12.18]]],[[[-82.75,14.36],[-82.81,14.37],[-82.75,14.42],[-82.75,14.36]]]],"type":"MultiPolygon"},"properties":{"name":"Nicaragua"},"type":"Feature"},{"geometry":{"coordinates":[[[3.64,12.52],[3.6,11.91],[3.67,11.76],[3.6,11.7],[2.84,12.4],[2.37,12.24],[2.46,12.0],[2.39,11.9],[2.05,12.34],[2.24,12.42],[2.11,12.71],[1.97,12.72],[1.84,12.61],[1.56,12.63],[0.98,13.03],[0.98,13.37],[1.27,13.35],[1.02,13.47],[0.9,13.61],[0.59,13.69],[0.37,14.04],[0.39,14.25],[0.15,14.55],[0.22,15.0],[0.95,14.98],[1.33,15.28],[3.0,15.34],[3.03,15.43],[3.51,15.35],[3.53,15.5],[3.85,15.69],[4.06,16.3],[4.18,16.42],[4.23,19.14],[5.79,19.45],[7.48,20.87],[11.97,23.52],[13.48,23.18],[14.22,22.62],[14.98,23.0],[15.17,21.99],[15.18,21.49],[15.61,20.95],[15.54,20.89],[15.57,20.75],[15.97,20.34],[15.74,19.9],[15.47,16.92],[14.37,15.75],[13.83,15.02],[13.66,14.55],[13.45,14.44],[13.61,13.7],[13.33,13.71],[13.23,13.55],[12.84,13.49],[12.81,13.37],[12.56,13.24],[12.47,13.06],[12.06,13.12],[11.44,13.36],[10.67,13.38],[10.12,13.25],[9.59,12.8],[8.68,12.92],[8.11,13.3],[7.82,13.35],[7.39,13.11],[7.2,13.12],[7.07,13.0],[6.94,13.0],[6.37,13.63],[6.14,13.64],[5.52,13.88],[5.23,13.74],[4.86,13.77],[4.51,13.69],[4.13,13.47],[4.09,13.0],[3.64,12.52]]],"type":"Polygon"},"properties":{"name":"Niger"},"type":"Feature"},{"geometry":{"coordinates":[[[[7.27,4.4],[7.14,4.4],[7.23,4.53],[7.31,4.46],[7.27,4.4]]],[[[6.67,4.53],[6.69,4.34],[6.61,4.34],[6.6,4.48],[6.55,4.5],[6.57,4.33],[6.27,4.29],[6.33,4.44],[6.26,4.4],[6.24,4.5],[6.22,4.3],[6.11,4.27],[6.09,4.41],[6.05,4.3],[5.99,4.42],[5.95,4.34],[5.78,4.46],[5.48,4.85],[5.39,5.13],[5.5,5.14],[5.37,5.16],[5.34,5.34],[5.58,5.38],[5.53,5.48],[5.61,5.5],[5.64,5.54],[5.42,5.44],[5.43,5.4],[5.26,5.44],[5.22,5.58],[5.51,5.59],[5.45,5.66],[5.33,5.61],[5.34,5.72],[5.28,5.62],[5.13,5.63],[5.1,5.79],[5.29,5.91],[5.04,5.77],[4.89,6.01],[4.51,6.31],[4.13,6.41],[3.44,6.41],[3.38,6.44],[3.86,6.6],[3.77,6.62],[3.53,6.53],[3.48,6.6],[3.4,6.55],[3.37,6.45],[3.38,6.4],[2.7,6.37],[2.79,7.48],[2.67,7.9],[2.77,9.06],[3.08,9.1],[3.13,9.46],[3.33,9.65],[3.33,9.8],[3.51,9.85],[3.6,9.97],[3.67,10.15],[3.57,10.27],[3.63,10.41],[3.79,10.44],[3.84,10.65],[3.73,10.81],[3.72,11.11],[3.47,11.44],[3.67,11.76],[3.6,11.91],[3.64,12.52],[3.93,12.75],[4.09,13.0],[4.13,13.47],[4.51,13.69],[4.86,13.77],[5.23,13.74],[5.52,13.88],[6.14,13.64],[6.37,13.63],[6.94,13.0],[7.07,13.0],[7.2,13.12],[7.39,13.11],[7.82,13.35],[8.11,13.3],[8.68,12.92],[9.59,12.8],[10.12,13.25],[10.67,13.38],[11.44,13.36],[12.06,13.12],[12.47,13.06],[12.56,13.24],[12.81,13.37],[12.84,13.49],[13.23,13.55],[13.33,13.71],[13.61,13.7],[14.06,13.08],[14.19,12.37],[14.49,12.34],[14.67,12.18],[14.54,11.71],[14.62,11.56],[14.17,11.24],[13.98,11.28],[13.75,11.02],[13.54,10.62],[13.43,10.15],[13.23,10.05],[13.2,9.54],[12.86,9.38],[12.9,9.26],[12.79,8.79],[12.56,8.61],[12.37,8.61],[12.4,8.5],[12.23,8.39],[12.19,7.96],[12.02,7.72],[12.02,7.58],[11.74,7.26],[11.87,7.08],[11.56,6.88],[11.53,6.65],[11.26,6.43],[11.1,6.45],[11.04,6.74],[10.58,7.13],[10.5,6.87],[10.21,6.88],[10.14,7.01],[9.87,6.79],[9.79,6.79],[9.69,6.53],[9.34,6.31],[8.98,5.9],[8.86,5.85],[8.82,5.7],[8.9,5.6],[8.8,5.16],[8.53,4.71],[8.18,4.99],[8.35,4.65],[8.29,4.55],[7.56,4.53],[7.54,4.71],[7.5,4.57],[7.28,4.6],[7.33,4.53],[7.28,4.5],[7.07,4.76],[7.18,4.52],[7.04,4.44],[7.04,4.64],[6.96,4.73],[6.99,4.61],[6.9,4.68],[7.02,4.4],[6.97,4.37],[6.87,4.4],[6.79,4.82],[6.72,4.83],[6.87,4.36],[6.72,4.35],[6.74,4.61],[6.7,4.46],[6.67,4.53]]],[[[7.43,4.43],[7.34,4.46],[7.58,4.48],[7.43,4.43]]]],"type":"MultiPolygon"},"properties":{"name":"Nigeria"},"type":"Feature"},{"geometry":{"coordinates":[[[-169.78,-19.07],[-169.93,-19.13],[-169.93,-19.01],[-169.85,-18.97],[-169.78,-19.07]]],"type":"Polygon"},"properties":{"name":"Niue"},"type":"Feature"},{"geometry":{"coordinates":[[[167.97,-29.08],[167.93,-29.07],[167.93,-29.0],[167.97,-29.08]]],"type":"Polygon"},"properties":{"name":"Norfolk Island"},"type":"Feature"},{"geometry":{"coordinates":[[[[125.22,37.7],[125.34,37.77],[125.3,37.73],[125.22,37.7]]],[[[125.19,37.81],[125.15,37.79],[125.14,37.8],[125.19,37.81]]],[[[125.02,37.81],[125.0,37.81],[125.03,37.84],[125.02,37.81]]],[[[124.84,38.56],[124.9,38.49],[124.84,38.51],[124.84,38.56]]],[[[124.62,39.43],[124.6,39.43],[124.59,39.45],[124.62,39.43]]],[[[124.7,39.5],[124.68,39.51],[124.69,39.54],[124.7,39.5]]],[[[124.63,39.57],[124.7,39.56],[124.68,39.54],[124.63,39.57]]],[[[124.86,39.51],[124.82,39.5],[124.88,39.61],[124.93,39.55],[124.86,39.51]]],[[[124.24,39.81],[124.23,39.79],[124.21,39.8],[124.24,39.81]]],[[[125.29,39.52],[125.23,39.59],[125.12,39.57],[124.75,39.78],[124.74,39.64],[124.64,39.59],[124.56,39.81],[124.32,39.91],[124.41,40.03],[124.5,40.02],[124.37,40.1],[124.9,40.48],[125.04,40.46],[125.03,40.53],[125.41,40.63],[125.76,40.89],[126.01,40.9],[126.12,41.08],[126.52,41.35],[126.57,41.61],[126.73,41.7],[126.68,41.74],[126.79,41.7],[126.93,41.8],[127.18,41.59],[127.13,41.52],[127.64,41.43],[128.0,41.47],[128.15,41.38],[128.3,41.58],[128.05,41.86],[128.03,41.99],[128.94,42.04],[129.21,42.22],[129.19,42.32],[129.34,42.45],[129.54,42.37],[129.7,42.44],[129.91,43.01],[130.24,42.9],[130.26,42.71],[130.45,42.55],[130.52,42.6],[130.66,42.38],[130.7,42.29],[130.41,42.32],[130.4,42.24],[130.07,42.08],[129.69,41.65],[129.66,41.46],[129.81,41.38],[129.71,41.12],[129.76,40.94],[129.72,40.83],[129.23,40.71],[129.08,40.47],[128.64,40.31],[128.66,40.2],[128.33,40.03],[128.01,40.05],[127.87,39.89],[127.51,39.74],[127.56,39.32],[127.48,39.44],[127.38,39.38],[127.47,39.35],[127.39,39.34],[127.37,39.24],[127.76,39.12],[128.01,38.86],[128.35,38.7],[128.17,38.36],[127.09,38.29],[126.67,37.94],[126.59,37.77],[126.4,37.89],[126.18,37.84],[126.11,37.74],[126.06,37.87],[125.96,37.91],[125.99,37.82],[125.92,37.84],[125.8,37.99],[125.6,38.03],[125.74,37.93],[125.63,37.93],[125.62,37.77],[125.53,37.8],[125.35,37.68],[125.44,37.77],[125.39,37.8],[125.52,37.82],[125.51,37.89],[125.31,37.81],[125.24,37.82],[125.31,37.88],[125.26,37.93],[125.18,37.87],[124.98,37.93],[125.18,37.97],[125.11,38.03],[125.25,38.02],[125.26,38.08],[124.67,38.13],[124.99,38.23],[124.87,38.26],[124.88,38.35],[125.02,38.5],[124.98,38.59],[125.13,38.58],[125.12,38.67],[125.46,38.71],[125.66,38.63],[125.45,38.78],[125.28,38.7],[125.24,38.79],[125.19,38.74],[125.14,38.8],[125.2,38.99],[125.34,39.08],[125.29,39.15],[125.41,39.21],[125.46,39.39],[125.34,39.43],[125.44,39.58],[125.29,39.52]]]],"type":"MultiPolygon"},"properties":{"name":"North Korea"},"type":"Feature"},{"geometry":{"coordinates":[[[[32.62,35.16],[32.6,35.18],[32.62,35.18],[32.62,35.16]]],[[[33.88,35.12],[33.77,35.03],[33.54,35.07],[33.48,35.0],[33.41,35.2],[32.85,35.08],[32.71,35.18],[32.89,35.18],[32.92,35.4],[33.66,35.36],[34.59,35.69],[33.95,35.31],[33.9,35.16],[34.01,35.06],[33.88,35.12]]]],"type":"MultiPolygon"},"properties":{"name":"Northern Cyprus"},"type":"Feature"},{"geometry":{"coordinates":[[[[145.21,14.11],[145.12,14.13],[145.25,14.2],[145.21,14.11]]],[[[145.67,14.98],[145.63,14.92],[145.58,15.02],[145.63,15.08],[145.67,14.98]]],[[[145.71,18.75],[145.66,18.72],[145.63,18.79],[145.71,18.75]]],[[[145.41,19.68],[145.41,19.65],[145.38,19.67],[145.41,19.68]]],[[[145.24,20.05],[145.27,20.02],[145.24,20.01],[145.24,20.05]]],[[[144.93,20.54],[144.92,20.52],[144.9,20.54],[144.93,20.54]]],[[[145.75,15.1],[145.69,15.1],[145.71,15.21],[145.82,15.26],[145.75,15.1]]],[[[145.63,16.35],[145.63,16.37],[145.72,16.35],[145.63,16.35]]],[[[145.77,16.69],[145.8,16.69],[145.79,16.68],[145.77,16.69]]],[[[145.85,17.29],[145.84,17.31],[145.85,17.31],[145.85,17.29]]],[[[145.87,17.59],[145.85,17.57],[145.83,17.59],[145.87,17.59]]],[[[145.76,18.06],[145.72,18.05],[145.77,18.18],[145.84,18.15],[145.76,18.06]]]],"type":"MultiPolygon"},"properties":{"name":"Northern Mariana Islands"},"type":"Feature"},{"geometry":{"coordinates":[[[[3.36,-54.46],[3.35,-54.42],[3.49,-54.4],[3.36,-54.46]]],[[[8.05,58.11],[8.08,58.16],[8.0,58.22],[7.92,58.08],[7.01,57.99],[7.15,58.1],[6.9,58.05],[6.8,58.1],[6.99,58.14],[6.78,58.18],[6.81,58.12],[6.73,58.12],[6.72,58.19],[6.69,58.12],[6.78,58.07],[6.53,58.12],[6.85,58.27],[6.68,58.22],[6.63,58.27],[6.69,58.33],[6.56,58.24],[6.14,58.34],[5.57,58.63],[5.48,58.75],[5.57,58.89],[5.54,58.96],[5.63,58.93],[5.55,59.04],[5.72,58.98],[5.72,58.87],[5.85,58.97],[6.09,58.85],[6.23,58.84],[6.06,58.9],[6.63,59.05],[6.16,59.0],[6.03,58.91],[5.98,58.96],[6.05,59.0],[5.88,59.07],[6.13,59.15],[6.01,59.15],[6.17,59.26],[6.46,59.32],[6.15,59.27],[6.08,59.31],[6.24,59.32],[6.0,59.33],[6.04,59.38],[6.15,59.46],[5.92,59.36],[5.89,59.45],[6.15,59.48],[5.81,59.54],[5.8,59.46],[5.65,59.41],[5.78,59.43],[5.86,59.35],[5.61,59.29],[5.59,59.42],[5.51,59.28],[5.43,59.41],[5.4,59.3],[5.35,59.42],[5.3,59.34],[5.2,59.55],[5.34,59.65],[5.41,59.59],[5.49,59.74],[5.42,59.5],[5.52,59.54],[5.56,59.68],[5.75,59.61],[5.88,59.66],[5.75,59.68],[5.81,59.73],[6.04,59.75],[6.29,59.84],[6.0,59.76],[5.93,59.78],[5.97,59.86],[5.83,59.77],[5.65,59.85],[6.29,60.12],[6.11,60.11],[6.07,60.2],[6.35,60.37],[6.64,60.42],[6.53,60.26],[6.51,60.14],[6.52,60.08],[6.65,60.38],[7.11,60.51],[6.9,60.51],[6.99,60.59],[6.66,60.43],[6.59,60.44],[6.7,60.52],[6.3,60.39],[6.18,60.47],[6.24,60.38],[6.12,60.37],[6.19,60.36],[6.14,60.25],[6.0,60.26],[5.85,60.15],[5.86,60.02],[5.74,59.99],[5.69,60.06],[5.8,60.09],[5.72,60.08],[5.71,60.18],[5.79,60.21],[5.54,60.16],[5.71,60.23],[5.57,60.24],[5.74,60.39],[5.41,60.13],[5.3,60.19],[5.35,60.22],[5.22,60.21],[5.31,60.27],[5.17,60.28],[5.23,60.32],[5.14,60.35],[5.3,60.4],[5.24,60.47],[5.31,60.53],[5.48,60.44],[5.65,60.43],[5.71,60.48],[5.75,60.72],[5.66,60.7],[5.68,60.76],[5.53,60.63],[5.22,60.57],[5.08,60.66],[5.23,60.62],[5.13,60.72],[4.93,60.8],[5.43,60.63],[5.24,60.78],[5.54,60.88],[5.13,60.81],[4.98,60.95],[5.1,60.88],[5.14,60.99],[5.01,60.98],[5.02,61.05],[5.45,61.0],[5.53,61.08],[6.1,61.12],[6.36,61.07],[6.36,61.01],[6.6,61.18],[6.96,61.09],[7.01,61.01],[6.87,60.94],[7.05,60.96],[7.13,60.93],[7.11,60.86],[7.16,60.95],[7.0,61.09],[7.44,61.1],[7.35,61.14],[7.69,61.23],[7.39,61.2],[7.31,61.29],[7.57,61.49],[7.26,61.4],[7.31,61.35],[7.24,61.3],[7.36,61.19],[7.31,61.16],[6.95,61.11],[7.0,61.18],[6.56,61.22],[6.7,61.34],[6.7,61.4],[6.5,61.27],[6.54,61.2],[6.43,61.11],[5.96,61.16],[6.04,61.2],[5.42,61.08],[5.19,61.11],[5.23,61.14],[5.04,61.16],[5.25,61.18],[4.95,61.25],[5.2,61.34],[5.32,61.25],[5.26,61.35],[5.63,61.36],[5.16,61.36],[5.06,61.32],[5.0,61.38],[5.06,61.37],[5.11,61.43],[4.95,61.42],[5.18,61.47],[5.52,61.43],[5.8,61.46],[5.18,61.51],[5.14,61.55],[5.36,61.56],[5.15,61.6],[5.43,61.59],[4.97,61.64],[4.99,61.75],[5.17,61.73],[5.06,61.76],[5.39,61.91],[5.74,61.85],[5.62,61.81],[5.94,61.85],[5.9,61.74],[5.99,61.84],[6.18,61.77],[6.06,61.84],[6.47,61.8],[6.82,61.88],[6.48,61.83],[5.73,61.89],[5.96,61.92],[5.43,61.94],[5.16,61.9],[5.1,61.92],[5.13,61.94],[5.14,61.97],[5.4,62.02],[5.11,62.11],[5.08,62.18],[5.18,62.21],[5.46,62.01],[5.59,62.07],[5.39,62.12],[5.45,62.19],[5.75,62.09],[5.67,62.17],[5.91,62.19],[5.85,62.02],[5.95,62.14],[6.05,62.07],[6.37,62.06],[6.09,62.11],[5.93,62.23],[6.06,62.2],[5.95,62.25],[6.31,62.37],[6.55,62.17],[6.53,62.11],[6.58,62.16],[6.4,62.39],[6.56,62.36],[6.54,62.41],[6.71,62.45],[6.88,62.42],[6.87,62.36],[6.99,62.27],[6.96,62.1],[7.02,62.09],[7.14,62.12],[7.19,62.1],[7.15,62.13],[6.98,62.11],[7.03,62.27],[7.42,62.24],[6.96,62.33],[6.91,62.37],[6.98,62.38],[6.79,62.48],[6.24,62.45],[6.67,62.49],[6.25,62.57],[6.54,62.62],[6.61,62.56],[6.76,62.65],[6.92,62.57],[6.89,62.64],[7.09,62.65],[7.04,62.62],[7.13,62.53],[7.16,62.63],[7.54,62.5],[7.78,62.57],[7.51,62.57],[7.42,62.63],[7.52,62.58],[7.52,62.67],[7.84,62.73],[8.15,62.69],[8.07,62.78],[7.36,62.7],[7.68,62.79],[7.31,62.74],[6.97,62.73],[6.95,62.73],[7.01,62.81],[7.22,62.81],[6.88,62.91],[7.24,63.01],[7.5,62.91],[7.69,62.98],[7.78,62.97],[7.69,62.91],[8.08,62.95],[8.15,62.81],[8.55,62.66],[8.54,62.72],[8.18,62.85],[8.15,62.95],[7.88,63.01],[8.09,63.11],[8.24,63.03],[8.17,63.12],[8.64,63.11],[8.57,63.16],[8.94,63.21],[8.62,63.2],[8.48,63.29],[8.76,63.35],[8.67,63.42],[8.88,63.4],[9.02,63.47],[9.15,63.38],[9.09,63.29],[9.43,63.38],[9.17,63.42],[9.48,63.47],[9.48,63.49],[9.15,63.49],[9.57,63.54],[9.49,63.59],[9.7,63.64],[9.96,63.43],[9.83,63.33],[10.01,63.36],[10.26,63.27],[10.27,63.33],[10.04,63.41],[10.91,63.46],[10.76,63.52],[10.92,63.6],[10.66,63.55],[10.91,63.68],[11.46,63.79],[11.1,63.89],[11.5,64.02],[11.25,64.04],[11.36,64.12],[11.3,64.11],[10.57,63.81],[11.06,63.86],[10.91,63.73],[9.98,63.49],[9.8,63.69],[10.0,63.72],[10.1,63.77],[9.54,63.67],[9.55,63.73],[9.78,63.77],[9.55,63.77],[10.2,63.94],[9.94,63.96],[10.01,64.12],[10.19,64.1],[10.11,64.12],[10.17,64.2],[10.37,64.19],[10.25,64.23],[10.49,64.3],[10.47,64.36],[10.56,64.33],[10.5,64.37],[10.65,64.36],[10.48,64.42],[10.83,64.37],[10.66,64.45],[10.96,64.49],[10.92,64.58],[10.97,64.6],[11.16,64.45],[11.34,64.43],[11.25,64.33],[11.41,64.45],[11.66,64.48],[11.44,64.47],[11.51,64.55],[11.78,64.6],[11.52,64.57],[11.4,64.71],[11.84,64.79],[11.64,64.82],[11.79,64.84],[11.65,64.84],[11.75,64.88],[12.22,64.94],[11.91,64.95],[11.26,64.73],[11.43,64.82],[11.25,64.84],[11.52,64.86],[11.7,64.91],[11.25,64.86],[11.27,64.87],[11.98,65.07],[12.19,64.99],[12.19,65.05],[12.64,65.13],[12.93,65.31],[12.5,65.14],[12.37,65.15],[12.5,65.2],[12.36,65.23],[12.71,65.25],[12.25,65.23],[12.5,65.37],[12.69,65.33],[12.48,65.45],[12.71,65.37],[12.63,65.43],[12.78,65.46],[12.61,65.46],[12.66,65.48],[12.56,65.51],[12.57,65.59],[12.51,65.51],[12.53,65.58],[12.44,65.53],[12.36,65.6],[12.5,65.73],[12.61,65.65],[12.79,65.64],[12.56,65.75],[12.72,65.79],[12.61,65.83],[12.68,65.93],[12.85,65.97],[13.18,65.86],[13.12,65.94],[12.92,65.99],[13.04,66.08],[12.67,66.06],[13.53,66.24],[13.58,66.22],[13.49,66.19],[13.58,66.19],[13.54,66.11],[13.82,66.15],[13.61,66.19],[14.14,66.33],[13.04,66.18],[13.53,66.31],[13.31,66.37],[13.34,66.33],[13.23,66.3],[13.04,66.32],[13.0,66.36],[13.14,66.39],[13.1,66.45],[13.16,66.47],[12.97,66.52],[13.1,66.54],[13.23,66.45],[13.36,66.46],[13.26,66.52],[13.67,66.52],[13.46,66.56],[13.73,66.6],[13.24,66.55],[13.25,66.61],[13.4,66.63],[13.17,66.65],[13.19,66.67],[13.55,66.64],[13.23,66.71],[13.69,66.69],[13.89,66.74],[13.58,66.71],[13.75,66.76],[13.51,66.78],[13.99,66.79],[13.54,66.92],[13.97,66.99],[13.89,66.95],[13.93,66.92],[13.96,66.93],[14.06,67.06],[14.15,66.97],[14.23,66.98],[14.27,67.06],[14.57,67.02],[14.27,67.08],[14.36,67.16],[14.75,67.12],[14.51,67.18],[14.6,67.2],[14.98,67.21],[14.89,67.15],[14.99,67.1],[14.93,67.15],[15.09,67.21],[15.5,67.07],[15.38,67.2],[15.74,67.17],[15.06,67.25],[15.17,67.31],[14.67,67.22],[14.62,67.21],[14.7,67.28],[14.33,67.24],[14.62,67.42],[14.82,67.38],[15.05,67.45],[14.82,67.45],[14.73,67.49],[15.01,67.56],[15.01,67.49],[14.83,67.48],[15.02,67.47],[15.19,67.52],[15.14,67.42],[15.43,67.48],[15.66,67.28],[15.53,67.47],[15.9,67.56],[15.24,67.53],[15.28,67.59],[15.47,67.58],[15.18,67.62],[15.3,67.72],[15.54,67.67],[15.66,67.68],[15.4,67.74],[15.6,67.75],[15.8,67.68],[15.84,67.69],[15.63,67.76],[15.69,67.8],[15.41,67.8],[15.43,67.86],[15.18,67.71],[14.84,67.64],[14.73,67.66],[14.88,67.7],[14.79,67.73],[15.12,67.74],[14.77,67.82],[15.1,67.85],[14.85,67.84],[15.0,67.9],[15.23,67.87],[15.2,67.83],[15.48,67.92],[15.53,67.85],[15.75,67.95],[15.86,67.9],[16.06,68.02],[16.19,67.98],[16.24,67.88],[16.48,67.8],[16.27,67.89],[16.21,68.0],[16.47,67.9],[16.33,68.0],[16.45,67.96],[16.54,67.96],[16.39,68.06],[16.69,68.07],[16.29,68.09],[16.24,68.13],[16.59,68.17],[16.17,68.2],[16.36,68.24],[16.1,68.28],[16.28,68.31],[16.8,68.13],[16.57,68.28],[16.22,68.35],[17.13,68.37],[17.33,68.26],[17.33,68.17],[17.42,68.24],[17.22,68.34],[17.25,68.41],[17.87,68.39],[17.47,68.45],[17.55,68.53],[17.05,68.43],[17.09,68.48],[16.99,68.51],[16.53,68.44],[16.46,68.51],[16.62,68.53],[16.6,68.63],[16.96,68.7],[17.15,68.63],[17.1,68.69],[17.25,68.72],[17.68,68.66],[17.23,68.76],[17.46,68.82],[17.78,68.75],[17.47,68.83],[17.83,68.89],[17.43,68.9],[17.66,69.12],[18.15,69.15],[18.0,69.29],[18.08,69.35],[18.26,69.49],[18.5,69.37],[18.5,69.24],[18.56,69.36],[18.69,69.26],[18.74,69.32],[19.01,69.29],[18.45,69.45],[18.47,69.52],[18.85,69.55],[19.01,69.4],[19.38,69.32],[19.18,69.25],[19.51,69.23],[19.35,69.38],[19.0,69.46],[19.07,69.53],[18.99,69.54],[18.94,69.62],[19.25,69.78],[19.78,69.8],[19.67,69.68],[19.73,69.64],[19.65,69.46],[19.53,69.4],[19.69,69.44],[19.74,69.61],[20.06,69.58],[20.11,69.59],[19.86,69.63],[19.82,69.71],[20.01,69.84],[20.01,69.77],[20.17,69.94],[20.2,69.86],[20.27,69.97],[20.42,69.89],[20.32,69.68],[20.38,69.59],[19.95,69.26],[20.28,69.39],[20.48,69.58],[20.85,69.5],[20.49,69.63],[20.54,69.71],[20.48,69.76],[20.79,69.8],[20.79,69.88],[21.09,69.95],[20.89,69.85],[21.02,69.79],[21.17,69.88],[21.13,69.81],[21.18,69.82],[21.21,69.91],[21.33,69.91],[21.21,69.93],[21.29,70.02],[21.56,69.99],[21.61,69.91],[22.1,69.75],[21.92,69.84],[22.02,69.85],[21.91,69.95],[22.05,69.94],[22.11,70.03],[21.8,70.04],[22.1,70.12],[21.72,70.06],[21.21,70.21],[21.44,70.27],[21.49,70.21],[21.55,70.32],[21.87,70.15],[21.81,70.26],[22.01,70.32],[22.12,70.23],[22.31,70.29],[22.24,70.14],[22.56,70.13],[22.33,70.17],[22.43,70.26],[22.98,70.2],[22.84,70.12],[23.02,70.15],[23.02,70.04],[23.13,70.03],[23.09,69.96],[23.47,69.99],[23.54,70.02],[23.18,70.09],[23.38,70.12],[23.3,70.17],[23.42,70.2],[23.24,70.22],[23.53,70.24],[23.29,70.24],[23.61,70.3],[23.46,70.32],[23.84,70.5],[24.35,70.46],[24.1,70.54],[24.35,70.69],[24.72,70.62],[24.66,70.71],[24.25,70.78],[24.4,70.87],[24.64,70.78],[24.61,70.86],[24.72,70.87],[24.61,70.89],[24.64,70.98],[24.82,70.91],[25.03,70.97],[24.92,70.87],[25.15,70.92],[25.25,70.79],[25.39,70.88],[25.37,70.98],[25.54,70.92],[25.44,70.84],[25.93,70.86],[25.07,70.5],[25.25,70.53],[25.06,70.49],[25.29,70.46],[25.26,70.39],[25.08,70.36],[25.2,70.31],[24.98,70.23],[24.94,70.1],[25.0,70.06],[25.01,70.13],[25.09,70.15],[25.11,70.08],[25.25,70.1],[25.54,70.3],[25.44,70.34],[26.61,70.95],[26.73,70.93],[26.69,70.74],[26.34,70.65],[26.66,70.64],[26.51,70.36],[26.81,70.48],[27.1,70.47],[26.97,70.57],[27.27,70.59],[27.1,70.64],[27.16,70.68],[27.11,70.73],[27.33,70.74],[27.32,70.82],[27.63,70.8],[27.13,70.95],[27.35,70.94],[27.25,71.03],[27.55,70.96],[27.52,71.07],[27.65,71.13],[27.72,71.06],[28.19,71.09],[28.26,71.06],[28.21,70.98],[28.55,70.97],[28.36,70.83],[28.23,70.83],[28.27,70.79],[27.76,70.79],[28.13,70.74],[27.65,70.61],[28.3,70.7],[27.85,70.48],[27.88,70.43],[28.19,70.5],[28.04,70.44],[28.13,70.44],[28.34,70.52],[28.16,70.38],[28.17,70.14],[28.01,70.07],[28.18,70.12],[28.23,70.4],[28.39,70.49],[28.51,70.45],[28.56,70.51],[28.4,70.56],[28.62,70.68],[28.56,70.75],[28.79,70.87],[29.4,70.78],[29.29,70.74],[29.42,70.74],[29.31,70.65],[29.7,70.74],[29.78,70.69],[29.68,70.62],[30.1,70.71],[30.21,70.68],[30.1,70.65],[30.35,70.6],[30.0,70.54],[30.5,70.56],[31.06,70.37],[31.08,70.28],[30.55,70.25],[30.16,70.07],[29.22,70.12],[28.75,70.17],[28.63,70.11],[28.85,70.1],[28.73,70.09],[29.69,69.97],[29.36,69.86],[29.74,69.91],[29.78,69.84],[29.49,69.66],[30.03,69.78],[30.06,69.77],[29.94,69.71],[29.94,69.69],[30.07,69.74],[30.19,69.69],[30.11,69.76],[30.21,69.77],[30.17,69.88],[30.29,69.89],[30.4,69.83],[30.41,69.7],[30.34,69.67],[30.44,69.68],[30.48,69.82],[30.84,69.81],[30.93,69.67],[30.9,69.54],[30.76,69.52],[30.12,69.63],[30.23,69.56],[30.12,69.44],[29.38,69.3],[29.22,69.1],[29.06,69.03],[28.83,69.11],[28.86,69.22],[29.34,69.46],[29.15,69.66],[28.4,69.8],[27.9,70.07],[27.67,70.07],[27.1,69.9],[26.5,69.92],[26.2,69.72],[26.01,69.69],[25.74,69.22],[25.8,68.99],[25.63,68.87],[25.2,68.81],[25.13,68.65],[24.91,68.56],[23.93,68.82],[23.2,68.62],[22.41,68.71],[22.37,68.82],[21.66,69.26],[21.31,69.29],[21.06,69.21],[21.16,69.09],[21.07,69.04],[20.74,69.1],[20.62,69.04],[20.1,69.02],[20.34,68.91],[20.36,68.8],[20.24,68.66],[19.96,68.54],[20.25,68.48],[19.97,68.35],[18.44,68.57],[18.16,68.53],[18.19,68.2],[17.92,67.97],[17.32,68.11],[16.81,67.91],[16.59,67.63],[16.13,67.42],[16.44,67.2],[16.42,67.05],[15.43,66.49],[15.48,66.27],[15.05,66.15],[14.54,66.13],[14.65,65.8],[14.56,65.7],[14.51,65.32],[13.64,64.58],[14.1,64.47],[14.15,64.17],[13.96,64.01],[13.23,64.09],[12.76,63.99],[12.17,63.6],[12.22,63.47],[11.99,63.29],[12.22,63.0],[12.09,62.91],[12.16,62.73],[12.09,62.59],[12.31,62.29],[12.16,61.72],[12.89,61.35],[12.7,61.05],[12.25,61.0],[12.61,60.42],[12.49,60.31],[12.48,60.08],[12.14,59.9],[11.85,59.87],[11.9,59.71],[11.67,59.61],[11.81,59.25],[11.66,58.92],[11.45,58.9],[11.39,59.08],[11.18,59.12],[11.18,59.2],[11.03,59.13],[10.74,59.22],[10.78,59.31],[10.67,59.32],[10.59,59.43],[10.69,59.48],[10.56,59.73],[10.66,59.86],[10.72,59.74],[10.75,59.89],[10.53,59.88],[10.49,59.73],[10.61,59.61],[10.54,59.54],[10.44,59.52],[10.4,59.69],[10.22,59.72],[10.38,59.66],[10.38,59.54],[10.24,59.56],[10.48,59.43],[10.44,59.35],[10.51,59.3],[10.36,59.27],[10.31,59.06],[10.22,59.11],[10.21,59.02],[9.85,58.96],[9.78,59.05],[9.54,59.12],[9.72,58.98],[9.3,58.88],[9.27,58.83],[9.45,58.83],[9.31,58.74],[9.07,58.74],[9.22,58.7],[8.91,58.61],[8.94,58.53],[8.5,58.26],[8.05,58.11]],[[6.24,59.51],[6.54,59.56],[6.24,59.53],[6.29,59.65],[6.15,59.46],[6.24,59.51]],[[8.33,62.97],[8.33,62.88],[8.7,62.82],[8.42,62.96],[8.67,62.98],[8.37,62.97],[8.32,63.0],[8.47,63.02],[8.24,63.03],[8.33,62.97]],[[22.43,70.09],[22.3,70.04],[22.84,70.12],[22.43,70.09]],[[28.65,70.18],[28.62,70.18],[28.75,70.17],[28.65,70.18]]],[[[15.06,67.58],[15.16,67.54],[15.01,67.56],[15.06,67.58]]],[[[15.88,68.07],[15.79,68.03],[15.6,68.04],[15.55,68.07],[15.4,67.99],[15.28,68.04],[15.64,68.17],[15.74,68.1],[15.62,68.09],[15.63,68.05],[15.84,68.1],[15.98,68.25],[16.1,68.16],[16.04,68.03],[16.06,68.02],[15.88,68.07]]],[[[5.74,59.12],[5.78,59.1],[5.75,59.07],[5.58,59.12],[5.74,59.12]]],[[[5.38,59.21],[5.39,59.24],[5.47,59.2],[5.38,59.21]]],[[[5.99,59.29],[6.1,59.28],[6.06,59.24],[5.93,59.24],[5.99,59.29]]],[[[5.17,59.2],[5.23,59.29],[5.19,59.41],[5.31,59.27],[5.3,59.17],[5.17,59.2]]],[[[5.29,59.75],[5.34,59.71],[5.27,59.69],[5.29,59.75]]],[[[5.2,59.75],[5.2,59.61],[5.12,59.62],[5.19,59.76],[5.08,59.77],[5.15,59.83],[5.1,59.87],[5.15,59.87],[5.29,59.75],[5.2,59.75]]],[[[5.26,59.87],[5.3,59.98],[5.49,59.86],[5.48,59.79],[5.36,59.76],[5.26,59.87]]],[[[5.51,59.9],[5.36,60.0],[5.66,60.08],[5.51,59.9]]],[[[5.17,60.05],[5.25,60.05],[5.28,60.0],[5.17,60.05]]],[[[4.94,60.28],[5.04,60.31],[4.95,60.44],[5.09,60.32],[5.11,60.2],[4.94,60.28]]],[[[5.13,60.4],[4.96,60.56],[5.15,60.5],[5.19,60.47],[5.13,60.4]]],[[[5.5,60.44],[5.32,60.55],[5.41,60.56],[5.67,60.69],[5.64,60.47],[5.5,60.44]]],[[[4.78,60.6],[4.8,60.67],[4.85,60.61],[4.78,60.6]]],[[[4.83,60.92],[4.78,60.93],[4.88,60.93],[4.93,60.86],[4.83,60.92]]],[[[4.65,61.04],[4.69,61.08],[4.74,61.03],[4.65,61.04]]],[[[4.8,61.06],[4.86,61.2],[4.99,61.12],[4.8,61.06]]],[[[4.88,61.71],[4.9,61.68],[4.9,61.65],[4.88,61.71]]],[[[4.92,61.78],[4.8,61.84],[4.91,61.9],[5.22,61.85],[4.92,61.78]]],[[[5.02,61.94],[4.99,62.03],[5.13,62.02],[5.12,61.95],[5.02,61.94]]],[[[5.7,62.19],[5.5,62.23],[5.7,62.3],[5.79,62.24],[5.7,62.19]]],[[[5.87,62.26],[5.81,62.25],[5.86,62.42],[6.07,62.34],[5.87,62.26]]],[[[5.74,62.36],[5.73,62.33],[5.6,62.33],[5.74,62.36]]],[[[5.55,62.37],[5.6,62.34],[5.52,62.33],[5.55,62.37]]],[[[6.09,62.4],[6.02,62.44],[6.2,62.44],[6.32,62.4],[6.09,62.4]]],[[[6.7,62.74],[6.92,62.72],[6.91,62.7],[6.67,62.66],[6.7,62.74]]],[[[6.78,62.81],[6.78,62.85],[6.94,62.84],[6.78,62.81]]],[[[7.51,62.94],[7.37,63.0],[7.4,63.06],[7.57,63.02],[7.62,63.12],[7.66,62.99],[7.51,62.94]]],[[[7.68,63.06],[7.91,63.08],[7.87,63.05],[7.68,63.06]]],[[[8.07,63.47],[8.18,63.39],[7.98,63.32],[7.78,63.41],[8.07,63.47]]],[[[-8.62,70.96],[-8.99,70.81],[-9.12,70.87],[-8.52,71.01],[-8.33,71.15],[-7.98,71.18],[-7.99,71.06],[-8.62,70.96]]],[[[10.99,59.03],[10.99,59.08],[11.08,59.08],[10.99,59.03]]],[[[10.83,59.1],[10.91,59.12],[10.91,59.09],[10.83,59.1]]],[[[8.02,63.14],[7.93,63.18],[8.11,63.24],[8.19,63.16],[8.02,63.14]]],[[[8.21,63.23],[8.33,63.17],[8.23,63.16],[8.21,63.23]]],[[[8.28,63.27],[8.4,63.23],[8.43,63.29],[8.57,63.2],[8.29,63.22],[8.28,63.27]]],[[[8.28,63.47],[8.79,63.64],[9.18,63.57],[8.28,63.47]]],[[[9.06,63.66],[9.17,63.64],[9.08,63.61],[9.06,63.66]]],[[[8.68,63.77],[8.81,63.82],[8.83,63.72],[8.27,63.69],[8.74,63.77],[8.68,63.77]]],[[[9.89,64.05],[9.94,64.01],[9.91,64.0],[9.89,64.05]]],[[[11.18,64.51],[11.13,64.56],[11.22,64.57],[11.04,64.63],[11.45,64.51],[11.18,64.51]]],[[[11.35,64.56],[11.37,64.63],[11.47,64.59],[11.35,64.56]]],[[[11.17,64.64],[11.17,64.66],[11.32,64.69],[11.32,64.6],[11.17,64.64]]],[[[11.1,64.95],[11.27,64.89],[11.13,64.84],[11.05,64.85],[11.09,64.9],[10.83,64.86],[11.1,64.95]]],[[[11.03,64.99],[11.12,64.97],[10.71,64.86],[11.03,64.99]]],[[[11.7,65.06],[11.52,65.05],[11.78,65.12],[11.7,65.06]]],[[[12.0,65.08],[11.98,65.08],[12.19,65.21],[12.31,65.11],[12.0,65.08]]],[[[12.21,65.32],[12.25,65.28],[12.05,65.22],[12.21,65.38],[12.16,65.4],[12.33,65.47],[12.2,65.47],[12.27,65.58],[12.51,65.4],[12.21,65.32]]],[[[11.92,65.59],[11.76,65.62],[12.0,65.7],[11.92,65.59]]],[[[12.34,66.08],[12.57,66.16],[12.43,66.17],[12.55,66.22],[12.61,66.16],[12.55,66.13],[12.66,66.1],[12.29,66.02],[12.39,66.07],[12.34,66.08]]],[[[11.41,78.43],[11.12,78.44],[10.81,78.69],[10.55,78.77],[10.57,78.84],[10.48,78.89],[11.0,78.83],[11.18,78.73],[11.06,78.69],[11.27,78.61],[11.26,78.53],[11.87,78.45],[12.16,78.21],[11.41,78.43]]],[[[10.78,79.66],[10.74,79.69],[10.85,79.69],[10.71,79.72],[11.07,79.67],[10.78,79.66]]],[[[10.72,79.74],[10.65,79.76],[10.87,79.78],[11.01,79.74],[10.72,79.74]]],[[[12.47,65.87],[12.37,65.89],[12.6,66.02],[12.9,66.02],[12.47,65.87]]],[[[12.76,66.22],[12.7,66.24],[12.8,66.31],[12.88,66.28],[12.76,66.22]]],[[[12.9,66.36],[12.8,66.38],[12.96,66.46],[12.9,66.36]]],[[[14.16,67.0],[14.1,67.06],[13.99,67.08],[14.27,67.17],[14.16,67.0]]],[[[14.23,67.38],[14.42,67.42],[14.39,67.4],[14.23,67.38]]],[[[14.98,67.91],[14.96,67.94],[15.11,68.0],[15.14,67.96],[15.3,67.95],[14.98,67.91]]],[[[13.05,68.02],[13.11,68.03],[13.12,67.94],[12.98,67.97],[13.01,67.88],[12.79,67.81],[13.05,68.1],[13.16,68.09],[13.05,68.02]]],[[[15.23,68.04],[15.29,67.98],[15.18,67.97],[15.23,68.04]]],[[[15.62,67.99],[15.48,68.0],[15.86,68.03],[15.93,68.0],[15.62,67.99]]],[[[13.37,68.01],[13.17,68.02],[13.24,68.09],[13.33,68.06],[13.3,68.15],[13.41,68.08],[13.37,68.01]]],[[[13.77,68.16],[13.85,68.12],[13.7,68.07],[13.46,68.07],[13.59,68.16],[13.48,68.13],[13.48,68.19],[13.62,68.23],[13.5,68.24],[13.64,68.29],[13.98,68.34],[13.97,68.27],[14.16,68.26],[13.77,68.16]]],[[[14.87,68.22],[14.8,68.25],[14.89,68.3],[14.95,68.28],[14.87,68.22]]],[[[14.16,68.26],[14.04,68.31],[14.27,68.28],[14.2,68.25],[14.16,68.26]]],[[[14.77,68.32],[14.2,68.15],[14.36,68.24],[14.25,68.25],[14.33,68.26],[14.3,68.31],[14.5,68.31],[14.38,68.37],[14.76,68.43],[14.82,68.41],[14.78,68.35],[15.17,68.45],[14.72,68.26],[14.77,68.32]]],[[[16.12,68.38],[16.09,68.4],[16.19,68.51],[16.34,68.54],[16.47,68.47],[16.12,68.38]]],[[[15.0,68.55],[15.0,68.54],[14.72,68.49],[14.6,68.56],[15.0,68.55]]],[[[16.09,68.53],[15.9,68.37],[15.87,68.5],[15.62,68.3],[15.32,68.35],[15.61,68.47],[15.54,68.51],[15.44,68.42],[15.09,68.27],[14.99,68.27],[15.19,68.43],[15.36,68.46],[15.24,68.47],[15.34,68.49],[15.18,68.52],[15.22,68.56],[15.63,68.61],[15.44,68.72],[15.71,68.7],[15.48,68.75],[15.45,68.81],[15.64,68.82],[15.55,68.87],[15.68,68.96],[15.91,68.96],[15.87,68.79],[15.76,68.74],[15.99,68.76],[15.77,68.63],[15.74,68.53],[15.86,68.63],[16.08,68.64],[16.03,68.71],[16.21,68.74],[16.1,68.83],[16.28,68.84],[16.25,68.9],[16.56,68.82],[16.49,68.79],[16.58,68.71],[16.5,68.55],[16.09,68.53]]],[[[17.02,68.86],[17.15,68.77],[16.84,68.73],[17.02,68.86]]],[[[14.54,68.74],[14.44,68.76],[14.52,68.81],[14.57,68.75],[14.62,68.74],[14.65,68.83],[14.69,68.76],[14.91,68.76],[14.95,68.87],[15.01,68.79],[15.05,68.85],[15.16,68.82],[15.01,68.96],[15.12,69.02],[15.24,68.91],[15.19,68.89],[15.3,68.91],[15.24,68.82],[15.38,68.85],[15.27,68.76],[15.4,68.69],[15.06,68.58],[14.81,68.62],[15.17,68.7],[15.15,68.76],[14.68,68.71],[14.49,68.61],[14.37,68.69],[14.54,68.74]]],[[[17.22,68.79],[17.08,68.91],[17.44,68.87],[17.22,68.79]]],[[[14.9,68.93],[15.0,68.9],[14.96,68.88],[14.84,68.89],[14.9,68.93]]],[[[16.39,68.9],[16.26,68.97],[16.6,68.95],[16.39,68.9]]],[[[17.4,68.99],[17.34,69.0],[17.42,69.08],[17.54,69.06],[17.4,68.99]]],[[[15.86,69.25],[16.15,69.29],[16.08,69.15],[15.85,69.03],[15.53,69.01],[15.57,68.96],[15.46,68.88],[15.43,68.96],[15.86,69.25]]],[[[17.91,69.32],[17.97,69.26],[17.88,69.24],[17.99,69.19],[17.47,69.2],[17.13,69.01],[17.04,69.02],[17.11,69.08],[16.77,69.09],[17.17,69.2],[16.9,69.19],[16.88,69.22],[17.09,69.23],[17.15,69.26],[16.91,69.3],[17.13,69.31],[16.88,69.36],[16.93,69.39],[17.4,69.37],[17.28,69.41],[17.5,69.43],[17.24,69.45],[17.19,69.5],[17.39,69.48],[17.34,69.54],[17.65,69.46],[17.47,69.6],[17.66,69.51],[17.66,69.6],[17.75,69.54],[17.86,69.59],[17.83,69.45],[17.94,69.52],[18.05,69.5],[17.94,69.43],[18.07,69.44],[18.08,69.35],[17.91,69.32]]],[[[18.79,69.68],[18.84,69.6],[18.73,69.57],[18.19,69.53],[18.0,69.59],[18.4,69.64],[18.21,69.71],[18.63,69.7],[18.35,69.73],[18.38,69.8],[18.5,69.75],[18.65,69.8],[18.66,69.71],[18.76,69.69],[18.79,69.78],[18.68,69.89],[19.06,69.79],[18.79,69.68]]],[[[19.48,69.84],[19.43,69.84],[19.77,70.0],[19.86,69.97],[19.48,69.84]]],[[[19.37,69.82],[19.12,69.79],[18.73,69.95],[19.21,70.1],[19.39,69.99],[19.54,70.06],[19.68,70.01],[19.37,69.82]]],[[[18.81,70.06],[18.98,70.07],[18.7,69.98],[18.71,70.09],[18.81,70.06]]],[[[19.45,70.16],[19.57,70.11],[19.34,70.12],[19.45,70.16]]],[[[19.14,70.11],[19.0,70.15],[19.2,70.26],[19.23,70.14],[19.14,70.11]]],[[[19.07,74.35],[18.79,74.48],[19.16,74.53],[19.28,74.44],[19.07,74.35]]],[[[19.58,78.58],[19.68,78.51],[18.96,78.45],[19.07,78.38],[18.95,78.28],[19.09,78.23],[18.92,78.18],[19.1,78.1],[18.41,78.02],[18.5,77.98],[18.33,77.9],[18.45,77.77],[18.3,77.52],[17.73,77.49],[17.49,77.32],[17.34,77.05],[17.1,77.05],[17.32,76.98],[16.92,76.79],[17.19,76.7],[16.81,76.57],[16.43,76.62],[16.34,76.57],[16.28,76.71],[15.5,76.88],[16.53,77.0],[16.26,76.99],[16.03,77.09],[15.86,77.07],[15.89,77.02],[15.35,77.01],[15.04,77.13],[14.45,77.18],[13.97,77.41],[14.05,77.45],[13.91,77.53],[14.44,77.59],[14.6,77.53],[14.55,77.49],[14.71,77.49],[15.04,77.57],[15.85,77.53],[16.22,77.44],[16.31,77.47],[15.85,77.58],[14.74,77.66],[16.33,77.8],[17.12,77.78],[16.79,77.88],[17.01,77.94],[13.96,77.72],[13.74,77.75],[13.82,77.8],[13.65,77.85],[13.67,77.99],[13.59,78.06],[13.96,78.1],[14.33,77.96],[14.23,78.09],[15.69,78.21],[15.59,78.29],[15.8,78.34],[16.94,78.35],[17.3,78.43],[16.85,78.38],[16.33,78.45],[16.83,78.65],[16.55,78.72],[16.0,78.48],[15.44,78.46],[15.19,78.59],[15.47,78.65],[15.5,78.73],[15.43,78.79],[15.49,78.81],[15.38,78.85],[15.2,78.74],[15.26,78.67],[14.98,78.6],[14.8,78.64],[14.81,78.73],[14.45,78.68],[14.59,78.56],[14.38,78.5],[14.73,78.39],[14.29,78.39],[14.32,78.31],[14.08,78.24],[14.1,78.29],[13.94,78.23],[13.75,78.27],[13.86,78.21],[13.01,78.2],[12.89,78.35],[12.36,78.49],[13.2,78.54],[12.43,78.54],[11.9,78.64],[11.64,78.75],[11.9,78.84],[11.33,78.97],[12.51,78.91],[12.42,79.0],[12.06,78.97],[11.98,78.99],[12.11,79.0],[11.68,79.07],[12.14,79.21],[12.06,79.24],[12.12,79.3],[11.83,79.3],[11.92,79.24],[11.85,79.23],[11.59,79.31],[11.55,79.28],[11.72,79.19],[11.23,79.1],[11.14,79.24],[10.84,79.37],[10.92,79.38],[10.86,79.41],[10.9,79.47],[10.68,79.54],[11.18,79.56],[10.85,79.6],[11.01,79.65],[11.46,79.63],[11.21,79.71],[11.23,79.79],[11.82,79.85],[12.05,79.69],[12.3,79.66],[12.35,79.72],[12.16,79.81],[12.39,79.83],[12.54,79.75],[13.8,79.88],[13.97,79.78],[12.45,79.57],[13.45,79.59],[13.26,79.47],[13.62,79.48],[14.04,79.27],[14.16,79.34],[13.88,79.54],[14.28,79.62],[14.14,79.63],[14.55,79.81],[15.3,79.6],[15.5,79.33],[15.77,79.24],[15.68,79.11],[15.88,79.16],[16.44,78.91],[16.49,78.93],[16.15,79.23],[15.96,79.31],[15.85,79.53],[15.92,79.56],[15.64,79.77],[15.72,79.88],[16.14,79.87],[15.96,79.95],[16.29,80.07],[16.56,80.04],[16.82,79.88],[16.96,79.96],[17.27,79.95],[18.1,79.73],[17.59,79.55],[17.78,79.49],[17.65,79.37],[17.88,79.4],[18.11,79.59],[18.35,79.63],[18.88,79.44],[18.88,79.32],[18.59,79.26],[18.84,79.25],[18.95,79.16],[19.79,79.17],[19.91,79.01],[21.52,78.85],[21.55,78.78],[21.36,78.66],[20.69,78.69],[20.58,78.63],[19.58,78.58]]],[[[18.32,80.36],[18.76,80.3],[18.49,80.24],[18.12,80.29],[18.32,80.36]]],[[[29.71,69.76],[29.78,69.84],[29.84,69.91],[30.11,69.83],[29.71,69.76]]],[[[20.53,69.82],[20.56,69.9],[20.72,69.9],[20.71,69.82],[20.53,69.82]]],[[[21.69,69.93],[21.67,69.95],[21.74,69.95],[21.69,69.93]]],[[[20.76,70.0],[20.82,70.04],[20.96,70.0],[21.1,70.01],[20.81,69.95],[20.76,70.0]]],[[[19.95,70.03],[20.0,70.02],[19.95,70.01],[19.95,70.03]]],[[[21.02,70.03],[20.96,70.02],[21.02,70.06],[21.02,70.03]]],[[[20.91,70.11],[20.92,70.1],[20.81,70.08],[20.83,70.15],[20.91,70.11]]],[[[20.6,70.04],[20.59,70.11],[20.39,70.1],[20.56,70.23],[20.82,70.21],[20.79,70.07],[20.6,70.04]]],[[[19.78,70.07],[19.54,70.25],[19.68,70.29],[19.82,70.17],[19.89,70.21],[20.15,70.12],[19.78,70.07]]],[[[22.45,70.29],[22.37,70.33],[22.67,70.4],[22.71,70.34],[22.76,70.39],[23.0,70.25],[22.45,70.29]]],[[[21.68,70.28],[21.71,70.39],[21.8,70.35],[21.68,70.28]]],[[[23.16,70.28],[23.08,70.3],[23.13,70.41],[23.04,70.34],[22.85,70.41],[23.22,70.52],[23.18,70.55],[23.26,70.54],[23.28,70.48],[23.31,70.55],[23.54,70.54],[23.39,70.62],[23.46,70.62],[23.57,70.61],[23.63,70.44],[23.16,70.28]]],[[[23.64,70.6],[23.64,70.7],[23.82,70.75],[24.13,70.62],[23.87,70.51],[23.64,70.6]]],[[[22.15,70.47],[22.33,70.61],[21.95,70.65],[22.42,70.63],[22.38,70.71],[22.54,70.72],[22.72,70.6],[22.83,70.65],[22.72,70.75],[22.97,70.66],[23.18,70.74],[23.07,70.81],[23.33,70.78],[23.34,70.87],[23.48,70.8],[22.9,70.54],[22.29,70.54],[22.15,70.47]]],[[[24.02,70.92],[23.91,70.96],[24.04,70.98],[23.89,71.0],[24.22,71.0],[24.07,70.98],[24.25,70.96],[24.02,70.92]]],[[[25.55,70.93],[25.42,70.98],[25.56,71.02],[25.29,71.05],[25.47,71.1],[25.72,71.05],[25.55,71.14],[25.67,71.17],[25.81,71.15],[25.81,71.1],[26.03,71.12],[25.89,71.05],[25.96,71.0],[26.22,71.03],[25.55,70.93]]],[[[24.76,71.03],[24.61,71.06],[24.84,71.1],[24.76,71.03]]],[[[24.94,76.45],[25.42,76.69],[25.58,76.71],[24.94,76.45]]],[[[23.89,77.51],[23.35,77.38],[23.23,77.26],[22.7,77.24],[22.42,77.27],[22.5,77.34],[22.41,77.42],[22.78,77.55],[21.09,77.44],[20.87,77.46],[20.93,77.5],[20.83,77.54],[21.22,77.61],[21.26,77.73],[21.66,77.92],[20.9,78.11],[22.97,78.26],[23.47,78.16],[23.11,78.09],[23.06,78.04],[23.12,77.99],[23.63,77.87],[24.41,77.87],[23.89,77.51]]],[[[20.63,78.21],[20.79,78.27],[20.47,78.32],[20.66,78.39],[20.15,78.48],[21.02,78.54],[21.18,78.62],[22.06,78.6],[22.24,78.49],[22.27,78.27],[20.63,78.21]]],[[[26.47,78.71],[26.4,78.78],[26.62,78.81],[27.02,78.7],[26.74,78.63],[26.47,78.71]]],[[[28.87,78.91],[27.84,78.84],[28.42,78.97],[29.71,78.9],[29.24,78.85],[28.87,78.91]]],[[[30.14,78.97],[30.07,79.01],[30.34,78.99],[30.14,78.97]]],[[[20.83,79.06],[20.36,78.99],[20.04,79.04],[20.14,79.06],[20.1,79.12],[20.83,79.06]]],[[[19.7,79.34],[19.63,79.39],[20.18,79.35],[19.7,79.34]]],[[[27.1,79.97],[27.24,79.91],[27.15,79.85],[25.81,79.62],[25.97,79.52],[25.83,79.44],[25.18,79.34],[24.29,79.31],[24.05,79.19],[22.93,79.22],[22.64,79.31],[22.9,79.42],[20.82,79.38],[20.73,79.46],[20.2,79.47],[19.63,79.61],[20.21,79.65],[21.15,79.57],[20.48,79.69],[21.85,79.71],[22.35,79.79],[22.29,79.81],[18.78,79.72],[18.11,79.91],[18.79,79.97],[18.93,80.06],[18.23,80.05],[18.15,80.08],[18.36,80.08],[17.78,80.14],[18.77,80.19],[19.27,80.09],[19.58,80.15],[19.22,80.2],[18.98,80.34],[19.03,80.36],[19.67,80.22],[19.85,80.22],[19.72,80.25],[19.86,80.34],[19.77,80.35],[19.91,80.39],[19.47,80.41],[19.5,80.47],[19.67,80.44],[19.66,80.51],[20.04,80.47],[20.11,80.38],[20.39,80.42],[20.59,80.3],[20.84,80.31],[20.75,80.27],[20.85,80.21],[21.85,80.27],[21.9,80.21],[21.6,80.13],[22.07,80.11],[22.28,79.98],[22.48,80.02],[22.35,80.07],[22.46,80.07],[22.37,80.11],[22.45,80.26],[22.58,80.3],[22.34,80.38],[22.68,80.43],[22.61,80.36],[22.75,80.33],[22.7,80.36],[22.83,80.41],[22.78,80.52],[23.36,80.43],[23.12,80.39],[23.35,80.34],[23.06,80.25],[23.01,80.16],[23.12,80.12],[23.23,80.13],[23.09,80.17],[23.8,80.18],[23.72,80.26],[23.77,80.31],[24.4,80.32],[24.15,80.35],[24.26,80.38],[24.6,80.32],[24.47,80.3],[24.52,80.26],[24.83,80.36],[24.89,80.32],[24.78,80.25],[25.36,80.28],[25.23,80.25],[25.78,80.21],[25.7,80.17],[26.81,80.17],[27.24,80.1],[27.1,79.97]]],[[[31.61,80.07],[31.48,80.1],[33.64,80.22],[31.61,80.07]]],[[[24.17,80.38],[24.13,80.41],[24.22,80.46],[24.38,80.39],[24.17,80.38]]],[[[24.17,80.51],[24.29,80.49],[23.98,80.49],[24.17,80.51]]],[[[20.13,80.52],[19.85,80.51],[19.96,80.54],[20.13,80.52]]],[[[20.76,80.62],[20.5,80.66],[20.79,80.66],[20.76,80.62]]],[[[21.14,80.66],[21.02,80.69],[21.21,80.71],[21.33,80.7],[21.14,80.66]]],[[[21.0,80.71],[20.82,80.68],[20.52,80.77],[21.0,80.71]]]],"type":"MultiPolygon"},"properties":{"name":"Norway"},"type":"Feature"},{"geometry":{"coordinates":[[[[55.86,17.52],[55.89,17.5],[55.84,17.49],[55.86,17.52]]],[[[56.03,17.49],[55.96,17.52],[56.06,17.56],[56.03,17.49]]],[[[54.98,20.0],[55.64,21.98],[55.19,22.7],[55.19,23.03],[55.54,23.77],[55.46,23.96],[56.0,24.08],[55.93,24.22],[55.76,24.23],[55.79,24.86],[55.9,24.97],[56.01,24.96],[56.03,24.86],[55.96,24.87],[56.08,24.73],[56.38,24.98],[56.61,24.5],[57.18,23.93],[58.32,23.62],[58.58,23.65],[58.76,23.54],[59.52,22.56],[59.82,22.51],[59.81,22.24],[59.65,21.93],[59.34,21.44],[58.85,21.07],[58.52,20.42],[58.45,20.36],[58.2,20.4],[58.26,20.59],[58.21,20.61],[57.86,20.26],[57.69,19.73],[57.84,19.02],[57.21,18.91],[56.81,18.75],[56.64,18.56],[56.56,18.15],[56.36,17.94],[55.45,17.84],[55.23,17.54],[55.3,17.42],[55.26,17.23],[55.03,17.01],[54.79,16.95],[54.59,17.04],[54.08,17.01],[53.62,16.76],[53.09,16.64],[52.8,17.27],[52.72,17.3],[51.98,19.0],[54.98,20.0]]],[[[56.21,25.22],[56.26,25.33],[56.35,25.29],[56.28,25.24],[56.21,25.22]],[[56.26,25.28],[56.26,25.25],[56.29,25.27],[56.26,25.28]]],[[[56.18,26.01],[56.09,26.11],[56.21,26.26],[56.21,26.21],[56.4,26.21],[56.31,26.22],[56.36,26.39],[56.5,26.36],[56.4,26.27],[56.49,26.24],[56.43,26.22],[56.48,26.15],[56.33,26.17],[56.34,26.11],[56.47,26.1],[56.38,26.04],[56.45,25.95],[56.38,25.93],[56.28,25.63],[56.15,25.66],[56.18,26.01]]],[[[58.79,20.28],[58.65,20.17],[58.65,20.37],[58.89,20.69],[58.95,20.52],[58.79,20.28]]]],"type":"MultiPolygon"},"properties":{"name":"Oman"},"type":"Feature"},{"geometry":{"coordinates":[[[[67.43,24.01],[67.38,24.06],[67.41,24.05],[67.43,24.01]]],[[[69.53,27.13],[69.47,26.77],[69.82,26.58],[70.13,26.56],[70.08,25.93],[70.26,25.7],[70.65,25.67],[70.65,25.4],[70.85,25.16],[71.06,24.68],[70.95,24.58],[70.98,24.46],[71.08,24.41],[70.78,24.24],[70.57,24.27],[70.56,24.42],[70.11,24.3],[69.97,24.17],[69.71,24.17],[69.56,24.28],[68.96,24.26],[68.9,24.32],[68.84,24.24],[68.75,24.33],[68.72,23.97],[68.33,23.97],[68.18,23.84],[68.16,23.91],[68.16,23.7],[68.06,23.72],[68.1,23.82],[68.01,23.94],[68.01,23.77],[67.86,23.91],[67.83,23.81],[67.63,23.8],[67.65,23.93],[67.61,23.85],[67.48,23.89],[67.54,23.94],[67.45,23.99],[67.53,24.07],[67.35,24.07],[67.3,24.19],[67.29,24.33],[67.36,24.34],[67.27,24.37],[67.18,24.59],[67.25,24.59],[67.15,24.64],[67.26,24.75],[66.97,24.84],[66.65,24.84],[66.74,25.18],[66.55,25.37],[66.53,25.52],[66.38,25.63],[66.2,25.59],[66.09,25.47],[66.34,25.55],[66.49,25.48],[66.5,25.4],[66.25,25.47],[65.65,25.34],[65.4,25.39],[65.16,25.3],[64.74,25.32],[64.66,25.17],[64.57,25.27],[64.44,25.23],[64.09,25.34],[64.08,25.43],[64.16,25.45],[64.05,25.45],[63.98,25.41],[64.06,25.34],[63.57,25.36],[63.47,25.29],[63.5,25.19],[62.48,25.26],[62.34,25.16],[62.38,25.09],[62.26,25.1],[62.3,25.19],[62.15,25.22],[62.06,25.16],[62.1,25.11],[61.88,25.1],[61.75,25.01],[61.78,25.19],[61.59,25.2],[61.66,25.77],[61.75,25.82],[61.83,26.23],[62.12,26.37],[62.27,26.36],[62.29,26.5],[62.42,26.56],[62.75,26.64],[63.14,26.63],[63.19,26.85],[63.26,26.87],[63.23,27.07],[63.32,27.12],[63.18,27.26],[62.89,27.21],[62.74,27.27],[62.81,27.49],[62.76,28.25],[62.58,28.23],[62.36,28.42],[61.89,28.54],[61.57,28.87],[61.34,29.37],[60.84,29.86],[62.48,29.41],[63.57,29.5],[64.09,29.39],[64.17,29.48],[64.48,29.57],[65.04,29.54],[66.2,29.84],[66.34,29.96],[66.22,30.06],[66.31,30.24],[66.27,30.6],[66.37,30.92],[66.55,30.98],[66.7,31.2],[66.94,31.31],[67.04,31.24],[67.35,31.21],[67.76,31.33],[67.77,31.39],[67.61,31.41],[67.57,31.53],[67.97,31.64],[68.14,31.82],[68.5,31.73],[68.55,31.75],[68.42,31.78],[68.68,31.77],[68.8,31.6],[69.04,31.67],[69.3,31.94],[69.23,32.46],[69.43,32.66],[69.38,32.77],[69.48,32.86],[69.49,33.03],[69.99,33.13],[70.29,33.32],[70.15,33.51],[70.12,33.72],[69.96,33.75],[69.85,33.93],[69.87,34.02],[70.52,33.94],[71.06,34.05],[71.12,34.36],[70.96,34.53],[71.07,34.56],[71.08,34.67],[71.47,34.95],[71.64,35.19],[71.53,35.3],[71.62,35.43],[71.46,35.79],[71.17,36.05],[71.56,36.33],[71.61,36.46],[71.78,36.4],[71.77,36.48],[72.17,36.65],[72.17,36.71],[72.57,36.82],[73.64,36.9],[74.04,36.82],[74.66,37.05],[74.87,36.91],[75.1,36.99],[75.31,36.93],[75.43,36.72],[75.57,36.77],[75.79,36.69],[75.99,36.42],[76.01,36.23],[75.9,36.11],[75.92,36.03],[76.09,35.98],[76.17,35.81],[76.56,35.9],[76.57,35.75],[76.78,35.65],[77.04,35.03],[76.92,34.92],[76.76,34.92],[76.64,34.74],[76.02,34.68],[75.78,34.5],[74.35,34.77],[73.92,34.64],[73.77,34.37],[73.99,34.22],[73.89,34.05],[74.27,33.96],[73.97,33.73],[74.16,33.49],[74.0,33.18],[74.31,32.99],[74.35,32.77],[74.57,32.75],[74.69,32.83],[74.63,32.59],[74.69,32.47],[75.02,32.47],[75.36,32.26],[75.29,32.15],[74.83,32.03],[74.54,31.81],[74.49,31.71],[74.62,31.46],[74.51,31.18],[74.66,31.08],[74.32,30.89],[73.85,30.37],[73.94,30.19],[73.37,29.93],[73.23,29.54],[72.93,29.05],[72.35,28.77],[72.15,28.35],[71.91,28.14],[71.87,27.96],[70.83,27.7],[70.71,27.74],[70.63,27.93],[70.46,28.04],[70.1,27.81],[70.02,27.6],[69.53,27.13]]]],"type":"MultiPolygon"},"properties":{"name":"Pakistan"},"type":"Feature"},{"geometry":{"coordinates":[[[[131.79,2.98],[131.81,2.96],[131.8,2.95],[131.79,2.98]]],[[[131.14,3.02],[131.13,3.03],[131.18,3.06],[131.14,3.02]]],[[[134.18,6.91],[134.16,6.88],[134.14,6.92],[134.18,6.91]]],[[[134.28,7.02],[134.23,6.98],[134.27,7.07],[134.28,7.02]]],[[[134.38,7.22],[134.35,7.24],[134.44,7.32],[134.38,7.22]]],[[[134.45,7.33],[134.45,7.36],[134.51,7.35],[134.45,7.33]]],[[[134.64,7.63],[134.63,7.73],[134.66,7.64],[134.6,7.37],[134.48,7.45],[134.64,7.63]]],[[[134.71,8.1],[134.72,8.1],[134.72,8.06],[134.71,8.1]]]],"type":"MultiPolygon"},"properties":{"name":"Palau"},"type":"Feature"},{"geometry":{"coordinates":[[[[-81.75,7.35],[-81.88,7.49],[-81.76,7.64],[-81.61,7.33],[-81.75,7.35]]],[[[-81.05,7.54],[-81.25,7.49],[-81.14,7.57],[-81.05,7.54]]],[[[-80.58,9.08],[-80.13,9.21],[-79.98,9.36],[-79.92,9.3],[-79.87,9.4],[-79.79,9.35],[-79.63,9.61],[-78.97,9.57],[-79.06,9.46],[-78.45,9.41],[-78.04,9.24],[-77.86,9.05],[-77.86,9.11],[-77.54,8.71],[-77.37,8.66],[-77.49,8.47],[-77.16,7.94],[-77.3,7.9],[-77.38,7.77],[-77.34,7.71],[-77.58,7.53],[-77.76,7.71],[-77.73,7.53],[-77.92,7.24],[-78.29,7.69],[-78.44,8.06],[-78.25,8.12],[-78.31,8.25],[-78.2,8.27],[-78.13,8.41],[-78.0,8.24],[-77.89,8.23],[-77.78,8.12],[-77.74,8.13],[-77.88,8.24],[-78.02,8.29],[-78.09,8.51],[-78.13,8.56],[-78.09,8.41],[-78.16,8.47],[-78.2,8.42],[-78.22,8.54],[-78.22,8.44],[-78.26,8.5],[-78.37,8.42],[-78.36,8.39],[-78.42,8.36],[-78.61,8.77],[-78.65,8.71],[-79.09,8.99],[-79.08,9.06],[-79.11,9.08],[-79.07,9.09],[-79.05,9.12],[-79.03,9.11],[-78.98,9.15],[-79.05,9.13],[-79.12,9.08],[-79.12,8.99],[-79.43,9.01],[-79.51,8.9],[-79.57,8.96],[-79.56,8.89],[-79.75,8.82],[-79.75,8.7],[-79.83,8.64],[-79.7,8.65],[-79.77,8.58],[-80.47,8.22],[-80.46,8.04],[-79.99,7.52],[-80.02,7.46],[-80.14,7.42],[-80.26,7.44],[-80.31,7.42],[-80.44,7.25],[-80.93,7.26],[-80.89,7.36],[-81.09,7.78],[-81.02,7.82],[-81.05,7.91],[-81.09,7.84],[-81.19,7.86],[-81.2,7.89],[-81.22,7.9],[-81.16,7.79],[-81.25,7.75],[-81.23,7.61],[-81.57,7.76],[-81.61,7.99],[-81.71,8.03],[-81.75,8.19],[-81.78,8.12],[-81.93,8.23],[-82.12,8.23],[-82.16,8.16],[-82.22,8.22],[-82.18,8.34],[-82.4,8.29],[-82.43,8.36],[-82.47,8.28],[-82.74,8.32],[-82.86,8.25],[-82.88,8.02],[-82.94,8.25],[-83.05,8.32],[-82.85,8.47],[-82.92,8.76],[-82.72,8.92],[-82.94,9.06],[-82.94,9.46],[-82.85,9.49],[-82.85,9.6],[-82.63,9.48],[-82.57,9.58],[-82.34,9.43],[-82.39,9.26],[-82.31,9.19],[-82.17,9.2],[-82.26,9.16],[-82.26,9.02],[-82.1,8.93],[-81.78,8.94],[-81.93,9.13],[-81.88,9.18],[-81.53,8.81],[-81.07,8.81],[-80.58,9.08]]],[[[-82.32,8.1],[-82.36,8.09],[-82.34,8.12],[-82.32,8.1]]],[[[-82.25,8.17],[-82.32,8.21],[-82.27,8.23],[-82.21,8.2],[-82.25,8.17]]],[[[-82.43,8.26],[-82.32,8.28],[-82.31,8.24],[-82.43,8.26]]],[[[-81.53,9.09],[-81.58,9.1],[-81.57,9.11],[-81.53,9.09]]],[[[-82.01,9.15],[-82.01,9.14],[-82.05,9.15],[-82.01,9.15]]],[[[-82.14,9.25],[-82.21,9.35],[-82.07,9.29],[-82.14,9.25]]],[[[-82.25,9.33],[-82.33,9.41],[-82.27,9.44],[-82.25,9.33]]],[[[-79.1,8.25],[-79.12,8.21],[-79.11,8.32],[-79.1,8.25]]],[[[-78.83,8.34],[-78.9,8.22],[-78.97,8.44],[-78.86,8.45],[-78.83,8.34]]],[[[-79.08,8.42],[-79.09,8.38],[-79.13,8.4],[-79.08,8.42]]],[[[-79.54,8.79],[-79.54,8.78],[-79.57,8.78],[-79.54,8.79]]],[[[-79.13,8.94],[-79.13,8.96],[-79.12,8.95],[-79.13,8.94]]]],"type":"MultiPolygon"},"properties":{"name":"Panama"},"type":"Feature"},{"geometry":{"coordinates":[[[[143.61,-8.69],[143.18,-8.42],[143.47,-8.53],[143.64,-8.66],[143.61,-8.69]]],[[[143.81,-8.5],[143.82,-8.5],[143.8,-8.54],[143.81,-8.5]]],[[[143.57,-8.37],[143.61,-8.48],[143.38,-8.43],[143.36,-8.36],[143.57,-8.37]]],[[[143.59,-8.37],[143.57,-8.37],[143.54,-8.35],[143.55,-8.34],[143.66,-8.35],[143.68,-8.42],[143.59,-8.37]]],[[[143.61,-8.09],[143.69,-8.14],[143.67,-8.17],[143.61,-8.09]]],[[[143.58,-8.02],[143.7,-8.09],[143.69,-8.1],[143.58,-8.02]]],[[[146.1,-8.08],[145.8,-8.01],[145.79,-7.91],[145.44,-7.94],[145.18,-7.81],[144.88,-7.78],[144.85,-7.57],[144.82,-7.68],[144.65,-7.56],[144.6,-7.66],[144.52,-7.5],[144.51,-7.67],[144.41,-7.51],[144.51,-7.8],[144.37,-7.74],[144.31,-7.61],[144.33,-7.69],[144.23,-7.66],[144.28,-7.77],[144.21,-7.8],[143.85,-7.65],[143.77,-7.51],[143.65,-7.44],[143.96,-7.97],[143.8,-7.93],[143.91,-8.01],[143.77,-8.04],[143.36,-7.9],[143.56,-8.04],[143.61,-8.24],[142.96,-8.34],[142.7,-8.26],[142.49,-8.33],[142.36,-8.17],[142.22,-8.17],[142.14,-8.23],[142.35,-8.19],[142.45,-8.37],[142.73,-8.32],[143.13,-8.49],[143.4,-8.77],[143.36,-9.01],[142.61,-9.33],[142.21,-9.16],[141.62,-9.23],[141.35,-9.14],[141.15,-9.23],[140.98,-9.11],[140.98,-6.9],[140.85,-6.7],[140.98,-6.34],[140.97,-2.6],[141.28,-2.64],[141.89,-2.96],[142.01,-2.96],[142.06,-3.06],[143.52,-3.44],[144.02,-3.8],[144.24,-3.87],[144.31,-3.8],[144.51,-3.82],[144.56,-3.98],[144.87,-4.1],[145.08,-4.36],[145.35,-4.39],[145.8,-4.84],[145.76,-5.48],[146.46,-5.6],[147.12,-5.97],[147.34,-5.93],[147.51,-6.0],[147.83,-6.34],[147.85,-6.69],[146.96,-6.75],[146.96,-6.95],[147.07,-7.01],[147.19,-7.46],[147.49,-7.62],[147.73,-7.93],[148.15,-8.05],[148.23,-8.55],[148.45,-8.67],[148.59,-9.06],[148.76,-9.1],[149.14,-8.97],[149.31,-9.02],[149.33,-9.15],[149.18,-9.37],[149.23,-9.49],[149.44,-9.59],[150.05,-9.68],[149.73,-9.81],[149.85,-10.01],[150.6,-10.21],[150.63,-10.28],[150.87,-10.24],[150.62,-10.34],[150.4,-10.3],[150.36,-10.4],[150.65,-10.48],[150.69,-10.56],[150.21,-10.7],[149.85,-10.55],[150.08,-10.46],[149.95,-10.43],[149.92,-10.49],[149.75,-10.34],[149.51,-10.36],[149.37,-10.28],[148.75,-10.23],[148.69,-10.1],[148.64,-10.19],[148.4,-10.2],[148.16,-10.07],[147.98,-10.17],[147.87,-10.04],[147.72,-10.1],[147.31,-9.54],[147.12,-9.43],[147.07,-9.47],[146.89,-9.27],[146.89,-9.13],[146.98,-9.08],[146.98,-9.03],[146.87,-9.11],[146.6,-9.01],[146.55,-8.89],[146.61,-8.8],[146.1,-8.08]]],[[[146.23,-4.85],[146.2,-4.82],[146.23,-4.79],[146.23,-4.85]]],[[[145.94,-4.76],[145.88,-4.69],[145.98,-4.53],[146.05,-4.68],[145.94,-4.76]]],[[[145.04,-4.12],[145.03,-4.06],[145.1,-4.05],[145.04,-4.12]]],[[[144.6,-3.5],[144.62,-3.51],[144.61,-3.52],[144.6,-3.5]]],[[[143.54,-3.32],[143.6,-3.37],[143.57,-3.38],[143.54,-3.32]]],[[[144.1,-3.19],[144.13,-3.23],[144.12,-3.25],[144.1,-3.19]]],[[[147.21,-2.19],[146.7,-2.11],[146.73,-2.18],[146.57,-2.23],[146.52,-2.15],[146.62,-2.11],[146.58,-2.0],[146.66,-1.96],[147.42,-2.05],[147.4,-1.96],[147.44,-2.04],[147.43,-2.06],[147.21,-2.19]]],[[[150.92,-10.68],[150.92,-10.62],[151.06,-10.59],[151.05,-10.67],[150.92,-10.68]]],[[[150.88,-10.65],[150.77,-10.61],[150.87,-10.62],[150.79,-10.55],[150.88,-10.54],[150.88,-10.65]]],[[[151.23,-10.2],[150.96,-10.1],[150.99,-9.99],[150.91,-10.0],[150.76,-9.7],[151.09,-10.03],[151.25,-9.92],[151.23,-10.2]]],[[[150.96,-9.61],[150.96,-9.59],[151.02,-9.59],[151.01,-9.65],[150.96,-9.61]]],[[[150.43,-9.63],[150.51,-9.55],[150.45,-9.35],[150.67,-9.44],[150.76,-9.4],[150.93,-9.65],[150.84,-9.71],[150.85,-9.65],[150.43,-9.63]]],[[[150.34,-9.52],[150.25,-9.5],[150.11,-9.36],[150.12,-9.27],[150.24,-9.21],[150.37,-9.4],[150.34,-9.52]]],[[[151.12,-8.58],[151.0,-8.52],[151.13,-8.42],[151.14,-8.83],[151.05,-8.73],[151.12,-8.58]]],[[[147.99,-5.86],[147.87,-5.75],[147.77,-5.6],[147.78,-5.5],[148.07,-5.63],[147.99,-5.86]]],[[[150.42,-6.29],[150.05,-6.26],[150.01,-6.32],[149.64,-6.31],[149.49,-6.12],[149.32,-6.05],[149.05,-6.16],[149.05,-6.01],[148.39,-5.78],[148.34,-5.53],[148.43,-5.44],[148.56,-5.54],[148.65,-5.48],[148.85,-5.54],[148.98,-5.47],[149.22,-5.6],[149.5,-5.59],[149.67,-5.48],[149.71,-5.57],[149.87,-5.53],[149.98,-5.44],[149.92,-5.35],[150.03,-5.23],[150.03,-5.03],[150.11,-5.01],[150.2,-5.06],[150.03,-5.3],[150.16,-5.55],[150.31,-5.56],[150.47,-5.45],[150.63,-5.56],[150.81,-5.44],[150.91,-5.49],[151.01,-5.41],[151.08,-5.16],[151.37,-4.9],[151.61,-4.97],[151.68,-4.9],[151.54,-4.18],[151.82,-4.21],[151.96,-4.33],[152.01,-4.19],[152.19,-4.14],[152.25,-4.24],[152.18,-4.21],[152.19,-4.31],[152.41,-4.33],[152.36,-4.51],[152.41,-4.68],[152.32,-4.89],[152.23,-4.98],[151.97,-4.98],[151.98,-5.15],[152.15,-5.35],[152.1,-5.46],[151.83,-5.59],[151.46,-5.53],[151.53,-5.66],[151.36,-5.83],[151.06,-6.03],[150.82,-6.01],[150.8,-6.12],[150.42,-6.29]]],[[[148.1,-5.38],[148.15,-5.45],[148.12,-5.47],[148.1,-5.38]]],[[[147.6,-5.36],[147.56,-5.31],[147.63,-5.29],[147.6,-5.36]]],[[[147.13,-5.44],[147.01,-5.33],[147.02,-5.24],[147.13,-5.19],[147.23,-5.37],[147.13,-5.44]]],[[[151.12,-4.93],[151.18,-4.89],[151.22,-4.93],[151.12,-4.93]]],[[[149.12,-4.88],[149.17,-4.86],[149.16,-4.92],[149.12,-4.88]]],[[[149.51,-4.66],[149.45,-4.69],[149.52,-4.64],[149.56,-4.72],[149.51,-4.66]]],[[[150.86,-2.96],[150.77,-2.98],[150.88,-2.9],[150.99,-2.98],[150.86,-2.96]]],[[[150.18,-2.68],[149.96,-2.46],[150.21,-2.37],[150.45,-2.48],[150.45,-2.62],[150.18,-2.68]]],[[[147.73,-2.33],[147.83,-2.24],[147.88,-2.29],[147.73,-2.33]]],[[[149.91,-1.65],[150.02,-1.67],[150.0,-1.69],[149.91,-1.65]]],[[[149.55,-1.48],[149.58,-1.35],[149.72,-1.43],[149.78,-1.58],[149.55,-1.48]]],[[[153.56,-11.64],[153.37,-11.56],[153.38,-11.5],[153.29,-11.52],[153.32,-11.47],[153.21,-11.32],[153.77,-11.61],[153.56,-11.64]]],[[[154.1,-11.43],[154.01,-11.39],[154.22,-11.31],[154.29,-11.41],[154.1,-11.43]]],[[[153.1,-11.19],[153.25,-11.24],[153.2,-11.28],[153.1,-11.19]]],[[[152.73,-10.71],[152.54,-10.63],[152.78,-10.62],[152.85,-10.69],[152.73,-10.71]]],[[[152.11,-10.4],[152.09,-10.4],[152.1,-10.39],[152.11,-10.4]]],[[[152.93,-9.19],[152.97,-9.26],[152.83,-9.26],[152.74,-9.18],[152.74,-9.26],[152.64,-9.18],[152.7,-9.14],[152.47,-9.05],[152.45,-8.97],[152.42,-9.08],[152.39,-8.99],[152.45,-8.94],[152.79,-9.0],[152.99,-9.19],[152.93,-9.19]]],[[[155.92,-6.73],[155.7,-6.88],[155.33,-6.72],[155.17,-6.53],[155.21,-6.32],[154.99,-6.21],[154.76,-5.95],[154.7,-5.77],[154.77,-5.56],[154.7,-5.43],[154.89,-5.55],[155.06,-5.55],[155.21,-5.87],[155.37,-5.96],[155.45,-6.14],[155.59,-6.22],[155.64,-6.18],[155.81,-6.36],[155.92,-6.52],[155.93,-6.79],[155.92,-6.73]]],[[[154.63,-5.46],[154.54,-5.14],[154.62,-5.01],[154.73,-5.21],[154.63,-5.46]]],[[[154.19,-4.46],[154.25,-4.53],[154.24,-4.53],[154.19,-4.46]]],[[[154.13,-4.38],[154.14,-4.37],[154.16,-4.4],[154.13,-4.38]]],[[[152.43,-4.16],[152.47,-4.12],[152.51,-4.17],[152.43,-4.16]]],[[[153.62,-4.04],[153.66,-4.02],[153.66,-4.12],[153.62,-4.04]]],[[[153.68,-4.03],[153.75,-4.01],[153.73,-4.04],[153.68,-4.03]]],[[[153.08,-4.6],[152.9,-4.85],[152.69,-4.55],[152.69,-4.16],[152.29,-3.57],[151.81,-3.36],[151.09,-2.83],[150.76,-2.77],[150.76,-2.71],[150.89,-2.7],[150.81,-2.56],[151.22,-2.87],[151.44,-2.91],[151.81,-3.19],[152.05,-3.25],[152.42,-3.66],[152.51,-3.66],[152.57,-3.82],[152.82,-3.87],[153.14,-4.27],[153.04,-4.49],[153.08,-4.6]]],[[[153.25,-3.5],[153.19,-3.47],[153.23,-3.44],[153.25,-3.5]]],[[[153.3,-3.37],[153.35,-3.4],[153.34,-3.42],[153.3,-3.37]]],[[[154.55,-3.21],[154.61,-3.24],[154.73,-3.46],[154.55,-3.21]]],[[[152.64,-3.22],[152.53,-3.08],[152.65,-3.05],[152.64,-3.22]]],[[[151.96,-2.88],[151.98,-2.84],[152.08,-2.93],[152.01,-2.97],[151.96,-2.88]]],[[[151.91,-2.71],[152.01,-2.74],[151.99,-2.83],[151.91,-2.71]]],[[[152.02,-2.66],[151.96,-2.65],[152.0,-2.59],[152.02,-2.66]]]],"type":"MultiPolygon"},"properties":{"name":"Papua New Guinea"},"type":"Feature"},{"geometry":{"coordinates":[[[-58.02,-27.26],[-58.6,-27.32],[-58.66,-27.19],[-58.18,-26.65],[-58.15,-26.18],[-57.87,-26.01],[-57.77,-25.7],[-57.58,-25.56],[-57.56,-25.44],[-57.77,-25.17],[-58.22,-24.94],[-58.34,-24.99],[-58.47,-24.85],[-58.81,-24.78],[-60.03,-24.01],[-60.34,-24.02],[-60.97,-23.82],[-61.11,-23.61],[-61.5,-23.41],[-61.99,-23.0],[-62.29,-22.48],[-62.63,-22.3],[-62.28,-21.07],[-62.27,-20.55],[-61.94,-20.1],[-61.75,-19.65],[-60.01,-19.3],[-59.07,-19.29],[-58.16,-19.83],[-58.16,-20.24],[-57.99,-20.43],[-57.98,-20.69],[-57.86,-20.74],[-57.94,-20.79],[-57.86,-20.83],[-57.91,-20.91],[-57.82,-20.95],[-57.99,-22.07],[-56.86,-22.29],[-56.72,-22.22],[-56.65,-22.26],[-56.51,-22.09],[-56.41,-22.08],[-56.21,-22.28],[-55.86,-22.29],[-55.62,-22.64],[-55.64,-23.0],[-55.42,-23.95],[-55.17,-24.02],[-54.64,-23.8],[-54.25,-24.05],[-54.33,-24.15],[-54.26,-24.36],[-54.46,-25.04],[-54.43,-25.15],[-54.61,-25.43],[-54.64,-26.2],[-54.79,-26.64],[-54.92,-26.67],[-55.14,-26.95],[-55.41,-26.98],[-55.6,-27.17],[-55.59,-27.33],[-55.75,-27.44],[-55.89,-27.33],[-56.12,-27.3],[-56.4,-27.59],[-56.61,-27.45],[-57.18,-27.49],[-58.02,-27.26]]],"type":"Polygon"},"properties":{"name":"Paraguay"},"type":"Feature"},{"geometry":{"coordinates":[[[[-76.22,-14.27],[-76.22,-14.26],[-76.2,-14.26],[-76.22,-14.27]]],[[[-76.47,-13.84],[-76.45,-13.82],[-76.44,-13.85],[-76.47,-13.84]]],[[[-77.24,-12.09],[-77.25,-12.06],[-77.18,-12.12],[-77.24,-12.09]]],[[[-77.21,-11.65],[-77.65,-11.29],[-77.59,-11.17],[-77.67,-10.93],[-78.18,-10.11],[-78.23,-9.79],[-78.37,-9.62],[-78.41,-9.36],[-78.53,-9.27],[-78.5,-9.19],[-78.55,-9.24],[-78.61,-9.18],[-78.56,-9.13],[-78.76,-8.78],[-78.76,-8.61],[-78.94,-8.44],[-78.99,-8.22],[-79.47,-7.72],[-79.69,-7.13],[-80.12,-6.65],[-81.13,-6.03],[-81.15,-5.88],[-81.08,-5.79],[-80.94,-5.85],[-80.86,-5.65],[-80.93,-5.46],[-81.2,-5.21],[-81.16,-5.07],[-81.06,-5.02],[-81.34,-4.68],[-81.33,-4.48],[-81.26,-4.25],[-80.81,-3.74],[-80.34,-3.39],[-80.27,-3.43],[-80.17,-3.89],[-80.33,-4.02],[-80.49,-4.01],[-80.47,-4.21],[-80.35,-4.2],[-80.48,-4.43],[-80.38,-4.48],[-80.14,-4.28],[-79.83,-4.48],[-79.66,-4.44],[-79.51,-4.53],[-79.45,-4.81],[-79.3,-4.96],[-79.06,-5.01],[-78.9,-4.84],[-78.9,-4.69],[-78.67,-4.55],[-78.68,-4.33],[-78.42,-3.79],[-78.35,-3.39],[-78.23,-3.51],[-78.16,-3.48],[-78.2,-3.36],[-77.87,-2.99],[-76.63,-2.54],[-76.09,-2.13],[-75.57,-1.54],[-75.41,-0.92],[-75.23,-0.96],[-75.3,-0.75],[-75.26,-0.54],[-75.64,-0.13],[-75.34,-0.15],[-75.19,-0.03],[-74.93,-0.21],[-74.82,-0.17],[-74.79,-0.31],[-74.64,-0.34],[-74.42,-0.54],[-74.27,-0.97],[-74.08,-0.99],[-73.86,-1.21],[-73.64,-1.26],[-73.5,-1.48],[-73.53,-1.67],[-73.35,-1.79],[-73.19,-1.79],[-73.11,-2.07],[-73.2,-2.21],[-72.94,-2.43],[-72.73,-2.37],[-72.71,-2.42],[-72.64,-2.33],[-72.38,-2.45],[-72.18,-2.41],[-71.95,-2.32],[-71.75,-2.13],[-71.54,-2.22],[-71.5,-2.32],[-71.46,-2.26],[-71.42,-2.38],[-70.99,-2.2],[-70.71,-2.33],[-70.65,-2.45],[-70.58,-2.41],[-70.36,-2.49],[-70.36,-2.56],[-70.27,-2.55],[-70.15,-2.67],[-70.11,-2.63],[-70.05,-2.71],[-70.73,-3.78],[-70.49,-3.88],[-70.31,-3.83],[-69.99,-4.18],[-69.99,-4.31],[-70.14,-4.26],[-70.21,-4.34],[-70.33,-4.14],[-70.59,-4.19],[-70.65,-4.12],[-70.83,-4.18],[-70.97,-4.39],[-71.26,-4.38],[-71.36,-4.46],[-71.91,-4.52],[-72.39,-4.79],[-72.64,-5.06],[-72.92,-5.13],[-72.98,-5.65],[-73.23,-6.08],[-73.15,-6.48],[-73.76,-6.89],[-73.81,-7.1],[-73.71,-7.3],[-73.98,-7.36],[-73.94,-7.45],[-74.02,-7.54],[-73.71,-7.79],[-73.78,-7.94],[-73.67,-8.01],[-73.54,-8.36],[-73.36,-8.48],[-73.35,-8.6],[-72.98,-8.99],[-72.97,-9.13],[-73.21,-9.41],[-72.81,-9.41],[-72.31,-9.53],[-72.16,-9.88],[-72.2,-10.01],[-71.3,-9.99],[-70.52,-9.43],[-70.62,-9.57],[-70.54,-9.71],[-70.64,-9.85],[-70.64,-11.01],[-70.53,-10.94],[-70.29,-11.06],[-69.96,-10.92],[-69.58,-10.95],[-68.68,-12.5],[-68.79,-12.62],[-68.77,-12.71],[-68.98,-12.87],[-68.97,-13.5],[-69.1,-13.67],[-68.86,-14.19],[-69.01,-14.25],[-68.99,-14.38],[-69.23,-14.57],[-69.27,-14.75],[-69.37,-14.8],[-69.38,-14.98],[-69.15,-15.23],[-69.43,-15.63],[-69.18,-16.2],[-68.98,-16.21],[-68.83,-16.33],[-69.03,-16.45],[-69.04,-16.67],[-69.18,-16.73],[-69.43,-17.09],[-69.62,-17.19],[-69.67,-17.29],[-69.52,-17.37],[-69.51,-17.51],[-69.85,-17.69],[-69.78,-17.96],[-69.87,-18.14],[-70.13,-18.32],[-70.39,-18.34],[-71.38,-17.7],[-71.4,-17.4],[-71.51,-17.28],[-72.12,-17.02],[-72.48,-16.7],[-72.78,-16.63],[-73.42,-16.29],[-73.7,-16.24],[-74.05,-15.96],[-75.19,-15.37],[-75.23,-15.21],[-75.38,-15.13],[-75.51,-14.92],[-75.93,-14.65],[-76.15,-14.22],[-76.25,-14.15],[-76.27,-14.2],[-76.29,-13.9],[-76.39,-13.88],[-76.33,-13.79],[-76.25,-13.85],[-76.18,-13.54],[-76.22,-13.36],[-76.8,-12.51],[-76.79,-12.38],[-77.17,-12.07],[-77.21,-11.65]]],[[[-80.86,-6.48],[-80.85,-6.37],[-80.84,-6.38],[-80.86,-6.48]]]],"type":"MultiPolygon"},"properties":{"name":"Peru"},"type":"Feature"},{"geometry":{"coordinates":[[[[119.46,4.66],[119.45,4.91],[119.5,4.78],[119.46,4.66]]],[[[119.83,4.8],[119.81,4.82],[119.83,4.82],[119.83,4.8]]],[[[119.82,4.86],[119.79,4.92],[119.8,4.93],[119.82,4.86]]],[[[119.78,5.11],[119.81,5.12],[119.81,5.06],[119.75,5.06],[119.78,5.11]]],[[[120.12,5.22],[119.95,5.08],[119.82,5.07],[120.2,5.35],[120.25,5.25],[120.18,5.14],[120.12,5.22]]],[[[120.49,6.26],[120.59,6.38],[120.6,6.33],[120.57,6.24],[120.49,6.26]]],[[[118.46,7.04],[118.54,7.01],[118.52,6.97],[118.46,7.04]]],[[[117.09,7.87],[117.01,7.8],[116.96,8.06],[117.03,8.07],[117.08,8.07],[117.09,7.87]]],[[[117.03,8.07],[117.0,8.1],[117.05,8.14],[117.03,8.07]]],[[[117.19,8.18],[117.21,8.16],[117.16,8.16],[117.19,8.18]]],[[[117.27,8.27],[117.32,8.33],[117.36,8.22],[117.27,8.27]]],[[[117.24,8.34],[117.26,8.31],[117.21,8.27],[117.24,8.34]]],[[[118.14,9.13],[118.01,8.89],[117.76,8.69],[117.57,8.66],[117.51,8.51],[117.19,8.34],[117.26,8.61],[117.66,9.06],[118.13,9.34],[118.77,10.13],[118.78,10.06],[118.83,10.08],[118.82,10.19],[119.02,10.31],[119.0,10.4],[119.12,10.49],[119.14,10.39],[119.28,10.51],[119.34,10.72],[119.22,10.94],[119.47,10.73],[119.32,11.0],[119.33,11.1],[119.42,11.06],[119.39,11.19],[119.5,11.42],[119.57,11.02],[119.5,10.88],[119.6,10.82],[119.59,10.67],[119.73,10.52],[119.56,10.37],[119.36,10.33],[119.2,10.06],[118.77,9.93],[118.78,9.73],[118.7,9.78],[118.76,9.67],[118.46,9.28],[118.14,9.13]]],[[[119.91,10.56],[119.91,10.48],[119.81,10.45],[119.75,10.54],[119.85,10.64],[119.98,10.53],[119.91,10.56]]],[[[119.58,11.05],[119.58,11.1],[119.64,11.06],[119.58,11.05]]],[[[119.6,11.2],[119.63,11.18],[119.58,11.14],[119.6,11.2]]],[[[119.77,11.41],[119.72,11.46],[119.86,11.52],[119.77,11.41]]],[[[120.07,11.74],[119.97,11.66],[120.0,11.78],[119.93,11.78],[119.85,11.95],[120.03,11.92],[120.07,11.74]]],[[[120.27,11.82],[120.2,11.95],[120.28,11.96],[120.27,11.82]]],[[[120.0,12.01],[119.9,12.21],[119.85,12.17],[119.89,12.32],[120.2,12.11],[120.23,12.22],[120.35,12.07],[120.3,12.0],[120.0,12.01]]],[[[120.11,13.78],[120.09,13.86],[120.24,13.8],[120.25,13.69],[120.11,13.78]]],[[[120.56,14.44],[120.47,14.42],[120.25,14.7],[120.29,14.83],[120.21,14.88],[120.18,14.76],[120.08,14.8],[120.01,15.27],[119.89,15.43],[119.96,15.51],[119.87,15.74],[119.9,15.87],[119.76,15.94],[119.81,16.37],[119.92,16.38],[119.9,16.25],[120.09,16.16],[120.14,16.05],[120.3,16.02],[120.4,16.17],[120.28,16.61],[120.44,17.01],[120.44,17.39],[120.33,17.56],[120.58,18.33],[120.56,18.49],[120.81,18.64],[120.93,18.57],[121.11,18.64],[121.65,18.31],[121.65,18.37],[121.92,18.28],[122.22,18.52],[122.32,18.34],[122.17,18.1],[122.16,17.62],[122.25,17.36],[122.41,17.32],[122.42,17.15],[122.53,17.09],[122.2,16.43],[122.2,16.24],[122.0,16.03],[122.14,16.26],[121.57,15.92],[121.63,15.66],[121.39,15.38],[121.39,15.27],[121.72,14.73],[121.61,14.63],[121.73,14.19],[121.94,14.0],[122.23,13.91],[122.18,13.99],[122.31,14.02],[122.21,14.09],[122.16,14.17],[122.26,14.25],[122.3,14.09],[122.42,14.32],[122.64,14.28],[122.68,14.35],[123.04,14.1],[123.11,13.72],[123.3,13.79],[123.34,13.98],[123.29,13.93],[123.22,13.99],[123.33,14.1],[123.42,13.91],[123.44,13.96],[123.68,13.88],[123.71,13.93],[123.94,13.78],[123.97,13.71],[123.57,13.72],[123.53,13.61],[123.86,13.23],[123.77,13.22],[123.75,13.06],[123.88,13.15],[124.08,13.01],[124.18,13.06],[124.1,12.56],[123.98,12.55],[123.79,12.83],[124.0,12.88],[124.03,12.96],[123.89,12.97],[123.73,12.85],[123.7,12.93],[123.61,12.89],[123.44,13.04],[123.31,13.01],[123.3,13.24],[123.17,13.45],[122.86,13.61],[122.86,13.69],[122.54,13.96],[122.41,13.95],[122.67,13.38],[122.69,13.23],[122.59,13.17],[122.37,13.55],[121.72,13.97],[121.48,13.85],[121.46,13.69],[121.28,13.6],[121.04,13.63],[121.0,13.78],[120.89,13.69],[120.88,13.91],[120.7,13.93],[120.66,13.78],[120.57,14.17],[120.98,14.53],[120.9,14.72],[120.64,14.79],[120.59,14.9],[120.54,14.72],[120.56,14.44]]],[[[119.99,16.34],[120.01,16.23],[119.98,16.24],[119.99,16.34]]],[[[120.82,5.54],[120.87,5.57],[120.91,5.52],[120.82,5.54]]],[[[120.83,5.71],[120.88,5.69],[120.84,5.67],[120.83,5.71]]],[[[120.93,5.73],[120.91,5.7],[120.89,5.74],[120.93,5.73]]],[[[121.16,5.85],[121.23,5.81],[121.23,5.8],[121.15,5.79],[121.16,5.85]]],[[[121.28,5.86],[121.23,5.94],[120.93,5.89],[120.87,5.96],[121.11,6.1],[121.22,6.0],[121.4,6.0],[121.28,5.86]]],[[[121.09,10.91],[121.09,10.82],[121.03,10.87],[121.09,10.91]]],[[[121.04,12.25],[121.06,12.28],[121.13,12.16],[121.04,12.25]]],[[[120.8,12.73],[120.66,13.16],[120.51,13.23],[120.45,13.42],[120.32,13.41],[120.36,13.52],[120.75,13.47],[120.98,13.53],[121.03,13.42],[121.13,13.37],[121.2,13.44],[121.44,13.15],[121.54,13.13],[121.48,12.86],[121.55,12.61],[121.44,12.52],[121.44,12.36],[121.24,12.21],[121.09,12.3],[120.8,12.73]]],[[[121.09,13.53],[121.04,13.56],[121.04,13.57],[121.09,13.53]]],[[[120.83,13.69],[120.94,13.64],[120.91,13.63],[120.83,13.69]]],[[[121.19,19.09],[121.21,19.18],[121.26,19.05],[121.19,19.09]]],[[[121.78,6.08],[121.94,6.03],[121.87,6.0],[121.78,6.08]]],[[[122.34,6.6],[122.19,6.45],[121.96,6.41],[121.81,6.65],[121.92,6.68],[121.97,6.58],[122.1,6.59],[122.05,6.74],[122.34,6.6]]],[[[121.62,6.67],[121.62,6.56],[121.6,6.61],[121.62,6.67]]],[[[122.12,6.9],[121.94,6.98],[121.9,7.14],[122.05,7.31],[122.05,7.45],[122.15,7.59],[122.1,7.74],[122.24,7.97],[122.68,8.16],[122.95,8.16],[123.04,8.49],[123.32,8.53],[123.44,8.65],[123.4,8.72],[123.51,8.7],[123.58,8.58],[123.62,8.67],[123.76,8.61],[123.84,8.45],[123.88,8.16],[123.68,7.96],[123.97,8.17],[124.23,8.21],[124.41,8.61],[124.66,8.51],[124.64,8.43],[124.75,8.5],[124.81,9.01],[125.11,8.83],[125.19,8.88],[125.21,9.09],[125.31,8.99],[125.52,9.02],[125.54,9.21],[125.4,9.68],[125.46,9.82],[125.59,9.75],[125.64,9.61],[125.97,9.48],[125.91,9.4],[125.99,9.4],[126.06,9.25],[126.22,9.31],[126.18,9.09],[126.35,8.85],[126.25,8.69],[126.11,8.61],[126.16,8.53],[126.41,8.49],[126.34,8.21],[126.46,8.24],[126.47,8.1],[126.38,7.89],[126.58,7.72],[126.62,7.28],[126.45,6.98],[126.32,6.98],[126.34,6.79],[126.24,6.92],[126.17,6.9],[126.26,6.74],[126.2,6.28],[126.1,6.51],[126.08,6.84],[125.98,6.92],[125.85,7.34],[125.67,7.26],[125.38,6.67],[125.59,6.5],[125.71,6.11],[125.4,5.58],[125.31,5.58],[125.18,5.8],[125.28,5.98],[125.25,6.09],[125.16,6.11],[125.07,5.86],[124.94,5.86],[124.23,6.2],[124.07,6.4],[123.97,6.97],[124.25,7.4],[123.96,7.67],[123.61,7.84],[123.46,7.81],[123.49,7.66],[123.35,7.57],[123.43,7.37],[123.28,7.52],[123.14,7.51],[123.19,7.63],[123.12,7.74],[123.01,7.47],[122.92,7.55],[122.81,7.47],[122.81,7.74],[122.66,7.79],[122.44,7.61],[122.49,7.55],[122.36,7.47],[122.12,6.9]]],[[[121.26,9.64],[121.26,9.62],[121.24,9.61],[121.26,9.64]]],[[[122.23,10.64],[122.02,10.45],[121.93,10.47],[122.11,11.66],[122.08,11.72],[121.85,11.77],[121.96,11.93],[122.39,11.73],[122.62,11.51],[122.72,11.61],[122.83,11.61],[122.94,11.52],[122.9,11.44],[123.16,11.6],[123.13,11.18],[122.81,11.0],[122.76,10.81],[122.64,10.78],[122.54,10.69],[122.23,10.64]]],[[[121.44,11.87],[121.53,11.85],[121.5,11.83],[121.44,11.87]]],[[[121.37,12.07],[121.36,12.11],[121.42,12.03],[121.37,12.07]]],[[[122.43,12.41],[122.44,12.48],[122.65,12.47],[122.67,12.32],[122.43,12.41]]],[[[122.06,12.17],[122.01,12.1],[121.93,12.38],[122.0,12.59],[122.12,12.67],[122.06,12.17]]],[[[122.25,12.57],[122.28,12.62],[122.31,12.5],[122.25,12.57]]],[[[121.68,12.94],[121.7,12.95],[121.73,12.93],[121.68,12.94]]],[[[121.82,13.34],[121.86,13.57],[122.12,13.46],[122.04,13.23],[121.82,13.34]]],[[[121.95,14.17],[121.93,14.23],[122.18,14.01],[121.95,14.17]]],[[[122.4,14.73],[122.42,14.71],[122.32,14.68],[122.4,14.73]]],[[[122.2,14.84],[122.26,14.75],[122.24,14.74],[122.12,14.81],[122.2,14.84]]],[[[122.02,14.72],[121.94,14.64],[121.83,15.01],[121.99,15.04],[122.05,14.96],[122.01,14.99],[122.02,14.72]]],[[[121.32,18.84],[121.28,18.88],[121.42,18.91],[121.45,18.87],[121.32,18.84]]],[[[121.83,18.83],[121.96,19.01],[121.99,18.95],[121.83,18.83]]],[[[121.41,19.3],[121.35,19.38],[121.52,19.39],[121.54,19.28],[121.41,19.3]]],[[[121.9,19.54],[121.9,19.56],[122.0,19.56],[121.96,19.49],[121.9,19.54]]],[[[121.84,20.34],[121.86,20.35],[121.89,20.3],[121.84,20.34]]],[[[121.92,20.35],[121.97,20.46],[122.03,20.48],[121.92,20.35]]],[[[121.87,20.84],[121.8,20.69],[121.79,20.73],[121.87,20.84]]],[[[122.82,7.29],[122.8,7.42],[122.92,7.43],[122.93,7.35],[122.82,7.29]]],[[[123.58,9.11],[123.47,9.2],[123.66,9.29],[123.72,9.15],[123.58,9.11]]],[[[123.73,9.59],[123.87,9.62],[123.8,9.56],[123.73,9.59]]],[[[123.16,9.89],[123.14,9.55],[123.32,9.26],[123.23,9.11],[123.03,9.04],[122.84,9.35],[122.55,9.49],[122.4,9.7],[122.4,9.84],[122.47,9.97],[122.71,9.99],[122.87,10.1],[122.81,10.52],[122.97,10.72],[122.97,10.88],[123.21,11.0],[123.52,10.92],[123.58,10.83],[123.16,9.89]]],[[[124.34,9.62],[124.07,9.6],[123.89,9.63],[123.8,9.76],[124.16,10.13],[124.33,10.16],[124.59,10.02],[124.55,9.86],[124.62,9.8],[124.34,9.62]]],[[[123.95,10.31],[124.04,10.33],[124.04,10.32],[123.98,10.26],[123.95,10.31]]],[[[123.48,9.55],[123.33,9.41],[123.39,9.97],[123.85,10.75],[123.96,11.18],[124.07,11.27],[124.0,11.08],[124.07,10.88],[124.02,10.38],[123.71,10.12],[123.48,9.55]]],[[[122.54,10.42],[122.48,10.5],[122.67,10.76],[122.74,10.64],[122.54,10.42]]],[[[124.33,10.7],[124.37,10.7],[124.38,10.63],[124.29,10.62],[124.33,10.7]]],[[[123.75,11.29],[123.81,11.15],[123.75,11.14],[123.75,11.29]]],[[[124.18,12.08],[124.23,12.07],[124.18,12.04],[124.18,12.08]]],[[[123.74,11.93],[123.49,12.22],[123.16,11.92],[123.29,12.22],[123.22,12.23],[123.23,12.59],[123.36,12.55],[123.33,12.44],[123.43,12.52],[123.79,12.19],[123.79,12.25],[123.89,12.21],[124.05,11.97],[124.0,12.01],[124.07,11.73],[123.74,11.93]]],[[[124.15,12.41],[124.13,12.47],[124.16,12.46],[124.15,12.41]]],[[[123.58,12.62],[123.61,12.69],[123.73,12.59],[123.76,12.38],[123.58,12.62]]],[[[122.95,13.04],[122.99,13.15],[123.38,12.69],[122.95,13.04]]],[[[124.2,13.21],[124.21,13.18],[124.07,13.21],[124.2,13.21]]],[[[123.94,13.24],[123.91,13.29],[124.08,13.27],[123.94,13.24]]],[[[123.84,13.34],[123.85,13.35],[123.92,13.33],[123.86,13.25],[123.84,13.34]]],[[[123.82,13.35],[123.77,13.4],[123.83,13.37],[123.82,13.35]]],[[[124.33,13.56],[124.25,13.6],[124.19,13.52],[124.05,13.61],[124.14,14.08],[124.22,14.09],[124.31,13.91],[124.42,13.87],[124.33,13.56]]],[[[123.6,13.96],[123.67,13.96],[123.67,13.94],[123.6,13.96]]],[[[125.36,5.42],[125.42,5.43],[125.42,5.37],[125.36,5.42]]],[[[125.67,7.08],[125.72,7.2],[125.79,7.11],[125.78,6.89],[125.67,7.08]]],[[[124.65,9.15],[124.67,9.24],[124.79,9.19],[124.79,9.08],[124.65,9.15]]],[[[125.92,9.62],[125.95,9.77],[126.0,9.68],[125.97,9.57],[125.92,9.62]]],[[[125.97,9.85],[126.07,10.06],[126.18,9.8],[126.09,9.76],[125.97,9.85]]],[[[125.15,10.07],[125.14,10.17],[125.24,10.1],[125.27,9.93],[125.15,10.07]]],[[[124.52,10.11],[124.61,10.15],[124.6,10.09],[124.52,10.11]]],[[[125.49,10.14],[125.52,10.32],[125.65,10.46],[125.71,9.88],[125.49,10.14]]],[[[125.27,10.28],[125.14,10.28],[125.15,10.19],[124.98,10.36],[125.03,10.02],[124.78,10.15],[124.78,10.82],[124.62,11.0],[124.51,10.87],[124.4,10.93],[124.4,11.3],[124.3,11.54],[124.63,11.3],[124.85,11.43],[124.98,11.39],[124.97,11.28],[125.04,11.25],[125.01,10.75],[125.19,10.6],[125.27,10.28]]],[[[124.5,10.69],[124.51,10.64],[124.41,10.65],[124.5,10.69]]],[[[125.68,10.75],[125.71,10.82],[125.83,10.72],[125.68,10.75]]],[[[124.42,11.53],[124.35,11.68],[124.56,11.66],[124.62,11.5],[124.42,11.53]]],[[[124.79,11.57],[124.73,11.72],[124.86,11.6],[124.79,11.57]]],[[[125.54,12.18],[125.46,12.13],[125.52,12.05],[125.44,11.93],[125.47,11.61],[125.64,11.37],[125.56,11.21],[125.69,11.19],[125.76,11.02],[125.65,11.15],[125.25,11.09],[125.17,11.27],[125.0,11.29],[125.01,11.43],[124.83,11.51],[124.98,11.59],[125.04,11.76],[124.89,11.76],[124.68,12.03],[124.49,12.1],[124.28,12.56],[124.68,12.52],[125.17,12.58],[125.35,12.4],[125.36,12.29],[125.54,12.18]]]],"type":"MultiPolygon"},"properties":{"name":"Philippines"},"type":"Feature"},{"geometry":{"coordinates":[[[[-130.09,-25.08],[-130.12,-25.07],[-130.11,-25.06],[-130.09,-25.08]]],[[[-128.3,-24.41],[-128.35,-24.34],[-128.3,-24.33],[-128.3,-24.41]]]],"type":"MultiPolygon"},"properties":{"name":"Pitcairn Islands"},"type":"Feature"},{"geometry":{"coordinates":[[[[19.17,49.4],[18.96,49.39],[18.96,49.49],[18.83,49.51],[18.79,49.67],[18.62,49.71],[18.56,49.91],[18.29,49.91],[18.0,50.05],[18.03,50.0],[17.84,49.97],[17.63,50.11],[17.59,50.16],[17.75,50.22],[17.71,50.31],[17.42,50.24],[16.89,50.43],[17.01,50.22],[16.66,50.09],[16.34,50.37],[16.2,50.41],[16.43,50.57],[16.33,50.64],[15.98,50.6],[15.97,50.68],[15.79,50.74],[15.36,50.78],[15.27,50.95],[15.14,51.01],[14.96,50.99],[14.98,50.86],[14.81,50.86],[15.02,51.27],[14.95,51.45],[14.71,51.53],[14.73,51.66],[14.59,51.8],[14.76,52.08],[14.69,52.12],[14.71,52.24],[14.55,52.38],[14.64,52.58],[14.12,52.85],[14.14,52.96],[14.34,53.05],[14.44,53.25],[14.26,53.7],[14.29,53.75],[14.59,53.6],[14.62,53.65],[14.54,53.7],[14.63,53.85],[14.43,53.91],[14.32,53.82],[14.18,53.91],[16.18,54.26],[16.57,54.56],[17.34,54.75],[18.15,54.84],[18.34,54.83],[18.46,54.79],[18.41,54.75],[18.59,54.43],[18.89,54.35],[19.61,54.46],[22.7,54.34],[22.84,54.4],[23.45,54.15],[23.59,53.61],[23.89,53.15],[23.92,52.74],[23.39,52.51],[23.17,52.29],[23.64,52.08],[23.68,51.99],[23.54,51.59],[23.7,51.4],[23.64,51.3],[24.14,50.86],[23.96,50.81],[24.08,50.71],[24.11,50.54],[23.98,50.4],[23.68,50.37],[22.67,49.57],[22.74,49.28],[22.68,49.16],[22.85,49.08],[22.86,48.99],[22.04,49.2],[21.82,49.38],[21.26,49.45],[21.05,49.41],[21.07,49.36],[20.92,49.29],[20.69,49.4],[20.32,49.39],[20.14,49.31],[20.05,49.17],[19.79,49.19],[19.77,49.39],[19.63,49.4],[19.46,49.6],[19.17,49.4]]],[[[18.75,54.69],[18.84,54.6],[18.46,54.79],[18.75,54.69]]]],"type":"MultiPolygon"},"properties":{"name":"Poland"},"type":"Feature"},{"geometry":{"coordinates":[[[[-16.51,32.54],[-16.49,32.49],[-16.54,32.56],[-16.51,32.54]]],[[[-17.25,32.8],[-17.19,32.87],[-16.67,32.76],[-16.85,32.64],[-17.25,32.8]]],[[[-16.34,33.11],[-16.29,33.11],[-16.28,33.06],[-16.4,33.05],[-16.34,33.11]]],[[[-25.17,36.95],[-25.2,36.99],[-25.07,37.02],[-25.03,36.93],[-25.17,36.95]]],[[[-25.51,37.71],[-25.86,37.85],[-25.76,37.91],[-25.55,37.83],[-25.2,37.86],[-25.13,37.79],[-25.51,37.71]]],[[[-28.46,38.41],[-28.55,38.53],[-28.37,38.55],[-28.05,38.43],[-28.46,38.41]]],[[[-28.73,38.51],[-28.84,38.6],[-28.72,38.65],[-28.61,38.6],[-28.73,38.51]]],[[[-28.18,38.65],[-28.32,38.76],[-27.76,38.55],[-28.18,38.65]]],[[[-27.3,38.66],[-27.39,38.76],[-27.14,38.8],[-27.04,38.74],[-27.05,38.65],[-27.3,38.66]]],[[[-9.06,38.85],[-9.04,38.87],[-9.04,38.85],[-9.06,38.85]]],[[[-8.97,38.98],[-8.91,39.04],[-8.83,39.05],[-8.77,39.1],[-8.94,39.04],[-9.1,38.83],[-9.11,38.71],[-9.49,38.71],[-9.34,39.27],[-9.41,39.38],[-9.22,39.41],[-9.09,39.58],[-8.87,40.12],[-8.78,40.12],[-8.91,40.2],[-8.75,40.64],[-8.75,40.65],[-8.65,41.15],[-8.74,41.25],[-8.83,41.67],[-8.7,41.72],[-8.86,41.7],[-8.87,41.86],[-8.63,42.05],[-8.22,42.15],[-8.2,42.07],[-8.1,42.04],[-8.23,41.9],[-8.18,41.81],[-7.91,41.91],[-7.9,41.86],[-7.72,41.9],[-7.44,41.81],[-7.22,41.88],[-7.15,41.99],[-6.59,41.95],[-6.54,41.66],[-6.21,41.57],[-6.32,41.41],[-6.65,41.27],[-6.8,41.06],[-6.94,41.02],[-6.82,40.86],[-6.86,40.44],[-6.79,40.36],[-7.04,40.18],[-6.88,40.01],[-6.93,39.86],[-7.04,39.69],[-7.56,39.68],[-7.31,39.46],[-7.26,39.21],[-6.97,39.01],[-7.06,38.86],[-7.27,38.74],[-7.36,38.45],[-7.1,38.17],[-6.95,38.2],[-7.02,38.02],[-7.27,37.98],[-7.53,37.57],[-7.41,37.16],[-7.82,37.0],[-8.58,37.12],[-9.0,37.02],[-8.75,37.73],[-8.81,37.72],[-8.8,37.9],[-8.89,37.95],[-8.77,38.19],[-8.8,38.36],[-8.94,38.48],[-8.8,38.43],[-8.61,38.42],[-8.74,38.45],[-8.77,38.57],[-8.79,38.48],[-8.91,38.51],[-9.23,38.42],[-9.18,38.55],[-9.25,38.67],[-9.05,38.69],[-8.94,38.78],[-8.97,38.98]],[[-8.57,40.76],[-8.67,40.75],[-8.68,40.78],[-8.65,40.82],[-8.66,40.84],[-8.75,40.65],[-8.57,40.76]]],[[[-28.01,39.1],[-27.94,39.04],[-28.0,39.02],[-28.07,39.05],[-28.01,39.1]]],[[[-31.18,39.36],[-31.28,39.38],[-31.24,39.52],[-31.13,39.47],[-31.18,39.36]]],[[[-31.15,39.71],[-31.08,39.72],[-31.1,39.66],[-31.15,39.71]]]],"type":"MultiPolygon"},"properties":{"name":"Portugal"},"type":"Feature"},{"geometry":{"coordinates":[[[[-67.88,18.05],[-67.94,18.09],[-67.92,18.11],[-67.84,18.1],[-67.88,18.05]]],[[[-65.48,18.09],[-65.58,18.12],[-65.28,18.14],[-65.48,18.09]]],[[[-65.94,17.97],[-66.2,17.92],[-66.77,18.0],[-67.2,17.94],[-67.15,18.2],[-67.27,18.36],[-67.1,18.52],[-66.38,18.49],[-65.62,18.39],[-65.63,18.26],[-65.94,17.97]]],[[[-65.28,18.34],[-65.24,18.31],[-65.28,18.28],[-65.33,18.34],[-65.28,18.34]]]],"type":"MultiPolygon"},"properties":{"name":"Puerto Rico"},"type":"Feature"},{"geometry":{"coordinates":[[[51.34,24.57],[51.28,24.66],[50.98,24.57],[50.81,24.75],[50.86,24.8],[50.75,25.49],[50.85,25.47],[50.79,25.6],[50.85,25.65],[50.89,25.53],[50.96,25.6],[50.9,25.79],[50.97,25.8],[50.98,25.98],[51.18,26.14],[51.33,26.12],[51.39,25.97],[51.58,25.88],[51.59,25.71],[51.51,25.69],[51.55,25.63],[51.47,25.52],[51.52,25.3],[51.61,25.26],[51.61,25.03],[51.34,24.57]]],"type":"Polygon"},"properties":{"name":"Qatar"},"type":"Feature"},{"geometry":{"coordinates":[[[20.6,43.18],[20.64,43.05],[20.46,42.95],[20.5,42.88],[20.35,42.83],[20.34,42.91],[19.93,43.11],[19.6,43.18],[19.19,43.45],[19.25,43.59],[19.41,43.54],[19.51,43.65],[19.24,44.0],[19.53,43.98],[19.62,44.04],[19.11,44.36],[19.13,44.52],[19.38,44.86],[19.19,44.93],[19.02,44.87],[18.99,44.91],[19.13,44.95],[19.04,45.14],[19.41,45.2],[18.98,45.37],[19.01,45.5],[19.11,45.51],[18.9,45.57],[18.97,45.67],[18.84,45.82],[18.9,45.93],[19.09,46.02],[19.26,45.98],[19.55,46.16],[20.19,46.14],[20.7,45.74],[20.78,45.76],[20.77,45.48],[21.49,45.15],[21.35,45.0],[21.54,44.89],[21.36,44.86],[21.4,44.79],[21.99,44.66],[22.13,44.5],[22.43,44.73],[22.77,44.58],[22.48,44.5],[22.69,44.23],[22.59,44.06],[22.4,43.99],[22.35,43.81],[22.52,43.47],[22.98,43.17],[22.73,42.89],[22.43,42.81],[22.48,42.73],[22.43,42.57],[22.54,42.48],[22.42,42.33],[22.27,42.37],[21.56,42.25],[21.52,42.34],[21.62,42.39],[21.76,42.67],[21.38,42.74],[21.41,42.85],[21.26,42.89],[21.09,43.09],[20.84,43.17],[20.82,43.26],[20.6,43.18]]],"type":"Polygon"},"properties":{"name":"Republic of Serbia"},"type":"Feature"},{"geometry":{"coordinates":[[[11.81,-4.58],[11.11,-3.94],[11.21,-3.7],[11.48,-3.51],[11.69,-3.7],[11.91,-3.64],[11.82,-3.57],[11.94,-3.3],[11.69,-3.17],[11.78,-3.01],[11.64,-2.83],[11.53,-2.87],[11.62,-2.63],[11.57,-2.33],[11.76,-2.42],[11.94,-2.33],[12.06,-2.41],[12.46,-2.33],[12.5,-2.1],[12.43,-1.88],[12.49,-1.92],[12.63,-1.83],[12.8,-1.92],[13.01,-2.28],[12.97,-2.37],[13.46,-2.44],[13.74,-2.1],[13.91,-2.36],[13.85,-2.47],[14.09,-2.5],[14.23,-2.35],[14.15,-2.22],[14.25,-1.97],[14.4,-1.91],[14.45,-1.69],[14.36,-1.61],[14.46,-1.55],[14.49,-1.41],[14.39,-1.02],[14.49,-0.6],[14.32,-0.44],[14.16,-0.46],[14.1,-0.28],[13.83,-0.21],[13.92,-0.05],[13.87,0.2],[13.95,0.35],[14.08,0.54],[14.33,0.62],[14.47,0.91],[14.28,1.13],[14.25,1.33],[14.14,1.39],[13.79,1.43],[13.54,1.28],[13.15,1.26],[13.25,1.34],[13.13,1.59],[13.16,1.9],[13.29,2.16],[14.43,2.13],[14.56,2.21],[14.76,2.07],[14.86,2.12],[14.89,2.01],[15.21,2.04],[15.34,1.92],[15.48,1.98],[15.71,1.93],[16.01,1.77],[16.07,1.65],[16.16,1.73],[16.06,1.98],[16.09,2.15],[16.21,2.22],[16.48,2.84],[16.47,3.16],[16.6,3.5],[17.2,3.58],[17.46,3.71],[17.79,3.62],[17.84,3.54],[18.08,3.56],[18.18,3.48],[18.25,3.57],[18.47,3.63],[18.63,3.48],[18.63,3.18],[18.07,2.16],[18.07,1.55],[17.87,1.02],[17.95,0.38],[17.72,-0.2],[17.75,-0.52],[17.31,-1.01],[17.02,-1.1],[16.83,-1.27],[16.51,-1.89],[16.19,-2.18],[16.23,-3.31],[15.91,-3.92],[15.53,-4.06],[15.46,-4.21],[15.2,-4.34],[14.83,-4.82],[14.67,-4.9],[14.52,-4.84],[14.4,-4.89],[14.35,-4.56],[14.47,-4.43],[14.39,-4.28],[13.94,-4.5],[13.71,-4.45],[13.71,-4.69],[13.39,-4.89],[13.11,-4.58],[13.03,-4.61],[12.87,-4.41],[12.76,-4.39],[12.62,-4.56],[12.39,-4.61],[12.32,-4.78],[12.19,-4.76],[12.01,-5.02],[11.82,-4.78],[11.81,-4.58]]],"type":"Polygon"},"properties":{"name":"Republic of the Congo"},"type":"Feature"},{"geometry":{"coordinates":[[[23.03,44.09],[22.69,44.23],[22.48,44.46],[22.58,44.57],[22.77,44.58],[22.43,44.73],[22.13,44.5],[21.99,44.66],[21.4,44.79],[21.36,44.86],[21.54,44.89],[21.35,45.0],[21.49,45.15],[20.77,45.48],[20.79,45.75],[20.69,45.74],[20.24,46.11],[20.47,46.17],[20.66,46.14],[20.8,46.27],[21.14,46.28],[21.28,46.42],[21.3,46.6],[21.5,46.7],[21.63,47.02],[22.0,47.39],[22.01,47.52],[22.27,47.72],[22.75,47.83],[23.14,48.1],[23.46,47.97],[24.21,47.9],[24.56,47.94],[24.9,47.71],[25.08,47.74],[25.26,47.9],[26.17,47.99],[26.3,48.21],[26.69,48.27],[26.94,48.2],[27.17,47.98],[27.28,47.69],[27.58,47.46],[27.57,47.38],[28.07,46.99],[28.23,46.66],[28.25,46.43],[28.11,46.23],[28.08,46.01],[28.17,45.63],[28.06,45.59],[28.33,45.32],[28.58,45.25],[28.78,45.23],[28.79,45.32],[28.93,45.28],[29.32,45.44],[29.65,45.35],[29.62,45.21],[29.7,45.16],[29.56,44.82],[29.19,44.79],[29.0,44.69],[28.97,44.74],[29.14,44.8],[29.04,44.87],[29.11,44.97],[28.98,45.01],[28.87,44.94],[28.95,44.77],[28.78,44.65],[28.9,44.72],[28.97,44.7],[28.99,44.68],[28.76,44.63],[28.76,44.47],[28.92,44.62],[28.64,44.32],[28.67,44.0],[28.58,43.74],[28.22,43.76],[27.98,43.85],[27.91,43.99],[27.72,43.95],[27.63,44.03],[27.38,44.02],[27.03,44.18],[26.15,44.01],[25.78,43.73],[25.4,43.65],[23.48,43.88],[22.92,43.83],[22.85,43.87],[23.03,44.09]]],"type":"Polygon"},"properties":{"name":"Romania"},"type":"Feature"},{"geometry":{"coordinates":[[[[33.52,44.49],[33.38,44.56],[33.37,44.59],[33.57,44.62],[33.52,44.79],[33.62,44.93],[33.54,45.12],[33.4,45.19],[33.26,45.16],[32.9,45.35],[32.59,45.32],[32.48,45.41],[33.17,45.78],[33.69,45.86],[33.78,45.93],[33.62,45.95],[33.67,46.22],[34.33,46.07],[34.46,45.96],[34.74,45.95],[34.81,45.78],[35.0,45.73],[35.48,45.3],[35.72,45.34],[35.83,45.47],[35.99,45.36],[36.28,45.48],[36.58,45.43],[36.64,45.35],[36.44,45.27],[36.45,45.08],[36.24,45.01],[35.85,44.99],[35.51,45.11],[35.37,44.94],[35.26,44.96],[35.08,44.79],[34.95,44.84],[34.47,44.73],[34.33,44.55],[34.1,44.43],[33.74,44.4],[33.52,44.49]]],[[[38.76,44.27],[38.22,44.39],[37.78,44.73],[37.8,44.64],[37.5,44.67],[37.19,44.99],[36.58,45.19],[36.96,45.28],[36.79,45.29],[36.76,45.35],[36.85,45.37],[36.78,45.39],[36.67,45.33],[36.83,45.44],[37.14,45.34],[37.08,45.24],[37.32,45.27],[37.16,45.33],[37.52,45.37],[37.59,45.29],[37.73,45.3],[37.74,45.45],[37.64,45.61],[37.59,45.43],[37.6,45.64],[37.7,45.62],[37.67,45.67],[37.83,45.75],[37.94,46.02],[38.1,46.06],[38.03,46.03],[38.04,45.82],[38.17,46.12],[38.56,46.03],[38.57,46.1],[38.12,46.38],[37.91,46.41],[37.73,46.67],[37.98,46.62],[38.27,46.73],[38.38,46.71],[38.41,46.83],[38.8,46.89],[39.08,47.03],[39.28,47.01],[39.39,47.12],[39.28,47.09],[39.26,47.26],[39.09,47.29],[38.85,47.16],[38.48,47.14],[38.56,47.22],[38.78,47.25],[38.81,47.29],[38.55,47.23],[38.43,47.13],[38.22,47.1],[38.2,47.19],[38.3,47.28],[38.19,47.32],[38.32,47.59],[38.73,47.68],[38.83,47.85],[39.76,47.83],[39.76,48.01],[39.99,48.27],[39.82,48.31],[39.92,48.38],[39.84,48.57],[39.63,48.59],[39.78,48.81],[39.98,48.79],[40.05,48.87],[39.76,48.9],[39.68,49.02],[39.92,49.05],[40.14,49.25],[40.16,49.33],[40.03,49.49],[40.13,49.58],[39.8,49.54],[39.56,49.72],[39.26,49.74],[39.16,49.87],[38.94,49.8],[38.66,49.97],[38.36,49.98],[38.3,50.06],[38.17,50.06],[38.17,49.94],[38.0,49.9],[37.6,50.2],[37.6,50.29],[37.42,50.43],[36.59,50.2],[36.41,50.3],[36.27,50.28],[36.11,50.42],[35.61,50.35],[35.38,50.62],[35.47,50.67],[35.28,50.94],[35.36,51.03],[35.14,51.06],[35.08,51.21],[34.67,51.17],[34.61,51.23],[34.19,51.25],[34.31,51.33],[34.19,51.39],[34.22,51.51],[34.09,51.67],[34.38,51.71],[34.41,51.78],[34.1,51.95],[34.07,52.16],[33.8,52.35],[33.51,52.29],[33.48,52.36],[33.18,52.37],[32.91,52.24],[32.39,52.33],[32.23,52.08],[31.91,52.03],[31.76,52.1],[31.7,52.25],[31.57,52.31],[31.55,52.51],[31.63,52.55],[31.48,52.68],[31.56,52.79],[31.25,53.01],[31.42,53.2],[32.2,53.1],[32.42,53.2],[32.45,53.3],[32.72,53.33],[32.7,53.46],[32.43,53.56],[32.4,53.64],[32.49,53.68],[32.44,53.71],[32.08,53.81],[31.74,53.79],[31.82,54.05],[31.32,54.23],[31.21,54.45],[31.06,54.49],[31.17,54.62],[30.77,54.79],[30.81,54.93],[31.01,55.02],[30.96,55.16],[30.79,55.29],[30.92,55.39],[30.89,55.6],[30.74,55.59],[30.47,55.79],[30.2,55.86],[29.91,55.84],[29.48,55.68],[29.35,55.77],[29.44,55.91],[29.38,55.95],[29.03,56.02],[28.81,55.93],[28.61,56.09],[28.31,56.04],[28.17,56.13],[28.22,56.27],[28.13,56.55],[27.87,56.74],[27.91,56.82],[27.63,56.84],[27.75,57.04],[27.68,57.1],[27.82,57.16],[27.84,57.29],[27.51,57.43],[27.53,57.53],[27.33,57.57],[27.52,57.81],[27.8,57.86],[27.66,57.92],[27.63,58.09],[27.5,58.22],[27.55,58.4],[27.41,58.75],[27.48,58.88],[27.71,58.99],[27.88,59.28],[28.18,59.36],[28.02,59.48],[28.07,59.58],[28.01,59.76],[28.12,59.79],[28.38,59.67],[28.48,59.85],[28.83,59.79],[29.16,60.0],[30.16,59.87],[30.25,59.97],[29.95,60.03],[29.85,60.17],[29.05,60.18],[28.8,60.37],[28.62,60.38],[28.44,60.56],[28.7,60.46],[28.69,60.74],[28.22,60.55],[27.81,60.55],[29.2,61.25],[30.65,62.19],[30.93,62.3],[31.24,62.5],[31.57,62.91],[31.2,63.21],[30.46,63.47],[29.98,63.74],[30.2,63.79],[30.55,64.02],[30.56,64.22],[30.03,64.4],[30.07,64.47],[29.95,64.57],[30.18,64.64],[30.12,64.77],[29.78,64.8],[29.63,64.91],[29.6,65.03],[29.85,65.12],[29.83,65.21],[29.58,65.24],[29.72,65.33],[29.73,65.49],[29.84,65.56],[29.7,65.63],[30.1,65.66],[30.11,65.71],[29.9,66.11],[29.05,66.91],[29.52,67.3],[29.92,67.51],[30.01,67.69],[29.65,67.82],[29.33,68.07],[28.69,68.18],[28.45,68.51],[28.8,68.84],[28.41,68.9],[29.12,69.05],[29.38,69.3],[29.97,69.37],[30.22,69.54],[30.12,69.63],[30.85,69.53],[30.93,69.67],[30.84,69.81],[31.41,69.72],[31.3,69.61],[31.48,69.7],[31.81,69.69],[31.7,69.74],[31.71,69.83],[32.1,69.79],[31.91,69.94],[32.05,69.96],[32.52,69.8],[33.13,69.73],[33.11,69.65],[32.87,69.58],[32.17,69.65],[32.11,69.75],[32.1,69.67],[31.97,69.65],[32.06,69.64],[32.02,69.56],[32.4,69.58],[32.5,69.52],[32.19,69.43],[32.54,69.51],[32.9,69.48],[32.77,69.41],[33.08,69.48],[32.82,69.3],[32.99,69.39],[33.52,69.43],[33.24,69.27],[33.45,69.29],[33.3,69.23],[33.54,69.21],[33.06,69.08],[33.06,69.06],[33.43,69.1],[33.58,69.2],[33.57,69.3],[33.72,69.34],[34.42,69.31],[34.97,69.19],[35.26,69.22],[35.18,69.28],[35.87,69.19],[37.68,68.71],[38.33,68.44],[38.39,68.34],[38.77,68.29],[38.51,68.37],[38.64,68.38],[39.52,68.08],[39.86,68.05],[39.71,68.17],[39.79,68.16],[40.41,67.88],[40.32,67.84],[40.47,67.76],[40.65,67.81],[41.04,67.68],[41.0,67.47],[41.15,67.42],[41.11,67.25],[41.34,67.22],[41.39,67.12],[41.18,66.81],[40.57,66.46],[40.08,66.29],[38.55,66.05],[35.56,66.39],[34.8,66.61],[34.48,66.54],[34.36,66.63],[34.5,66.64],[34.52,66.66],[34.09,66.67],[34.14,66.77],[33.95,66.68],[33.59,66.83],[33.52,66.8],[33.63,66.75],[33.52,66.78],[33.57,66.74],[33.49,66.77],[33.52,66.72],[33.1,66.86],[32.8,67.01],[32.93,67.1],[32.38,67.16],[31.85,67.15],[32.26,67.12],[32.55,67.0],[32.39,66.95],[32.5,66.93],[32.42,66.89],[33.32,66.65],[32.9,66.57],[33.26,66.62],[33.54,66.54],[33.19,66.58],[32.94,66.53],[33.6,66.5],[33.74,66.43],[33.52,66.41],[33.63,66.34],[33.31,66.32],[34.1,66.25],[34.55,66.09],[34.72,65.99],[34.7,65.91],[34.85,65.9],[34.87,65.77],[34.97,65.73],[34.69,65.81],[34.78,65.6],[34.63,65.49],[34.68,65.45],[34.3,65.39],[34.46,65.36],[34.48,65.28],[34.64,65.24],[34.66,65.13],[34.77,65.1],[34.82,65.04],[34.7,64.98],[34.94,64.86],[34.76,64.77],[35.01,64.74],[34.83,64.7],[34.98,64.61],[34.74,64.56],[35.31,64.37],[35.35,64.3],[35.59,64.32],[35.58,64.41],[35.81,64.34],[35.98,64.2],[36.23,64.14],[36.29,64.01],[37.19,63.89],[37.44,63.79],[38.07,64.02],[38.05,64.15],[37.9,64.24],[38.02,64.31],[37.75,64.44],[37.34,64.34],[37.12,64.39],[36.74,64.68],[36.56,64.72],[36.5,64.84],[36.57,64.83],[36.44,64.92],[36.81,64.96],[36.87,65.08],[36.82,65.15],[37.01,65.17],[37.67,65.04],[37.79,64.92],[38.05,64.85],[38.39,64.84],[38.4,64.77],[38.07,64.78],[38.13,64.7],[38.05,64.65],[38.47,64.74],[38.45,64.82],[39.57,64.55],[39.92,64.6],[39.79,64.6],[39.85,64.68],[40.18,64.56],[40.52,64.54],[40.41,64.74],[40.52,64.77],[40.27,65.02],[39.74,65.36],[39.75,65.55],[40.47,65.81],[40.71,65.97],[41.64,66.17],[42.2,66.53],[42.66,66.44],[42.55,66.39],[43.3,66.43],[43.69,66.24],[43.29,66.09],[43.35,66.04],[43.51,65.97],[43.5,66.05],[43.38,66.07],[43.84,66.19],[44.05,66.08],[44.04,65.99],[44.18,65.86],[44.1,66.26],[44.39,66.62],[44.56,66.67],[44.36,66.78],[44.52,66.92],[44.3,67.06],[44.38,67.1],[43.82,67.18],[43.77,67.28],[44.04,67.68],[44.14,67.68],[44.07,67.71],[44.13,67.79],[44.09,67.89],[44.27,67.93],[44.12,67.93],[44.21,67.99],[44.14,68.0],[44.41,68.06],[44.18,68.04],[44.23,68.3],[43.32,68.67],[43.98,68.55],[45.58,68.51],[45.94,68.45],[46.03,68.32],[46.53,68.13],[46.46,68.11],[46.54,68.11],[46.7,67.82],[45.35,67.73],[45.31,67.59],[45.03,67.53],[44.91,67.37],[45.59,67.16],[45.82,66.9],[46.03,66.83],[46.6,66.86],[46.41,66.75],[47.41,66.93],[47.58,66.87],[47.74,67.03],[47.69,67.2],[47.79,67.25],[47.77,67.34],[47.95,67.44],[47.85,67.6],[48.7,67.72],[49.11,67.64],[48.78,67.73],[48.79,67.83],[48.59,67.93],[49.13,67.86],[50.0,68.06],[50.78,68.38],[50.79,68.38],[51.06,68.35],[52.18,68.58],[52.05,68.49],[52.36,68.47],[52.14,68.38],[52.4,68.34],[52.73,68.47],[52.49,68.59],[52.63,68.66],[52.28,68.6],[52.33,68.63],[53.59,68.91],[54.03,68.85],[53.72,68.66],[53.94,68.41],[53.8,68.34],[53.61,68.41],[53.69,68.34],[53.44,68.37],[53.21,68.27],[53.99,68.22],[54.18,68.32],[54.2,68.21],[54.5,68.31],[54.69,68.18],[54.83,68.17],[54.92,68.25],[54.86,68.32],[54.94,68.4],[55.39,68.56],[56.0,68.66],[57.33,68.56],[57.6,68.74],[57.93,68.75],[57.96,68.85],[58.17,68.89],[58.34,68.74],[58.42,68.74],[58.29,68.8],[58.27,68.89],[58.88,69.0],[59.22,69.0],[58.89,68.93],[59.42,68.76],[59.06,68.62],[59.09,68.42],[59.67,68.34],[59.96,68.47],[59.76,68.64],[59.81,68.69],[60.47,68.72],[60.97,68.91],[60.91,68.93],[60.9,69.12],[60.78,69.18],[60.71,69.11],[60.59,69.13],[60.54,69.32],[60.14,69.58],[60.23,69.66],[60.65,69.67],[60.71,69.82],[60.93,69.87],[64.13,69.55],[65.0,69.3],[64.83,69.29],[64.79,69.15],[64.93,69.2],[64.92,69.26],[65.07,69.27],[65.9,69.11],[65.64,69.13],[65.69,69.09],[67.09,68.86],[67.04,68.8],[67.2,68.71],[68.13,68.42],[68.26,68.33],[68.18,68.24],[68.29,68.19],[68.65,68.32],[68.56,68.37],[68.92,68.64],[69.11,68.88],[68.95,68.9],[69.22,68.96],[68.69,68.92],[68.46,68.98],[68.03,69.32],[68.11,69.55],[67.82,69.51],[67.02,69.7],[66.86,69.64],[66.96,69.54],[66.8,69.59],[66.77,69.76],[66.88,70.01],[66.98,70.06],[66.99,69.97],[67.14,69.98],[67.33,70.11],[67.09,70.22],[67.27,70.41],[67.29,70.48],[67.22,70.52],[67.33,70.76],[67.14,70.84],[66.69,70.77],[66.61,70.88],[66.89,71.08],[66.69,71.0],[66.62,71.06],[66.91,71.29],[67.59,71.42],[68.35,71.68],[68.31,71.72],[68.64,72.03],[68.92,72.48],[68.87,72.53],[69.05,72.66],[68.98,72.7],[69.23,72.8],[69.35,72.95],[69.79,72.96],[69.59,72.88],[71.56,72.92],[72.01,72.83],[71.82,72.81],[71.89,72.8],[72.13,72.83],[72.84,72.71],[72.72,72.7],[72.81,72.66],[72.73,72.6],[72.84,72.52],[72.8,72.41],[72.87,72.28],[72.52,71.92],[72.35,71.86],[72.34,71.71],[71.8,71.48],[72.11,71.29],[72.64,71.13],[72.63,71.01],[72.84,70.86],[72.68,70.62],[72.78,70.54],[72.77,70.43],[72.44,70.29],[72.62,70.16],[72.49,70.04],[72.69,69.84],[72.5,69.65],[72.64,69.44],[72.49,69.41],[72.65,69.29],[72.48,69.18],[72.58,68.94],[73.54,68.58],[73.65,68.46],[73.53,68.48],[73.09,68.21],[73.14,68.17],[73.07,68.09],[73.2,67.96],[73.2,67.85],[73.07,67.82],[73.11,67.69],[72.58,67.62],[72.39,67.47],[72.45,67.4],[72.4,67.33],[72.05,67.3],[72.23,67.16],[72.13,67.21],[71.91,67.13],[72.01,67.11],[71.99,67.06],[71.75,66.92],[71.3,66.95],[71.51,66.88],[71.58,66.66],[71.17,66.66],[71.23,66.63],[70.69,66.52],[70.3,66.64],[70.68,66.72],[70.72,66.76],[70.32,66.68],[69.9,66.87],[69.6,66.79],[69.4,66.83],[68.97,66.81],[69.1,66.77],[69.11,66.62],[69.21,66.57],[69.9,66.42],[70.36,66.33],[71.43,66.36],[72.08,66.24],[72.35,66.31],[72.41,66.51],[72.29,66.5],[72.47,66.61],[72.94,66.66],[73.0,66.74],[73.49,66.82],[73.87,67.0],[73.95,67.21],[73.9,67.3],[74.73,67.69],[74.82,67.94],[74.73,68.15],[74.33,68.39],[74.46,68.51],[74.45,68.69],[74.63,68.77],[76.11,68.98],[76.58,68.98],[76.69,68.87],[76.62,68.81],[76.66,68.76],[77.33,68.52],[77.25,68.46],[77.3,68.38],[77.16,68.29],[77.36,68.23],[77.19,67.99],[77.31,67.91],[77.08,67.79],[77.68,67.62],[77.69,67.55],[79.05,67.57],[78.81,67.63],[78.87,67.65],[78.56,67.6],[78.46,67.63],[78.61,67.66],[78.44,67.7],[78.4,67.64],[77.87,67.69],[77.95,67.73],[77.78,67.78],[77.49,67.75],[77.48,67.91],[77.59,67.95],[77.47,68.0],[77.54,68.13],[77.71,68.22],[78.17,68.27],[77.96,68.4],[77.93,68.52],[77.79,68.51],[77.65,68.91],[76.04,69.24],[75.51,69.26],[75.11,69.1],[74.77,69.08],[74.31,69.15],[73.96,69.08],[73.76,69.17],[73.9,69.42],[73.52,69.75],[73.76,70.08],[73.71,70.16],[74.32,70.52],[74.32,70.67],[73.93,70.86],[73.9,70.97],[73.56,71.26],[73.02,71.43],[73.5,71.66],[73.53,71.82],[74.99,72.14],[75.11,72.35],[75.06,72.6],[74.75,72.82],[75.04,72.88],[75.32,72.82],[75.53,72.74],[75.34,72.68],[75.71,72.57],[75.56,72.5],[75.74,72.27],[75.52,72.15],[75.44,71.99],[75.25,71.94],[75.23,71.78],[75.49,71.67],[75.39,71.62],[75.53,71.54],[75.44,71.46],[75.24,71.45],[75.26,71.37],[76.11,71.2],[76.89,71.19],[76.91,71.07],[77.01,71.18],[77.56,71.17],[77.84,71.12],[77.95,70.98],[78.41,70.9],[79.04,70.94],[79.11,71.0],[78.44,70.91],[78.46,71.02],[78.56,71.05],[78.5,71.12],[78.35,71.1],[78.5,71.05],[78.24,71.11],[78.28,71.26],[77.93,71.26],[77.99,71.37],[77.71,71.28],[77.44,71.33],[77.49,71.3],[76.27,71.57],[76.0,71.91],[76.88,72.05],[77.58,71.83],[78.11,71.88],[78.23,71.98],[77.99,72.11],[77.38,72.11],[77.47,72.22],[77.67,72.19],[78.12,72.38],[78.5,72.41],[79.39,72.39],[80.83,72.08],[80.82,72.02],[80.73,72.05],[80.81,72.08],[80.63,72.05],[81.25,71.86],[81.34,71.76],[81.74,71.7],[82.87,71.79],[83.25,71.73],[83.31,71.66],[83.01,71.53],[83.05,71.42],[82.27,71.28],[82.35,71.1],[82.21,70.99],[82.42,70.78],[82.08,70.57],[82.35,70.2],[82.16,70.57],[82.46,70.61],[82.43,70.7],[82.55,70.76],[82.48,70.8],[82.58,70.91],[82.73,70.97],[82.88,70.92],[82.9,71.0],[83.13,70.88],[83.14,70.76],[82.99,70.57],[83.05,70.5],[83.01,70.43],[82.66,70.26],[82.64,70.18],[83.11,70.07],[83.18,70.14],[82.95,70.33],[83.53,70.33],[83.77,70.48],[83.38,71.03],[83.12,71.11],[83.26,71.12],[83.15,71.24],[83.38,71.37],[83.38,71.47],[83.56,71.51],[83.62,71.63],[83.36,71.84],[82.68,71.88],[82.19,72.09],[82.31,72.18],[82.2,72.28],[81.21,72.35],[80.7,72.55],[80.83,72.62],[80.69,72.65],[80.63,72.73],[80.77,72.81],[80.81,72.97],[80.44,73.1],[80.57,73.14],[80.23,73.18],[80.56,73.22],[80.25,73.33],[80.68,73.5],[80.51,73.5],[80.51,73.57],[84.79,73.76],[85.43,73.71],[85.59,73.82],[86.02,73.87],[87.08,73.87],[87.01,73.78],[85.79,73.48],[85.83,73.33],[86.66,73.12],[86.78,73.0],[86.66,73.15],[85.93,73.32],[85.84,73.44],[86.2,73.56],[87.16,73.61],[87.66,73.89],[87.3,73.84],[86.94,74.03],[87.42,74.01],[87.36,74.05],[86.9,74.07],[86.72,74.13],[86.8,74.18],[86.71,74.22],[86.02,74.26],[85.91,74.35],[86.3,74.31],[86.25,74.39],[86.05,74.42],[86.48,74.46],[86.95,74.39],[86.72,74.3],[86.95,74.34],[86.99,74.27],[87.02,74.37],[87.26,74.35],[86.54,74.51],[86.78,74.56],[85.74,74.64],[86.1,74.74],[86.03,74.81],[86.09,74.82],[86.37,74.78],[86.21,74.77],[86.32,74.71],[86.96,74.61],[86.9,74.65],[86.95,74.68],[86.76,74.7],[87.06,74.73],[87.06,74.84],[87.39,74.94],[87.17,74.99],[87.43,75.01],[87.57,74.93],[87.79,75.03],[86.9,75.09],[87.02,75.16],[87.95,75.1],[88.31,75.18],[88.37,75.26],[88.63,75.27],[88.55,75.31],[88.61,75.34],[89.09,75.4],[88.76,75.42],[89.25,75.51],[89.7,75.44],[89.61,75.49],[90.06,75.52],[89.95,75.58],[90.89,75.67],[91.58,75.64],[91.7,75.74],[92.37,75.74],[93.55,75.85],[94.16,75.94],[93.74,75.9],[93.55,75.95],[93.42,75.87],[93.28,75.98],[92.96,75.93],[93.11,75.91],[93.01,75.89],[92.83,75.97],[92.95,76.07],[93.23,76.05],[93.12,76.1],[93.43,76.11],[93.33,76.07],[93.43,76.01],[94.0,76.05],[93.64,76.12],[93.69,76.13],[94.37,76.12],[94.46,76.05],[94.74,76.12],[94.57,76.16],[96.2,76.09],[95.58,75.89],[95.74,75.86],[96.3,76.0],[96.66,75.97],[96.46,75.87],[96.84,75.89],[97.25,76.04],[97.4,76.05],[97.19,75.93],[97.82,75.99],[97.55,76.05],[98.16,76.09],[98.22,76.1],[97.92,76.12],[98.82,76.27],[98.71,76.2],[99.24,76.22],[99.3,76.2],[99.09,76.16],[99.57,76.16],[99.47,76.11],[99.75,76.05],[99.68,75.88],[99.42,75.79],[99.57,75.78],[99.9,75.93],[99.83,76.02],[99.87,76.11],[99.59,76.27],[99.02,76.36],[98.82,76.49],[100.3,76.46],[100.85,76.54],[101.02,76.46],[102.25,76.38],[100.88,76.55],[101.1,76.62],[101.13,76.73],[101.23,76.77],[100.86,76.87],[100.92,76.98],[101.21,76.99],[101.21,77.1],[102.08,77.39],[102.27,77.38],[103.2,77.66],[103.59,77.63],[104.29,77.74],[104.29,77.67],[104.75,77.71],[104.87,77.61],[105.33,77.54],[105.87,77.57],[105.98,77.43],[106.29,77.37],[105.76,77.37],[105.46,77.24],[104.14,77.09],[105.93,77.14],[105.74,77.06],[105.78,77.04],[105.44,77.0],[106.21,77.06],[106.76,77.0],[106.65,77.03],[106.83,77.05],[107.29,77.02],[107.5,76.92],[106.93,76.71],[106.72,76.72],[106.8,76.67],[106.61,76.56],[106.4,76.6],[106.42,76.51],[107.85,76.53],[107.98,76.62],[107.9,76.67],[107.95,76.74],[109.4,76.76],[110.06,76.69],[111.09,76.76],[111.12,76.68],[111.56,76.68],[111.45,76.63],[112.2,76.47],[111.83,76.34],[112.26,76.45],[112.75,76.34],[112.66,76.32],[112.74,76.27],[112.69,76.23],[112.5,76.24],[112.86,76.14],[112.57,76.05],[112.96,76.07],[113.06,76.16],[113.3,76.12],[112.93,76.26],[113.26,76.27],[113.24,76.2],[113.36,76.21],[113.46,76.15],[113.45,76.04],[113.55,76.02],[113.44,75.94],[113.56,75.9],[113.48,75.86],[113.78,75.94],[113.89,75.85],[113.72,75.62],[113.56,75.54],[113.43,75.54],[113.64,75.52],[113.72,75.41],[113.55,75.41],[113.67,75.37],[113.61,75.28],[112.88,74.99],[112.15,74.88],[111.77,74.67],[111.4,74.69],[110.96,74.55],[110.33,74.5],[110.28,74.48],[110.36,74.42],[110.21,74.37],[109.56,74.31],[109.98,74.3],[109.8,74.16],[109.0,74.02],[108.07,73.64],[107.15,73.62],[107.1,73.57],[107.17,73.55],[106.79,73.34],[106.06,73.27],[105.83,73.0],[105.07,72.77],[105.48,72.77],[106.04,72.95],[106.66,72.83],[107.1,72.86],[106.25,72.97],[106.18,73.09],[106.36,73.19],[106.78,73.14],[108.32,73.22],[108.4,73.26],[108.2,73.28],[109.22,73.39],[109.21,73.47],[109.43,73.43],[109.19,73.55],[109.71,73.45],[110.92,73.7],[110.92,73.77],[110.66,73.79],[109.74,73.66],[109.53,73.78],[110.02,74.01],[110.96,73.91],[111.1,73.95],[111.13,74.03],[111.54,74.05],[111.58,74.03],[111.2,73.98],[111.44,73.81],[112.37,73.71],[112.95,73.79],[112.85,73.99],[113.13,73.88],[113.43,73.63],[113.13,73.45],[113.5,73.34],[113.49,72.96],[113.54,72.98],[113.56,73.25],[114.04,73.35],[113.78,73.36],[113.47,73.5],[115.41,73.71],[118.45,73.59],[119.0,73.49],[118.47,73.48],[118.35,73.4],[118.43,73.37],[118.35,73.28],[118.39,73.24],[119.53,73.06],[119.72,72.96],[120.53,72.87],[119.76,73.01],[121.05,72.93],[121.79,72.98],[122.73,72.83],[122.31,72.94],[122.95,72.89],[122.43,72.98],[122.61,73.03],[123.23,72.93],[123.47,73.08],[123.4,73.17],[123.67,73.2],[123.33,73.35],[123.41,73.39],[123.22,73.41],[123.42,73.44],[123.25,73.55],[123.42,73.58],[123.37,73.66],[123.59,73.72],[123.56,73.64],[123.65,73.6],[123.97,73.63],[123.88,73.77],[124.06,73.68],[124.38,73.81],[124.86,73.72],[124.99,73.63],[125.14,73.7],[125.2,73.55],[125.65,73.53],[125.52,73.46],[125.56,73.41],[125.88,73.46],[125.82,73.49],[125.92,73.54],[125.97,73.53],[125.94,73.43],[126.29,73.56],[126.39,73.46],[126.17,73.46],[126.25,73.4],[126.16,73.38],[126.42,73.41],[126.55,73.35],[126.57,73.23],[126.66,73.3],[126.56,73.38],[126.73,73.44],[126.83,73.39],[126.93,73.43],[126.83,73.52],[127.05,73.55],[127.45,73.49],[127.99,73.47],[127.9,73.44],[128.08,73.41],[127.96,73.35],[128.34,73.36],[128.23,73.27],[128.97,73.18],[128.78,73.07],[129.07,73.13],[129.44,73.03],[129.48,72.98],[129.36,72.94],[128.93,72.98],[128.29,72.91],[128.13,72.79],[129.36,72.7],[129.2,72.66],[128.48,72.72],[127.91,72.67],[128.61,72.48],[129.26,72.46],[129.24,72.42],[129.5,72.33],[129.36,72.26],[129.56,72.23],[129.24,72.13],[129.49,72.13],[128.93,72.07],[128.49,72.2],[128.53,72.26],[127.67,72.43],[127.86,72.33],[127.78,72.31],[128.44,72.1],[128.66,71.86],[128.93,71.74],[129.18,71.81],[129.04,72.02],[129.54,71.72],[129.31,71.76],[128.82,71.66],[129.25,71.55],[129.39,71.35],[129.76,71.15],[129.63,71.09],[130.08,71.08],[130.22,70.99],[130.17,70.97],[130.62,70.87],[130.77,70.98],[130.89,70.76],[131.04,70.74],[131.55,70.89],[131.76,71.14],[131.87,71.15],[131.85,71.21],[132.19,71.22],[131.94,71.27],[132.26,71.68],[132.72,71.95],[133.07,71.97],[133.34,71.89],[133.35,71.83],[133.03,71.96],[132.8,71.91],[132.81,71.83],[132.72,71.81],[133.15,71.58],[133.91,71.4],[134.74,71.37],[134.65,71.3],[134.67,71.26],[134.77,71.37],[134.7,71.42],[134.81,71.48],[135.42,71.53],[135.34,71.57],[135.62,71.62],[136.44,71.58],[136.55,71.48],[136.77,71.52],[137.49,71.35],[137.4,71.28],[137.53,71.25],[137.7,71.28],[137.69,71.22],[137.53,71.22],[137.81,71.12],[138.07,71.13],[137.74,71.23],[138.07,71.22],[138.24,71.28],[138.0,71.3],[138.36,71.32],[137.83,71.39],[138.1,71.58],[138.5,71.61],[138.4,71.58],[138.44,71.54],[138.76,71.64],[139.05,71.57],[139.19,71.42],[139.44,71.5],[140.03,71.47],[139.73,71.67],[139.69,71.79],[139.81,71.86],[139.34,71.95],[139.63,71.95],[139.87,72.18],[140.13,72.15],[140.2,72.21],[139.26,72.18],[139.09,72.25],[139.54,72.5],[140.58,72.5],[141.11,72.59],[140.93,72.6],[140.99,72.71],[140.58,72.87],[140.73,72.9],[142.23,72.7],[143.49,72.7],[145.41,72.56],[146.85,72.35],[145.35,72.35],[144.94,72.44],[144.52,72.23],[144.11,72.28],[144.42,72.18],[145.07,72.26],[146.93,72.31],[145.97,71.86],[145.99,72.03],[146.35,72.13],[146.08,72.17],[145.97,72.07],[145.94,72.15],[145.85,72.16],[145.88,72.22],[145.61,72.24],[145.75,72.21],[145.62,72.08],[145.79,72.03],[145.81,71.93],[145.33,71.87],[144.97,71.98],[144.97,71.91],[145.22,71.84],[144.89,71.77],[144.89,71.68],[145.33,71.66],[146.04,71.79],[147.2,72.33],[148.4,72.31],[149.61,72.15],[150.07,71.89],[149.71,71.77],[149.37,71.9],[149.15,71.77],[148.83,71.81],[149.04,71.76],[148.83,71.68],[149.95,71.67],[150.1,71.59],[149.95,71.59],[149.87,71.46],[150.67,71.49],[150.52,71.35],[150.03,71.22],[150.05,71.21],[150.41,71.28],[150.66,71.39],[150.74,71.39],[150.59,71.28],[151.03,71.39],[151.59,71.31],[152.14,71.02],[151.68,70.98],[152.54,70.79],[155.48,71.06],[155.53,70.98],[155.6,71.07],[155.94,71.1],[157.99,71.05],[159.24,70.83],[159.84,70.58],[160.09,70.31],[159.94,70.13],[159.69,70.13],[159.91,70.1],[159.69,69.91],[159.77,69.76],[160.26,69.72],[160.32,69.65],[160.92,69.65],[161.01,69.58],[160.92,69.46],[161.04,69.19],[160.96,69.11],[161.42,68.98],[161.11,68.61],[160.76,68.56],[160.82,68.53],[161.13,68.56],[161.35,68.7],[161.32,68.79],[161.57,68.92],[161.4,69.22],[161.46,69.29],[161.42,69.33],[161.62,69.45],[161.7,69.5],[162.33,69.7],[163.58,69.68],[164.03,69.77],[164.83,69.57],[165.67,69.6],[166.89,69.5],[167.8,69.78],[168.08,69.71],[167.93,69.65],[168.25,69.54],[168.19,69.38],[168.29,69.24],[169.37,69.08],[169.45,68.85],[169.63,68.78],[170.35,68.83],[170.63,68.75],[170.45,68.86],[170.63,68.92],[170.73,68.82],[170.68,68.94],[171.16,69.04],[170.9,69.17],[170.91,69.3],[170.61,69.59],[170.16,69.61],[170.59,69.76],[170.52,69.94],[170.56,70.09],[170.41,70.11],[170.48,70.14],[172.73,69.98],[173.24,69.82],[173.2,69.78],[173.48,69.84],[173.16,69.89],[173.28,69.94],[173.93,69.85],[175.72,69.88],[175.53,69.86],[176.0,69.77],[176.16,69.82],[175.78,69.89],[176.13,69.89],[176.27,69.82],[176.24,69.77],[176.73,69.67],[178.77,69.42],[179.07,69.33],[178.67,69.38],[178.65,69.32],[179.26,69.27],[179.96,69.0],[179.55,69.11],[179.69,69.02],[180.0,68.98],[180.0,65.07],[179.48,64.82],[178.56,64.59],[178.49,64.61],[178.76,64.68],[177.63,64.72],[177.39,64.84],[177.49,64.85],[177.43,64.93],[176.94,65.08],[176.31,65.06],[176.55,65.0],[176.96,65.05],[177.3,64.82],[177.04,64.77],[176.63,64.87],[176.44,64.81],[176.05,64.96],[175.71,64.79],[175.04,64.78],[174.44,64.69],[175.71,64.77],[176.08,64.92],[176.42,64.71],[176.15,64.63],[176.11,64.59],[176.11,64.54],[176.46,64.69],[176.74,64.57],[176.99,64.71],[177.49,64.77],[177.36,64.55],[177.45,64.42],[177.81,64.25],[178.18,64.21],[178.07,64.25],[178.28,64.35],[178.59,64.04],[178.48,64.07],[178.38,64.0],[178.49,63.99],[178.38,63.97],[178.64,63.95],[178.64,64.0],[178.76,63.62],[178.61,63.68],[178.73,63.61],[178.36,63.63],[178.27,63.57],[178.71,63.57],[178.72,63.48],[178.6,63.41],[178.7,63.39],[178.84,63.43],[178.75,63.54],[178.78,63.6],[179.01,63.32],[178.85,63.4],[178.81,63.35],[179.39,63.16],[179.42,63.07],[179.24,63.01],[179.32,62.91],[179.54,62.85],[179.61,62.71],[179.56,62.62],[179.15,62.5],[179.15,62.34],[179.07,62.29],[178.06,62.54],[177.31,62.58],[177.32,62.75],[177.46,62.81],[177.19,62.71],[176.99,62.87],[177.04,62.77],[176.93,62.67],[177.05,62.58],[177.27,62.59],[176.66,62.53],[176.28,62.32],[175.31,62.07],[175.4,62.12],[175.26,62.17],[175.17,62.02],[174.77,61.92],[174.6,61.99],[174.73,61.89],[174.49,61.81],[174.07,61.84],[174.02,61.8],[174.11,61.78],[173.8,61.65],[173.54,61.75],[173.48,61.56],[173.33,61.55],[173.13,61.4],[172.9,61.47],[172.72,61.43],[172.96,61.31],[172.67,61.33],[172.77,61.26],[172.65,61.19],[172.34,61.21],[172.43,61.14],[172.26,61.11],[172.49,61.08],[172.37,61.01],[172.01,61.1],[172.2,60.98],[172.05,60.86],[171.96,60.95],[171.95,60.85],[171.54,60.81],[171.63,60.74],[171.41,60.69],[171.47,60.73],[171.4,60.78],[171.37,60.64],[171.18,60.56],[170.75,60.53],[170.81,60.5],[170.72,60.43],[170.52,60.45],[170.66,60.33],[170.5,60.27],[170.4,59.97],[170.27,59.92],[169.85,60.18],[169.97,60.23],[169.76,60.28],[169.69,60.42],[169.26,60.55],[169.37,60.57],[169.21,60.63],[169.17,60.57],[167.77,60.55],[167.77,60.5],[167.59,60.45],[167.34,60.47],[167.37,60.41],[167.19,60.36],[167.02,60.43],[167.05,60.33],[166.9,60.3],[166.93,60.26],[166.25,59.83],[166.11,59.83],[166.1,59.91],[166.18,60.12],[166.29,60.2],[166.23,60.4],[166.31,60.39],[166.37,60.5],[166.01,60.44],[165.92,60.38],[165.98,60.38],[166.04,60.42],[166.08,60.44],[166.21,60.46],[165.67,60.25],[165.44,60.26],[165.23,60.1],[165.19,60.17],[165.0,60.14],[165.21,59.99],[164.84,59.79],[164.49,60.11],[164.12,59.94],[164.19,59.85],[164.04,59.91],[164.2,60.0],[163.63,60.05],[163.68,59.97],[163.79,59.99],[163.36,59.83],[163.39,59.63],[163.18,59.56],[163.32,59.41],[163.31,59.29],[163.07,59.23],[163.26,59.08],[163.16,59.03],[163.07,59.14],[162.88,59.13],[163.07,58.97],[162.88,58.91],[162.89,58.98],[162.68,58.87],[162.79,58.83],[162.41,58.65],[161.99,58.09],[162.08,57.88],[162.46,57.78],[162.35,57.69],[162.52,57.75],[162.53,57.94],[162.69,57.97],[163.22,57.81],[163.33,57.71],[163.07,57.46],[162.8,57.35],[162.79,57.15],[162.86,57.05],[162.78,56.76],[163.24,56.73],[163.25,56.45],[163.37,56.18],[163.12,56.11],[163.05,56.01],[162.56,56.23],[163.12,56.5],[163.02,56.54],[162.91,56.43],[162.68,56.48],[162.41,56.38],[162.59,56.27],[162.06,56.07],[161.76,55.55],[161.81,55.18],[162.15,54.86],[162.13,54.76],[161.72,54.51],[161.31,54.49],[161.15,54.6],[160.74,54.54],[160.05,54.18],[159.9,53.98],[159.82,53.66],[159.91,53.59],[159.87,53.67],[159.93,53.65],[159.96,53.5],[159.79,53.52],[159.98,53.33],[159.91,53.27],[159.97,53.21],[160.02,53.27],[160.06,53.1],[159.77,53.2],[159.83,53.28],[159.16,53.13],[158.71,52.89],[158.59,53.06],[158.44,53.03],[158.44,52.92],[158.65,52.9],[158.5,52.78],[158.6,52.71],[158.56,52.65],[158.42,52.66],[158.53,52.49],[158.42,52.41],[158.54,52.42],[158.56,52.31],[158.39,52.23],[158.29,51.97],[157.91,51.63],[157.54,51.49],[157.48,51.36],[156.67,50.86],[156.76,51.08],[156.72,51.2],[156.52,51.31],[156.44,52.22],[156.28,52.53],[156.37,52.45],[156.45,52.51],[156.27,52.6],[156.11,52.94],[155.55,55.28],[155.69,56.04],[155.95,56.62],[156.08,56.77],[156.06,56.72],[156.46,56.95],[156.55,57.11],[156.68,57.05],[157.0,57.43],[156.93,57.66],[156.75,57.73],[156.98,57.86],[157.24,57.77],[157.47,57.8],[157.64,58.02],[158.22,58.03],[158.34,57.95],[158.23,58.04],[159.15,58.51],[159.24,58.47],[159.19,58.54],[159.73,58.88],[159.8,59.1],[160.34,59.36],[160.5,59.55],[160.85,59.62],[161.47,60.03],[161.9,60.2],[161.94,60.42],[162.75,60.65],[162.92,60.76],[163.32,60.8],[163.31,60.72],[163.44,60.83],[163.75,60.88],[163.49,61.0],[164.03,61.35],[163.95,61.43],[163.75,61.44],[163.87,61.65],[164.04,61.68],[164.13,62.26],[164.54,62.45],[165.3,62.32],[165.12,62.45],[165.65,62.46],[165.11,62.49],[164.45,62.69],[163.4,62.58],[163.17,62.43],[163.37,62.33],[163.09,62.23],[163.11,62.08],[163.19,62.07],[162.98,61.8],[163.34,61.71],[163.33,61.66],[163.11,61.62],[163.02,61.52],[162.86,61.6],[162.94,61.65],[162.84,61.71],[162.62,61.66],[162.77,61.59],[162.42,61.68],[161.99,61.37],[161.89,61.43],[161.89,61.34],[161.81,61.37],[161.57,61.18],[160.92,60.9],[160.79,60.72],[160.43,60.75],[160.19,60.58],[160.15,60.66],[160.22,60.67],[160.25,60.77],[160.17,60.82],[160.25,60.82],[160.44,61.04],[159.8,60.93],[160.0,61.11],[159.94,61.24],[159.78,61.24],[160.0,61.28],[159.91,61.31],[160.11,61.43],[160.03,61.46],[160.29,61.55],[160.32,61.67],[160.26,61.69],[160.41,61.76],[160.35,61.94],[160.04,61.85],[159.88,61.71],[159.58,61.65],[159.51,61.7],[159.57,61.82],[159.48,61.76],[159.36,61.82],[159.36,61.89],[159.12,61.92],[158.89,61.89],[158.84,61.82],[158.26,61.83],[158.08,61.73],[157.54,61.79],[157.36,61.69],[157.03,61.65],[156.92,61.55],[156.67,61.52],[156.65,61.2],[156.37,61.15],[155.94,60.92],[155.91,60.7],[155.83,60.73],[154.95,60.37],[154.69,60.2],[154.49,59.95],[154.56,60.09],[154.41,60.06],[154.47,59.88],[154.22,59.87],[154.23,59.73],[154.37,59.57],[154.22,59.66],[154.08,59.51],[154.14,59.46],[154.3,59.44],[154.4,59.54],[154.43,59.42],[154.54,59.42],[154.43,59.55],[154.96,59.5],[155.21,59.34],[155.19,59.18],[154.81,59.19],[154.79,59.13],[154.44,59.22],[154.33,59.19],[154.36,59.11],[154.05,59.05],[153.69,59.19],[153.77,59.25],[153.65,59.19],[153.37,59.24],[153.28,59.15],[153.34,59.09],[153.01,59.06],[152.9,58.9],[152.56,58.95],[152.36,59.06],[152.02,58.88],[151.35,58.83],[151.09,59.1],[152.32,59.21],[152.14,59.3],[151.73,59.31],[151.77,59.35],[151.67,59.46],[151.4,59.6],[150.91,59.56],[150.94,59.46],[150.78,59.43],[150.5,59.49],[150.77,59.56],[149.38,59.77],[149.04,59.64],[149.21,59.47],[148.89,59.47],[148.85,59.55],[148.74,59.47],[148.74,59.37],[148.99,59.38],[148.93,59.23],[148.44,59.26],[148.39,59.38],[148.22,59.41],[147.85,59.38],[147.83,59.27],[147.59,59.3],[147.55,59.24],[146.5,59.46],[146.32,59.4],[146.32,59.18],[146.05,59.14],[145.82,59.24],[145.96,59.42],[145.81,59.37],[145.67,59.44],[145.0,59.37],[143.9,59.42],[143.49,59.32],[143.16,59.38],[142.26,59.12],[141.58,58.62],[140.9,58.38],[140.67,58.19],[140.5,57.84],[140.03,57.71],[139.79,57.48],[138.93,57.14],[138.89,57.02],[138.61,56.95],[138.58,56.78],[138.55,56.86],[138.45,56.84],[138.26,56.62],[138.13,56.59],[138.13,56.51],[138.26,56.47],[138.22,56.42],[137.91,56.36],[137.72,56.14],[137.44,56.05],[137.39,55.95],[136.43,55.57],[136.16,55.32],[135.47,55.06],[135.17,54.82],[135.24,54.7],[135.65,54.67],[135.75,54.57],[136.82,54.65],[136.88,54.59],[136.81,54.52],[136.84,54.43],[136.74,54.41],[136.82,54.32],[136.75,54.28],[136.81,54.16],[136.66,53.94],[136.68,53.81],[136.78,53.77],[137.19,53.85],[137.29,54.04],[137.16,54.04],[137.06,54.15],[137.39,54.31],[137.74,54.32],[137.48,54.08],[137.44,54.15],[137.31,54.12],[137.32,54.05],[137.59,53.96],[137.86,53.97],[137.61,53.83],[137.49,53.67],[137.22,53.6],[137.34,53.53],[138.15,53.67],[138.28,53.74],[138.37,53.91],[138.58,54.0],[138.58,53.83],[138.22,53.49],[138.44,53.51],[138.66,53.73],[138.77,54.02],[138.77,54.1],[138.66,54.08],[138.75,54.24],[138.64,54.3],[139.3,54.19],[139.77,54.3],[139.82,54.22],[140.24,54.06],[140.33,53.97],[140.26,53.87],[140.58,53.64],[141.1,53.47],[140.95,53.49],[140.93,53.44],[141.41,53.3],[141.36,53.22],[141.43,53.15],[141.19,53.05],[141.26,53.04],[141.19,52.99],[140.71,53.11],[141.26,52.85],[141.2,52.78],[141.32,52.66],[141.13,52.42],[141.56,52.16],[141.35,52.11],[141.3,52.02],[141.43,51.93],[141.2,51.82],[141.11,51.68],[140.92,51.62],[140.9,51.49],[140.8,51.45],[140.9,51.43],[140.87,51.37],[140.69,51.31],[140.71,51.03],[140.53,50.86],[140.44,50.53],[140.55,50.34],[140.52,50.15],[140.69,50.08],[140.42,49.87],[140.54,49.78],[140.56,49.58],[140.44,49.29],[140.34,49.29],[140.39,49.28],[140.36,49.1],[140.29,49.09],[140.34,49.05],[140.22,49.01],[140.4,48.99],[140.21,48.77],[140.18,48.46],[139.26,47.79],[138.97,47.32],[138.56,47.03],[138.34,46.55],[138.2,46.45],[138.03,46.16],[137.14,45.37],[136.81,45.19],[136.44,44.79],[136.35,44.79],[136.17,44.5],[135.84,44.36],[135.62,44.04],[135.46,43.95],[135.52,43.88],[135.43,43.76],[135.18,43.71],[135.22,43.64],[135.14,43.51],[134.19,43.08],[133.93,42.88],[133.59,42.85],[133.16,42.69],[133.02,42.7],[133.08,42.75],[132.99,42.83],[132.82,42.76],[132.76,42.91],[132.58,42.84],[132.4,42.94],[132.31,42.85],[132.35,43.3],[131.93,43.07],[131.85,43.1],[132.05,43.31],[131.97,43.27],[131.83,43.34],[131.56,43.0],[131.39,42.95],[131.47,42.87],[131.27,42.78],[131.22,42.55],[131.12,42.67],[130.89,42.6],[130.82,42.63],[130.95,42.65],[130.66,42.66],[130.87,42.53],[130.7,42.3],[130.53,42.53],[130.57,42.62],[130.38,42.7],[130.59,42.82],[131.1,42.91],[131.08,43.03],[131.28,43.38],[131.16,43.53],[131.26,44.05],[131.07,44.68],[130.93,44.84],[131.43,44.96],[131.85,45.34],[131.97,45.23],[132.92,45.03],[133.1,45.11],[133.18,45.49],[133.48,45.63],[133.48,45.82],[133.66,45.93],[133.69,46.14],[133.9,46.26],[133.86,46.34],[133.93,46.39],[133.85,46.47],[134.01,46.67],[134.07,46.98],[134.23,47.12],[134.18,47.33],[134.56,47.47],[134.77,47.71],[134.56,48.01],[134.72,48.26],[134.39,48.38],[133.74,48.25],[133.52,48.1],[133.09,48.11],[132.81,47.94],[132.67,47.95],[132.52,47.71],[130.97,47.7],[130.91,47.88],[130.67,48.06],[130.82,48.29],[130.76,48.49],[130.63,48.48],[130.53,48.62],[130.67,48.87],[130.2,48.88],[129.93,49.03],[129.71,49.27],[129.55,49.29],[129.48,49.42],[129.38,49.43],[129.34,49.34],[129.12,49.35],[128.76,49.47],[128.8,49.57],[128.67,49.61],[128.2,49.54],[127.85,49.58],[127.54,49.79],[127.49,50.03],[127.59,50.21],[127.33,50.33],[127.36,50.42],[127.29,50.47],[127.37,50.58],[127.29,50.75],[126.93,51.06],[126.97,51.32],[126.81,51.29],[126.91,51.39],[126.68,51.58],[126.73,51.71],[126.44,52.0],[126.56,52.13],[126.32,52.2],[126.44,52.28],[126.32,52.32],[126.35,52.38],[126.2,52.47],[126.21,52.53],[125.99,52.59],[126.09,52.78],[125.98,52.76],[125.84,52.91],[125.65,52.88],[125.73,52.98],[125.62,53.06],[125.07,53.21],[124.9,53.19],[124.87,53.11],[123.61,53.56],[122.86,53.47],[122.32,53.5],[121.2,53.28],[120.87,53.28],[120.03,52.76],[120.08,52.59],[120.45,52.64],[120.72,52.54],[120.63,52.35],[120.78,52.16],[120.71,51.98],[120.1,51.66],[119.92,51.33],[119.76,51.22],[119.74,51.07],[119.52,50.9],[119.5,50.74],[119.14,50.39],[119.36,50.34],[119.32,50.09],[119.09,49.99],[118.64,49.95],[117.87,49.51],[117.06,49.67],[116.22,50.01],[115.72,49.88],[115.39,49.89],[114.75,50.24],[114.29,50.28],[113.58,50.02],[113.18,49.8],[113.06,49.6],[112.78,49.5],[112.47,49.53],[112.03,49.41],[111.34,49.36],[110.73,49.14],[110.37,49.24],[110.18,49.16],[109.29,49.34],[108.54,49.33],[107.93,49.67],[107.95,49.93],[107.19,50.01],[106.97,50.2],[106.66,50.33],[106.22,50.29],[105.98,50.4],[105.33,50.48],[104.41,50.3],[104.12,50.15],[103.28,50.2],[103.2,50.3],[102.93,50.3],[102.3,50.56],[102.33,50.72],[102.22,50.8],[102.23,50.98],[102.15,51.1],[102.19,51.31],[102.07,51.37],[101.35,51.45],[100.51,51.73],[99.92,51.75],[98.93,52.13],[98.68,51.82],[98.33,51.72],[98.22,51.48],[98.04,51.46],[97.81,51.0],[97.98,50.85],[97.94,50.77],[98.04,50.62],[98.29,50.52],[98.26,50.28],[98.05,50.02],[97.83,49.92],[97.57,49.92],[97.57,49.85],[97.34,49.73],[97.15,49.75],[96.97,49.89],[96.59,49.86],[96.06,50.0],[95.95,49.94],[95.83,50.02],[95.5,49.89],[95.08,49.95],[94.92,50.05],[94.6,50.02],[94.35,50.22],[94.26,50.56],[93.1,50.6],[93.01,50.62],[92.96,50.78],[92.8,50.79],[92.65,50.67],[92.36,50.87],[92.16,50.69],[91.75,50.68],[91.42,50.46],[91.01,50.43],[90.68,50.22],[90.48,50.21],[90.02,50.07],[89.97,49.97],[89.67,49.93],[89.62,49.84],[89.7,49.72],[89.37,49.58],[89.22,49.63],[89.16,49.5],[88.98,49.46],[88.89,49.54],[88.87,49.44],[88.2,49.45],[88.12,49.36],[88.14,49.27],[87.98,49.18],[87.4,49.07],[87.27,49.21],[87.02,49.25],[86.82,49.51],[86.6,49.57],[86.78,49.7],[86.75,49.78],[86.61,49.8],[86.18,49.46],[85.61,49.62],[85.22,49.6],[85.06,49.87],[84.95,49.91],[85.03,50.0],[84.99,50.07],[84.25,50.26],[84.2,50.51],[83.95,50.78],[83.43,50.99],[83.11,50.99],[82.98,50.88],[82.73,50.9],[82.67,50.79],[82.48,50.71],[81.74,50.78],[81.46,50.73],[81.4,50.96],[81.05,50.96],[81.15,51.19],[80.68,51.3],[80.6,51.21],[80.42,51.19],[80.44,50.96],[80.14,50.82],[80.02,50.84],[80.09,50.75],[80.02,50.77],[79.04,51.99],[77.87,53.27],[76.5,53.99],[76.38,54.15],[76.66,54.13],[76.84,54.3],[76.75,54.38],[76.9,54.46],[76.48,54.32],[76.23,54.35],[76.18,54.25],[75.43,54.09],[75.36,54.06],[75.43,53.99],[75.03,53.81],[74.77,53.83],[74.62,53.68],[74.44,53.67],[74.39,53.46],[74.22,53.59],[73.9,53.64],[73.65,53.61],[73.41,53.43],[73.35,53.46],[73.39,53.52],[73.23,53.57],[73.23,53.66],[73.43,53.87],[73.68,53.87],[73.74,54.06],[73.6,54.07],[73.52,53.96],[73.36,53.94],[73.06,53.98],[72.94,54.12],[72.62,54.13],[72.5,54.05],[72.66,54.04],[72.7,53.96],[72.39,53.91],[72.36,54.09],[72.48,54.14],[72.3,54.18],[72.32,54.25],[72.04,54.38],[72.07,54.22],[72.18,54.14],[71.76,54.25],[71.65,54.11],[71.32,54.2],[71.16,54.1],[70.97,54.31],[71.19,54.32],[71.14,54.56],[71.26,54.66],[71.01,54.77],[70.98,55.08],[70.79,55.23],[70.82,55.29],[70.44,55.28],[70.21,55.13],[69.67,55.33],[69.33,55.39],[69.19,55.33],[68.94,55.43],[68.97,55.28],[68.7,55.36],[68.61,55.2],[68.18,55.17],[68.31,55.07],[68.17,54.96],[67.88,54.97],[67.7,54.87],[65.98,54.61],[65.93,54.7],[65.74,54.6],[65.45,54.63],[65.45,54.56],[65.2,54.52],[65.18,54.31],[64.91,54.4],[64.72,54.33],[64.58,54.39],[64.0,54.32],[64.01,54.23],[63.9,54.19],[63.71,54.25],[63.16,54.18],[63.08,54.09],[62.58,54.05],[62.53,53.87],[62.39,53.94],[62.41,54.03],[62.0,54.02],[62.0,53.93],[61.79,54.0],[61.58,53.95],[61.34,54.06],[61.19,54.02],[61.21,53.91],[61.0,53.94],[60.98,53.88],[61.2,53.8],[61.01,53.64],[60.88,53.63],[61.28,53.54],[61.5,53.59],[61.56,53.51],[61.41,53.44],[61.24,53.5],[61.16,53.3],[62.05,53.12],[62.09,52.99],[61.96,52.93],[61.45,53.02],[60.97,52.97],[61.06,52.92],[60.67,52.67],[60.8,52.63],[60.81,52.52],[60.94,52.49],[61.04,52.33],[60.67,52.14],[60.43,52.13],[59.99,51.95],[60.06,51.86],[60.45,51.81],[60.38,51.66],[60.94,51.61],[61.03,51.48],[61.47,51.43],[61.66,51.26],[61.53,51.21],[61.37,50.78],[60.72,50.65],[60.3,50.68],[60.14,50.84],[60.02,50.85],[59.82,50.56],[59.52,50.47],[59.45,50.54],[59.56,50.58],[59.44,50.63],[58.93,50.68],[58.66,50.79],[58.55,50.89],[58.6,51.02],[58.31,51.15],[58.17,51.06],[57.77,51.12],[57.72,50.91],[57.47,50.86],[57.33,50.9],[57.15,51.1],[56.72,51.07],[56.69,50.97],[56.48,51.07],[56.32,50.88],[56.16,50.91],[56.08,50.72],[55.66,50.53],[55.47,50.66],[55.31,50.66],[55.05,50.88],[54.64,51.03],[54.5,50.93],[54.64,50.89],[54.68,50.6],[54.5,50.52],[54.38,50.62],[54.48,50.85],[54.28,50.9],[53.94,51.19],[53.67,51.22],[53.59,51.29],[53.61,51.39],[53.41,51.48],[52.55,51.46],[52.31,51.77],[52.09,51.66],[51.87,51.67],[51.69,51.45],[51.58,51.53],[51.3,51.47],[51.24,51.54],[51.37,51.63],[50.77,51.76],[50.79,51.6],[50.67,51.57],[50.58,51.64],[50.53,51.47],[50.36,51.41],[50.33,51.3],[49.78,51.1],[49.44,51.11],[49.35,50.96],[49.42,50.88],[49.37,50.83],[48.83,50.6],[48.57,50.64],[48.67,50.58],[48.78,50.11],[48.87,50.07],[48.78,49.93],[48.43,49.81],[48.24,49.86],[47.81,50.32],[47.6,50.45],[47.47,50.41],[47.29,50.28],[47.31,50.04],[46.9,49.82],[46.78,49.33],[47.04,49.15],[46.75,48.91],[46.48,48.41],[47.1,48.27],[47.1,48.1],[47.19,48.07],[47.04,47.99],[47.16,47.87],[47.12,47.81],[47.36,47.68],[47.41,47.84],[48.17,47.71],[48.53,47.41],[49.01,46.77],[48.76,46.68],[48.56,46.76],[48.46,46.66],[48.54,46.57],[48.92,46.47],[49.31,46.26],[49.15,46.34],[49.06,46.25],[49.11,46.15],[49.04,46.2],[48.93,46.09],[48.84,46.15],[48.82,46.06],[48.71,46.13],[48.63,46.09],[48.73,46.02],[48.65,45.96],[48.75,45.97],[48.79,45.84],[48.72,45.81],[48.55,45.97],[48.36,45.87],[48.4,45.84],[48.29,45.84],[48.24,45.71],[47.86,45.72],[47.82,45.61],[47.56,45.77],[47.65,45.56],[47.54,45.67],[47.43,45.69],[47.5,45.72],[47.38,45.75],[47.43,45.68],[47.55,45.63],[47.57,45.57],[47.49,45.59],[47.5,45.43],[47.38,45.41],[47.46,45.39],[47.37,45.19],[47.3,45.19],[47.2,44.97],[47.1,44.96],[47.08,44.79],[46.99,44.92],[46.96,44.77],[46.72,44.66],[46.68,44.53],[46.76,44.4],[47.03,44.36],[47.12,44.22],[47.25,44.21],[47.5,43.78],[47.37,43.62],[47.4,43.51],[47.54,43.87],[47.7,43.87],[47.49,43.46],[47.49,43.3],[47.59,43.3],[47.49,43.21],[47.46,43.02],[47.7,42.87],[47.73,42.66],[48.1,42.35],[48.39,41.94],[48.58,41.85],[48.37,41.58],[48.05,41.46],[47.87,41.21],[47.55,41.21],[47.27,41.3],[47.14,41.55],[47.03,41.56],[46.74,41.85],[46.57,41.79],[46.53,41.88],[45.93,42.03],[45.63,42.2],[45.7,42.51],[45.32,42.53],[45.12,42.7],[44.86,42.76],[44.77,42.61],[44.68,42.72],[44.51,42.75],[43.94,42.55],[43.72,42.62],[43.8,42.75],[43.16,42.94],[42.83,43.17],[41.58,43.22],[40.65,43.54],[40.23,43.58],[40.07,43.55],[39.99,43.39],[38.76,44.27]],[[38.58,46.65],[38.51,46.73],[38.38,46.71],[38.58,46.65]],[[113.62,75.66],[113.07,75.68],[113.14,75.71],[112.56,75.85],[112.34,75.85],[112.87,75.71],[112.75,75.7],[112.88,75.65],[112.81,75.56],[113.27,75.65],[113.29,75.55],[113.43,75.54],[113.62,75.66]],[[113.12,72.86],[113.18,72.73],[113.39,72.68],[113.16,72.82],[113.49,72.96],[113.12,72.86]],[[113.5,72.65],[114.09,72.6],[113.39,72.68],[113.5,72.65]]],[[[53.88,68.97],[54.56,69.0],[53.59,68.91],[53.88,68.97]]],[[[156.13,56.83],[156.17,56.85],[156.08,56.77],[156.13,56.83]]],[[[22.08,55.03],[22.54,55.08],[22.82,54.89],[22.85,54.8],[22.72,54.72],[22.68,54.57],[22.77,54.36],[19.61,54.46],[19.9,54.67],[19.98,54.96],[20.48,54.98],[20.92,55.28],[20.99,55.27],[20.53,54.96],[21.23,54.94],[21.18,55.2],[21.35,55.29],[22.08,55.03]]],[[[29.66,60.03],[29.8,59.99],[29.79,59.98],[29.66,60.03]]],[[[27.89,60.01],[27.89,60.0],[27.8,59.99],[27.89,60.01]]],[[[26.95,60.1],[27.03,60.03],[27.0,60.01],[26.95,60.1]]],[[[28.55,60.3],[28.54,60.35],[28.72,60.29],[28.55,60.3]]],[[[28.43,60.37],[28.52,60.33],[28.5,60.31],[28.43,60.37]]],[[[28.63,60.6],[28.58,60.58],[28.56,60.63],[28.63,60.6]]],[[[35.86,64.4],[36.04,64.36],[35.98,64.33],[35.86,64.4]]],[[[-172.72,64.64],[-172.45,64.62],[-172.52,64.59],[-172.72,64.64]]],[[[40.02,64.66],[39.85,64.68],[40.19,64.71],[40.3,64.64],[40.43,64.61],[40.46,64.57],[40.02,64.66]]],[[[40.37,64.63],[40.2,64.72],[40.03,64.76],[40.33,64.77],[40.4,64.71],[40.37,64.63]]],[[[-172.4,64.84],[-172.04,64.75],[-172.38,64.7],[-172.63,64.68],[-172.4,64.84]]],[[[35.93,65.05],[36.03,65.04],[36.01,65.03],[35.93,65.05]]],[[[35.72,65.03],[35.51,65.12],[35.82,65.15],[35.87,65.08],[35.78,65.07],[35.86,65.01],[35.74,64.96],[35.72,65.03]]],[[[35.94,65.17],[36.26,65.15],[36.2,65.14],[35.94,65.17]]],[[[-169.06,65.83],[-168.99,65.82],[-169.05,65.76],[-169.06,65.83]]],[[[-179.32,68.81],[-178.84,68.75],[-178.48,68.59],[-178.72,68.68],[-178.7,68.54],[-178.04,68.43],[-177.95,68.34],[-178.07,68.26],[-177.7,68.34],[-178.38,68.56],[-177.49,68.29],[-177.77,68.26],[-177.63,68.2],[-177.34,68.24],[-177.17,68.2],[-177.26,68.21],[-177.22,68.14],[-177.08,68.16],[-176.56,68.01],[-176.79,67.98],[-176.54,67.9],[-176.21,67.9],[-176.53,68.0],[-175.92,67.85],[-176.12,67.81],[-176.07,67.73],[-176.34,67.7],[-176.21,67.65],[-175.68,67.59],[-176.01,67.73],[-175.82,67.81],[-175.27,67.66],[-175.29,67.61],[-175.13,67.5],[-175.23,67.53],[-175.17,67.44],[-175.37,67.36],[-175.16,67.34],[-174.97,67.42],[-175.08,67.48],[-174.81,67.36],[-174.76,67.3],[-174.86,67.28],[-174.91,67.04],[-174.7,66.92],[-174.76,66.9],[-174.69,66.73],[-174.97,66.67],[-174.44,66.53],[-174.4,66.47],[-174.47,66.4],[-174.39,66.34],[-174.46,66.28],[-174.17,66.4],[-174.21,66.47],[-174.02,66.47],[-173.93,66.34],[-174.02,66.31],[-174.0,66.22],[-173.69,66.44],[-174.26,66.57],[-173.93,66.67],[-174.03,66.96],[-174.61,67.06],[-173.65,67.12],[-173.46,67.03],[-173.39,67.08],[-173.07,67.04],[-173.27,67.05],[-173.14,67.0],[-173.29,66.98],[-173.3,66.82],[-173.09,66.85],[-173.23,66.91],[-173.07,66.99],[-172.78,66.89],[-172.36,66.93],[-173.04,67.02],[-172.99,67.04],[-171.72,66.95],[-171.64,66.93],[-171.69,66.88],[-171.63,66.83],[-171.35,66.77],[-171.36,66.67],[-170.39,66.32],[-170.63,66.23],[-170.27,66.29],[-170.11,66.19],[-170.34,66.19],[-169.95,66.18],[-169.64,66.07],[-170.61,65.86],[-170.52,65.83],[-170.57,65.76],[-170.49,65.67],[-170.59,65.6],[-170.88,65.62],[-171.46,65.83],[-171.26,65.66],[-170.98,65.59],[-171.04,65.47],[-171.25,65.52],[-172.03,65.47],[-171.74,65.5],[-172.26,65.55],[-172.21,65.58],[-172.32,65.62],[-172.29,65.67],[-172.86,65.7],[-172.39,65.58],[-172.32,65.47],[-172.43,65.47],[-172.39,65.43],[-172.09,65.48],[-172.19,65.24],[-172.7,65.25],[-172.2,65.22],[-172.23,65.1],[-172.08,65.08],[-172.32,64.95],[-173.0,64.86],[-173.16,64.76],[-172.81,64.8],[-172.76,64.73],[-173.04,64.66],[-172.84,64.65],[-172.97,64.56],[-172.82,64.61],[-172.47,64.56],[-172.22,64.41],[-172.59,64.37],[-172.88,64.49],[-173.01,64.46],[-172.79,64.44],[-172.82,64.32],[-172.95,64.34],[-172.92,64.26],[-173.11,64.24],[-173.37,64.29],[-173.26,64.45],[-173.41,64.62],[-173.39,64.4],[-173.64,64.33],[-173.99,64.41],[-174.04,64.53],[-174.31,64.67],[-174.65,64.73],[-174.59,64.82],[-174.65,64.9],[-174.72,64.81],[-174.95,64.86],[-174.99,64.77],[-175.41,64.77],[-175.46,64.8],[-175.37,64.85],[-175.86,65.0],[-175.74,65.15],[-175.88,65.26],[-175.91,65.4],[-176.04,65.45],[-176.98,65.61],[-177.42,65.44],[-178.46,65.47],[-178.53,65.52],[-178.42,65.71],[-178.63,65.73],[-178.98,66.05],[-178.68,66.01],[-178.68,66.1],[-178.5,66.14],[-178.54,66.27],[-178.48,66.38],[-178.6,66.36],[-178.79,66.17],[-178.98,66.16],[-179.12,66.24],[-179.08,66.31],[-179.16,66.41],[-179.17,66.29],[-179.42,66.34],[-179.25,66.15],[-179.57,66.11],[-179.69,66.18],[-179.83,65.95],[-179.77,65.82],[-179.28,65.63],[-179.32,65.57],[-179.26,65.53],[-179.5,65.4],[-179.52,65.24],[-179.66,65.14],[-180.0,65.07],[-180.0,68.98],[-179.58,68.91],[-179.52,68.96],[-179.32,68.81]]],[[[32.41,67.12],[32.41,67.11],[32.34,67.12],[32.41,67.12]]],[[[34.22,69.41],[34.41,69.35],[34.03,69.35],[33.98,69.38],[34.22,69.41]]],[[[-178.39,71.54],[-177.44,71.24],[-177.93,71.04],[-179.34,70.91],[-180.0,70.99],[-180.0,71.54],[-178.39,71.54]]],[[[-175.74,71.38],[-175.81,71.41],[-175.57,71.36],[-175.74,71.38]]],[[[36.85,80.15],[36.59,80.16],[36.65,80.17],[36.85,80.15]]],[[[47.64,43.98],[47.87,43.99],[47.76,43.93],[47.64,43.98]]],[[[47.91,45.62],[47.96,45.65],[48.0,45.45],[47.91,45.62]]],[[[42.58,66.77],[42.68,66.68],[42.58,66.68],[42.43,66.75],[42.58,66.77]]],[[[54.21,68.29],[54.34,68.33],[54.32,68.26],[54.21,68.29]]],[[[53.91,68.36],[53.99,68.35],[53.96,68.29],[53.86,68.32],[53.91,68.36]]],[[[50.79,68.38],[51.17,68.5],[51.5,68.49],[50.79,68.38]]],[[[48.77,68.69],[48.77,68.7],[49.05,68.68],[49.12,68.67],[48.77,68.69]]],[[[49.6,68.81],[49.49,68.79],[49.57,68.82],[49.6,68.81]]],[[[50.11,68.96],[50.07,68.94],[50.0,68.93],[50.11,68.96]]],[[[50.22,69.15],[49.95,69.07],[49.69,68.88],[48.8,68.73],[48.59,68.73],[48.24,68.88],[48.21,69.0],[48.29,69.26],[48.43,69.36],[49.09,69.52],[50.16,69.26],[50.32,69.15],[50.12,69.04],[50.22,69.15]]],[[[53.05,71.07],[53.14,70.99],[53.01,70.97],[52.76,71.18],[52.22,71.33],[52.74,71.35],[52.71,71.41],[52.88,71.38],[53.02,71.28],[52.86,71.35],[52.8,71.37],[52.74,71.37],[53.06,71.24],[53.21,71.26],[53.16,71.11],[53.05,71.07]]],[[[53.16,71.35],[53.4,71.28],[53.24,71.31],[53.16,71.35]]],[[[50.55,79.99],[51.0,80.1],[51.51,79.93],[50.05,79.97],[50.55,79.99]]],[[[49.9,80.23],[50.34,80.18],[50.0,80.06],[49.55,80.14],[49.9,80.23]]],[[[54.16,80.19],[54.1,80.27],[54.39,80.29],[54.41,80.22],[54.16,80.19]]],[[[52.86,80.41],[53.15,80.41],[53.87,80.27],[53.49,80.17],[52.65,80.17],[52.18,80.28],[52.57,80.29],[52.86,80.41]]],[[[50.95,80.54],[49.73,80.49],[49.68,80.48],[49.83,80.41],[49.49,80.36],[48.84,80.39],[48.63,80.3],[49.11,80.19],[48.53,80.21],[48.51,80.12],[48.37,80.09],[48.12,80.14],[47.63,80.07],[47.74,80.16],[48.09,80.21],[47.45,80.24],[47.1,80.17],[46.62,80.3],[47.09,80.37],[47.22,80.31],[48.13,80.33],[48.19,80.34],[47.62,80.41],[48.24,80.43],[47.38,80.45],[48.38,80.57],[48.57,80.51],[49.19,80.52],[49.41,80.62],[49.28,80.65],[49.63,80.64],[49.68,80.72],[48.96,80.73],[50.24,80.93],[50.44,80.91],[50.0,80.87],[50.86,80.92],[51.05,80.85],[50.25,80.74],[51.31,80.79],[51.73,80.72],[50.95,80.54]]],[[[53.88,80.61],[54.27,80.59],[54.14,80.56],[54.47,80.48],[54.29,80.42],[53.8,80.47],[53.97,80.53],[53.86,80.55],[53.88,80.61]]],[[[46.08,80.44],[46.04,80.57],[45.52,80.52],[44.86,80.62],[46.92,80.75],[47.2,80.81],[47.14,80.84],[47.54,80.86],[48.5,80.8],[48.65,80.76],[48.46,80.73],[48.76,80.66],[48.06,80.66],[47.72,80.77],[47.3,80.65],[47.43,80.59],[46.67,80.57],[46.53,80.47],[46.08,80.44]]],[[[50.78,81.17],[50.98,81.11],[50.37,81.02],[50.48,81.07],[50.37,81.13],[50.78,81.17]]],[[[67.33,68.76],[67.21,68.8],[67.12,68.8],[67.24,68.82],[67.41,68.78],[67.33,68.76]]],[[[54.27,68.82],[54.4,68.78],[54.19,68.81],[54.27,68.82]]],[[[55.01,68.94],[55.02,68.93],[54.99,68.91],[54.93,68.94],[55.01,68.94]]],[[[55.37,68.95],[55.51,68.91],[55.23,68.91],[55.37,68.95]]],[[[54.63,69.01],[54.69,69.0],[54.69,68.97],[54.6,68.95],[54.63,69.01]]],[[[59.06,69.24],[58.76,69.34],[59.15,69.25],[59.24,69.15],[59.06,69.24]]],[[[67.0,69.39],[66.94,69.44],[66.97,69.46],[67.17,69.42],[67.0,69.39]]],[[[67.06,69.45],[67.02,69.48],[67.32,69.58],[67.34,69.52],[67.23,69.43],[67.06,69.45]]],[[[60.48,69.72],[59.93,69.67],[59.56,69.72],[59.62,69.8],[59.43,69.89],[58.94,69.94],[59.13,69.87],[59.02,69.86],[58.7,70.0],[58.57,70.08],[58.59,70.18],[58.41,70.26],[58.82,70.22],[58.49,70.33],[59.02,70.48],[59.55,70.2],[60.43,69.96],[60.55,69.82],[60.48,69.72]]],[[[66.68,70.54],[66.87,70.38],[66.59,70.47],[66.68,70.54]]],[[[56.93,70.53],[56.84,70.61],[57.22,70.53],[57.04,70.54],[57.12,70.52],[56.93,70.53]]],[[[66.44,70.8],[66.58,70.5],[66.44,70.57],[66.39,70.67],[66.44,70.8]]],[[[66.43,70.83],[66.61,71.0],[66.6,70.91],[66.43,70.83]]],[[[52.37,72.08],[52.37,72.16],[52.49,72.16],[52.42,72.29],[52.68,72.32],[52.58,72.37],[52.72,72.35],[52.87,72.35],[52.69,72.37],[52.68,72.45],[52.82,72.45],[52.68,72.48],[53.1,72.6],[52.72,72.56],[52.81,72.61],[52.75,72.64],[53.22,72.65],[52.38,72.73],[52.62,72.86],[53.38,72.89],[53.14,72.96],[53.38,73.01],[53.12,73.1],[53.32,73.22],[53.75,73.3],[54.19,73.27],[54.93,73.43],[55.3,73.34],[56.44,73.23],[56.58,73.13],[55.81,73.07],[56.47,73.05],[56.38,73.01],[55.62,72.96],[56.25,72.97],[56.22,72.83],[55.48,72.81],[55.43,72.79],[55.81,72.76],[55.95,72.67],[55.62,72.7],[55.72,72.64],[55.62,72.62],[55.68,72.57],[55.62,72.54],[55.27,72.59],[55.54,72.53],[55.54,72.47],[55.12,72.45],[55.47,72.44],[55.38,72.3],[55.57,72.2],[55.34,72.07],[55.45,72.06],[55.35,71.98],[55.39,71.94],[55.23,71.93],[55.51,71.9],[55.67,71.61],[56.11,71.26],[57.04,70.87],[57.64,70.73],[57.43,70.74],[57.54,70.7],[57.4,70.63],[57.45,70.61],[56.74,70.7],[57.3,70.56],[56.84,70.61],[56.59,70.64],[56.49,70.7],[56.55,70.75],[56.2,70.71],[56.65,70.59],[56.51,70.54],[56.4,70.56],[56.56,70.58],[55.81,70.7],[56.05,70.59],[55.72,70.61],[55.63,70.63],[55.6,70.65],[55.79,70.63],[55.74,70.71],[55.6,70.72],[55.69,70.7],[55.75,70.65],[55.4,70.75],[55.35,70.7],[55.42,70.7],[55.47,70.65],[55.25,70.68],[55.3,70.61],[55.16,70.55],[54.51,70.83],[54.57,70.78],[54.48,70.74],[54.77,70.65],[54.29,70.78],[54.23,70.73],[53.46,70.82],[53.3,70.87],[53.69,70.83],[53.74,70.95],[53.5,71.09],[53.9,71.05],[53.81,71.13],[54.24,71.12],[53.99,71.16],[54.16,71.21],[54.06,71.24],[53.8,71.21],[53.8,71.16],[53.51,71.22],[53.45,71.26],[53.59,71.3],[53.68,71.4],[53.95,71.46],[53.58,71.39],[53.54,71.32],[53.41,71.31],[53.25,71.46],[53.44,71.55],[53.37,71.57],[53.13,71.43],[53.01,71.49],[53.04,71.44],[52.9,71.39],[52.82,71.47],[52.61,71.47],[52.64,71.55],[52.55,71.63],[52.37,71.53],[52.42,71.48],[52.28,71.51],[52.27,71.59],[52.14,71.55],[52.28,71.48],[51.86,71.46],[51.53,71.57],[51.4,71.87],[51.61,72.09],[51.84,72.16],[52.37,72.08]]],[[[56.42,74.75],[56.47,74.8],[55.82,74.82],[56.66,74.97],[56.29,74.96],[56.47,75.01],[56.42,75.04],[55.9,74.99],[55.95,75.07],[55.73,75.08],[56.07,75.22],[56.23,75.2],[56.17,75.15],[56.37,75.19],[56.45,75.07],[56.53,75.08],[56.91,75.24],[56.76,75.32],[57.05,75.4],[57.74,75.33],[57.5,75.5],[58.16,75.58],[57.93,75.63],[58.6,75.73],[58.54,75.76],[58.93,75.87],[60.35,76.01],[60.04,76.05],[60.27,76.11],[60.84,76.12],[60.47,76.01],[60.73,76.01],[61.15,76.12],[60.9,76.16],[61.08,76.28],[62.38,76.27],[62.39,76.2],[62.5,76.18],[62.78,76.27],[62.96,76.21],[63.72,76.35],[64.09,76.31],[65.48,76.57],[66.0,76.53],[65.75,76.68],[66.65,76.9],[67.59,77.01],[68.46,76.97],[68.81,76.87],[68.76,76.83],[69.03,76.71],[68.79,76.59],[68.94,76.57],[68.18,76.31],[68.29,76.28],[63.76,75.64],[63.65,75.72],[63.55,75.71],[63.62,75.69],[63.3,75.59],[61.69,75.38],[61.65,75.28],[61.48,75.22],[61.38,75.26],[61.38,75.33],[61.28,75.33],[61.11,75.2],[60.81,75.15],[60.72,75.03],[60.59,75.03],[60.57,75.12],[60.42,75.01],[59.93,75.01],[60.69,74.92],[60.19,74.85],[60.37,74.79],[60.28,74.75],[59.51,74.8],[59.87,74.68],[59.76,74.59],[59.09,74.74],[59.29,74.64],[59.08,74.65],[59.22,74.62],[59.09,74.49],[59.15,74.44],[58.19,74.58],[58.64,74.42],[58.57,74.39],[58.73,74.24],[58.54,74.24],[58.66,74.22],[58.51,74.22],[58.59,74.18],[58.53,74.17],[58.29,74.22],[58.3,74.16],[58.52,74.15],[58.31,74.09],[58.16,74.15],[58.1,74.06],[58.21,74.01],[58.12,73.99],[57.74,74.05],[57.53,74.19],[57.41,74.18],[57.54,74.09],[57.26,74.08],[57.55,74.06],[57.91,73.92],[57.81,73.9],[57.95,73.81],[57.75,73.73],[57.4,73.85],[56.56,73.89],[57.35,73.83],[57.62,73.67],[57.35,73.55],[56.74,73.68],[56.85,73.61],[56.75,73.61],[57.25,73.46],[56.91,73.31],[56.75,73.36],[56.8,73.32],[56.73,73.24],[56.12,73.29],[55.99,73.39],[55.92,73.31],[54.9,73.45],[54.25,73.33],[54.03,73.37],[54.29,73.42],[54.42,73.48],[54.18,73.49],[54.54,73.61],[55.35,73.72],[54.53,73.7],[54.28,73.6],[53.63,73.76],[54.8,73.97],[54.59,74.02],[55.02,74.17],[55.86,74.11],[55.08,74.27],[55.75,74.3],[55.23,74.38],[55.39,74.45],[56.29,74.49],[55.66,74.52],[55.71,74.55],[55.5,74.57],[55.53,74.65],[56.99,74.69],[56.42,74.75]]],[[[58.81,75.9],[58.69,75.9],[59.26,75.98],[58.81,75.9]]],[[[58.53,79.93],[58.25,79.93],[58.61,79.98],[58.87,79.9],[58.53,79.93]]],[[[59.93,79.99],[59.37,79.92],[58.77,80.02],[59.79,80.09],[59.93,79.99]]],[[[60.1,80.18],[60.21,80.15],[59.99,80.15],[59.9,80.18],[60.1,80.18]]],[[[55.99,80.34],[57.02,80.36],[57.15,80.2],[57.05,80.15],[57.12,80.1],[56.96,80.07],[55.71,80.1],[56.05,80.2],[55.97,80.25],[55.99,80.34]]],[[[55.08,80.22],[54.93,80.26],[55.52,80.31],[55.08,80.22]]],[[[57.19,80.36],[57.27,80.39],[56.95,80.48],[58.45,80.47],[59.28,80.33],[58.14,80.28],[58.08,80.26],[58.47,80.22],[58.41,80.17],[57.91,80.18],[57.97,80.1],[57.43,80.13],[57.24,80.23],[57.19,80.36]]],[[[55.13,80.37],[54.97,80.41],[55.2,80.44],[55.27,80.42],[55.13,80.37]]],[[[54.53,80.37],[54.39,80.39],[54.63,80.48],[54.85,80.43],[54.53,80.37]]],[[[54.98,80.45],[54.62,80.51],[54.89,80.53],[55.07,80.49],[54.98,80.45]]],[[[62.15,80.64],[61.71,80.6],[61.04,80.41],[60.31,80.5],[59.64,80.43],[59.24,80.53],[59.37,80.57],[59.22,80.65],[59.69,80.84],[60.17,80.85],[60.26,80.83],[59.97,80.81],[60.36,80.79],[61.6,80.9],[62.07,80.88],[62.28,80.78],[62.04,80.67],[62.15,80.64]]],[[[56.53,80.79],[56.95,80.69],[55.84,80.63],[55.43,80.71],[56.53,80.79]]],[[[53.98,80.82],[55.1,80.9],[55.99,80.8],[54.88,80.72],[53.98,80.82]]],[[[58.75,80.9],[59.03,80.82],[58.42,80.75],[57.82,80.81],[58.75,80.9]]],[[[54.67,81.13],[55.52,81.01],[56.02,81.04],[57.72,80.79],[57.06,80.69],[56.67,80.81],[55.8,80.85],[55.38,80.97],[54.42,81.01],[54.67,81.13]]],[[[64.12,81.09],[64.27,81.17],[64.87,81.19],[65.26,81.12],[65.45,81.02],[65.31,81.0],[65.47,80.93],[64.59,80.76],[63.13,80.68],[62.5,80.82],[63.14,80.97],[64.19,81.03],[64.12,81.09]]],[[[56.1,81.09],[56.7,81.11],[58.28,80.93],[57.53,80.86],[56.1,81.09]]],[[[61.6,81.03],[60.99,80.92],[60.02,81.0],[60.61,81.09],[61.68,81.1],[61.6,81.03]]],[[[58.07,81.11],[58.7,81.02],[58.37,80.95],[57.84,81.05],[58.07,81.11]]],[[[57.7,81.14],[56.99,81.17],[57.89,81.25],[58.08,81.21],[57.7,81.14]]],[[[59.1,81.21],[59.76,81.18],[59.73,81.16],[59.0,81.2],[59.1,81.21]]],[[[60.03,81.31],[60.57,81.27],[60.43,81.24],[59.85,81.3],[60.03,81.31]]],[[[55.43,81.28],[55.71,81.33],[56.54,81.25],[56.6,81.27],[56.34,81.39],[56.73,81.4],[57.91,81.3],[56.43,81.17],[55.61,81.2],[55.43,81.28]]],[[[59.39,81.33],[58.46,81.33],[58.67,81.38],[59.39,81.33]]],[[[56.95,81.52],[57.78,81.56],[57.89,81.49],[58.57,81.41],[57.8,81.38],[56.74,81.45],[57.01,81.51],[56.95,81.52]]],[[[61.65,81.6],[62.2,81.56],[62.07,81.55],[61.65,81.6]]],[[[58.7,81.61],[58.28,81.59],[58.41,81.63],[58.7,81.61]]],[[[63.68,81.69],[63.81,81.66],[63.47,81.59],[62.11,81.67],[63.68,81.69]]],[[[58.15,81.78],[57.94,81.8],[58.16,81.83],[59.44,81.82],[59.36,81.75],[57.89,81.71],[58.15,81.78]]],[[[69.87,66.48],[69.55,66.59],[69.58,66.64],[69.42,66.77],[69.13,66.8],[69.47,66.8],[69.52,66.74],[69.64,66.69],[69.54,66.76],[70.05,66.71],[70.09,66.52],[69.87,66.48]]],[[[83.31,70.44],[83.07,70.37],[83.26,70.8],[83.47,70.74],[83.3,70.64],[83.31,70.44]]],[[[77.13,72.28],[76.85,72.33],[77.61,72.63],[78.39,72.49],[77.81,72.32],[77.13,72.28]]],[[[78.59,72.86],[79.17,73.1],[79.54,72.93],[79.49,72.91],[79.57,72.74],[78.59,72.86]]],[[[74.66,72.86],[74.09,73.03],[74.18,73.11],[74.47,73.13],[74.85,73.09],[74.96,73.06],[74.7,73.08],[74.66,72.86]]],[[[76.13,73.21],[76.74,73.16],[76.63,73.13],[76.13,73.21]]],[[[70.26,73.04],[70.11,73.1],[70.0,73.06],[70.1,73.02],[69.87,73.04],[70.06,73.24],[69.96,73.4],[70.47,73.5],[71.23,73.46],[71.11,73.45],[71.1,73.31],[70.98,73.27],[71.29,73.25],[71.46,73.35],[71.67,73.23],[71.75,73.04],[71.49,73.15],[70.26,73.04]]],[[[71.21,73.29],[71.14,73.29],[71.25,73.42],[71.34,73.4],[71.21,73.29]]],[[[75.54,73.5],[75.3,73.41],[75.62,73.55],[76.08,73.56],[75.9,73.47],[75.5,73.45],[75.54,73.5]]],[[[76.73,73.47],[76.75,73.43],[76.07,73.53],[76.73,73.47]]],[[[86.4,73.59],[86.91,73.7],[86.76,73.6],[86.4,73.59]]],[[[83.98,74.03],[84.42,74.04],[84.33,74.01],[84.38,73.96],[83.9,74.0],[83.98,74.03]]],[[[83.39,74.04],[82.81,74.09],[83.18,74.16],[83.62,74.09],[83.39,74.04]]],[[[82.45,74.16],[82.74,74.1],[82.62,74.05],[82.33,74.09],[82.45,74.16]]],[[[84.77,74.41],[84.39,74.46],[84.59,74.5],[84.93,74.48],[84.54,74.46],[84.77,74.41]]],[[[85.86,74.44],[85.66,74.47],[85.83,74.58],[86.21,74.51],[85.86,74.44]]],[[[85.15,74.54],[85.24,74.58],[85.64,74.55],[85.5,74.46],[85.15,74.54]]],[[[79.32,74.59],[79.18,74.63],[79.24,74.66],[79.61,74.6],[79.49,74.52],[79.16,74.61],[79.32,74.59]]],[[[85.71,74.73],[85.1,74.76],[85.47,74.81],[85.71,74.73]]],[[[86.69,74.9],[86.95,74.84],[86.87,74.82],[86.21,74.9],[86.6,74.92],[86.5,74.93],[86.52,74.99],[87.14,74.94],[86.69,74.9]]],[[[82.14,75.14],[82.15,75.1],[82.03,75.13],[82.14,75.14]]],[[[81.98,75.18],[81.87,75.32],[81.69,75.28],[81.49,75.36],[81.75,75.46],[81.74,75.38],[81.94,75.39],[81.9,75.49],[82.17,75.52],[82.16,75.44],[82.01,75.44],[82.29,75.33],[82.05,75.31],[81.98,75.18]]],[[[82.23,75.89],[82.26,75.88],[81.55,75.93],[82.23,75.89]]],[[[82.82,75.95],[82.39,75.94],[82.26,75.97],[83.3,75.94],[82.82,75.95]]],[[[93.87,76.59],[93.94,76.62],[94.36,76.57],[93.87,76.59]]],[[[88.66,77.08],[89.14,77.13],[88.97,77.04],[88.99,76.99],[88.82,76.99],[88.66,77.08]]],[[[89.6,77.31],[89.82,77.21],[89.3,77.15],[89.16,77.25],[89.6,77.31]]],[[[91.89,77.64],[92.11,77.62],[92.03,77.59],[91.89,77.64]]],[[[93.79,78.2],[93.92,78.16],[93.59,78.17],[93.79,78.2]]],[[[92.72,79.08],[92.18,79.13],[92.21,79.14],[92.72,79.08]]],[[[92.79,79.44],[92.99,79.42],[92.79,79.38],[92.59,79.41],[92.79,79.44]]],[[[91.78,79.42],[92.47,79.43],[92.24,79.38],[91.78,79.42]]],[[[90.82,79.56],[91.14,79.54],[91.53,79.45],[90.82,79.56]]],[[[76.17,79.57],[76.05,79.65],[77.61,79.51],[76.64,79.49],[76.69,79.51],[76.17,79.57]]],[[[92.62,79.67],[91.92,79.68],[92.35,79.73],[92.1,79.81],[91.07,79.85],[91.3,79.92],[91.02,79.97],[91.18,79.99],[91.11,80.05],[90.87,80.06],[92.42,80.03],[93.81,79.9],[92.62,79.67]]],[[[93.93,79.97],[93.98,80.02],[94.33,80.03],[93.93,79.97]]],[[[97.13,80.67],[97.19,80.65],[97.02,80.53],[97.15,80.49],[97.21,80.36],[97.42,80.33],[97.19,80.23],[94.53,80.13],[93.75,80.0],[92.07,80.17],[92.89,80.17],[92.11,80.29],[93.32,80.28],[93.24,80.31],[91.42,80.31],[91.66,80.39],[92.63,80.39],[91.89,80.46],[92.77,80.52],[92.83,80.65],[93.27,80.8],[92.5,80.78],[92.73,80.85],[92.68,80.88],[93.16,80.95],[93.05,81.0],[95.55,81.22],[95.03,81.25],[95.1,81.27],[95.78,81.29],[96.55,81.08],[96.77,80.95],[97.75,80.83],[97.88,80.77],[97.75,80.74],[97.97,80.72],[97.13,80.67]]],[[[78.97,80.84],[79.21,80.96],[80.44,80.94],[80.33,80.86],[78.97,80.84]]],[[[90.0,81.11],[89.89,81.17],[91.45,81.19],[91.57,81.14],[90.0,81.11]]],[[[132.4,42.83],[132.43,42.9],[132.48,42.8],[132.4,42.83]]],[[[131.83,43.07],[131.92,43.01],[131.88,42.96],[131.79,43.0],[131.83,43.07]]],[[[137.82,54.38],[137.72,54.37],[137.92,54.51],[137.82,54.38]]],[[[137.64,54.4],[137.55,54.41],[137.61,54.57],[137.64,54.4]]],[[[138.23,54.72],[138.24,54.71],[138.2,54.7],[138.23,54.72]]],[[[137.99,54.8],[137.72,54.62],[137.49,54.88],[137.23,54.78],[137.57,55.19],[137.95,55.15],[137.99,55.1],[137.88,55.0],[138.21,55.04],[138.02,54.94],[137.99,54.8]]],[[[136.74,54.89],[136.67,54.91],[137.17,55.12],[137.09,54.95],[136.74,54.89]]],[[[137.27,71.49],[137.41,71.46],[137.34,71.43],[136.99,71.52],[137.71,71.6],[137.97,71.51],[137.69,71.42],[137.27,71.49]]],[[[128.38,72.55],[128.1,72.63],[128.65,72.68],[128.97,72.59],[128.38,72.55]]],[[[129.42,72.81],[129.21,72.76],[128.32,72.81],[128.99,72.93],[129.42,72.81]]],[[[119.76,73.07],[119.63,73.13],[120.02,73.17],[120.28,73.1],[120.23,73.04],[119.72,73.03],[119.76,73.07]]],[[[124.29,73.88],[124.38,73.94],[124.58,73.95],[124.46,73.92],[124.66,73.89],[124.29,73.88]]],[[[135.44,74.16],[135.35,74.26],[136.26,73.99],[136.15,73.88],[135.44,74.16]]],[[[112.77,74.09],[112.16,74.14],[111.46,74.31],[111.95,74.37],[112.01,74.54],[112.11,74.55],[113.31,74.48],[113.43,74.41],[112.77,74.09]]],[[[115.98,74.38],[116.12,74.32],[116.05,74.29],[115.92,74.3],[115.98,74.38]]],[[[136.99,75.59],[137.08,75.57],[137.0,75.58],[136.99,75.59]]],[[[135.59,75.57],[135.54,75.68],[135.69,75.87],[135.86,75.7],[136.18,75.62],[135.96,75.5],[136.03,75.44],[135.98,75.42],[135.45,75.38],[135.59,75.57]]],[[[96.75,76.03],[97.33,76.11],[97.05,76.01],[96.7,76.0],[96.75,76.03]]],[[[95.16,76.2],[95.2,76.16],[95.01,76.18],[95.16,76.2]]],[[[96.56,76.23],[96.43,76.27],[96.35,76.25],[96.42,76.21],[96.25,76.2],[96.4,76.18],[96.34,76.11],[95.27,76.22],[95.35,76.29],[96.1,76.23],[96.28,76.31],[96.64,76.27],[96.57,76.16],[96.56,76.23]]],[[[94.5,76.19],[94.41,76.21],[95.0,76.27],[94.78,76.18],[94.5,76.19]]],[[[96.85,76.36],[97.08,76.31],[96.86,76.27],[96.79,76.21],[97.04,76.24],[96.73,76.18],[96.85,76.36]]],[[[96.61,76.32],[96.38,76.34],[96.77,76.34],[96.61,76.32]]],[[[113.45,76.37],[113.12,76.38],[113.26,76.44],[113.45,76.37]]],[[[112.39,76.65],[112.53,76.62],[112.57,76.55],[112.51,76.54],[112.71,76.52],[112.57,76.44],[111.96,76.6],[112.39,76.65]]],[[[97.39,76.65],[97.29,76.69],[97.42,76.72],[97.6,76.6],[97.34,76.6],[97.39,76.65]]],[[[95.89,76.65],[96.47,76.69],[96.31,76.62],[95.89,76.65]]],[[[95.12,76.72],[95.33,76.66],[95.23,76.64],[94.82,76.65],[95.12,76.72]]],[[[95.42,76.71],[95.83,76.69],[95.68,76.65],[95.42,76.71]]],[[[97.45,76.74],[97.16,76.75],[97.64,76.77],[97.65,76.75],[97.45,76.74]]],[[[95.95,77.01],[95.23,77.01],[96.46,77.21],[96.59,77.14],[95.95,77.01]]],[[[105.9,77.3],[106.01,77.29],[105.86,77.25],[105.8,77.27],[105.9,77.3]]],[[[107.34,77.23],[107.2,77.23],[107.46,77.28],[107.28,77.3],[107.4,77.36],[107.75,77.33],[107.34,77.23]]],[[[106.41,77.33],[106.46,77.32],[106.33,77.32],[106.41,77.33]]],[[[106.52,77.39],[106.73,77.47],[106.94,77.46],[106.52,77.39]]],[[[107.2,78.08],[106.4,78.13],[107.34,78.19],[107.7,78.14],[107.2,78.08]]],[[[106.34,78.27],[106.47,78.34],[106.77,78.31],[106.19,78.19],[105.99,78.22],[106.34,78.27]]],[[[103.02,78.26],[102.66,78.16],[102.61,78.23],[101.21,78.19],[99.87,77.95],[99.37,77.96],[99.43,77.99],[99.27,78.04],[100.05,78.34],[100.0,78.42],[100.28,78.58],[100.25,78.67],[100.39,78.75],[101.17,78.76],[100.82,78.81],[100.78,78.9],[100.91,78.99],[101.07,79.03],[101.59,78.98],[101.63,78.99],[100.99,79.06],[101.19,79.2],[101.82,79.37],[101.96,79.26],[102.25,79.24],[102.14,79.36],[102.3,79.43],[103.15,79.31],[102.83,79.23],[102.69,79.03],[102.38,78.82],[102.67,78.89],[102.92,79.06],[103.62,79.17],[104.0,79.13],[103.98,79.06],[104.07,79.0],[104.46,78.97],[104.52,78.89],[104.37,78.86],[104.65,78.83],[104.58,78.78],[104.76,78.85],[105.18,78.81],[105.42,78.58],[105.36,78.51],[104.79,78.34],[103.02,78.26]]],[[[97.44,78.82],[97.6,78.84],[97.26,78.85],[96.8,78.99],[95.67,79.0],[95.67,79.07],[95.52,79.11],[95.02,79.04],[94.33,79.25],[94.31,79.48],[93.7,79.46],[93.99,79.49],[93.69,79.54],[93.88,79.6],[93.24,79.44],[93.11,79.47],[93.32,79.5],[92.85,79.56],[93.28,79.55],[94.17,79.78],[94.69,79.82],[94.22,79.9],[94.95,80.1],[95.24,80.02],[95.5,80.11],[97.59,80.17],[98.09,80.06],[97.52,79.81],[97.61,79.78],[97.19,79.71],[97.25,79.7],[97.71,79.76],[97.93,79.9],[98.38,79.88],[98.58,79.98],[98.44,80.02],[98.52,80.05],[99.2,80.05],[99.25,80.04],[99.16,80.02],[99.56,79.97],[99.5,79.95],[100.08,79.78],[99.82,79.74],[99.89,79.69],[99.71,79.57],[99.79,79.52],[99.69,79.47],[99.75,79.36],[99.67,79.31],[99.46,79.25],[99.03,79.3],[99.85,79.09],[99.95,78.97],[99.46,78.83],[97.44,78.82]]],[[[99.98,79.7],[100.31,79.67],[99.94,79.59],[99.98,79.7]]],[[[146.03,43.41],[146.1,43.45],[146.1,43.43],[146.03,43.41]]],[[[145.87,43.46],[145.94,43.46],[145.95,43.42],[145.87,43.46]]],[[[146.08,43.52],[146.23,43.53],[146.21,43.48],[146.08,43.52]]],[[[146.36,43.62],[146.27,43.63],[146.3,43.64],[146.36,43.62]]],[[[146.68,43.71],[146.6,43.74],[146.6,43.81],[146.85,43.88],[146.94,43.85],[146.68,43.71]]],[[[146.14,44.27],[145.93,44.12],[145.78,43.93],[145.59,43.85],[145.56,43.65],[145.55,43.72],[145.44,43.72],[145.41,43.84],[145.73,44.04],[146.12,44.51],[146.36,44.42],[146.57,44.45],[146.53,44.37],[146.14,44.27]]],[[[148.22,45.2],[147.91,44.96],[147.65,44.99],[147.65,44.91],[147.23,44.58],[147.05,44.54],[146.96,44.42],[146.86,44.45],[146.94,44.62],[147.0,44.57],[147.0,44.66],[147.2,44.71],[147.11,44.83],[147.22,44.8],[147.47,44.97],[147.51,45.09],[147.62,45.07],[147.89,45.22],[147.86,45.35],[147.94,45.43],[148.07,45.25],[148.31,45.28],[148.63,45.5],[148.85,45.48],[148.8,45.43],[148.84,45.35],[148.22,45.2]]],[[[149.64,45.61],[149.44,45.59],[149.67,45.85],[149.81,45.88],[150.02,46.07],[150.25,46.19],[150.57,46.23],[149.64,45.61]]],[[[150.84,46.46],[150.85,46.44],[150.78,46.46],[150.84,46.46]]],[[[151.8,46.77],[151.71,46.81],[152.23,47.18],[152.2,47.13],[152.29,47.14],[151.8,46.77]]],[[[152.5,47.38],[152.54,47.33],[152.48,47.3],[152.41,47.37],[152.5,47.38]]],[[[152.97,47.75],[153.05,47.81],[153.07,47.74],[152.97,47.75]]],[[[153.21,48.13],[153.3,48.05],[153.28,48.03],[153.18,48.07],[153.21,48.13]]],[[[153.97,48.74],[154.21,48.92],[154.22,48.87],[153.97,48.74]]],[[[153.92,48.98],[154.01,48.94],[153.98,48.93],[153.92,48.98]]],[[[154.45,49.17],[154.6,49.13],[154.58,49.1],[154.49,49.09],[154.45,49.17]]],[[[154.8,49.48],[154.82,49.31],[154.61,49.29],[154.75,49.6],[154.91,49.63],[154.8,49.48]]],[[[154.42,49.82],[154.49,49.78],[154.45,49.73],[154.37,49.78],[154.42,49.82]]],[[[142.72,54.43],[143.0,54.14],[142.85,53.87],[142.93,53.86],[143.0,53.7],[142.93,53.83],[142.91,53.77],[143.07,53.6],[142.99,53.56],[143.12,53.52],[143.09,53.38],[143.21,53.36],[143.36,52.87],[143.3,52.45],[143.19,52.34],[143.26,52.6],[143.12,52.34],[143.18,52.31],[143.13,51.97],[143.32,51.71],[143.22,51.52],[143.34,51.51],[143.37,51.64],[143.45,51.51],[143.47,51.34],[143.38,51.35],[143.48,51.21],[143.52,51.29],[143.79,50.31],[144.0,50.01],[144.39,49.07],[144.68,48.87],[144.76,48.64],[144.68,48.66],[144.5,48.95],[144.06,49.25],[143.26,49.39],[143.33,49.31],[143.67,49.31],[143.17,49.25],[143.01,49.12],[142.99,48.92],[142.54,48.01],[142.55,47.77],[142.71,47.44],[143.02,47.25],[143.1,46.88],[143.17,46.86],[143.08,46.81],[143.17,46.71],[143.39,46.71],[143.19,46.78],[143.2,46.84],[143.48,46.83],[143.56,46.4],[143.63,46.37],[143.43,46.03],[143.37,46.56],[142.8,46.59],[142.72,46.74],[142.62,46.72],[142.41,46.55],[142.09,45.9],[141.93,46.04],[141.81,46.54],[142.06,47.05],[141.97,47.61],[142.19,47.97],[142.13,48.33],[141.86,48.77],[141.97,48.86],[142.13,49.46],[142.17,50.09],[142.04,50.55],[142.1,50.82],[142.27,51.11],[142.08,51.47],[141.69,51.75],[141.82,51.74],[141.64,51.88],[141.7,52.17],[141.64,52.32],[141.84,52.59],[141.93,53.02],[141.77,53.37],[142.24,53.53],[142.26,53.38],[142.46,53.38],[142.69,53.53],[142.51,53.55],[142.5,53.66],[142.8,53.7],[142.74,53.85],[142.6,53.7],[142.71,53.95],[142.28,54.3],[142.59,54.25],[142.72,54.43]]],[[[155.88,50.25],[155.5,50.14],[155.4,50.0],[155.22,50.07],[155.2,50.29],[155.69,50.4],[155.98,50.75],[156.1,50.77],[156.15,50.52],[155.88,50.25]]],[[[156.41,50.63],[156.17,50.71],[156.43,50.88],[156.48,50.73],[156.41,50.63]]],[[[155.56,50.81],[155.45,50.88],[155.54,50.93],[155.67,50.87],[155.56,50.81]]],[[[142.59,54.3],[142.54,54.3],[142.57,54.31],[142.59,54.3]]],[[[139.24,54.59],[139.28,54.61],[139.24,54.58],[139.24,54.59]]],[[[167.5,54.79],[167.44,54.87],[168.11,54.5],[167.5,54.79]]],[[[166.2,54.94],[165.99,55.22],[165.75,55.3],[165.94,55.36],[166.25,55.33],[166.25,55.15],[166.65,54.84],[166.66,54.68],[166.2,54.94]]],[[[163.85,58.69],[163.49,58.44],[163.41,58.54],[163.61,58.61],[163.91,58.99],[163.72,59.01],[164.58,59.23],[164.73,59.02],[164.69,58.92],[163.85,58.69]]],[[[150.7,59.14],[150.78,59.11],[150.61,59.01],[150.48,59.0],[150.7,59.14]]],[[[149.1,59.16],[149.03,59.17],[149.04,59.2],[149.1,59.16]]],[[[155.57,59.34],[155.6,59.32],[155.51,59.32],[155.57,59.34]]],[[[161.13,69.09],[161.17,69.33],[161.09,69.46],[161.37,69.55],[161.39,69.46],[161.29,69.41],[161.37,69.3],[161.32,69.24],[161.52,68.98],[161.41,68.89],[161.46,69.0],[161.13,69.09]]],[[[161.36,69.41],[161.43,69.46],[161.39,69.59],[161.59,69.62],[161.62,69.45],[161.36,69.41]]],[[[161.67,69.64],[161.91,69.65],[161.9,69.57],[161.78,69.55],[161.67,69.64]]],[[[169.96,69.73],[170.28,69.77],[170.1,69.69],[169.96,69.73]]],[[[169.29,69.77],[169.3,69.65],[169.19,69.58],[168.87,69.57],[167.75,69.83],[168.26,70.02],[169.37,69.88],[169.45,69.85],[169.41,69.76],[169.29,69.77]]],[[[162.38,70.68],[162.48,70.65],[162.24,70.65],[162.38,70.68]]],[[[161.48,70.84],[161.69,70.75],[161.57,70.79],[161.48,70.84]]],[[[160.41,70.91],[160.67,70.91],[160.76,70.8],[160.5,70.81],[160.55,70.88],[160.41,70.91]]],[[[178.79,70.8],[178.62,71.05],[178.91,71.24],[180.0,71.54],[180.0,70.99],[179.67,70.87],[178.79,70.8]]],[[[140.79,73.41],[139.97,73.33],[139.82,73.34],[139.77,73.42],[140.49,73.49],[140.9,73.8],[141.13,73.88],[142.05,73.92],[142.58,73.83],[143.41,73.54],[143.54,73.44],[143.44,73.41],[143.57,73.23],[143.17,73.18],[140.79,73.41]]],[[[140.99,73.98],[140.44,73.91],[140.16,74.07],[140.22,74.22],[140.89,74.28],[141.06,74.23],[141.07,74.09],[140.99,73.98]]],[[[150.65,75.0],[150.69,74.96],[150.61,74.89],[149.21,74.76],[148.17,74.8],[146.07,75.24],[146.17,75.29],[146.17,75.4],[146.41,75.47],[146.34,75.52],[146.44,75.6],[146.77,75.51],[146.63,75.44],[146.8,75.37],[147.33,75.35],[147.17,75.36],[147.44,75.39],[147.37,75.44],[148.41,75.42],[148.58,75.38],[148.44,75.29],[148.61,75.22],[149.13,75.27],[150.13,75.23],[150.21,75.19],[150.16,75.16],[150.56,75.13],[150.5,75.09],[150.71,75.17],[150.96,75.14],[150.65,75.0]]],[[[144.68,75.33],[144.94,75.27],[144.72,75.25],[144.69,75.16],[144.38,75.05],[143.36,75.07],[142.9,75.14],[142.49,75.38],[142.53,75.48],[143.01,75.6],[143.0,75.71],[142.34,75.73],[142.43,75.68],[142.01,75.62],[142.14,75.6],[142.08,75.53],[142.19,75.47],[142.16,75.38],[142.44,75.2],[142.67,75.09],[143.61,75.01],[143.71,74.95],[142.72,74.9],[142.51,74.82],[141.97,74.93],[142.36,74.93],[142.2,75.0],[141.84,75.0],[140.07,74.83],[139.85,74.96],[139.65,74.98],[139.46,74.93],[139.52,74.86],[139.64,74.89],[139.5,74.77],[139.13,74.65],[137.9,74.85],[137.79,74.98],[137.13,75.14],[136.86,75.36],[137.42,75.37],[137.14,75.41],[137.3,75.47],[137.18,75.55],[137.29,75.6],[137.07,75.73],[137.2,75.79],[137.74,75.75],[137.43,75.89],[137.43,75.95],[138.38,76.16],[138.33,76.14],[138.43,76.06],[138.53,76.19],[138.9,76.22],[139.11,76.1],[139.83,75.97],[139.91,75.94],[139.8,75.89],[139.96,75.84],[140.51,75.79],[140.48,75.64],[141.06,75.65],[140.86,75.74],[140.91,75.98],[141.0,76.05],[141.62,76.01],[141.31,76.18],[142.55,75.86],[143.95,75.83],[145.39,75.52],[144.73,75.43],[144.68,75.33]]],[[[152.83,76.2],[152.89,76.13],[152.77,76.08],[152.58,76.13],[152.83,76.2]]],[[[148.43,76.63],[149.45,76.77],[149.26,76.71],[149.26,76.63],[148.43,76.63]]],[[[156.59,77.13],[156.67,77.1],[156.49,77.1],[156.59,77.13]]]],"type":"MultiPolygon"},"properties":{"name":"Russia"},"type":"Feature"},{"geometry":{"coordinates":[[[29.89,-2.69],[29.72,-2.81],[29.34,-2.83],[29.31,-2.66],[29.11,-2.59],[29.02,-2.72],[28.89,-2.65],[28.86,-2.52],[28.87,-2.39],[29.13,-2.2],[29.13,-1.84],[29.34,-1.52],[29.82,-1.32],[29.96,-1.46],[30.15,-1.35],[30.34,-1.07],[30.47,-1.07],[30.56,-1.32],[30.74,-1.41],[30.84,-1.62],[30.84,-2.33],[30.52,-2.4],[30.38,-2.3],[30.12,-2.43],[29.94,-2.32],[29.89,-2.69]]],"type":"Polygon"},"properties":{"name":"Rwanda"},"type":"Feature"},{"geometry":{"coordinates":[[[35.32,5.35],[35.47,5.43],[35.8,5.32],[35.75,4.85],[35.92,4.62],[35.74,4.68],[35.7,4.59],[35.61,4.62],[35.52,4.78],[35.57,4.9],[35.4,4.93],[35.41,5.03],[34.38,4.62],[33.49,3.75],[33.16,3.76],[33.0,3.89],[32.76,3.77],[32.37,3.73],[32.19,3.62],[32.16,3.51],[31.93,3.6],[31.78,3.82],[31.52,3.66],[31.17,3.79],[30.94,3.68],[30.84,3.49],[30.75,3.67],[30.54,3.61],[30.53,3.87],[30.19,3.96],[29.93,4.31],[29.79,4.37],[29.8,4.56],[29.62,4.64],[29.46,4.67],[29.22,4.34],[28.76,4.55],[28.38,4.28],[28.05,4.42],[28.01,4.55],[27.77,4.6],[27.75,4.78],[27.51,4.92],[27.26,5.26],[27.26,5.58],[27.18,5.71],[26.78,5.98],[26.42,6.07],[26.51,6.21],[26.27,6.47],[26.38,6.65],[26.09,6.83],[26.03,7.0],[25.35,7.35],[25.16,7.57],[25.28,7.66],[25.23,7.85],[25.03,7.92],[24.83,8.17],[24.15,8.32],[24.14,8.44],[24.25,8.58],[24.17,8.69],[24.56,8.89],[24.68,9.37],[24.79,9.52],[24.8,9.82],[24.98,9.97],[25.08,10.29],[25.83,10.42],[25.91,10.18],[26.63,9.48],[27.08,9.61],[27.9,9.6],[28.05,9.33],[28.84,9.32],[28.91,9.53],[29.48,9.76],[29.61,9.91],[29.62,10.06],[30.01,10.27],[30.77,9.72],[31.16,9.76],[31.66,10.21],[31.94,10.66],[32.43,11.08],[32.35,11.31],[32.35,11.7],[32.08,12.0],[32.75,12.0],[32.73,12.22],[33.21,12.21],[33.08,11.6],[33.14,10.74],[33.38,10.65],[33.92,10.17],[33.97,9.85],[33.88,9.5],[34.07,9.45],[34.11,8.63],[33.97,8.45],[33.75,8.37],[33.62,8.46],[33.24,8.46],[33.16,8.36],[33.19,8.14],[32.99,7.92],[33.06,7.8],[33.72,7.66],[34.01,7.41],[34.03,7.25],[34.18,7.17],[34.28,6.98],[34.5,6.89],[34.52,6.75],[34.7,6.68],[34.98,5.84],[35.32,5.35]]],"type":"Polygon"},"properties":{"name":"S. Sudan"},"type":"Feature"},{"geometry":{"coordinates":[[[-62.87,17.93],[-62.79,17.92],[-62.81,17.89],[-62.87,17.93]]],"type":"Polygon"},"properties":{"name":"Saint Barthelemy"},"type":"Feature"},{"geometry":{"coordinates":[[[[-9.93,-40.4],[-10.04,-40.33],[-9.95,-40.3],[-9.93,-40.4]]],[[[-12.24,-37.06],[-12.19,-37.09],[-12.28,-37.15],[-12.34,-37.1],[-12.24,-37.06]]],[[[-5.66,-15.98],[-5.78,-16.01],[-5.76,-15.93],[-5.68,-15.91],[-5.66,-15.98]]],[[[-14.39,-7.98],[-14.42,-7.94],[-14.38,-7.88],[-14.31,-7.93],[-14.39,-7.98]]]],"type":"MultiPolygon"},"properties":{"name":"Saint Helena"},"type":"Feature"},{"geometry":{"coordinates":[[[[-62.86,17.36],[-62.82,17.42],[-62.62,17.23],[-62.86,17.36]]],[[[-62.6,17.2],[-62.55,17.18],[-62.55,17.1],[-62.63,17.14],[-62.6,17.2]]]],"type":"MultiPolygon"},"properties":{"name":"Saint Kitts and Nevis"},"type":"Feature"},{"geometry":{"coordinates":[[[-61.05,13.77],[-61.08,13.88],[-60.93,14.11],[-60.93,13.76],[-61.05,13.77]]],"type":"Polygon"},"properties":{"name":"Saint Lucia"},"type":"Feature"},{"geometry":{"coordinates":[[[-63.11,18.07],[-63.15,18.07],[-63.02,18.12],[-63.02,18.03],[-63.11,18.07]]],"type":"Polygon"},"properties":{"name":"Saint Martin"},"type":"Feature"},{"geometry":{"coordinates":[[[[-56.17,46.76],[-56.24,46.77],[-56.19,46.81],[-56.17,46.76]]],[[[-56.35,46.78],[-56.39,46.82],[-56.33,46.91],[-56.39,47.05],[-56.37,47.14],[-56.25,47.05],[-56.35,46.99],[-56.24,46.87],[-56.35,46.78]]]],"type":"MultiPolygon"},"properties":{"name":"Saint Pierre and Miquelon"},"type":"Feature"},{"geometry":{"coordinates":[[[[-61.46,12.59],[-61.46,12.61],[-61.43,12.6],[-61.46,12.59]]],[[[-61.33,12.69],[-61.35,12.7],[-61.33,12.73],[-61.33,12.69]]],[[[-61.19,12.87],[-61.17,12.88],[-61.18,12.86],[-61.19,12.87]]],[[[-61.28,13.0],[-61.2,13.05],[-61.19,13.04],[-61.28,13.0]]],[[[-61.28,13.22],[-61.18,13.38],[-61.12,13.25],[-61.19,13.13],[-61.28,13.22]]]],"type":"MultiPolygon"},"properties":{"name":"Saint Vincent and the Grenadines"},"type":"Feature"},{"geometry":{"coordinates":[[[[-171.83,-13.81],[-171.61,-13.88],[-171.44,-14.05],[-171.91,-14.01],[-172.06,-13.91],[-171.83,-13.81]]],[[[-172.52,-13.81],[-172.78,-13.52],[-172.3,-13.48],[-172.18,-13.68],[-172.26,-13.8],[-172.52,-13.81]]]],"type":"MultiPolygon"},"properties":{"name":"Samoa"},"type":"Feature"},{"geometry":{"coordinates":[[[12.4,43.95],[12.48,43.98],[12.46,43.9],[12.4,43.95]]],"type":"Polygon"},"properties":{"name":"San Marino"},"type":"Feature"},{"geometry":{"coordinates":[[[[6.75,0.23],[6.53,0.02],[6.47,0.27],[6.7,0.39],[6.75,0.23]]],[[[7.4,1.53],[7.33,1.57],[7.39,1.69],[7.46,1.67],[7.4,1.53]]]],"type":"MultiPolygon"},"properties":{"name":"Sao Tome and Principe"},"type":"Feature"},{"geometry":{"coordinates":[[[[41.43,18.47],[41.21,18.7],[41.25,18.83],[41.14,18.94],[41.18,19.07],[41.07,19.13],[40.94,19.51],[40.76,19.61],[40.74,19.78],[40.66,19.76],[40.53,19.96],[40.08,20.28],[39.9,20.31],[39.94,20.26],[39.76,20.35],[39.17,21.11],[39.08,21.32],[39.17,21.4],[39.11,21.75],[38.93,22.01],[39.01,22.0],[39.14,22.4],[39.07,22.37],[39.01,22.77],[38.8,23.0],[38.8,23.15],[38.45,23.78],[37.94,24.14],[37.95,24.21],[37.87,24.15],[37.43,24.37],[37.46,24.44],[37.15,24.85],[37.26,24.87],[37.24,25.18],[36.94,25.65],[36.7,25.78],[36.7,26.02],[36.51,26.11],[36.03,26.91],[35.16,28.01],[35.22,28.05],[35.05,28.12],[34.8,28.07],[34.71,28.14],[34.65,28.1],[34.67,28.07],[34.61,28.03],[34.57,28.09],[34.8,28.53],[34.95,29.35],[36.07,29.2],[36.48,29.49],[36.73,29.85],[37.47,29.99],[37.65,30.33],[37.98,30.5],[36.96,31.49],[38.96,31.99],[39.16,32.12],[40.37,31.94],[42.08,31.08],[44.69,29.2],[47.43,28.99],[47.67,28.53],[48.43,28.54],[48.65,28.05],[48.79,28.01],[48.74,27.96],[48.88,27.83],[48.87,27.77],[48.84,27.73],[48.81,27.83],[48.78,27.72],[48.88,27.69],[48.83,27.61],[49.24,27.55],[49.31,27.45],[49.12,27.44],[49.26,27.41],[49.22,27.33],[49.31,27.34],[49.32,27.21],[49.41,27.2],[49.37,27.15],[49.57,27.19],[49.7,26.96],[50.16,26.66],[49.99,26.72],[50.03,26.49],[50.22,26.32],[50.14,26.04],[50.03,26.2],[49.99,26.0],[50.1,25.99],[50.26,25.63],[50.14,25.73],[50.15,25.7],[50.47,25.44],[50.56,25.05],[50.76,24.74],[50.98,24.57],[51.27,24.62],[51.3,24.52],[51.4,24.63],[51.5,24.58],[51.28,24.31],[51.57,24.26],[51.59,24.08],[52.54,22.95],[55.11,22.62],[55.19,22.7],[55.64,22.0],[54.98,20.0],[51.98,19.0],[49.04,18.58],[48.16,18.15],[47.59,17.46],[47.43,17.09],[47.16,16.95],[46.97,16.96],[46.71,17.28],[46.32,17.22],[45.43,17.31],[45.17,17.43],[44.15,17.4],[43.92,17.3],[43.41,17.52],[43.17,17.33],[43.25,17.27],[43.12,17.09],[43.11,16.91],[43.21,16.8],[43.18,16.66],[43.08,16.67],[43.04,16.54],[42.79,16.37],[42.71,16.73],[42.36,17.18],[42.36,17.02],[42.31,17.44],[41.79,17.83],[41.43,18.47]]],[[[36.88,25.37],[36.78,25.5],[36.9,25.39],[36.88,25.37]]],[[[36.95,25.44],[36.95,25.47],[37.02,25.46],[36.95,25.44]]],[[[36.78,25.5],[36.68,25.55],[36.73,25.57],[36.88,25.44],[36.78,25.5]]],[[[36.87,25.55],[36.84,25.54],[36.83,25.56],[36.87,25.55]]],[[[36.93,25.59],[36.92,25.52],[36.9,25.55],[36.93,25.59]]],[[[36.53,25.59],[36.5,25.66],[36.54,25.7],[36.66,25.55],[36.53,25.59]]],[[[36.56,25.8],[36.6,25.7],[36.54,25.76],[36.54,25.8],[36.58,25.86],[36.56,25.8]]],[[[41.89,16.71],[41.76,16.9],[41.95,16.73],[42.1,16.79],[42.19,16.61],[41.89,16.71]]],[[[41.93,16.95],[42.0,16.76],[41.83,16.89],[41.93,16.95]]],[[[41.84,17.0],[41.92,16.99],[41.93,16.95],[41.84,17.0]]],[[[49.53,27.35],[49.45,27.32],[49.53,27.37],[49.66,27.31],[49.53,27.35]]]],"type":"MultiPolygon"},"properties":{"name":"Saudi Arabia"},"type":"Feature"},{"geometry":{"coordinates":[[[-16.73,12.33],[-16.8,12.49],[-16.58,12.63],[-16.53,12.57],[-16.37,12.55],[-16.03,12.63],[-15.84,12.56],[-15.63,12.54],[-15.51,12.64],[-15.53,12.78],[-15.41,12.8],[-15.39,12.84],[-15.55,12.79],[-15.54,12.65],[-15.64,12.56],[-15.91,12.6],[-16.02,12.73],[-16.08,12.64],[-16.37,12.56],[-16.5,12.71],[-16.51,12.63],[-16.63,12.67],[-16.65,12.63],[-16.75,12.57],[-16.78,12.68],[-16.7,12.74],[-16.8,12.72],[-16.8,12.81],[-16.71,13.16],[-15.83,13.16],[-15.82,13.33],[-15.28,13.38],[-15.14,13.59],[-14.37,13.24],[-13.82,13.38],[-13.94,13.57],[-14.37,13.45],[-14.54,13.64],[-14.74,13.62],[-14.88,13.78],[-15.08,13.82],[-15.39,13.77],[-15.52,13.58],[-16.56,13.59],[-16.51,13.74],[-16.6,13.65],[-16.63,13.76],[-16.56,13.85],[-16.49,13.8],[-16.49,14.0],[-16.7,13.77],[-16.75,13.95],[-16.78,13.84],[-16.79,14.06],[-16.96,14.39],[-17.22,14.69],[-17.42,14.74],[-17.44,14.65],[-17.54,14.76],[-17.17,14.9],[-16.88,15.23],[-16.53,15.78],[-16.47,16.17],[-16.3,16.51],[-16.13,16.55],[-15.67,16.48],[-15.46,16.58],[-15.13,16.58],[-15.11,16.67],[-14.97,16.69],[-14.41,16.66],[-13.98,16.34],[-13.84,16.12],[-13.73,16.19],[-13.67,16.11],[-13.48,16.15],[-13.32,15.93],[-13.24,15.62],[-13.11,15.6],[-13.08,15.49],[-12.96,15.51],[-12.83,15.28],[-12.89,15.25],[-12.48,15.02],[-12.18,14.69],[-12.22,14.39],[-12.03,14.25],[-11.96,13.89],[-12.1,13.7],[-11.83,13.31],[-11.74,13.41],[-11.61,13.36],[-11.53,13.11],[-11.39,12.96],[-11.47,12.54],[-11.39,12.4],[-12.1,12.41],[-12.36,12.31],[-12.91,12.54],[-13.05,12.47],[-13.08,12.64],[-13.73,12.67],[-15.2,12.68],[-15.68,12.44],[-16.17,12.45],[-16.73,12.33]],[[-16.59,12.76],[-16.6,12.8],[-16.63,12.67],[-16.59,12.76]],[[-16.58,13.99],[-16.59,14.04],[-16.36,14.17],[-16.47,14.19],[-16.65,14.0],[-16.72,14.02],[-16.65,14.1],[-16.73,14.06],[-16.75,13.95],[-16.58,13.99]]],"type":"Polygon"},"properties":{"name":"Senegal"},"type":"Feature"},{"geometry":{"coordinates":[[[[46.49,-9.73],[46.51,-9.72],[46.49,-9.76],[46.49,-9.73]]],[[[46.47,-9.39],[46.45,-9.34],[46.53,-9.38],[46.47,-9.39]]],[[[46.23,-9.45],[46.21,-9.39],[46.32,-9.42],[46.47,-9.39],[46.23,-9.45]]],[[[46.32,-9.33],[46.43,-9.34],[46.38,-9.36],[46.32,-9.33]]],[[[55.45,-4.56],[55.54,-4.8],[55.48,-4.71],[55.39,-4.66],[55.45,-4.56]]],[[[55.27,-4.48],[55.24,-4.5],[55.22,-4.46],[55.27,-4.48]]],[[[56.26,-7.14],[56.29,-7.11],[56.27,-7.15],[56.26,-7.14]]],[[[55.83,-4.37],[55.83,-4.34],[55.86,-4.36],[55.83,-4.37]]],[[[55.68,-4.3],[55.79,-4.33],[55.76,-4.36],[55.68,-4.3]]],[[[55.73,-4.29],[55.71,-4.28],[55.74,-4.28],[55.73,-4.29]]],[[[55.65,-3.8],[55.66,-3.79],[55.67,-3.81],[55.65,-3.8]]]],"type":"MultiPolygon"},"properties":{"name":"Seychelles"},"type":"Feature"},{"geometry":{"coordinates":[[[76.78,35.65],[77.38,35.47],[77.8,35.5],[77.05,35.11],[76.78,35.65]]],"type":"Polygon"},"properties":{"name":"Siachen Glacier"},"type":"Feature"},{"geometry":{"coordinates":[[[[-12.55,7.39],[-12.61,7.48],[-12.95,7.58],[-12.62,7.64],[-12.51,7.55],[-12.55,7.39]]],[[[-11.32,7.21],[-11.48,6.92],[-11.84,7.15],[-12.51,7.39],[-12.37,7.39],[-12.49,7.45],[-12.43,7.53],[-12.18,7.6],[-12.46,7.56],[-12.54,7.65],[-12.47,7.79],[-12.6,7.68],[-12.77,7.75],[-12.76,7.82],[-12.96,7.91],[-12.82,7.92],[-12.97,8.25],[-13.16,8.17],[-13.29,8.42],[-13.29,8.5],[-13.21,8.49],[-13.06,8.37],[-13.03,8.38],[-13.12,8.47],[-12.87,8.57],[-12.93,8.58],[-12.88,8.69],[-13.06,8.58],[-13.03,8.65],[-13.16,8.67],[-13.11,8.58],[-13.16,8.52],[-13.24,8.83],[-12.99,8.86],[-13.13,8.86],[-13.08,8.94],[-13.27,8.95],[-13.3,9.04],[-13.12,9.04],[-12.96,9.18],[-12.96,9.27],[-12.76,9.35],[-12.47,9.88],[-12.28,9.93],[-12.14,9.87],[-11.92,9.92],[-11.91,9.99],[-11.2,9.98],[-10.83,9.39],[-10.68,9.31],[-10.75,9.08],[-10.59,9.05],[-10.6,8.82],[-10.48,8.67],[-10.74,8.29],[-10.28,8.48],[-10.32,8.18],[-10.61,8.03],[-10.62,7.77],[-11.32,7.21]]]],"type":"MultiPolygon"},"properties":{"name":"Sierra Leone"},"type":"Feature"},{"geometry":{"coordinates":[[[103.84,1.27],[103.64,1.32],[103.8,1.45],[104.0,1.38],[103.84,1.27]]],"type":"Polygon"},"properties":{"name":"Singapore"},"type":"Feature"},{"geometry":{"coordinates":[[[-63.09,18.06],[-63.02,18.03],[-63.1,18.04],[-63.09,18.06]]],"type":"Polygon"},"properties":{"name":"Sint Maarten"},"type":"Feature"},{"geometry":{"coordinates":[[[18.74,47.97],[18.82,47.83],[18.69,47.78],[17.83,47.75],[17.34,48.0],[17.07,48.04],[16.85,48.38],[17.03,48.75],[17.17,48.86],[17.73,48.86],[18.08,49.05],[18.16,49.26],[18.54,49.48],[18.93,49.5],[18.96,49.39],[19.14,49.39],[19.44,49.6],[19.63,49.4],[19.77,49.39],[19.79,49.19],[20.05,49.17],[20.14,49.31],[20.32,49.39],[20.69,49.4],[20.92,49.29],[21.07,49.36],[21.05,49.41],[21.26,49.45],[21.82,49.38],[22.04,49.2],[22.54,49.07],[22.31,48.68],[22.14,48.57],[22.1,48.38],[21.76,48.33],[21.44,48.56],[21.11,48.49],[20.78,48.57],[20.48,48.53],[20.32,48.28],[19.93,48.13],[19.62,48.23],[19.43,48.09],[18.93,48.05],[18.74,47.97]]],"type":"Polygon"},"properties":{"name":"Slovakia"},"type":"Feature"},{"geometry":{"coordinates":[[[13.89,45.63],[13.58,45.81],[13.61,45.99],[13.46,46.01],[13.64,46.18],[13.41,46.21],[13.37,46.29],[13.7,46.52],[14.54,46.38],[14.85,46.6],[15.06,46.65],[15.46,46.61],[15.64,46.72],[15.85,46.72],[16.02,46.67],[15.97,46.82],[16.09,46.86],[16.33,46.84],[16.38,46.63],[16.5,46.54],[16.26,46.52],[16.28,46.37],[16.06,46.38],[16.02,46.3],[15.64,46.21],[15.59,46.11],[15.7,46.04],[15.68,45.84],[15.26,45.72],[15.37,45.64],[15.27,45.6],[15.33,45.45],[15.14,45.43],[14.92,45.51],[14.8,45.47],[14.58,45.67],[14.37,45.48],[13.97,45.51],[13.89,45.42],[13.6,45.52],[13.89,45.63]]],"type":"Polygon"},"properties":{"name":"Slovenia"},"type":"Feature"},{"geometry":{"coordinates":[[[[157.48,-8.74],[157.46,-8.71],[157.59,-8.71],[157.61,-8.79],[157.48,-8.74]]],[[[158.04,-8.76],[157.88,-8.68],[157.96,-8.52],[158.13,-8.57],[158.04,-8.76]]],[[[157.41,-8.73],[157.2,-8.57],[157.37,-8.41],[157.41,-8.5],[157.34,-8.6],[157.41,-8.73]]],[[[157.58,-8.44],[157.56,-8.32],[157.63,-8.39],[157.55,-8.26],[157.23,-8.32],[157.22,-8.22],[157.44,-7.98],[157.61,-8.01],[157.64,-8.24],[157.75,-8.23],[157.84,-8.34],[157.91,-8.49],[157.81,-8.62],[157.58,-8.44]]],[[[157.05,-8.24],[157.02,-8.19],[157.1,-8.2],[157.15,-8.34],[157.05,-8.24]]],[[[157.15,-8.22],[157.1,-8.16],[157.19,-8.19],[157.15,-8.22]]],[[[156.81,-8.06],[156.84,-8.11],[156.82,-8.11],[156.81,-8.06]]],[[[156.54,-8.09],[156.55,-7.94],[156.61,-8.04],[156.6,-8.19],[156.54,-8.09]]],[[[157.0,-7.88],[157.14,-7.87],[157.17,-8.14],[157.0,-8.09],[157.0,-7.88]]],[[[156.54,-7.79],[156.56,-7.8],[156.53,-7.83],[156.54,-7.79]]],[[[156.66,-7.94],[156.56,-7.8],[156.52,-7.72],[156.57,-7.57],[156.81,-7.73],[156.66,-7.94]]],[[[157.68,-7.45],[157.72,-7.38],[157.8,-7.47],[157.68,-7.45]]],[[[157.55,-7.45],[157.48,-7.41],[157.59,-7.39],[157.62,-7.45],[157.55,-7.45]]],[[[155.51,-7.38],[155.54,-7.32],[155.62,-7.36],[155.51,-7.38]]],[[[155.73,-7.12],[155.67,-7.09],[155.73,-6.97],[155.86,-7.09],[155.73,-7.12]]],[[[157.45,-7.43],[157.01,-7.28],[156.46,-6.73],[156.45,-6.63],[156.55,-6.61],[157.04,-6.9],[157.19,-7.18],[157.39,-7.32],[157.52,-7.31],[157.45,-7.43]]],[[[156.04,-6.98],[156.09,-6.9],[156.05,-6.85],[156.08,-6.82],[156.12,-6.94],[156.04,-6.98]]],[[[160.39,-11.78],[160.26,-11.63],[160.02,-11.6],[159.97,-11.5],[160.0,-11.46],[160.39,-11.66],[160.58,-11.79],[160.39,-11.78]]],[[[159.79,-11.3],[159.78,-11.28],[159.85,-11.32],[159.79,-11.3]]],[[[160.37,-9.41],[160.79,-9.73],[160.82,-9.87],[160.64,-9.94],[160.32,-9.82],[159.84,-9.79],[159.6,-9.52],[159.59,-9.36],[159.71,-9.25],[159.92,-9.43],[160.37,-9.41]]],[[[159.84,-9.15],[159.83,-9.17],[159.81,-9.15],[159.84,-9.15]]],[[[160.41,-9.13],[160.23,-9.19],[160.22,-9.16],[160.29,-9.14],[160.31,-9.06],[160.41,-9.13]]],[[[159.23,-9.1],[159.17,-9.14],[159.2,-9.06],[159.23,-9.1]]],[[[160.15,-8.99],[160.3,-9.06],[160.26,-9.13],[160.09,-9.04],[160.15,-8.99]]],[[[159.04,-9.07],[159.09,-8.99],[159.2,-9.02],[159.09,-9.11],[159.04,-9.07]]],[[[160.11,-8.97],[160.08,-9.02],[160.07,-9.01],[160.11,-8.97]]],[[[158.15,-8.8],[158.21,-8.68],[158.26,-8.79],[158.15,-8.8]]],[[[159.54,-8.46],[159.56,-8.39],[159.64,-8.38],[159.66,-8.54],[159.54,-8.46]]],[[[159.63,-8.36],[158.95,-8.05],[158.58,-7.75],[158.58,-7.67],[158.45,-7.53],[158.75,-7.59],[159.09,-7.9],[159.4,-7.98],[159.84,-8.33],[159.76,-8.39],[159.9,-8.55],[159.63,-8.36]]],[[[160.63,-7.88],[160.65,-7.93],[160.63,-7.93],[160.63,-7.88]]],[[[158.36,-7.64],[158.32,-7.58],[158.42,-7.58],[158.49,-7.65],[158.36,-7.64]]],[[[158.28,-7.47],[158.43,-7.53],[158.38,-7.55],[158.28,-7.47]]],[[[158.25,-7.47],[158.19,-7.43],[158.27,-7.39],[158.25,-7.47]]],[[[168.82,-12.27],[168.83,-12.28],[168.8,-12.29],[168.82,-12.27]]],[[[166.8,-11.68],[166.78,-11.61],[166.94,-11.61],[166.92,-11.67],[166.98,-11.71],[166.8,-11.68]]],[[[166.96,-11.61],[166.98,-11.61],[166.96,-11.65],[166.96,-11.61]]],[[[166.48,-11.25],[166.54,-11.21],[166.56,-11.28],[166.48,-11.25]]],[[[165.86,-10.87],[165.75,-10.75],[165.88,-10.66],[166.14,-10.67],[165.86,-10.87]]],[[[161.79,-10.73],[161.52,-10.56],[161.51,-10.36],[161.28,-10.32],[161.3,-10.21],[161.84,-10.45],[162.11,-10.46],[162.29,-10.69],[162.27,-10.81],[162.37,-10.84],[161.79,-10.73]]],[[[165.76,-10.41],[165.74,-10.42],[165.72,-10.41],[165.76,-10.41]]],[[[166.23,-10.28],[166.24,-10.22],[166.28,-10.27],[166.23,-10.28]]],[[[161.75,-10.22],[161.77,-10.28],[161.74,-10.29],[161.75,-10.22]]],[[[167.17,-9.89],[167.17,-9.86],[167.19,-9.87],[167.17,-9.89]]],[[[161.98,-9.69],[161.98,-9.85],[161.94,-9.79],[161.98,-9.69]]],[[[161.55,-9.6],[161.56,-9.79],[161.4,-9.67],[161.41,-9.47],[161.35,-9.34],[161.55,-9.6]]],[[[160.87,-9.15],[160.6,-8.33],[160.76,-8.32],[161.0,-8.6],[160.95,-8.81],[161.15,-8.95],[161.28,-9.19],[161.24,-9.29],[161.39,-9.62],[160.87,-9.15]]],[[[162.74,-8.39],[162.73,-8.38],[162.76,-8.38],[162.74,-8.39]]]],"type":"MultiPolygon"},"properties":{"name":"Solomon Islands"},"type":"Feature"},{"geometry":{"coordinates":[[[40.98,-0.87],[40.98,2.84],[41.34,3.2],[41.92,4.07],[42.07,4.17],[42.83,4.3],[43.12,4.65],[43.93,4.95],[44.94,4.91],[46.42,6.5],[47.98,8.0],[48.94,9.45],[48.94,11.25],[50.27,11.59],[50.64,11.95],[50.8,11.99],[51.29,11.83],[51.08,11.34],[51.09,11.19],[51.19,11.14],[51.12,10.99],[51.16,10.6],[51.01,10.43],[51.22,10.44],[51.18,10.56],[51.4,10.48],[51.4,10.4],[51.09,10.41],[50.93,10.33],[50.83,9.42],[50.44,8.89],[50.09,8.16],[49.82,7.93],[49.74,7.59],[49.25,6.81],[49.04,6.14],[47.95,4.46],[46.05,2.46],[45.0,1.87],[43.78,0.92],[41.97,-1.0],[41.95,-0.89],[41.89,-1.21],[41.83,-1.17],[41.84,-1.26],[41.54,-1.7],[41.52,-1.57],[40.98,-0.87]]],"type":"Polygon"},"properties":{"name":"Somalia"},"type":"Feature"},{"geometry":{"coordinates":[[[48.94,9.45],[47.98,8.0],[46.98,8.0],[43.98,9.01],[43.62,9.34],[43.42,9.41],[43.19,9.88],[43.07,9.92],[42.84,10.21],[42.65,10.63],[43.28,11.5],[43.49,11.38],[43.49,11.24],[43.83,10.8],[44.35,10.41],[44.59,10.38],[44.96,10.42],[45.77,10.88],[46.45,10.69],[47.39,11.18],[47.71,11.1],[48.13,11.14],[48.34,11.28],[48.65,11.33],[48.94,11.25],[48.94,9.45]]],"type":"Polygon"},"properties":{"name":"Somaliland"},"type":"Feature"},{"geometry":{"coordinates":[[[[23.41,-34.11],[23.0,-34.03],[23.03,-34.09],[22.94,-34.08],[22.73,-33.98],[22.79,-34.03],[22.19,-34.08],[22.13,-34.19],[21.95,-34.22],[21.89,-34.34],[21.75,-34.39],[21.54,-34.35],[21.31,-34.42],[20.91,-34.36],[20.81,-34.4],[20.84,-34.47],[20.48,-34.47],[20.0,-34.82],[19.86,-34.75],[19.64,-34.77],[19.4,-34.6],[19.3,-34.62],[19.36,-34.5],[19.29,-34.41],[19.12,-34.4],[19.14,-34.29],[18.82,-34.38],[18.86,-34.15],[18.8,-34.09],[18.5,-34.1],[18.44,-34.16],[18.49,-34.34],[18.42,-34.32],[18.31,-34.03],[18.49,-33.86],[18.43,-33.7],[17.95,-33.1],[18.13,-33.2],[18.02,-33.01],[17.9,-33.04],[17.84,-32.82],[17.97,-32.7],[18.12,-32.77],[18.3,-32.61],[18.35,-32.26],[18.28,-31.89],[17.28,-30.35],[16.82,-29.1],[16.6,-28.86],[16.49,-28.57],[16.74,-28.48],[16.77,-28.27],[16.89,-28.08],[17.08,-28.03],[17.21,-28.23],[17.35,-28.23],[17.4,-28.4],[17.32,-28.47],[17.42,-28.59],[17.4,-28.7],[17.58,-28.68],[17.63,-28.76],[17.91,-28.78],[18.17,-28.9],[18.75,-28.84],[19.12,-28.96],[19.29,-28.88],[19.27,-28.74],[19.46,-28.71],[19.57,-28.53],[19.98,-28.42],[19.98,-24.75],[20.36,-25.03],[20.66,-25.47],[20.64,-25.62],[20.84,-26.13],[20.61,-26.49],[20.69,-26.89],[20.91,-26.8],[21.66,-26.86],[21.76,-26.8],[21.78,-26.68],[22.06,-26.62],[22.25,-26.35],[22.55,-26.21],[22.72,-25.98],[22.84,-25.48],[23.03,-25.3],[23.46,-25.28],[23.92,-25.63],[24.18,-25.63],[24.34,-25.75],[24.66,-25.82],[25.46,-25.71],[25.59,-25.62],[25.84,-25.02],[25.87,-24.75],[26.4,-24.63],[26.53,-24.46],[26.84,-24.27],[26.97,-23.72],[27.13,-23.53],[27.55,-23.36],[27.61,-23.22],[27.75,-23.22],[28.3,-22.6],[28.91,-22.45],[29.04,-22.22],[29.76,-22.13],[30.33,-22.34],[30.84,-22.28],[31.26,-22.36],[31.54,-23.16],[31.53,-23.46],[31.85,-23.93],[31.99,-24.42],[32.0,-25.64],[31.89,-25.98],[31.4,-25.74],[31.12,-25.91],[30.8,-26.4],[30.8,-26.79],[30.88,-26.77],[30.95,-27.0],[31.14,-27.2],[31.53,-27.31],[31.97,-27.32],[31.99,-26.81],[32.89,-26.85],[32.39,-28.54],[32.02,-28.78],[32.07,-28.81],[32.01,-28.87],[31.77,-28.92],[31.37,-29.33],[31.01,-29.88],[31.05,-29.91],[30.01,-31.29],[29.41,-31.68],[28.55,-32.56],[27.38,-33.36],[26.52,-33.76],[25.79,-33.74],[25.63,-33.86],[25.7,-34.03],[24.95,-33.99],[24.83,-34.21],[23.64,-33.98],[23.41,-34.02],[23.41,-34.11]],[[28.63,-28.57],[28.15,-28.7],[28.01,-28.88],[27.75,-28.91],[27.3,-29.52],[27.02,-29.62],[27.2,-29.98],[27.38,-30.14],[27.37,-30.31],[27.45,-30.31],[27.74,-30.6],[28.08,-30.66],[28.13,-30.46],[28.24,-30.35],[28.2,-30.28],[28.38,-30.14],[28.8,-30.09],[29.14,-29.92],[29.11,-29.75],[29.44,-29.34],[29.31,-29.09],[28.63,-28.57]]],[[[37.81,-46.97],[37.58,-46.9],[37.69,-46.82],[37.87,-46.88],[37.81,-46.97]]],[[[37.94,-46.65],[37.86,-46.64],[37.9,-46.6],[37.98,-46.62],[37.94,-46.65]]]],"type":"MultiPolygon"},"properties":{"name":"South Africa"},"type":"Feature"},{"geometry":{"coordinates":[[[[-28.21,-56.73],[-28.21,-56.71],[-28.17,-56.7],[-28.21,-56.73]]],[[[-34.58,-55.08],[-34.59,-55.06],[-34.57,-55.06],[-34.58,-55.08]]],[[[-34.65,-55.05],[-34.68,-55.03],[-34.63,-55.02],[-34.65,-55.05]]],[[[-34.75,-55.0],[-34.75,-54.99],[-34.71,-54.98],[-34.75,-55.0]]],[[[-37.09,-54.51],[-37.11,-54.48],[-37.07,-54.46],[-37.02,-54.5],[-37.09,-54.51]]],[[[-35.94,-54.81],[-36.11,-54.76],[-35.92,-54.85],[-36.12,-54.88],[-36.5,-54.51],[-36.81,-54.45],[-36.88,-54.34],[-37.15,-54.26],[-37.41,-54.26],[-37.32,-54.23],[-37.41,-54.18],[-37.24,-54.15],[-37.69,-54.17],[-37.66,-54.1],[-37.72,-54.09],[-37.61,-54.04],[-38.03,-54.01],[-37.38,-53.98],[-37.46,-54.03],[-37.12,-54.03],[-37.15,-54.11],[-37.01,-54.05],[-37.02,-54.12],[-36.66,-54.11],[-36.72,-54.17],[-36.49,-54.18],[-36.68,-54.28],[-36.49,-54.23],[-36.5,-54.35],[-36.35,-54.36],[-36.39,-54.24],[-36.26,-54.29],[-36.26,-54.37],[-36.02,-54.5],[-36.07,-54.57],[-35.89,-54.55],[-35.94,-54.69],[-35.82,-54.75],[-35.94,-54.81]]],[[[-41.76,-53.56],[-41.74,-53.56],[-41.72,-53.58],[-41.76,-53.56]]],[[[-42.12,-53.47],[-42.11,-53.46],[-42.08,-53.48],[-42.12,-53.47]]],[[[-27.15,-59.47],[-27.25,-59.46],[-27.23,-59.44],[-27.15,-59.47]]],[[[-27.37,-59.46],[-27.41,-59.43],[-27.33,-59.42],[-27.3,-59.47],[-27.37,-59.46]]],[[[-26.63,-59.06],[-26.66,-59.02],[-26.6,-59.0],[-26.52,-59.05],[-26.63,-59.06]]],[[[-26.43,-58.45],[-26.46,-58.43],[-26.28,-58.39],[-26.25,-58.49],[-26.43,-58.45]]],[[[-26.46,-57.74],[-26.36,-57.79],[-26.45,-57.81],[-26.51,-57.77],[-26.46,-57.74]]],[[[-26.66,-57.09],[-26.73,-57.06],[-26.69,-57.05],[-26.66,-57.09]]],[[[-27.16,-56.72],[-27.21,-56.7],[-27.15,-56.68],[-27.11,-56.71],[-27.16,-56.72]]],[[[-27.57,-56.32],[-27.61,-56.29],[-27.57,-56.27],[-27.57,-56.32]]]],"type":"MultiPolygon"},"properties":{"name":"South Georgia and the Islands"},"type":"Feature"},{"geometry":{"coordinates":[[[[125.12,34.08],[125.13,34.05],[125.09,34.07],[125.12,34.08]]],[[[126.03,34.29],[126.03,34.31],[126.09,34.31],[126.03,34.29]]],[[[126.16,34.35],[126.1,34.4],[126.26,34.58],[126.38,34.5],[126.34,34.4],[126.16,34.35]]],[[[126.06,34.53],[126.03,34.54],[126.06,34.57],[126.08,34.58],[126.09,34.55],[126.06,34.53]]],[[[126.06,34.57],[126.03,34.57],[126.03,34.63],[126.06,34.57]]],[[[125.96,34.66],[125.92,34.69],[125.98,34.73],[125.96,34.66]]],[[[126.1,34.72],[126.07,34.77],[126.17,34.75],[126.1,34.72]]],[[[125.92,34.72],[125.89,34.74],[126.0,34.79],[125.92,34.72]]],[[[126.12,34.78],[126.09,34.79],[126.16,34.8],[126.12,34.78]]],[[[126.15,34.87],[126.11,34.8],[126.06,34.84],[126.15,34.87]]],[[[126.31,34.86],[126.23,34.85],[126.3,34.92],[126.31,34.86]]],[[[126.05,34.86],[125.99,34.86],[126.07,34.93],[126.05,34.86]]],[[[126.25,34.92],[126.23,34.91],[126.22,34.93],[126.25,34.92]]],[[[126.13,35.04],[126.13,35.05],[126.17,35.05],[126.13,35.04]]],[[[126.24,35.1],[126.26,35.02],[126.24,35.05],[126.18,35.06],[126.24,35.1]]],[[[126.07,35.1],[126.17,35.14],[126.11,35.05],[126.07,35.1]]],[[[126.28,35.61],[126.31,35.61],[126.26,35.57],[126.28,35.61]]],[[[126.15,37.24],[126.16,37.23],[126.09,37.23],[126.15,37.24]]],[[[125.68,37.68],[125.71,37.67],[125.69,37.65],[125.68,37.68]]],[[[126.22,37.76],[126.22,37.77],[126.34,37.79],[126.22,37.76]]],[[[124.67,37.82],[124.72,37.85],[124.73,37.84],[124.67,37.82]]],[[[124.61,37.95],[124.74,37.97],[124.73,37.95],[124.61,37.95]]],[[[126.84,33.31],[126.57,33.23],[126.27,33.2],[126.16,33.3],[126.31,33.46],[126.65,33.55],[126.82,33.56],[126.94,33.44],[126.84,33.31]]],[[[126.54,34.13],[126.51,34.14],[126.53,34.18],[126.6,34.15],[126.54,34.13]]],[[[126.64,34.13],[126.65,34.2],[126.67,34.19],[126.64,34.13]]],[[[126.85,34.16],[126.87,34.21],[126.92,34.18],[126.85,34.16]]],[[[126.55,34.19],[126.56,34.23],[126.62,34.21],[126.55,34.19]]],[[[126.76,34.34],[126.89,34.34],[126.85,34.3],[126.76,34.34]]],[[[126.64,34.34],[126.65,34.4],[126.72,34.38],[126.75,34.29],[126.64,34.34]]],[[[127.04,34.31],[126.99,34.36],[127.03,34.38],[127.04,34.31]]],[[[126.86,34.39],[126.78,34.35],[126.75,34.39],[126.86,34.39]]],[[[127.14,34.42],[127.11,34.46],[127.23,34.48],[127.14,34.42]]],[[[127.58,34.91],[127.66,34.81],[127.78,34.85],[127.74,34.73],[127.62,34.7],[127.64,34.62],[127.56,34.66],[127.52,34.89],[127.37,34.82],[127.5,34.59],[127.35,34.59],[127.44,34.54],[127.34,34.45],[127.12,34.54],[127.21,34.64],[127.19,34.57],[127.25,34.58],[127.27,34.71],[127.36,34.7],[127.25,34.77],[127.01,34.61],[126.9,34.42],[126.81,34.45],[126.78,34.59],[126.73,34.43],[126.65,34.4],[126.63,34.4],[126.6,34.3],[126.52,34.29],[126.47,34.47],[126.54,34.56],[126.3,34.59],[126.29,34.75],[126.37,34.61],[126.46,34.58],[126.38,34.71],[126.54,34.62],[126.62,34.63],[126.36,34.75],[126.51,34.78],[126.37,34.79],[126.44,34.98],[126.32,34.94],[126.37,35.02],[126.25,35.12],[126.34,35.16],[126.43,35.02],[126.45,35.1],[126.31,35.23],[126.46,35.35],[126.49,35.53],[126.69,35.53],[126.47,35.64],[126.66,35.79],[126.78,35.76],[126.7,35.85],[126.84,35.89],[126.61,35.89],[126.52,35.97],[126.74,35.99],[126.87,36.06],[126.69,36.0],[126.59,36.13],[126.49,36.13],[126.6,36.17],[126.51,36.32],[126.58,36.35],[126.5,36.42],[126.62,36.47],[126.5,36.45],[126.48,36.75],[126.42,36.61],[126.34,36.74],[126.3,36.58],[126.27,36.72],[126.18,36.67],[126.21,36.73],[126.13,36.7],[126.13,36.76],[126.21,36.78],[126.19,36.89],[126.28,36.87],[126.31,36.97],[126.28,36.8],[126.36,36.79],[126.33,36.85],[126.42,36.92],[126.35,37.0],[126.45,37.0],[126.48,36.84],[126.52,36.95],[126.58,36.9],[126.5,37.05],[126.63,37.0],[126.63,36.91],[126.68,36.99],[126.8,36.96],[126.85,36.75],[126.86,36.87],[126.99,36.92],[127.04,36.98],[126.91,36.93],[126.82,37.0],[126.91,37.01],[126.89,37.1],[126.76,37.05],[126.86,37.18],[126.69,37.13],[126.72,37.21],[126.66,37.25],[126.87,37.27],[126.62,37.38],[126.64,37.5],[126.53,37.75],[126.65,37.77],[126.66,37.67],[126.76,37.64],[126.68,37.69],[126.67,37.94],[126.97,38.22],[127.16,38.31],[128.11,38.32],[128.36,38.62],[128.63,38.14],[129.06,37.68],[129.43,37.07],[129.47,36.73],[129.38,36.04],[129.45,35.99],[129.55,36.08],[129.59,36.02],[129.45,35.51],[129.37,35.53],[129.36,35.35],[129.12,35.1],[128.76,35.08],[128.6,35.21],[128.65,35.06],[128.39,35.05],[128.5,35.01],[128.42,34.98],[128.47,34.89],[128.41,34.84],[128.34,34.95],[128.06,34.93],[128.07,35.08],[127.89,34.95],[127.73,34.98],[127.58,34.91]],[[126.67,34.81],[126.58,34.82],[126.57,34.9],[126.51,34.78],[126.67,34.81]]],[[[126.31,36.58],[126.36,36.61],[126.43,36.41],[126.36,36.41],[126.31,36.58]]],[[[126.54,37.28],[126.58,37.29],[126.62,37.24],[126.54,37.2],[126.54,37.28]]],[[[126.44,37.24],[126.44,37.26],[126.48,37.28],[126.44,37.24]]],[[[126.44,37.42],[126.36,37.47],[126.51,37.53],[126.58,37.49],[126.44,37.42]]],[[[126.32,37.75],[126.38,37.67],[126.35,37.66],[126.28,37.7],[126.32,37.75]]],[[[126.37,37.63],[126.42,37.65],[126.41,37.82],[126.52,37.75],[126.54,37.63],[126.37,37.63]]],[[[127.28,34.04],[127.3,34.06],[127.32,34.01],[127.28,34.04]]],[[[127.45,34.45],[127.45,34.47],[127.53,34.45],[127.45,34.45]]],[[[127.73,34.51],[127.71,34.54],[127.76,34.54],[127.73,34.51]]],[[[128.23,34.65],[128.3,34.64],[128.28,34.62],[128.23,34.65]]],[[[127.74,34.61],[127.76,34.71],[127.8,34.71],[127.82,34.6],[127.74,34.61]]],[[[128.41,34.76],[128.33,34.83],[128.43,34.83],[128.41,34.76]]],[[[128.21,34.82],[128.23,34.84],[128.26,34.81],[128.21,34.82]]],[[[127.87,34.72],[127.83,34.87],[127.92,34.94],[127.92,34.84],[128.07,34.82],[128.07,34.74],[127.87,34.72]]],[[[128.68,34.72],[128.58,34.71],[128.6,34.84],[128.49,34.87],[128.65,34.89],[128.61,34.95],[128.7,35.03],[128.74,34.81],[128.68,34.72]]],[[[128.02,34.92],[128.08,34.84],[128.03,34.84],[128.02,34.92]]],[[[128.8,35.06],[128.84,35.06],[128.83,34.99],[128.8,35.06]]],[[[130.81,37.52],[130.92,37.54],[130.9,37.46],[130.81,37.52]]]],"type":"MultiPolygon"},"properties":{"name":"South Korea"},"type":"Feature"},{"geometry":{"coordinates":[[[[-17.99,27.64],[-18.17,27.76],[-17.93,27.85],[-17.88,27.81],[-17.99,27.64]]],[[[-15.38,27.85],[-15.58,27.73],[-15.82,27.92],[-15.71,28.17],[-15.41,28.18],[-15.38,27.85]]],[[[-17.26,28.02],[-17.34,28.17],[-17.21,28.21],[-17.1,28.1],[-17.26,28.02]]],[[[-16.69,28.0],[-16.92,28.35],[-16.51,28.42],[-16.32,28.57],[-16.12,28.57],[-16.36,28.38],[-16.43,28.15],[-16.69,28.0]]],[[[-13.93,28.24],[-14.34,28.05],[-14.51,28.07],[-14.22,28.22],[-13.99,28.73],[-13.86,28.74],[-13.82,28.64],[-13.93,28.24]]],[[[-17.76,28.58],[-17.84,28.46],[-18.0,28.78],[-17.8,28.85],[-17.76,28.58]]],[[[-13.51,28.98],[-13.77,28.84],[-13.87,28.86],[-13.78,29.06],[-13.54,29.14],[-13.48,29.24],[-13.44,29.16],[-13.51,28.98]]],[[[-13.48,29.27],[-13.54,29.23],[-13.53,29.25],[-13.48,29.27]]],[[[-5.28,35.91],[-5.34,35.85],[-5.4,35.92],[-5.28,35.91]]],[[[-5.44,36.06],[-5.61,36.01],[-6.04,36.19],[-6.31,36.53],[-6.23,36.47],[-6.18,36.51],[-6.44,36.73],[-6.35,36.79],[-6.34,36.88],[-6.22,36.9],[-6.19,36.93],[-6.34,36.9],[-6.39,36.81],[-6.5,36.96],[-6.89,37.17],[-6.85,37.3],[-6.96,37.23],[-6.93,37.17],[-7.41,37.19],[-7.53,37.56],[-7.27,37.98],[-7.02,38.02],[-6.95,38.2],[-7.1,38.17],[-7.36,38.45],[-7.28,38.72],[-7.06,38.86],[-6.99,39.07],[-7.24,39.2],[-7.31,39.46],[-7.56,39.68],[-7.02,39.69],[-6.88,40.01],[-7.04,40.18],[-6.79,40.36],[-6.86,40.44],[-6.82,40.86],[-6.94,41.02],[-6.8,41.06],[-6.65,41.27],[-6.32,41.41],[-6.21,41.57],[-6.54,41.66],[-6.52,41.87],[-6.61,41.96],[-7.15,41.99],[-7.22,41.88],[-7.44,41.81],[-7.72,41.9],[-7.9,41.86],[-7.91,41.91],[-8.18,41.81],[-8.23,41.9],[-8.1,42.04],[-8.2,42.07],[-8.22,42.15],[-8.63,42.05],[-8.88,41.89],[-8.9,42.12],[-8.83,42.13],[-8.62,42.35],[-8.87,42.26],[-8.66,42.44],[-8.84,42.4],[-8.94,42.47],[-8.83,42.46],[-8.73,42.69],[-9.03,42.54],[-9.03,42.71],[-8.89,42.83],[-9.1,42.76],[-9.13,42.92],[-9.27,42.89],[-9.28,43.05],[-9.11,43.14],[-9.22,43.16],[-8.93,43.24],[-8.99,43.28],[-8.83,43.34],[-8.69,43.29],[-8.33,43.41],[-8.21,43.31],[-8.18,43.42],[-8.31,43.45],[-8.17,43.49],[-8.33,43.47],[-8.31,43.57],[-7.91,43.77],[-7.86,43.67],[-7.69,43.79],[-7.69,43.73],[-7.37,43.68],[-7.27,43.56],[-7.04,43.56],[-7.04,43.48],[-6.94,43.57],[-6.07,43.57],[-5.85,43.66],[-5.68,43.56],[-5.39,43.56],[-5.41,43.51],[-4.48,43.38],[-3.83,43.5],[-3.77,43.48],[-3.81,43.43],[-3.58,43.52],[-3.43,43.47],[-3.46,43.41],[-3.01,43.32],[-2.95,43.43],[-2.77,43.45],[-2.69,43.37],[-2.13,43.29],[-1.81,43.4],[-1.75,43.29],[-1.4,43.24],[-1.46,43.05],[-1.29,43.11],[-1.15,43.01],[-0.76,42.95],[-0.57,42.77],[-0.32,42.84],[-0.04,42.69],[0.64,42.68],[0.66,42.84],[0.72,42.85],[1.34,42.71],[1.45,42.43],[1.71,42.5],[2.0,42.35],[2.28,42.43],[2.51,42.33],[3.02,42.47],[3.32,42.32],[3.12,42.22],[3.23,41.95],[2.93,41.71],[2.3,41.47],[2.06,41.27],[1.02,41.05],[0.71,40.82],[0.86,40.69],[0.68,40.57],[0.59,40.58],[0.73,40.63],[0.56,40.59],[-0.32,39.52],[-0.16,39.0],[0.23,38.74],[-0.51,38.34],[-0.5,38.21],[-0.62,38.16],[-0.76,37.8],[-0.86,37.74],[-0.73,37.6],[-1.32,37.56],[-1.67,37.36],[-1.81,37.21],[-1.9,36.94],[-2.15,36.73],[-2.36,36.84],[-2.56,36.82],[-2.72,36.68],[-2.93,36.75],[-4.4,36.72],[-4.66,36.51],[-5.19,36.41],[-5.34,36.14],[-5.43,36.17],[-5.44,36.06]]],[[[-2.97,35.31],[-2.95,35.33],[-2.91,35.28],[-2.97,35.31]]],[[[-0.75,37.77],[-0.73,37.67],[-0.75,37.68],[-0.75,37.77]]],[[[1.38,38.64],[1.44,38.76],[1.58,38.65],[1.38,38.64]]],[[[1.4,38.83],[1.22,38.89],[1.36,39.08],[1.59,39.1],[1.4,38.83]]],[[[2.98,39.14],[2.93,39.12],[2.91,39.15],[2.98,39.14]]],[[[3.25,39.39],[3.06,39.27],[2.96,39.36],[2.79,39.38],[2.68,39.56],[2.49,39.47],[2.35,39.58],[2.81,39.87],[3.18,39.97],[3.1,39.91],[3.21,39.89],[3.14,39.79],[3.47,39.72],[3.25,39.39]]],[[[4.25,39.82],[3.83,39.94],[3.8,40.02],[4.17,40.06],[4.32,39.88],[4.25,39.82]]],[[[1.95,42.46],[1.97,42.49],[2.0,42.44],[1.95,42.46]]]],"type":"MultiPolygon"},"properties":{"name":"Spain"},"type":"Feature"},{"geometry":{"coordinates":[[[[114.38,9.68],[114.37,9.68],[114.37,9.69],[114.38,9.68]]],[[[114.37,10.19],[114.37,10.18],[114.36,10.18],[114.37,10.19]]],[[[114.47,10.37],[114.46,10.37],[114.46,10.38],[114.47,10.37]]],[[[115.82,10.72],[115.81,10.73],[115.83,10.74],[115.82,10.72]]],[[[115.02,11.12],[115.02,11.11],[115.01,11.11],[115.02,11.12]]]],"type":"MultiPolygon"},"properties":{"name":"Spratly Is."},"type":"Feature"},{"geometry":{"coordinates":[[[[80.09,6.14],[79.86,6.81],[79.7,8.22],[79.78,8.35],[79.73,8.01],[79.81,7.99],[79.81,8.24],[79.94,8.64],[79.92,8.94],[80.05,9.03],[80.11,9.19],[80.05,9.39],[80.2,9.47],[80.05,9.6],[80.29,9.45],[80.43,9.5],[80.61,9.45],[79.96,9.69],[79.91,9.77],[79.99,9.82],[80.12,9.82],[80.13,9.78],[80.44,9.58],[80.14,9.8],[80.25,9.83],[80.82,9.27],[80.83,9.14],[80.96,9.02],[80.88,9.04],[80.91,8.94],[80.98,8.98],[81.23,8.65],[81.25,8.55],[81.21,8.57],[81.13,8.5],[81.37,8.48],[81.45,8.13],[81.4,8.19],[81.4,8.14],[81.56,8.0],[81.71,7.71],[81.63,7.76],[81.6,7.73],[81.75,7.62],[81.77,7.46],[81.81,7.41],[81.83,7.47],[81.88,7.33],[81.83,6.77],[81.65,6.43],[81.32,6.21],[80.71,5.96],[80.37,5.98],[80.09,6.14]]],[[[79.88,9.05],[79.91,8.97],[79.7,9.09],[79.88,9.05]]],[[[79.66,9.56],[79.73,9.5],[79.69,9.48],[79.66,9.56]]],[[[79.89,9.76],[79.97,9.62],[79.88,9.63],[79.89,9.76]]],[[[81.81,7.6],[81.81,7.48],[81.79,7.59],[81.73,7.71],[81.81,7.6]]]],"type":"MultiPolygon"},"properties":{"name":"Sri Lanka"},"type":"Feature"},{"geometry":{"coordinates":[[[[23.67,9.69],[23.62,9.91],[23.29,10.44],[22.86,10.89],[22.96,11.21],[22.91,11.4],[22.77,11.4],[22.54,11.63],[22.61,12.07],[22.46,12.03],[22.48,12.16],[22.37,12.46],[22.45,12.61],[22.2,12.74],[22.11,12.65],[21.94,12.64],[21.81,12.79],[21.96,13.1],[22.27,13.33],[22.07,13.78],[22.21,13.96],[22.55,14.14],[22.43,14.26],[22.36,14.54],[22.68,14.69],[22.66,14.86],[22.96,15.2],[22.91,15.54],[23.09,15.7],[23.98,15.72],[23.98,20.0],[24.98,20.0],[24.98,22.0],[31.25,21.99],[31.42,22.23],[31.49,22.17],[31.44,22.0],[36.88,22.0],[36.89,21.65],[37.31,21.06],[37.25,21.01],[37.23,21.13],[37.1,21.21],[37.23,20.57],[37.18,20.35],[37.24,19.58],[37.43,18.86],[37.54,18.72],[37.67,18.74],[37.76,18.63],[37.93,18.59],[38.12,18.41],[38.08,18.35],[38.15,18.25],[38.31,18.31],[38.22,18.22],[38.39,18.22],[38.6,18.01],[38.23,17.53],[38.12,17.55],[38.08,17.48],[38.04,17.55],[37.5,17.31],[37.4,17.03],[36.97,17.06],[37.0,16.84],[36.88,16.51],[36.95,16.28],[36.67,15.72],[36.63,15.45],[36.43,15.13],[36.53,14.26],[36.39,13.6],[36.14,13.03],[36.12,12.72],[35.69,12.66],[35.32,12.02],[35.07,11.82],[35.07,11.55],[34.94,11.25],[34.96,10.9],[34.84,10.73],[34.75,10.68],[34.57,10.88],[34.28,10.57],[34.33,10.22],[34.07,9.45],[33.88,9.5],[33.97,9.85],[33.92,10.17],[33.38,10.65],[33.14,10.74],[33.08,11.6],[33.21,12.21],[32.73,12.22],[32.75,12.0],[32.08,12.0],[32.35,11.7],[32.35,11.31],[32.43,11.08],[31.94,10.66],[31.66,10.21],[31.16,9.76],[30.77,9.72],[30.01,10.27],[29.62,10.06],[29.61,9.91],[29.48,9.76],[28.91,9.53],[28.84,9.32],[28.05,9.33],[27.9,9.6],[27.08,9.61],[26.63,9.48],[25.91,10.18],[25.84,10.42],[25.08,10.29],[24.98,9.97],[24.8,9.82],[24.79,9.52],[24.68,9.37],[24.56,8.89],[24.17,8.69],[23.49,8.73],[23.57,8.97],[23.44,9.02],[23.47,9.17],[23.63,9.28],[23.67,9.69]]],[[[37.24,20.8],[37.27,20.86],[37.28,20.83],[37.26,20.75],[37.24,20.8]]]],"type":"MultiPolygon"},"properties":{"name":"Sudan"},"type":"Feature"},{"geometry":{"coordinates":[[[-54.21,3.13],[-54.17,2.85],[-54.53,2.34],[-54.7,2.32],[-54.7,2.45],[-54.88,2.45],[-54.96,2.61],[-55.32,2.52],[-55.4,2.43],[-55.72,2.4],[-55.97,2.53],[-56.15,2.26],[-55.92,2.05],[-55.95,1.85],[-56.71,2.03],[-57.09,2.77],[-57.2,2.85],[-57.31,3.39],[-57.48,3.34],[-57.65,3.39],[-57.64,3.52],[-57.83,3.66],[-58.03,3.99],[-58.07,4.17],[-57.84,4.65],[-57.92,4.83],[-57.69,5.01],[-57.28,5.03],[-57.29,5.17],[-57.18,5.18],[-57.33,5.33],[-57.16,5.56],[-57.1,5.89],[-56.96,6.01],[-55.94,5.8],[-55.9,5.68],[-55.95,5.88],[-55.84,5.98],[-55.34,5.96],[-55.15,5.91],[-55.13,5.82],[-55.09,5.88],[-55.01,5.86],[-54.86,5.86],[-55.16,5.96],[-55.04,5.99],[-54.04,5.84],[-53.99,5.75],[-54.06,5.51],[-54.49,4.9],[-54.35,4.04],[-53.99,3.61],[-54.21,3.13]]],"type":"Polygon"},"properties":{"name":"Suriname"},"type":"Feature"},{"geometry":{"coordinates":[[[30.79,-26.72],[30.8,-26.4],[31.12,-25.91],[31.4,-25.74],[31.83,-25.98],[32.07,-26.01],[32.11,-26.84],[31.99,-26.81],[31.97,-27.32],[31.53,-27.31],[31.14,-27.2],[30.79,-26.72]]],"type":"Polygon"},"properties":{"name":"Swaziland"},"type":"Feature"},{"geometry":{"coordinates":[[[[14.21,55.82],[14.2,55.73],[14.37,55.55],[14.18,55.39],[12.83,55.38],[12.99,55.45],[12.92,55.55],[13.05,55.69],[12.92,55.75],[12.93,55.83],[12.45,56.3],[12.81,56.24],[12.62,56.42],[12.9,56.47],[12.89,56.64],[12.73,56.65],[12.6,56.82],[12.36,56.92],[12.19,57.21],[12.1,57.24],[12.14,57.31],[12.05,57.35],[12.11,57.39],[12.06,57.46],[11.93,57.36],[11.92,57.62],[11.83,57.66],[11.92,57.7],[11.71,57.7],[11.81,57.78],[11.66,57.84],[11.76,57.9],[11.89,58.22],[11.81,58.3],[11.88,58.33],[11.73,58.33],[11.54,58.24],[11.5,58.28],[11.65,58.44],[11.59,58.4],[11.55,58.46],[11.52,58.34],[11.4,58.26],[11.42,58.39],[11.35,58.35],[11.42,58.44],[11.23,58.34],[11.2,58.4],[11.29,58.47],[11.24,58.51],[11.29,58.58],[11.18,58.72],[11.23,58.84],[11.12,59.02],[11.32,59.1],[11.45,58.9],[11.66,58.92],[11.81,59.25],[11.67,59.61],[11.9,59.71],[11.85,59.87],[12.14,59.9],[12.48,60.08],[12.49,60.31],[12.61,60.42],[12.25,61.0],[12.7,61.05],[12.89,61.35],[12.16,61.72],[12.31,62.29],[12.09,62.59],[12.16,62.73],[12.09,62.91],[12.22,63.0],[11.99,63.29],[12.22,63.47],[12.17,63.6],[12.68,63.96],[12.98,64.06],[13.98,64.02],[14.16,64.19],[14.12,64.44],[13.64,64.58],[14.51,65.32],[14.56,65.7],[14.65,65.8],[14.54,66.13],[15.05,66.15],[15.48,66.27],[15.43,66.49],[16.42,67.05],[16.44,67.2],[16.13,67.42],[16.18,67.5],[16.48,67.56],[16.78,67.9],[17.32,68.11],[17.92,67.97],[18.19,68.2],[18.17,68.54],[18.44,68.57],[19.97,68.35],[20.25,68.48],[19.96,68.54],[20.24,68.66],[20.36,68.8],[20.34,68.91],[20.1,69.02],[20.62,69.04],[20.91,68.98],[20.91,68.89],[22.07,68.48],[22.81,68.39],[23.07,68.29],[23.17,68.12],[23.31,68.15],[23.66,67.95],[23.48,67.86],[23.55,67.59],[23.43,67.49],[23.77,67.42],[23.79,67.34],[23.6,67.26],[23.58,67.15],[24.0,66.81],[23.89,66.75],[23.88,66.56],[23.65,66.46],[23.66,66.32],[23.72,66.21],[24.02,66.05],[24.16,65.82],[23.93,65.76],[23.74,65.83],[23.47,65.83],[23.43,65.77],[23.2,65.83],[23.24,65.77],[23.1,65.7],[22.65,65.91],[22.66,65.76],[22.41,65.86],[22.33,65.84],[22.33,65.74],[22.21,65.76],[22.39,65.67],[22.28,65.7],[22.28,65.63],[22.19,65.62],[22.3,65.61],[22.31,65.67],[22.41,65.54],[21.76,65.73],[22.2,65.55],[21.85,65.54],[22.03,65.47],[21.45,65.36],[21.7,65.29],[21.62,65.24],[21.35,65.37],[21.28,65.35],[21.61,65.17],[21.54,65.14],[21.59,65.07],[21.24,64.95],[21.18,64.84],[21.04,64.83],[21.31,64.77],[21.23,64.75],[21.3,64.67],[21.11,64.7],[21.35,64.57],[21.49,64.58],[21.55,64.53],[21.35,64.53],[21.61,64.45],[20.97,64.15],[20.9,63.98],[20.67,63.79],[20.5,63.82],[20.39,63.68],[20.33,63.75],[20.31,63.65],[20.28,63.73],[20.24,63.65],[20.03,63.66],[19.69,63.43],[19.45,63.56],[19.52,63.41],[19.29,63.47],[19.26,63.33],[19.06,63.26],[19.11,63.22],[19.05,63.18],[18.75,63.26],[18.91,63.21],[18.77,63.17],[18.82,63.22],[18.7,63.23],[18.76,63.16],[18.56,63.18],[18.65,63.11],[18.24,63.0],[18.52,62.99],[18.58,62.96],[18.4,62.96],[18.52,62.92],[18.4,62.91],[18.47,62.88],[18.38,62.84],[18.21,62.87],[18.28,62.84],[18.2,62.78],[18.01,62.79],[18.15,62.82],[18.08,62.86],[17.94,62.82],[17.83,63.0],[17.69,62.99],[17.85,62.92],[18.0,62.71],[17.87,62.67],[18.06,62.6],[17.94,62.62],[17.84,62.49],[17.66,62.48],[17.71,62.44],[17.43,62.54],[17.33,62.49],[17.38,62.33],[17.65,62.23],[17.51,62.22],[17.46,62.0],[17.34,61.94],[17.34,61.82],[17.41,61.82],[17.4,61.72],[17.51,61.71],[17.5,61.64],[17.33,61.72],[17.14,61.73],[17.27,61.69],[17.1,61.64],[17.25,61.61],[17.06,61.58],[17.19,61.56],[17.08,61.55],[17.22,61.45],[17.1,61.4],[17.28,61.31],[17.1,61.32],[17.21,61.24],[17.15,61.2],[17.16,61.02],[17.25,61.01],[17.16,60.95],[17.34,60.77],[17.19,60.69],[17.34,60.62],[17.57,60.65],[17.67,60.5],[17.97,60.59],[17.97,60.51],[18.26,60.38],[18.23,60.33],[18.43,60.35],[18.43,60.29],[18.6,60.24],[18.4,60.26],[18.32,60.32],[18.42,60.19],[18.55,60.17],[18.58,60.07],[18.65,60.15],[18.8,60.0],[18.75,60.08],[18.82,60.12],[18.9,59.95],[19.07,59.9],[19.03,59.84],[18.89,59.93],[18.92,59.85],[18.73,59.77],[19.09,59.77],[18.27,59.48],[18.31,59.4],[18.18,59.46],[18.01,59.41],[18.15,59.34],[18.1,59.33],[18.22,59.32],[18.32,59.38],[18.47,59.34],[18.43,59.44],[18.48,59.43],[18.65,59.33],[18.29,59.32],[18.42,59.14],[18.01,59.04],[17.89,58.86],[17.77,58.96],[17.77,59.12],[17.71,59.05],[17.66,59.17],[17.58,58.96],[17.63,58.92],[17.54,58.9],[17.59,58.86],[17.45,58.9],[17.49,58.8],[17.34,58.81],[17.36,58.75],[17.03,58.75],[17.15,58.7],[16.92,58.63],[16.23,58.67],[16.18,58.63],[16.79,58.61],[16.94,58.49],[16.75,58.43],[16.44,58.49],[16.41,58.48],[16.77,58.37],[16.63,58.35],[16.8,58.32],[16.71,58.27],[16.82,58.19],[16.78,58.13],[16.62,58.2],[16.74,58.08],[16.69,58.06],[16.75,58.02],[16.63,58.03],[16.76,57.88],[16.61,57.89],[16.64,57.92],[16.52,58.0],[16.57,57.89],[16.46,57.9],[16.7,57.74],[16.42,57.89],[16.71,57.7],[16.58,57.71],[16.63,57.63],[16.52,57.63],[16.69,57.47],[16.47,57.28],[16.58,57.04],[16.44,57.05],[16.41,56.8],[16.47,56.78],[16.25,56.64],[16.04,56.26],[15.85,56.09],[15.79,56.11],[15.83,56.16],[15.59,56.21],[15.37,56.14],[14.72,56.17],[14.68,56.12],[14.77,56.03],[14.45,56.0],[14.21,55.82]]],[[[17.8,58.91],[17.77,58.89],[17.77,58.96],[17.8,58.91]]],[[[15.69,56.07],[15.64,56.1],[15.73,56.12],[15.69,56.07]]],[[[16.9,57.04],[16.54,56.31],[16.43,56.22],[16.42,56.59],[16.62,56.87],[16.73,56.9],[16.97,57.3],[17.1,57.35],[16.9,57.04]]],[[[11.58,57.94],[11.5,58.03],[11.72,58.06],[11.72,57.99],[11.58,57.94]]],[[[11.46,58.07],[11.41,58.13],[11.7,58.29],[11.81,58.21],[11.76,58.12],[11.46,58.07]]],[[[16.83,58.33],[16.79,58.38],[16.86,58.4],[16.9,58.33],[16.83,58.33]]],[[[18.81,57.73],[18.76,57.62],[18.79,57.45],[18.93,57.39],[18.41,57.14],[18.45,57.13],[18.34,57.03],[18.4,57.0],[18.31,56.95],[18.14,56.92],[18.29,57.09],[18.2,57.07],[18.23,57.13],[18.1,57.26],[18.18,57.38],[18.13,57.55],[18.7,57.92],[18.8,57.83],[18.84,57.91],[19.01,57.91],[19.09,57.83],[18.81,57.73]]],[[[16.83,58.3],[16.88,58.3],[16.88,58.28],[16.83,58.3]]],[[[18.32,58.93],[18.19,58.91],[18.36,58.98],[18.32,58.93]]],[[[17.63,58.96],[17.65,59.07],[17.7,59.02],[17.7,58.94],[17.63,58.96]]],[[[18.14,58.97],[18.05,58.96],[18.1,59.02],[18.22,59.02],[18.14,58.97]]],[[[18.41,59.01],[18.34,59.03],[18.48,59.12],[18.41,59.01]]],[[[18.69,59.21],[18.75,59.21],[18.67,59.17],[18.69,59.21]]],[[[18.52,59.29],[18.61,59.26],[18.34,59.3],[18.52,59.29]]],[[[18.77,59.25],[18.72,59.26],[18.81,59.29],[18.77,59.25]]],[[[18.74,59.35],[18.74,59.32],[18.68,59.3],[18.74,59.35]]],[[[18.17,59.34],[18.11,59.38],[18.25,59.37],[18.17,59.34]]],[[[18.56,59.42],[18.51,59.48],[18.74,59.54],[18.56,59.42]]],[[[18.76,59.57],[18.92,59.66],[18.91,59.63],[18.76,59.57]]],[[[18.8,60.18],[18.81,60.16],[18.72,60.16],[18.8,60.18]]],[[[18.4,60.37],[18.38,60.51],[18.47,60.44],[18.56,60.31],[18.4,60.37]]],[[[18.06,62.76],[18.16,62.74],[18.08,62.68],[18.06,62.76]]],[[[19.16,57.93],[19.13,57.85],[19.04,57.91],[19.11,57.98],[19.32,57.96],[19.16,57.93]]],[[[19.31,58.38],[19.33,58.37],[19.19,58.39],[19.31,58.38]]],[[[18.92,59.41],[18.95,59.38],[18.94,59.37],[18.92,59.41]]],[[[18.85,59.4],[18.87,59.39],[18.86,59.39],[18.85,59.4]]],[[[18.93,59.43],[18.87,59.41],[18.86,59.42],[18.93,59.43]]],[[[18.89,59.58],[18.86,59.6],[18.91,59.63],[18.95,59.65],[18.89,59.58]]],[[[18.89,59.79],[18.96,59.86],[18.97,59.79],[18.89,59.79]]],[[[20.92,63.7],[20.86,63.68],[20.88,63.74],[20.94,63.77],[20.92,63.7]]],[[[20.84,63.77],[20.86,63.8],[20.92,63.77],[20.84,63.77]]],[[[22.31,65.46],[22.42,65.45],[22.38,65.43],[22.31,65.46]]],[[[22.21,65.47],[22.23,65.42],[22.15,65.43],[22.21,65.47]]],[[[22.36,65.5],[22.19,65.54],[22.23,65.54],[22.36,65.5]]],[[[22.56,65.54],[22.62,65.52],[22.6,65.51],[22.56,65.54]]],[[[22.57,65.55],[22.53,65.58],[22.64,65.59],[22.57,65.55]]],[[[22.57,65.59],[22.55,65.61],[22.6,65.61],[22.57,65.59]]],[[[22.97,65.67],[22.89,65.74],[22.96,65.73],[22.97,65.67]]],[[[23.74,65.7],[23.68,65.74],[23.8,65.75],[23.74,65.7]]],[[[22.79,65.75],[22.81,65.71],[22.73,65.72],[22.79,65.75]]]],"type":"MultiPolygon"},"properties":{"name":"Sweden"},"type":"Feature"},{"geometry":{"coordinates":[[[6.14,46.37],[6.05,46.42],[6.12,46.58],[6.43,46.76],[6.44,46.94],[6.67,47.02],[7.04,47.33],[6.87,47.35],[6.97,47.49],[7.18,47.49],[7.24,47.42],[7.64,47.59],[7.68,47.54],[8.56,47.59],[8.61,47.66],[8.39,47.67],[8.56,47.8],[8.88,47.66],[9.27,47.65],[9.65,47.45],[9.49,47.21],[9.48,47.06],[9.86,47.02],[9.88,46.93],[10.11,46.85],[10.37,47.0],[10.46,46.92],[10.37,46.67],[10.46,46.62],[10.44,46.54],[10.19,46.63],[10.03,46.53],[10.03,46.45],[10.14,46.4],[10.12,46.23],[10.04,46.22],[9.92,46.37],[9.54,46.3],[9.43,46.5],[9.26,46.49],[9.22,46.23],[9.0,46.04],[9.06,45.9],[9.0,45.82],[8.9,45.83],[8.87,45.95],[8.77,45.98],[8.81,46.09],[8.44,46.24],[8.43,46.45],[8.09,46.27],[8.11,46.13],[7.83,45.91],[7.54,45.98],[7.07,45.89],[6.77,46.13],[6.83,46.27],[6.76,46.43],[6.3,46.39],[6.21,46.32],[6.28,46.24],[5.96,46.13],[5.96,46.21],[6.14,46.37]]],"type":"Polygon"},"properties":{"name":"Switzerland"},"type":"Feature"},{"geometry":{"coordinates":[[[36.82,32.32],[36.69,32.32],[36.07,32.52],[36.0,32.66],[35.76,32.74],[35.89,32.94],[35.76,33.33],[36.04,33.57],[35.92,33.64],[35.95,33.71],[36.14,33.85],[36.36,33.82],[36.29,33.95],[36.6,34.2],[36.53,34.42],[36.32,34.51],[36.44,34.63],[36.31,34.69],[36.26,34.63],[35.97,34.65],[35.87,34.92],[35.96,35.2],[35.92,35.42],[35.72,35.58],[35.84,35.75],[35.8,35.85],[35.98,35.93],[36.16,35.82],[36.2,35.95],[36.36,35.99],[36.37,36.23],[36.66,36.23],[36.53,36.48],[36.64,36.83],[36.96,36.75],[37.05,36.62],[37.45,36.63],[38.22,36.91],[38.48,36.86],[38.73,36.69],[39.24,36.66],[39.77,36.74],[40.71,37.1],[41.48,37.08],[42.01,37.18],[42.21,37.32],[42.35,37.24],[42.38,37.06],[41.84,36.62],[41.39,36.52],[41.28,36.35],[41.24,36.06],[41.36,35.66],[41.2,35.24],[41.2,34.79],[40.97,34.4],[40.69,34.33],[36.82,32.32]]],"type":"Polygon"},"properties":{"name":"Syria"},"type":"Feature"},{"geometry":{"coordinates":[[[[120.84,21.9],[120.7,21.95],[120.62,22.3],[120.51,22.42],[120.38,22.48],[120.33,22.52],[120.33,22.53],[120.17,23.03],[120.06,23.04],[120.16,23.36],[120.14,23.64],[121.01,25.0],[121.44,25.14],[121.44,25.24],[121.58,25.28],[122.01,25.0],[121.82,24.85],[121.81,24.64],[121.88,24.6],[121.61,24.08],[121.4,23.15],[120.95,22.53],[120.84,21.9]]],[[[120.01,23.43],[120.12,23.55],[120.09,23.5],[120.01,23.43]]],[[[119.56,23.52],[119.53,23.54],[119.61,23.61],[119.66,23.56],[119.56,23.52]]],[[[119.49,23.57],[119.44,23.56],[119.5,23.65],[119.49,23.57]]],[[[119.6,23.65],[119.58,23.62],[119.55,23.66],[119.6,23.65]]],[[[118.29,24.4],[118.28,24.48],[118.42,24.53],[118.45,24.42],[118.29,24.4]]],[[[121.5,22.05],[121.49,22.08],[121.57,22.08],[121.57,22.01],[121.5,22.05]]],[[[121.49,22.64],[121.46,22.67],[121.5,22.68],[121.49,22.64]]]],"type":"MultiPolygon"},"properties":{"name":"Taiwan"},"type":"Feature"},{"geometry":{"coordinates":[[[[67.83,37.53],[68.12,37.91],[68.25,37.95],[68.36,38.21],[68.06,38.54],[68.07,38.79],[68.17,38.85],[68.1,38.98],[67.69,38.99],[67.67,39.13],[67.35,39.22],[67.43,39.48],[67.72,39.62],[68.52,39.55],[68.63,39.85],[68.74,39.82],[68.79,39.88],[68.76,39.98],[68.88,39.88],[68.77,40.08],[68.99,40.09],[68.58,40.16],[69.29,40.19],[69.21,40.3],[69.31,40.34],[69.2,40.57],[69.31,40.6],[69.36,40.78],[69.51,40.77],[69.72,40.64],[70.28,40.88],[70.4,41.04],[70.71,40.81],[70.64,40.77],[70.77,40.74],[70.37,40.48],[70.37,40.36],[70.52,40.34],[70.62,40.2],[70.96,40.19],[70.67,40.1],[70.48,39.9],[70.53,40.03],[70.0,40.21],[69.52,40.13],[69.5,39.92],[69.41,39.9],[69.31,39.99],[69.24,39.83],[69.3,39.52],[70.13,39.55],[70.2,39.62],[70.22,39.52],[70.48,39.6],[70.62,39.56],[70.77,39.38],[70.98,39.39],[71.1,39.51],[71.46,39.61],[71.51,39.46],[71.74,39.45],[71.75,39.27],[72.05,39.37],[72.23,39.19],[72.32,39.33],[72.52,39.38],[73.17,39.36],[73.6,39.46],[73.61,39.21],[73.83,38.98],[73.68,38.87],[73.82,38.59],[74.03,38.53],[74.12,38.67],[74.33,38.67],[74.83,38.46],[74.79,38.08],[74.97,37.77],[74.89,37.6],[75.16,37.4],[74.89,37.23],[74.66,37.39],[74.32,37.43],[73.71,37.22],[73.6,37.26],[73.74,37.34],[73.75,37.43],[73.3,37.46],[72.79,37.22],[72.66,37.03],[72.26,36.97],[71.84,36.7],[71.65,36.69],[71.43,37.07],[71.6,37.9],[71.26,37.93],[71.36,38.25],[70.97,38.47],[70.66,38.41],[70.47,38.12],[70.26,37.94],[70.17,37.95],[70.28,37.7],[70.16,37.54],[69.92,37.62],[69.51,37.58],[69.38,37.44],[69.44,37.22],[69.32,37.12],[69.25,37.1],[68.89,37.34],[68.92,37.28],[68.84,37.33],[68.82,37.25],[68.67,37.28],[68.02,36.93],[67.77,37.11],[67.83,37.53]]],[[[70.7,39.82],[70.58,39.77],[70.48,39.88],[70.7,39.82]]],[[[70.65,40.94],[70.55,41.02],[70.59,41.01],[70.65,40.94]]]],"type":"MultiPolygon"},"properties":{"name":"Tajikistan"},"type":"Feature"},{"geometry":{"coordinates":[[[[99.21,6.57],[99.26,6.57],[99.22,6.54],[99.21,6.57]]],[[[99.38,7.19],[99.39,7.28],[99.45,7.24],[99.38,7.19]]],[[[99.03,7.56],[99.03,7.64],[99.07,7.62],[99.08,7.61],[99.1,7.47],[99.03,7.56]]],[[[99.07,7.62],[99.04,7.66],[99.12,7.66],[99.07,7.62]]],[[[98.29,7.78],[98.28,8.19],[98.44,8.08],[98.4,7.86],[98.29,7.78]]],[[[98.58,8.02],[98.53,8.12],[98.61,8.03],[98.59,7.9],[98.58,8.02]]],[[[98.6,8.13],[98.63,8.19],[98.62,8.09],[98.6,8.13]]],[[[99.03,7.72],[99.07,7.92],[98.92,8.05],[98.77,8.02],[98.7,8.3],[98.62,8.28],[98.66,8.38],[98.43,8.32],[98.42,8.15],[98.29,8.22],[98.2,8.56],[98.25,8.51],[98.22,8.73],[98.39,9.04],[98.33,9.03],[98.38,9.07],[98.32,9.21],[98.46,9.55],[98.53,9.57],[98.46,9.6],[98.58,9.84],[98.51,9.84],[98.63,9.95],[98.72,10.23],[98.77,10.69],[99.21,11.11],[99.45,11.61],[99.54,11.64],[99.63,11.82],[99.52,12.03],[99.54,12.14],[99.45,12.13],[99.4,12.58],[99.22,12.72],[99.09,13.04],[99.1,13.17],[99.19,13.23],[99.09,13.87],[98.94,14.09],[98.55,14.38],[98.24,14.81],[98.16,15.11],[98.28,15.29],[98.39,15.26],[98.4,15.36],[98.56,15.36],[98.55,16.05],[98.81,16.11],[98.9,16.38],[98.84,16.47],[98.66,16.29],[98.46,16.72],[98.51,16.89],[97.76,17.69],[97.68,17.83],[97.75,17.97],[97.64,18.31],[97.49,18.29],[97.35,18.55],[97.51,18.49],[97.75,18.57],[97.66,18.93],[97.81,19.11],[97.77,19.4],[97.85,19.57],[98.01,19.64],[98.02,19.8],[98.24,19.66],[98.53,19.68],[98.81,19.81],[98.9,19.75],[99.0,19.82],[99.07,20.1],[99.3,20.06],[99.51,20.15],[99.42,20.38],[99.65,20.31],[99.94,20.45],[100.13,20.24],[100.34,20.39],[100.55,20.17],[100.38,19.75],[100.47,19.52],[100.75,19.48],[100.88,19.61],[101.25,19.56],[101.17,19.38],[101.33,19.02],[101.22,18.87],[101.23,18.66],[101.03,18.43],[101.16,18.32],[101.17,18.05],[101.0,17.88],[100.89,17.57],[101.13,17.46],[101.39,17.73],[101.73,17.91],[101.79,18.07],[101.9,18.04],[102.08,18.21],[102.6,17.96],[102.6,17.84],[102.68,17.81],[102.85,17.97],[103.04,17.99],[103.17,18.25],[103.3,18.29],[103.23,18.36],[103.31,18.43],[103.87,18.28],[103.98,18.33],[104.45,17.67],[104.82,17.37],[104.74,17.0],[104.77,16.51],[105.02,16.28],[105.06,16.12],[105.42,16.01],[105.36,15.92],[105.41,15.8],[105.65,15.63],[105.6,15.44],[105.48,15.35],[105.56,15.27],[105.44,15.13],[105.59,14.99],[105.49,14.79],[105.51,14.56],[105.1,14.23],[105.01,14.24],[104.97,14.38],[104.79,14.44],[104.54,14.36],[104.18,14.4],[103.89,14.34],[103.53,14.42],[102.93,14.2],[102.7,13.76],[102.54,13.67],[102.6,13.61],[102.31,13.54],[102.33,13.28],[102.49,13.0],[102.48,12.68],[102.76,12.44],[102.69,12.18],[102.91,11.77],[102.91,11.65],[102.61,12.22],[102.58,12.05],[102.3,12.19],[102.26,12.29],[102.34,12.31],[102.35,12.37],[102.29,12.32],[102.3,12.43],[102.21,12.44],[102.23,12.32],[102.06,12.57],[102.01,12.56],[102.06,12.47],[101.77,12.71],[101.42,12.6],[101.09,12.68],[100.97,12.6],[100.86,12.65],[100.93,13.0],[100.88,13.1],[101.0,13.5],[100.68,13.51],[100.6,13.61],[100.58,13.52],[100.28,13.52],[99.96,13.31],[100.1,13.06],[99.96,12.67],[100.02,12.19],[99.64,11.52],[99.59,11.2],[99.5,11.13],[99.51,10.87],[99.44,10.87],[99.24,10.52],[99.29,10.36],[99.15,10.36],[99.25,10.23],[99.15,10.1],[99.15,9.77],[99.32,9.39],[99.23,9.28],[99.38,9.19],[99.69,9.32],[99.85,9.29],[99.97,8.61],[100.14,8.39],[100.13,8.51],[100.22,8.45],[100.44,7.48],[100.57,7.19],[100.59,7.22],[100.77,6.98],[100.95,6.88],[101.35,6.88],[101.29,6.95],[101.56,6.84],[101.77,6.5],[102.07,6.26],[101.91,5.86],[101.78,5.74],[101.53,5.91],[101.25,5.79],[101.11,5.64],[100.97,5.79],[101.08,5.94],[101.08,6.25],[100.83,6.24],[100.73,6.49],[100.63,6.44],[100.39,6.52],[100.26,6.7],[100.17,6.7],[100.13,6.44],[99.69,6.88],[99.75,7.13],[99.56,7.2],[99.6,7.38],[99.55,7.3],[99.51,7.38],[99.47,7.28],[99.38,7.32],[99.29,7.62],[99.03,7.72]],[[100.43,7.27],[100.39,7.57],[100.27,7.53],[100.33,7.66],[100.27,7.8],[100.14,7.72],[100.19,7.51],[100.44,7.16],[100.56,7.14],[100.57,7.19],[100.43,7.27]]],[[[98.25,8.92],[98.26,9.01],[98.31,8.98],[98.25,8.92]]],[[[98.24,9.05],[98.26,9.16],[98.32,9.12],[98.24,9.05]]],[[[97.87,9.41],[97.87,9.38],[97.84,9.41],[97.87,9.41]]],[[[97.87,9.43],[97.85,9.44],[97.87,9.47],[97.87,9.43]]],[[[98.42,9.73],[98.4,9.71],[98.38,9.73],[98.42,9.73]]],[[[99.6,6.58],[99.66,6.72],[99.7,6.54],[99.66,6.49],[99.6,6.58]]],[[[99.95,9.42],[99.93,9.57],[100.08,9.59],[100.06,9.46],[99.95,9.42]]],[[[99.67,9.52],[99.7,9.54],[99.7,9.52],[99.67,9.52]]],[[[100.04,9.8],[100.09,9.67],[100.0,9.71],[100.04,9.8]]],[[[102.53,11.6],[102.56,11.76],[102.61,11.68],[102.61,11.61],[102.53,11.6]]],[[[102.29,11.97],[102.25,12.15],[102.36,12.11],[102.41,11.97],[102.29,11.97]]]],"type":"MultiPolygon"},"properties":{"name":"Thailand"},"type":"Feature"},{"geometry":{"coordinates":[[[[-79.55,23.53],[-79.59,23.57],[-79.56,23.55],[-79.55,23.53]]],[[[-77.94,24.1],[-77.68,24.3],[-77.63,24.25],[-77.76,24.17],[-77.74,24.04],[-77.61,24.22],[-77.52,23.97],[-77.6,23.91],[-77.52,23.92],[-77.57,23.74],[-77.78,23.75],[-77.68,23.76],[-77.58,23.85],[-77.72,23.78],[-77.76,23.82],[-77.67,23.86],[-77.66,23.88],[-77.8,23.86],[-77.94,24.1]]],[[[-77.97,24.2],[-77.85,24.25],[-77.8,24.25],[-77.97,24.2]]],[[[-78.02,24.25],[-77.93,24.28],[-77.94,24.23],[-78.02,24.25]]],[[[-77.88,24.34],[-77.83,24.35],[-77.85,24.33],[-77.88,24.34]]],[[[-77.72,24.37],[-77.68,24.35],[-77.8,24.32],[-77.72,24.37]]],[[[-78.03,24.27],[-78.13,24.5],[-78.23,24.47],[-78.43,24.6],[-78.33,24.71],[-78.33,24.59],[-78.2,24.6],[-78.3,24.73],[-78.17,24.92],[-78.2,25.21],[-77.98,25.14],[-77.98,25.0],[-77.74,24.7],[-77.73,24.47],[-78.03,24.27]]],[[[-79.26,25.69],[-79.3,25.7],[-79.25,25.77],[-79.26,25.69]]],[[[-77.86,25.78],[-77.82,25.71],[-77.84,25.72],[-77.86,25.78]]],[[[-79.0,26.7],[-78.71,26.57],[-78.57,26.68],[-78.64,26.71],[-78.59,26.81],[-78.32,26.69],[-77.92,26.78],[-77.93,26.64],[-78.29,26.62],[-78.69,26.49],[-79.0,26.7]]],[[[-77.87,26.56],[-77.89,26.6],[-77.84,26.61],[-77.87,26.56]]],[[[-76.04,23.6],[-76.03,23.67],[-75.66,23.45],[-76.04,23.6]]],[[[-76.38,24.1],[-76.33,23.97],[-76.37,24.05],[-76.38,24.1]]],[[[-76.5,24.25],[-76.46,24.21],[-76.49,24.22],[-76.5,24.25]]],[[[-76.77,24.54],[-76.78,24.51],[-76.8,24.53],[-76.77,24.54]]],[[[-76.16,24.65],[-76.34,24.81],[-76.18,24.85],[-76.16,25.13],[-76.37,25.32],[-76.78,25.43],[-76.74,25.56],[-76.69,25.49],[-76.35,25.34],[-76.12,25.13],[-76.16,24.65]]],[[[-77.46,25.08],[-77.26,25.06],[-77.47,24.99],[-77.56,25.02],[-77.46,25.08]]],[[[-76.87,25.51],[-76.86,25.52],[-76.81,25.53],[-76.87,25.51]]],[[[-76.77,25.55],[-76.75,25.55],[-76.79,25.54],[-76.77,25.55]]],[[[-77.16,26.25],[-77.19,25.92],[-77.25,25.9],[-77.41,26.03],[-77.22,26.15],[-77.25,26.31],[-77.16,26.56],[-77.33,26.6],[-77.53,26.86],[-77.96,26.89],[-77.55,26.9],[-77.06,26.53],[-77.01,26.32],[-77.16,26.25]]],[[[-77.54,26.31],[-77.57,26.27],[-77.57,26.29],[-77.54,26.31]]],[[[-77.25,26.44],[-77.28,26.47],[-77.25,26.48],[-77.25,26.44]]],[[[-73.39,21.23],[-73.26,21.14],[-73.0,21.31],[-73.13,20.99],[-73.23,20.95],[-73.65,20.91],[-73.7,21.02],[-73.39,21.23]]],[[[-72.99,21.56],[-72.91,21.5],[-73.04,21.43],[-72.99,21.56]]],[[[-75.74,22.22],[-75.71,22.18],[-75.73,22.18],[-75.74,22.22]]],[[[-73.13,22.46],[-72.75,22.33],[-72.78,22.29],[-73.15,22.4],[-73.13,22.46]]],[[[-73.84,22.72],[-73.9,22.7],[-73.83,22.54],[-73.87,22.48],[-74.28,22.17],[-73.88,22.5],[-73.89,22.58],[-74.03,22.62],[-73.96,22.69],[-73.84,22.72]]],[[[-73.59,22.6],[-73.63,22.57],[-73.62,22.6],[-73.59,22.6]]],[[[-73.5,22.61],[-73.47,22.59],[-73.56,22.61],[-73.5,22.61]]],[[[-74.17,22.75],[-74.02,22.72],[-74.09,22.66],[-74.28,22.69],[-74.33,22.84],[-74.17,22.75]]],[[[-73.76,23.07],[-73.82,23.1],[-73.74,23.1],[-73.69,23.1],[-73.76,23.07]]],[[[-74.98,23.07],[-75.1,23.1],[-75.23,23.17],[-75.07,23.12],[-75.33,23.69],[-75.06,23.14],[-74.84,23.0],[-74.84,22.86],[-74.98,23.07]]],[[[-74.84,23.65],[-74.95,23.68],[-74.81,23.72],[-74.84,23.65]]],[[[-75.11,23.83],[-75.12,23.82],[-75.12,23.83],[-75.11,23.83]]],[[[-74.53,24.1],[-74.46,24.14],[-74.43,24.05],[-74.54,23.98],[-74.53,24.1]]],[[[-75.51,24.14],[-75.41,24.27],[-75.73,24.7],[-75.29,24.14],[-75.51,24.14]]]],"type":"MultiPolygon"},"properties":{"name":"The Bahamas"},"type":"Feature"},{"geometry":{"coordinates":[[[0.75,6.44],[0.52,6.84],[0.49,6.97],[0.6,7.03],[0.65,7.32],[0.5,7.5],[0.61,7.7],[0.57,8.2],[0.71,8.3],[0.37,8.77],[0.51,8.87],[0.43,9.03],[0.53,9.4],[0.41,9.49],[0.23,9.43],[0.3,9.51],[0.23,9.58],[0.38,9.59],[0.26,9.66],[0.35,9.66],[0.4,10.28],[-0.09,10.63],[0.02,11.06],[-0.17,11.13],[0.49,11.0],[0.49,10.93],[0.9,10.99],[0.76,10.38],[1.33,10.0],[1.33,9.52],[1.6,9.08],[1.63,7.0],[1.53,6.99],[1.57,6.68],[1.78,6.28],[1.2,6.1],[0.75,6.44]]],"type":"Polygon"},"properties":{"name":"Togo"},"type":"Feature"},{"geometry":{"coordinates":[[[[-176.22,-22.34],[-176.22,-22.32],[-176.2,-22.33],[-176.22,-22.34]]],[[[-174.92,-21.45],[-174.98,-21.39],[-174.92,-21.28],[-174.92,-21.45]]],[[[-175.15,-21.27],[-175.36,-21.11],[-175.34,-21.1],[-175.22,-21.17],[-175.05,-21.15],[-175.15,-21.27]]],[[[-175.09,-19.79],[-175.09,-19.71],[-175.05,-19.72],[-175.09,-19.79]]],[[[-174.63,-18.81],[-174.65,-18.82],[-174.66,-18.79],[-174.63,-18.81]]],[[[-175.69,-15.6],[-175.63,-15.56],[-175.61,-15.57],[-175.69,-15.6]]],[[[-174.31,-19.77],[-174.34,-19.82],[-174.36,-19.8],[-174.31,-19.77]]],[[[-174.27,-19.75],[-174.3,-19.74],[-174.31,-19.73],[-174.26,-19.68],[-174.27,-19.75]]],[[[-174.28,-19.64],[-174.29,-19.59],[-174.25,-19.64],[-174.28,-19.64]]],[[[-173.99,-18.71],[-174.07,-18.63],[-174.0,-18.57],[-173.92,-18.6],[-173.99,-18.71]]],[[[-173.74,-15.98],[-173.77,-15.97],[-173.72,-15.93],[-173.74,-15.98]]]],"type":"MultiPolygon"},"properties":{"name":"Tonga"},"type":"Feature"},{"geometry":{"coordinates":[[[[-61.46,10.28],[-61.46,10.56],[-61.67,10.71],[-60.91,10.84],[-61.04,10.65],[-60.96,10.33],[-61.0,10.14],[-61.93,10.06],[-61.46,10.28]]],[[[-60.85,11.16],[-60.52,11.34],[-60.53,11.27],[-60.85,11.16]]]],"type":"MultiPolygon"},"properties":{"name":"Trinidad and Tobago"},"type":"Feature"},{"geometry":{"coordinates":[[[[10.63,31.97],[10.51,31.76],[10.32,31.72],[10.12,31.49],[10.27,30.92],[10.19,30.73],[9.87,30.36],[9.52,30.23],[9.05,32.07],[8.33,32.53],[8.28,32.84],[8.09,33.09],[7.72,33.23],[7.69,33.45],[7.5,33.8],[7.52,34.1],[7.77,34.24],[7.83,34.41],[8.24,34.65],[8.3,35.07],[8.43,35.24],[8.29,35.33],[8.34,35.54],[8.24,35.83],[8.36,36.43],[8.17,36.53],[8.43,36.66],[8.41,36.78],[8.64,36.84],[8.6,36.94],[8.82,36.98],[9.21,37.23],[9.74,37.35],[9.86,37.33],[9.77,37.21],[9.82,37.15],[9.91,37.18],[9.82,37.23],[9.88,37.26],[10.25,37.19],[10.13,37.16],[10.23,37.12],[10.18,37.03],[10.35,36.88],[10.19,36.8],[10.36,36.73],[10.52,36.76],[10.58,36.88],[11.01,37.08],[11.14,36.87],[10.8,36.45],[10.55,36.38],[10.47,36.11],[10.62,35.84],[11.04,35.64],[11.04,35.33],[11.16,35.22],[10.6,34.54],[10.13,34.33],[10.01,34.17],[10.07,33.95],[10.33,33.7],[10.49,33.65],[10.72,33.71],[10.67,33.55],[10.74,33.48],[10.91,33.54],[10.94,33.64],[11.04,33.62],[11.1,33.36],[11.29,33.29],[11.13,33.31],[11.18,33.21],[11.43,33.19],[11.35,33.26],[11.51,33.18],[11.45,32.64],[11.55,32.43],[10.87,32.14],[10.77,32.0],[10.63,31.97]]],[[[10.89,33.64],[10.83,33.73],[10.76,33.7],[10.74,33.88],[10.93,33.9],[11.06,33.8],[10.89,33.64]]],[[[11.06,34.62],[10.96,34.66],[11.1,34.67],[11.06,34.62]]],[[[11.12,34.68],[11.3,34.81],[11.3,34.73],[11.12,34.68]]]],"type":"MultiPolygon"},"properties":{"name":"Tunisia"},"type":"Feature"},{"geometry":{"coordinates":[[[[32.02,36.55],[31.34,36.81],[30.69,36.89],[30.57,36.78],[30.57,36.53],[30.43,36.23],[30.16,36.3],[29.67,36.12],[29.1,36.39],[29.11,36.55],[29.01,36.55],[29.1,36.67],[28.94,36.75],[28.83,36.6],[28.45,36.88],[28.4,36.79],[28.26,36.85],[28.3,36.72],[28.04,36.56],[27.96,36.6],[28.09,36.64],[27.97,36.69],[28.12,36.72],[28.12,36.8],[28.03,36.78],[28.04,36.94],[28.17,36.91],[28.33,37.04],[27.56,36.97],[27.38,37.03],[27.26,36.96],[27.25,37.12],[27.57,37.13],[27.53,37.19],[27.61,37.2],[27.62,37.27],[27.46,37.25],[27.49,37.33],[27.4,37.32],[27.41,37.41],[27.19,37.36],[27.21,37.6],[27.01,37.67],[27.25,37.74],[27.24,37.99],[26.87,38.04],[26.76,38.22],[26.64,38.2],[26.59,38.1],[26.39,38.26],[26.23,38.27],[26.29,38.37],[26.39,38.32],[26.51,38.43],[26.39,38.45],[26.35,38.64],[26.4,38.68],[26.63,38.52],[26.59,38.42],[26.67,38.31],[26.7,38.43],[26.8,38.36],[27.16,38.45],[26.94,38.43],[26.81,38.54],[26.89,38.51],[26.85,38.6],[26.72,38.65],[26.72,38.72],[26.9,38.73],[26.9,38.82],[27.06,38.89],[26.81,38.95],[26.88,39.09],[26.72,39.26],[26.61,39.28],[26.93,39.49],[26.94,39.57],[26.07,39.47],[26.17,39.97],[26.74,40.4],[27.29,40.47],[27.45,40.32],[27.76,40.32],[27.88,40.39],[27.68,40.5],[27.76,40.54],[28.03,40.47],[27.9,40.4],[27.94,40.37],[29.03,40.36],[29.15,40.43],[28.79,40.55],[29.49,40.73],[29.94,40.74],[29.25,40.81],[29.26,40.87],[29.01,41.03],[29.06,41.08],[29.09,41.14],[29.07,41.15],[29.17,41.23],[30.14,41.14],[30.28,41.22],[30.83,41.08],[31.23,41.09],[31.39,41.19],[31.4,41.32],[32.61,41.84],[33.32,42.02],[34.75,41.95],[34.95,42.1],[35.22,42.02],[35.12,42.01],[35.1,41.91],[35.22,41.76],[35.49,41.65],[36.04,41.7],[36.13,41.46],[36.4,41.26],[36.76,41.37],[36.98,41.29],[37.14,41.15],[37.52,41.04],[37.78,41.12],[37.9,40.98],[38.33,40.92],[39.43,41.11],[40.14,40.92],[41.39,41.38],[41.52,41.51],[41.81,41.42],[41.95,41.51],[42.46,41.43],[42.59,41.58],[42.8,41.58],[42.77,41.5],[43.18,41.3],[43.1,41.25],[43.23,41.17],[43.41,41.18],[43.46,41.02],[43.64,40.93],[43.73,40.68],[43.56,40.48],[43.72,40.17],[43.67,40.11],[44.03,40.01],[44.33,40.03],[44.81,39.64],[44.57,39.77],[44.46,39.7],[44.39,39.41],[44.01,39.37],[44.08,39.2],[44.19,39.15],[44.15,38.96],[44.28,38.84],[44.29,38.38],[44.46,38.34],[44.2,37.9],[44.6,37.72],[44.57,37.43],[44.8,37.29],[44.77,37.14],[44.61,37.18],[44.3,36.97],[44.18,37.09],[44.24,37.24],[44.09,37.31],[43.81,37.2],[43.11,37.37],[42.94,37.32],[42.78,37.38],[42.55,37.14],[42.36,37.11],[42.35,37.24],[42.21,37.32],[42.01,37.18],[41.48,37.08],[40.71,37.1],[39.77,36.74],[39.24,36.66],[38.73,36.69],[38.48,36.86],[38.22,36.91],[37.45,36.63],[37.05,36.62],[36.96,36.75],[36.64,36.83],[36.53,36.48],[36.67,36.24],[36.37,36.23],[36.36,35.99],[36.2,35.95],[36.14,35.82],[35.91,35.92],[35.98,36.02],[35.79,36.3],[36.21,36.64],[36.19,36.8],[36.02,36.93],[35.61,36.74],[35.58,36.69],[35.71,36.72],[35.62,36.6],[35.35,36.54],[34.77,36.82],[34.59,36.78],[34.08,36.41],[33.96,36.21],[33.87,36.31],[33.69,36.14],[33.65,36.19],[33.55,36.13],[33.16,36.14],[32.8,36.03],[32.42,36.16],[32.02,36.55]]],[[[27.92,36.74],[27.72,36.76],[27.67,36.66],[27.37,36.68],[27.65,36.81],[28.03,36.78],[27.92,36.74]]],[[[25.99,39.84],[26.08,39.83],[26.07,39.78],[25.99,39.84]]],[[[25.66,40.13],[25.76,40.21],[25.94,40.24],[26.01,40.17],[25.66,40.13]]],[[[26.16,40.06],[26.27,40.23],[26.22,40.33],[26.83,40.6],[26.79,40.66],[26.09,40.61],[26.03,40.74],[26.36,40.96],[26.32,41.25],[26.63,41.36],[26.6,41.61],[26.32,41.74],[26.53,41.82],[26.61,41.97],[27.24,42.1],[27.55,41.9],[27.81,41.99],[28.02,41.97],[28.04,41.89],[27.97,41.82],[28.23,41.52],[29.11,41.24],[29.07,41.15],[29.01,41.03],[28.99,41.01],[28.82,40.96],[28.6,40.98],[28.57,41.07],[28.53,41.09],[28.54,40.99],[28.17,41.09],[27.94,40.97],[27.52,40.99],[27.29,40.7],[26.76,40.5],[26.16,40.06]]],[[[27.6,40.58],[27.53,40.64],[27.73,40.64],[27.6,40.58]]]],"type":"MultiPolygon"},"properties":{"name":"Turkey"},"type":"Feature"},{"geometry":{"coordinates":[[[[64.59,36.42],[64.48,36.27],[64.06,36.11],[64.05,36.0],[63.89,36.03],[63.43,35.87],[63.1,35.86],[63.21,35.7],[63.08,35.62],[63.08,35.44],[62.62,35.22],[62.43,35.28],[62.29,35.14],[62.23,35.29],[62.01,35.44],[61.6,35.43],[61.25,35.65],[61.24,35.89],[61.13,35.97],[61.22,36.12],[61.15,36.36],[61.17,36.64],[60.34,36.64],[60.02,37.03],[59.46,37.21],[59.31,37.53],[58.8,37.69],[58.36,37.63],[58.21,37.68],[58.16,37.79],[57.35,37.97],[57.19,38.28],[57.04,38.19],[56.44,38.26],[56.21,38.07],[55.45,38.08],[54.86,37.76],[54.79,37.52],[54.65,37.44],[54.21,37.32],[53.91,37.34],[53.82,37.74],[53.83,38.53],[53.98,38.92],[53.7,39.08],[53.72,39.24],[53.66,39.2],[53.68,39.08],[53.61,39.24],[53.57,39.19],[53.56,39.35],[53.15,39.34],[53.16,39.18],[53.09,39.4],[53.28,39.66],[53.22,39.53],[53.57,39.47],[53.57,39.53],[53.73,39.53],[53.53,39.68],[53.42,39.65],[53.38,39.77],[53.57,39.97],[53.4,40.01],[53.28,39.94],[52.91,40.02],[53.01,39.77],[52.74,40.05],[52.74,40.48],[52.86,40.66],[52.92,41.09],[53.12,40.87],[53.06,40.84],[53.12,40.77],[53.37,40.84],[53.48,40.74],[53.62,40.89],[53.72,40.63],[54.17,40.73],[54.4,40.67],[54.25,40.89],[54.36,40.92],[54.47,40.81],[54.64,40.84],[54.76,40.97],[54.68,41.07],[54.77,41.04],[54.07,41.49],[53.9,41.91],[53.91,42.06],[53.82,42.12],[53.16,42.1],[52.96,41.98],[52.77,41.68],[52.92,41.67],[52.81,41.38],[52.88,41.05],[52.76,41.38],[52.56,41.52],[52.59,41.65],[52.44,41.75],[52.98,42.13],[53.41,42.26],[54.12,42.34],[54.91,41.93],[54.95,41.8],[55.48,41.27],[55.91,41.33],[57.01,41.25],[57.16,41.37],[57.02,41.47],[56.95,41.87],[57.38,42.16],[57.85,42.19],[57.91,42.43],[58.02,42.5],[58.33,42.43],[58.4,42.29],[58.49,42.3],[58.31,42.53],[58.13,42.6],[58.24,42.69],[58.53,42.65],[58.59,42.79],[58.89,42.55],[59.15,42.53],[59.29,42.34],[59.87,42.3],[60.04,42.19],[60.0,42.01],[59.91,41.97],[60.25,41.79],[60.05,41.75],[60.16,41.58],[60.07,41.51],[60.09,41.39],[60.48,41.21],[60.86,41.25],[61.28,41.16],[61.43,41.3],[61.65,41.25],[61.97,41.02],[62.04,40.71],[62.19,40.5],[62.35,40.43],[62.45,40.01],[62.59,39.89],[64.12,38.96],[64.34,38.97],[65.6,38.24],[65.88,38.27],[66.62,37.99],[66.52,37.78],[66.55,37.45],[66.47,37.33],[66.16,37.38],[65.76,37.58],[65.54,37.26],[65.06,37.23],[64.78,37.12],[64.78,36.94],[64.6,36.66],[64.59,36.42]]],[[[53.05,39.03],[53.1,38.76],[53.03,39.04],[53.08,39.1],[53.05,39.03]]],[[[53.54,39.54],[53.51,39.51],[53.46,39.57],[53.54,39.54]]]],"type":"MultiPolygon"},"properties":{"name":"Turkmenistan"},"type":"Feature"},{"geometry":{"coordinates":[[[[-72.48,21.63],[-72.43,21.71],[-72.43,21.68],[-72.48,21.63]]],[[[-71.68,21.84],[-71.63,21.77],[-71.68,21.82],[-71.65,21.75],[-71.85,21.82],[-71.68,21.84]]],[[[-72.23,21.79],[-72.34,21.76],[-72.31,21.85],[-72.23,21.79]]],[[[-72.1,21.87],[-72.09,21.89],[-72.09,21.87],[-72.1,21.87]]],[[[-71.91,21.95],[-71.86,21.84],[-71.95,21.87],[-71.95,21.94],[-72.04,21.94],[-71.91,21.95]]],[[[-71.21,21.33],[-71.2,21.34],[-71.19,21.34],[-71.21,21.33]]],[[[-71.14,21.43],[-71.14,21.51],[-71.13,21.5],[-71.14,21.43]]],[[[-71.54,21.52],[-71.5,21.57],[-71.5,21.51],[-71.54,21.52]]],[[[-71.48,21.73],[-71.46,21.66],[-71.57,21.74],[-71.48,21.73]]]],"type":"MultiPolygon"},"properties":{"name":"Turks and Caicos Islands"},"type":"Feature"},{"geometry":{"coordinates":[[[[178.69,-7.5],[178.67,-7.45],[178.69,-7.47],[178.69,-7.5]]],[[[177.34,-6.12],[177.34,-6.11],[177.35,-6.11],[177.34,-6.12]]]],"type":"MultiPolygon"},"properties":{"name":"Tuvalu"},"type":"Feature"},{"geometry":{"coordinates":[[[[-75.17,19.9],[-75.14,19.97],[-75.09,19.97],[-75.1,19.9],[-75.17,19.9]]],[[[-75.16,19.94],[-75.23,19.9],[-75.23,19.94],[-75.16,19.94]]]],"type":"MultiPolygon"},"properties":{"name":"US Naval Base Guantanamo Bay"},"type":"Feature"},{"geometry":{"coordinates":[[[29.83,-1.32],[29.58,-1.39],[29.55,-1.0],[29.7,0.07],[29.94,0.5],[29.93,0.79],[30.15,0.91],[30.24,1.14],[30.48,1.24],[31.27,2.1],[31.18,2.3],[31.06,2.29],[30.97,2.41],[30.87,2.33],[30.71,2.45],[30.85,2.85],[30.74,3.06],[30.91,3.39],[30.9,3.52],[30.84,3.49],[30.94,3.68],[31.21,3.79],[31.52,3.66],[31.78,3.82],[31.93,3.6],[32.17,3.51],[32.19,3.62],[32.37,3.73],[32.76,3.77],[33.0,3.89],[33.16,3.76],[33.49,3.75],[34.01,4.21],[34.08,3.88],[34.2,3.87],[34.15,3.78],[34.44,3.67],[34.38,3.48],[34.43,3.18],[34.88,2.59],[34.92,2.48],[34.87,2.35],[35.01,1.92],[34.97,1.65],[34.78,1.39],[34.8,1.23],[34.49,1.08],[34.39,0.82],[34.15,0.6],[34.09,0.35],[33.89,0.11],[33.95,-0.15],[33.9,-1.0],[30.78,-0.99],[30.64,-1.07],[30.34,-1.07],[30.15,-1.35],[29.94,-1.47],[29.83,-1.32]]],"type":"Polygon"},"properties":{"name":"Uganda"},"type":"Feature"},{"geometry":{"coordinates":[[[[29.73,45.59],[29.86,45.67],[30.13,45.81],[29.91,45.67],[29.73,45.59]]],[[[28.5,45.51],[28.47,45.66],[28.74,45.84],[28.74,45.95],[28.96,46.0],[29.02,46.18],[28.93,46.26],[28.95,46.45],[29.18,46.54],[29.2,46.36],[29.31,46.47],[29.37,46.42],[29.46,46.48],[29.62,46.36],[29.71,46.47],[29.83,46.34],[30.13,46.42],[29.9,46.53],[29.93,46.81],[29.56,46.95],[29.6,47.06],[29.48,47.11],[29.54,47.14],[29.56,47.32],[29.41,47.28],[29.16,47.45],[29.12,47.53],[29.24,47.87],[29.12,47.98],[28.95,47.93],[28.8,48.11],[28.57,48.15],[28.48,48.06],[28.41,48.17],[28.32,48.14],[28.36,48.24],[28.09,48.24],[28.08,48.31],[27.58,48.49],[27.21,48.36],[26.83,48.39],[26.77,48.29],[26.68,48.33],[26.3,48.21],[26.17,47.99],[25.26,47.9],[25.08,47.74],[24.9,47.71],[24.54,47.94],[24.23,47.9],[23.46,47.97],[23.14,48.1],[22.88,47.95],[22.8,48.09],[22.61,48.1],[22.48,48.24],[22.36,48.24],[22.27,48.4],[22.13,48.4],[22.14,48.57],[22.31,48.68],[22.54,49.07],[22.87,49.01],[22.68,49.16],[22.74,49.28],[22.67,49.57],[23.68,50.37],[23.98,50.4],[24.11,50.54],[24.08,50.71],[23.96,50.81],[24.14,50.86],[23.64,51.3],[23.7,51.4],[23.61,51.62],[23.98,51.59],[24.39,51.88],[25.77,51.93],[27.15,51.76],[27.27,51.59],[27.69,51.59],[27.71,51.46],[27.83,51.61],[28.07,51.56],[28.21,51.65],[28.33,51.53],[28.6,51.55],[28.73,51.4],[28.8,51.53],[29.06,51.63],[29.16,51.6],[29.32,51.37],[29.64,51.49],[29.83,51.43],[30.15,51.48],[30.54,51.24],[30.65,51.37],[30.52,51.6],[30.74,51.9],[30.94,51.99],[30.93,52.07],[31.23,52.04],[31.47,52.12],[32.1,52.04],[32.28,52.1],[32.35,52.32],[32.91,52.24],[33.18,52.37],[33.48,52.36],[33.51,52.29],[33.78,52.36],[34.07,52.16],[34.1,51.95],[34.41,51.78],[34.38,51.71],[34.09,51.67],[34.22,51.51],[34.19,51.39],[34.31,51.33],[34.19,51.25],[34.61,51.23],[34.67,51.17],[35.08,51.21],[35.14,51.06],[35.36,51.03],[35.28,50.94],[35.47,50.67],[35.38,50.62],[35.61,50.35],[36.11,50.42],[36.27,50.28],[36.41,50.3],[36.59,50.2],[37.42,50.43],[37.6,50.29],[37.6,50.2],[38.0,49.9],[38.17,49.94],[38.17,50.06],[38.3,50.06],[38.36,49.98],[38.66,49.97],[38.94,49.8],[39.16,49.87],[39.26,49.74],[39.56,49.72],[39.8,49.54],[40.13,49.58],[40.03,49.49],[40.16,49.33],[40.14,49.25],[39.92,49.05],[39.68,49.02],[39.76,48.9],[40.05,48.87],[39.98,48.79],[39.78,48.81],[39.63,48.59],[39.84,48.57],[39.92,48.38],[39.82,48.31],[39.99,48.27],[39.76,48.01],[39.76,47.83],[38.83,47.85],[38.73,47.68],[38.29,47.56],[38.19,47.3],[38.3,47.26],[38.14,47.04],[38.07,47.1],[37.55,47.08],[37.34,46.88],[37.23,46.94],[36.85,46.8],[36.86,46.78],[36.77,46.64],[36.8,46.72],[36.7,46.78],[36.4,46.72],[36.28,46.61],[36.19,46.67],[35.9,46.65],[35.49,46.45],[35.16,46.13],[34.98,46.08],[35.34,46.34],[35.19,46.51],[35.21,46.4],[35.11,46.3],[34.81,46.18],[34.98,45.72],[34.79,45.8],[34.69,45.97],[34.46,45.96],[34.33,46.07],[33.85,46.2],[33.67,46.22],[33.52,46.05],[33.21,46.13],[33.24,46.22],[33.12,46.14],[32.5,46.08],[31.89,46.32],[31.8,46.29],[31.8,46.34],[32.06,46.39],[31.75,46.5],[31.69,46.43],[31.51,46.59],[32.32,46.46],[32.65,46.65],[32.34,46.56],[32.02,46.63],[31.94,46.76],[32.01,46.92],[32.0,46.94],[31.94,46.95],[31.97,46.94],[31.86,46.81],[31.9,46.65],[31.49,46.63],[31.62,46.81],[31.51,46.75],[31.44,46.8],[31.51,46.72],[31.42,46.63],[30.79,46.55],[30.77,46.4],[30.65,46.34],[30.49,46.08],[30.14,45.82],[30.13,45.89],[30.09,45.81],[29.93,45.81],[29.93,45.72],[29.8,45.74],[29.86,45.67],[29.73,45.61],[29.64,45.83],[29.59,45.56],[29.71,45.57],[29.61,45.48],[29.75,45.45],[29.71,45.22],[29.57,45.39],[29.32,45.44],[28.93,45.28],[28.79,45.32],[28.78,45.23],[28.58,45.25],[28.33,45.32],[28.22,45.49],[28.5,45.51]],[[31.98,47.01],[31.87,47.03],[31.9,47.09],[31.83,47.19],[31.76,47.22],[31.74,47.26],[31.73,47.22],[31.87,47.09],[31.84,47.01],[31.94,46.95],[31.98,47.01]]],[[[32.62,46.06],[32.98,46.05],[33.04,46.01],[32.62,46.06]]],[[[31.62,46.26],[32.07,46.18],[32.17,46.15],[31.62,46.26]]],[[[31.58,46.26],[31.52,46.31],[31.5,46.37],[31.62,46.26],[31.58,46.26]]]],"type":"MultiPolygon"},"properties":{"name":"Ukraine"},"type":"Feature"},{"geometry":{"coordinates":[[[[55.76,24.23],[55.93,24.22],[56.0,24.08],[55.46,23.96],[55.54,23.77],[55.23,23.12],[55.19,22.7],[55.11,22.62],[52.56,22.94],[51.57,24.13],[51.59,24.38],[51.63,24.23],[51.78,24.26],[51.81,24.0],[51.93,23.96],[52.34,24.01],[52.6,24.21],[52.68,24.14],[53.17,24.17],[53.66,24.05],[54.38,24.25],[54.47,24.43],[54.49,24.45],[54.57,24.45],[54.42,24.54],[54.58,24.51],[54.65,24.76],[55.08,25.02],[55.28,25.26],[55.33,25.2],[55.3,25.28],[55.55,25.58],[55.63,25.54],[55.96,25.82],[55.95,25.77],[56.08,26.06],[56.16,26.07],[56.15,25.67],[56.35,25.59],[56.38,24.98],[56.1,24.73],[55.96,24.87],[56.03,24.86],[56.01,24.96],[55.86,24.95],[55.79,24.86],[55.76,24.23]],[[56.24,25.21],[56.35,25.29],[56.26,25.33],[56.24,25.21]]],[[[53.85,24.28],[53.96,24.17],[53.77,24.13],[53.65,24.19],[53.85,24.28]]],[[[52.01,24.21],[51.99,24.22],[52.0,24.25],[52.01,24.21]]],[[[54.14,24.33],[54.19,24.23],[54.11,24.27],[54.14,24.33]]],[[[52.59,24.25],[52.56,24.31],[52.61,24.37],[52.59,24.25]]],[[[54.18,24.32],[54.23,24.36],[54.27,24.3],[54.18,24.32]]],[[[53.18,24.29],[53.45,24.38],[53.32,24.26],[53.18,24.29]]],[[[54.33,24.37],[54.33,24.32],[54.31,24.31],[54.33,24.37]]],[[[54.4,24.48],[54.47,24.43],[54.33,24.45],[54.4,24.48]]],[[[52.28,24.51],[52.31,24.54],[52.34,24.5],[52.28,24.51]]],[[[51.71,24.59],[51.72,24.61],[51.74,24.59],[51.71,24.59]]],[[[54.23,25.24],[54.24,25.21],[54.21,25.21],[54.23,25.24]]],[[[56.29,25.27],[56.26,25.25],[56.26,25.28],[56.29,25.27]]]],"type":"MultiPolygon"},"properties":{"name":"United Arab Emirates"},"type":"Feature"},{"geometry":{"coordinates":[[[[-6.29,49.91],[-6.31,49.91],[-6.31,49.93],[-6.29,49.91]]],[[[-6.33,49.96],[-6.33,49.94],[-6.35,49.96],[-6.33,49.96]]],[[[-7.02,54.41],[-7.19,54.33],[-7.15,54.22],[-7.28,54.13],[-7.61,54.14],[-7.86,54.21],[-8.17,54.46],[-7.71,54.6],[-7.93,54.7],[-7.54,54.74],[-7.37,55.04],[-7.07,55.04],[-6.96,55.19],[-6.48,55.25],[-6.05,55.18],[-5.99,54.98],[-5.69,54.79],[-5.91,54.61],[-5.57,54.68],[-5.43,54.49],[-5.52,54.34],[-5.56,54.51],[-5.7,54.58],[-5.63,54.44],[-5.71,54.35],[-5.58,54.38],[-5.55,54.3],[-5.86,54.23],[-5.89,54.1],[-6.04,54.04],[-6.35,54.11],[-6.62,54.04],[-6.67,54.07],[-6.63,54.15],[-7.02,54.41]]],[[[-6.29,55.58],[-6.32,55.63],[-6.24,55.66],[-6.33,55.72],[-6.25,55.78],[-6.46,55.67],[-6.5,55.72],[-6.45,55.85],[-6.33,55.89],[-6.31,55.82],[-6.14,55.94],[-6.06,55.66],[-6.29,55.58]]],[[[-5.96,55.8],[-6.06,55.81],[-6.08,55.92],[-5.89,55.98],[-5.98,55.97],[-5.96,56.03],[-5.69,56.15],[-5.96,55.8]]],[[[-6.17,56.04],[-6.27,56.04],[-6.21,56.1],[-6.15,56.12],[-6.17,56.04]]],[[[-5.81,56.32],[-6.27,56.26],[-6.37,56.32],[-6.25,56.31],[-6.02,56.38],[-6.2,56.38],[-6.02,56.5],[-6.34,56.55],[-6.15,56.65],[-5.65,56.45],[-5.81,56.32]]],[[[-6.16,56.47],[-6.26,56.48],[-6.23,56.5],[-6.16,56.47]]],[[[-6.9,56.44],[-6.99,56.5],[-6.73,56.53],[-6.9,56.44]]],[[[-6.7,56.59],[-6.45,56.69],[-6.49,56.64],[-6.7,56.59]]],[[[-6.36,56.95],[-6.46,57.0],[-6.27,57.04],[-6.36,56.95]]],[[[-7.46,56.94],[-7.56,56.95],[-7.45,57.06],[-7.37,56.98],[-7.46,56.94]]],[[[-6.61,57.05],[-6.49,57.06],[-6.52,57.05],[-6.61,57.05]]],[[[-7.35,57.24],[-7.26,57.18],[-7.35,57.15],[-7.22,57.11],[-7.35,57.1],[-7.46,57.24],[-7.39,57.31],[-7.43,57.39],[-7.35,57.41],[-7.26,57.37],[-7.22,57.34],[-7.39,57.38],[-7.2,57.31],[-7.35,57.24]]],[[[-6.01,57.3],[-6.01,57.32],[-5.93,57.31],[-6.01,57.3]]],[[[-6.72,57.51],[-6.61,57.44],[-6.63,57.5],[-6.56,57.5],[-6.64,57.61],[-6.31,57.46],[-6.42,57.65],[-6.31,57.7],[-6.15,57.59],[-6.19,57.39],[-6.1,57.33],[-6.15,57.31],[-5.65,57.26],[-6.01,57.03],[-5.85,57.19],[-6.04,57.23],[-6.09,57.13],[-6.16,57.2],[-6.32,57.16],[-6.28,57.2],[-6.48,57.31],[-6.32,57.31],[-6.53,57.42],[-6.58,57.34],[-6.67,57.36],[-6.78,57.46],[-6.72,57.51]]],[[[-5.98,57.5],[-5.99,57.35],[-6.05,57.33],[-5.98,57.5]]],[[[-7.21,57.42],[-7.41,57.45],[-7.37,57.49],[-7.21,57.42]]],[[[-5.96,57.57],[-5.97,57.52],[-5.99,57.53],[-5.96,57.57]]],[[[-7.22,57.64],[-7.11,57.59],[-7.31,57.55],[-7.13,57.54],[-7.24,57.5],[-7.54,57.59],[-7.31,57.69],[-7.07,57.63],[-7.22,57.64]]],[[[-7.17,57.72],[-7.22,57.71],[-7.18,57.73],[-7.17,57.72]]],[[[-8.57,57.82],[-8.55,57.82],[-8.59,57.8],[-8.57,57.82]]],[[[-7.02,57.92],[-7.0,57.92],[-7.01,57.89],[-7.08,57.89],[-7.02,57.92]]],[[[-6.83,57.9],[-7.11,57.99],[-6.93,58.05],[-7.06,58.04],[-7.02,58.08],[-7.13,58.12],[-7.03,58.24],[-6.91,58.22],[-6.94,58.21],[-6.86,58.11],[-6.87,58.19],[-6.71,58.19],[-6.82,58.29],[-6.72,58.34],[-6.27,58.51],[-6.17,58.43],[-6.17,58.35],[-6.37,58.24],[-6.16,58.22],[-6.4,58.21],[-6.37,58.14],[-6.62,58.09],[-6.38,58.09],[-6.4,58.01],[-6.55,58.01],[-6.49,57.94],[-6.66,57.93],[-6.71,58.0],[-6.59,58.06],[-6.69,58.06],[-6.76,58.0],[-6.66,57.88],[-6.81,57.88],[-6.74,57.83],[-6.97,57.73],[-7.12,57.83],[-6.83,57.9]]],[[[-6.81,58.23],[-6.79,58.21],[-6.87,58.21],[-6.81,58.23]]],[[[-4.16,50.46],[-4.29,50.4],[-4.19,50.32],[-4.75,50.33],[-4.8,50.23],[-5.0,50.14],[-5.05,50.2],[-5.13,50.1],[-5.06,50.06],[-5.19,49.96],[-5.47,50.13],[-5.62,50.05],[-5.72,50.08],[-5.68,50.16],[-5.44,50.19],[-5.15,50.35],[-5.0,50.55],[-4.84,50.51],[-4.92,50.59],[-4.79,50.6],[-4.58,50.77],[-4.53,51.01],[-4.34,51.0],[-4.21,51.08],[-4.23,51.19],[-3.77,51.25],[-3.02,51.19],[-2.97,51.38],[-2.38,51.76],[-3.29,51.38],[-3.56,51.41],[-3.85,51.62],[-4.29,51.56],[-4.29,51.62],[-4.09,51.64],[-4.07,51.68],[-4.32,51.68],[-4.37,51.79],[-4.95,51.6],[-5.12,51.68],[-4.84,51.71],[-4.82,51.8],[-5.18,51.69],[-5.25,51.73],[-5.11,51.78],[-5.13,51.86],[-5.31,51.86],[-5.07,52.03],[-4.84,52.01],[-4.32,52.22],[-4.11,52.37],[-4.06,52.53],[-3.95,52.55],[-4.13,52.6],[-3.99,52.73],[-4.15,52.81],[-4.08,52.93],[-4.76,52.79],[-4.36,53.03],[-4.18,53.22],[-3.83,53.29],[-3.88,53.34],[-3.6,53.29],[-3.33,53.35],[-3.09,53.23],[-3.19,53.39],[-3.06,53.43],[-2.88,53.29],[-2.7,53.35],[-2.92,53.35],[-3.1,53.56],[-2.9,53.74],[-3.05,53.77],[-3.06,53.91],[-2.86,53.97],[-2.83,54.02],[-2.92,54.03],[-2.8,54.13],[-2.85,54.19],[-2.81,54.21],[-2.8,54.25],[-2.94,54.16],[-3.05,54.22],[-3.15,54.06],[-3.24,54.11],[-3.21,54.26],[-3.31,54.19],[-3.63,54.51],[-3.39,54.88],[-3.02,54.98],[-3.57,55.0],[-3.58,54.88],[-3.82,54.89],[-4.01,54.77],[-4.4,54.91],[-4.38,54.68],[-4.86,54.87],[-4.95,54.8],[-4.86,54.63],[-4.94,54.65],[-5.16,54.88],[-5.17,55.01],[-5.0,54.92],[-5.01,55.14],[-4.62,55.5],[-4.92,55.71],[-4.86,55.76],[-4.89,55.92],[-4.48,55.93],[-4.82,56.08],[-4.78,55.99],[-4.85,55.99],[-4.87,56.07],[-4.76,56.21],[-4.85,56.11],[-4.92,56.17],[-4.89,55.99],[-4.95,56.0],[-4.97,55.88],[-5.12,56.01],[-5.09,55.9],[-5.18,55.97],[-5.24,55.89],[-5.2,55.83],[-5.3,55.85],[-5.34,56.0],[-4.92,56.28],[-5.05,56.24],[-5.37,56.01],[-5.44,56.03],[-5.32,55.78],[-5.49,55.64],[-5.45,55.59],[-5.58,55.43],[-5.53,55.36],[-5.77,55.3],[-5.68,55.67],[-5.45,55.85],[-5.66,55.8],[-5.57,55.93],[-5.7,55.92],[-5.57,56.04],[-5.71,55.94],[-5.53,56.09],[-5.51,56.19],[-5.61,56.14],[-5.49,56.26],[-5.59,56.25],[-5.57,56.33],[-5.45,56.36],[-5.54,56.36],[-5.46,56.44],[-5.21,56.45],[-5.2,56.46],[-5.47,56.48],[-5.24,56.57],[-5.41,56.54],[-5.32,56.66],[-5.0,56.72],[-5.24,56.72],[-5.12,56.82],[-5.67,56.5],[-6.01,56.64],[-5.54,56.7],[-6.24,56.72],[-5.76,56.78],[-5.85,56.83],[-5.73,56.84],[-5.66,56.87],[-5.92,56.89],[-5.83,57.0],[-5.76,57.03],[-5.66,56.98],[-5.52,57.0],[-5.79,57.06],[-5.72,57.12],[-5.56,57.1],[-5.4,57.11],[-5.68,57.16],[-5.58,57.27],[-5.41,57.23],[-5.5,57.28],[-5.44,57.32],[-5.73,57.3],[-5.5,57.37],[-5.45,57.42],[-5.81,57.35],[-5.84,57.58],[-5.64,57.51],[-5.51,57.54],[-5.81,57.64],[-5.67,57.71],[-5.8,57.74],[-5.81,57.83],[-5.7,57.87],[-5.66,57.79],[-5.61,57.77],[-5.61,57.93],[-5.22,57.85],[-5.37,57.94],[-5.07,57.83],[-5.45,58.08],[-5.3,58.07],[-5.24,58.15],[-5.39,58.26],[-4.93,58.22],[-5.17,58.35],[-5.14,58.41],[-5.02,58.39],[-5.11,58.51],[-4.99,58.63],[-4.84,58.61],[-4.82,58.52],[-4.78,58.61],[-4.66,58.56],[-4.76,58.45],[-4.58,58.57],[-4.43,58.55],[-4.5,58.45],[-4.03,58.6],[-3.05,58.65],[-3.13,58.37],[-4.0,57.94],[-4.08,57.96],[-4.01,57.87],[-4.39,57.91],[-4.04,57.82],[-3.78,57.86],[-3.99,57.7],[-4.01,57.69],[-4.1,57.58],[-4.26,57.55],[-4.19,57.49],[-4.03,57.56],[-4.08,57.59],[-3.41,57.72],[-2.0,57.7],[-1.83,57.61],[-1.76,57.47],[-1.98,57.32],[-2.19,56.91],[-2.43,56.75],[-2.51,56.59],[-2.73,56.47],[-2.88,56.46],[-2.8,56.35],[-2.58,56.28],[-2.65,56.23],[-2.96,56.21],[-3.34,56.03],[-3.84,56.11],[-3.66,56.01],[-3.08,55.95],[-2.64,56.06],[-2.14,55.91],[-1.82,55.63],[-1.63,55.59],[-1.52,55.16],[-1.28,54.75],[-1.17,54.7],[-1.2,54.63],[-0.56,54.48],[-0.37,54.25],[-0.08,54.11],[-0.22,54.02],[0.13,53.64],[0.15,53.61],[0.13,53.57],[-0.26,53.74],[-0.64,53.73],[-0.73,53.7],[-0.28,53.71],[0.22,53.42],[0.36,53.15],[0.01,52.89],[0.38,52.77],[0.57,52.97],[1.27,52.93],[1.67,52.76],[1.77,52.49],[1.58,52.08],[1.34,51.94],[1.26,51.99],[1.16,52.03],[1.27,51.96],[1.07,51.95],[1.28,51.95],[1.2,51.88],[1.28,51.84],[1.07,51.78],[0.98,51.84],[0.7,51.72],[0.93,51.74],[0.92,51.59],[0.46,51.51],[0.38,51.45],[0.69,51.48],[0.55,51.41],[0.73,51.42],[0.76,51.36],[0.98,51.35],[1.45,51.38],[1.38,51.33],[1.38,51.15],[1.07,51.06],[0.98,50.92],[0.76,50.93],[0.27,50.75],[-0.27,50.83],[-0.79,50.73],[-0.94,50.84],[-1.02,50.84],[-1.08,50.78],[-1.07,50.84],[-1.16,50.84],[-1.15,50.78],[-1.47,50.92],[-1.32,50.8],[-1.56,50.72],[-2.04,50.74],[-2.08,50.7],[-1.95,50.68],[-1.97,50.6],[-2.4,50.65],[-2.45,50.53],[-2.86,50.73],[-3.37,50.62],[-3.46,50.68],[-3.49,50.46],[-3.56,50.43],[-3.49,50.4],[-3.66,50.22],[-4.04,50.3],[-4.18,50.4],[-4.16,50.46]],[[-5.12,56.51],[-5.06,56.57],[-5.2,56.46],[-5.12,56.51]],[[-4.29,57.68],[-4.43,57.58],[-4.01,57.69],[-4.29,57.68]],[[-3.06,56.45],[-3.32,56.37],[-2.88,56.46],[-3.06,56.45]]],[[[-4.66,51.16],[-4.67,51.16],[-4.68,51.19],[-4.66,51.16]]],[[[-4.41,53.13],[-4.39,53.18],[-4.5,53.18],[-4.57,53.28],[-4.57,53.39],[-4.32,53.42],[-4.2,53.3],[-4.04,53.3],[-4.41,53.13]]],[[[-4.68,53.29],[-4.69,53.31],[-4.56,53.25],[-4.68,53.29]]],[[[-5.35,55.48],[-5.4,55.61],[-5.3,55.72],[-5.16,55.68],[-5.07,55.51],[-5.22,55.44],[-5.35,55.48]]],[[[-5.14,55.84],[-5.2,55.91],[-5.08,55.88],[-5.01,55.73],[-5.14,55.84]]],[[[-5.67,56.18],[-5.75,56.16],[-5.74,56.18],[-5.67,56.18]]],[[[-5.67,56.22],[-5.61,56.26],[-5.61,56.25],[-5.67,56.22]]],[[[-5.63,56.32],[-5.58,56.33],[-5.6,56.28],[-5.63,56.32]]],[[[-5.56,56.41],[-5.5,56.42],[-5.54,56.39],[-5.56,56.41]]],[[[-2.94,58.73],[-3.04,58.83],[-2.88,58.83],[-2.94,58.73]]],[[[-3.42,58.91],[-3.25,58.9],[-3.17,58.82],[-3.25,58.79],[-3.3,58.78],[-3.42,58.91]]],[[[-3.2,58.92],[-3.23,59.04],[-3.29,58.95],[-3.35,58.98],[-3.35,59.1],[-3.08,59.13],[-2.99,59.06],[-3.13,59.01],[-2.71,58.96],[-3.2,58.92]]],[[[-2.69,59.09],[-2.63,59.16],[-2.51,59.09],[-2.69,59.09]]],[[[-3.04,59.18],[-2.95,59.18],[-3.11,59.16],[-3.04,59.18]]],[[[-2.73,59.22],[-2.73,59.15],[-2.83,59.18],[-2.73,59.22]]],[[[-2.6,59.24],[-2.69,59.19],[-2.61,59.29],[-2.4,59.32],[-2.6,59.24]]],[[[-2.99,59.32],[-2.83,59.25],[-3.08,59.33],[-2.99,59.32]]],[[[-1.6,59.53],[-1.65,59.51],[-1.64,59.55],[-1.6,59.53]]],[[[-2.05,60.16],[-2.05,60.13],[-2.09,60.12],[-2.05,60.16]]],[[[-1.28,50.58],[-1.57,50.66],[-1.3,50.77],[-1.06,50.69],[-1.28,50.58]]],[[[-0.96,50.83],[-0.94,50.78],[-1.02,50.79],[-0.96,50.83]]],[[[-1.37,60.05],[-1.32,60.12],[-1.3,60.09],[-1.37,60.05]]],[[[-1.12,60.16],[-1.13,60.18],[-1.05,60.17],[-1.12,60.16]]],[[[-1.06,60.39],[-1.17,60.35],[-1.09,60.27],[-1.22,60.24],[-1.12,60.15],[-1.21,60.11],[-1.16,60.06],[-1.27,59.85],[-1.38,59.91],[-1.26,60.12],[-1.27,60.25],[-1.41,60.26],[-1.35,60.21],[-1.46,60.16],[-1.5,60.24],[-1.62,60.22],[-1.69,60.29],[-1.36,60.29],[-1.26,60.36],[-1.4,60.39],[-1.45,60.49],[-1.61,60.48],[-1.53,60.56],[-1.46,60.51],[-1.38,60.51],[-1.48,60.54],[-1.3,60.64],[-1.37,60.4],[-1.22,60.5],[-1.15,60.43],[-1.22,60.41],[-1.15,60.39],[-1.03,60.45],[-1.12,60.38],[-1.06,60.39]]],[[[-1.01,60.37],[-0.91,60.39],[-0.98,60.34],[-1.01,60.37]]],[[[-0.94,60.63],[-0.75,60.6],[-0.79,60.58],[-0.94,60.63]]],[[[-1.02,60.5],[-1.13,60.5],[-1.17,60.65],[-1.1,60.62],[-1.1,60.73],[-0.99,60.73],[-0.99,60.64],[-1.06,60.66],[-1.02,60.5]]],[[[-0.88,60.85],[-0.89,60.79],[-0.76,60.83],[-0.84,60.68],[-0.94,60.73],[-0.88,60.85]]],[[[0.77,51.45],[0.94,51.38],[0.79,51.37],[0.77,51.45]]]],"type":"MultiPolygon"},"properties":{"name":"United Kingdom"},"type":"Feature"},{"geometry":{"coordinates":[[[[34.52,-10.01],[34.05,-9.49],[33.96,-9.52],[33.91,-9.72],[33.73,-9.58],[33.44,-9.62],[33.3,-9.49],[33.17,-9.51],[32.52,-9.26],[32.42,-9.14],[31.94,-9.06],[31.94,-8.93],[31.67,-8.91],[31.54,-8.7],[31.35,-8.59],[31.08,-8.62],[30.96,-8.55],[30.44,-7.6],[30.29,-7.15],[30.09,-6.89],[29.71,-6.62],[29.54,-6.31],[29.48,-6.0],[29.61,-5.7],[29.32,-4.92],[29.4,-4.45],[29.73,-4.46],[30.0,-4.27],[30.31,-3.79],[30.38,-3.79],[30.43,-3.55],[30.8,-3.27],[30.83,-3.17],[30.83,-2.98],[30.49,-2.94],[30.42,-2.85],[30.52,-2.65],[30.41,-2.67],[30.51,-2.46],[30.83,-2.35],[30.89,-2.08],[30.8,-1.93],[30.83,-1.59],[30.74,-1.41],[30.56,-1.32],[30.48,-1.06],[30.64,-1.07],[30.78,-0.99],[34.0,-1.0],[37.64,-3.05],[37.7,-3.31],[37.59,-3.41],[37.6,-3.51],[37.71,-3.53],[37.77,-3.66],[39.22,-4.69],[39.21,-4.86],[39.11,-4.92],[39.08,-5.05],[39.14,-5.1],[38.78,-6.05],[38.92,-6.44],[39.04,-6.47],[39.28,-6.73],[39.28,-6.83],[39.46,-6.86],[39.55,-7.0],[39.55,-7.12],[39.33,-7.31],[39.25,-7.82],[39.33,-7.73],[39.44,-7.83],[39.45,-8.01],[39.28,-8.31],[39.35,-8.71],[39.55,-8.92],[39.45,-8.86],[39.39,-8.9],[39.49,-8.94],[39.5,-9.12],[39.57,-9.09],[39.64,-9.19],[39.57,-9.45],[39.65,-9.44],[39.74,-9.67],[39.7,-9.74],[39.8,-9.82],[39.69,-10.04],[39.83,-9.99],[39.99,-10.22],[40.02,-10.13],[40.13,-10.17],[40.12,-10.27],[40.23,-10.3],[40.23,-10.2],[40.35,-10.36],[40.43,-10.3],[40.42,-10.5],[39.79,-10.93],[39.5,-10.99],[39.24,-11.17],[38.9,-11.17],[38.49,-11.41],[38.07,-11.26],[37.88,-11.32],[37.82,-11.53],[37.47,-11.72],[37.14,-11.67],[37.03,-11.56],[36.82,-11.57],[36.56,-11.73],[36.2,-11.7],[36.17,-11.58],[35.83,-11.41],[35.58,-11.61],[34.96,-11.57],[34.89,-11.38],[34.77,-11.35],[34.61,-11.1],[34.68,-10.75],[34.52,-10.01]]],[[[39.7,-8.07],[39.8,-7.99],[39.8,-8.01],[39.7,-8.07]]],[[[39.73,-7.97],[39.59,-7.95],[39.9,-7.64],[39.85,-7.84],[39.73,-7.97]]],[[[39.42,-6.19],[39.5,-6.2],[39.5,-6.12],[39.57,-6.38],[39.51,-6.46],[39.42,-6.3],[39.4,-6.37],[39.3,-6.24],[39.27,-6.31],[39.18,-6.16],[39.19,-5.9],[39.28,-5.84],[39.31,-5.72],[39.42,-6.19]]],[[[39.21,-5.86],[39.23,-5.77],[39.24,-5.81],[39.21,-5.86]]],[[[39.66,-5.48],[39.62,-5.46],[39.58,-5.39],[39.66,-5.48]]],[[[39.74,-5.45],[39.64,-5.41],[39.66,-5.29],[39.78,-5.24],[39.74,-5.24],[39.65,-5.19],[39.75,-5.21],[39.68,-4.89],[39.82,-4.99],[39.87,-4.91],[39.81,-5.36],[39.74,-5.45]]]],"type":"MultiPolygon"},"properties":{"name":"United Republic of Tanzania"},"type":"Feature"},{"geometry":{"coordinates":[[[[-169.55,16.73],[-169.52,16.73],[-169.54,16.72],[-169.55,16.73]]],[[[-177.38,28.21],[-177.36,28.21],[-177.37,28.2],[-177.38,28.21]]],[[[-160.03,-0.38],[-160.01,-0.37],[-160.01,-0.38],[-160.03,-0.38]]],[[[-162.1,5.89],[-162.06,5.88],[-162.07,5.87],[-162.1,5.89]]],[[[-169.53,16.75],[-169.54,16.75],[-169.52,16.76],[-169.53,16.75]]]],"type":"MultiPolygon"},"properties":{"name":"United States Minor Outlying Islands"},"type":"Feature"},{"geometry":{"coordinates":[[[[-64.67,17.72],[-64.9,17.68],[-64.88,17.78],[-64.59,17.75],[-64.67,17.72]]],[[[-64.7,18.3],[-64.8,18.33],[-64.75,18.37],[-64.7,18.3]]],[[[-64.93,18.34],[-65.04,18.35],[-64.95,18.39],[-64.84,18.32],[-64.93,18.34]]]],"type":"MultiPolygon"},"properties":{"name":"United States Virgin Islands"},"type":"Feature"},{"geometry":{"coordinates":[[[[-171.74,25.77],[-171.72,25.77],[-171.73,25.75],[-171.74,25.77]]],[[[-179.14,51.28],[-179.09,51.3],[-179.06,51.25],[-179.14,51.28]]],[[[-178.99,51.38],[-178.92,51.38],[-178.9,51.35],[-178.99,51.31],[-178.99,51.38]]],[[[-177.92,51.67],[-177.91,51.6],[-178.1,51.67],[-177.96,51.76],[-178.21,51.88],[-177.95,51.92],[-177.84,51.84],[-177.62,51.86],[-177.8,51.8],[-177.81,51.7],[-177.92,51.67]]],[[[-176.71,51.69],[-176.71,51.62],[-176.81,51.62],[-176.83,51.72],[-176.98,51.6],[-176.82,51.77],[-176.9,51.81],[-176.7,51.79],[-176.78,51.83],[-176.71,51.86],[-176.76,51.95],[-176.55,51.98],[-176.64,51.86],[-176.44,51.84],[-176.42,51.75],[-176.71,51.69]]],[[[-178.81,51.84],[-178.74,51.78],[-178.81,51.75],[-178.81,51.84]]],[[[-177.16,51.7],[-177.7,51.7],[-177.29,51.78],[-177.17,51.94],[-177.07,51.87],[-177.16,51.7]]],[[[-176.4,51.74],[-176.42,51.85],[-176.28,51.86],[-176.35,51.84],[-176.29,51.77],[-176.4,51.74]]],[[[-176.15,51.78],[-176.22,51.84],[-176.17,51.89],[-176.11,51.84],[-176.06,51.85],[-175.99,51.81],[-176.15,51.78]]],[[[-176.11,51.88],[-176.0,51.91],[-175.98,51.85],[-176.11,51.88]]],[[[-175.72,51.97],[-175.66,51.97],[-175.71,51.94],[-175.72,51.97]]],[[[-175.88,51.98],[-175.81,51.99],[-175.88,51.97],[-175.95,51.97],[-175.88,51.98]]],[[[-176.07,52.11],[-175.96,52.04],[-176.06,51.97],[-176.16,52.0],[-176.18,52.09],[-176.07,52.11]]],[[[-173.84,52.04],[-174.06,52.12],[-172.96,52.09],[-173.84,52.04]]],[[[-174.43,52.11],[-174.37,52.1],[-174.41,52.04],[-174.52,52.1],[-174.49,52.04],[-175.34,52.01],[-174.34,52.19],[-174.23,52.27],[-174.44,52.32],[-174.19,52.42],[-173.99,52.31],[-174.2,52.21],[-174.09,52.13],[-174.43,52.11]]],[[[-172.53,52.25],[-172.63,52.26],[-172.44,52.4],[-172.3,52.34],[-172.53,52.25]]],[[[-171.26,52.53],[-171.21,52.5],[-171.28,52.45],[-171.26,52.53]]],[[[-170.8,52.54],[-170.85,52.58],[-170.67,52.7],[-170.56,52.67],[-170.8,52.54]]],[[[-170.17,52.79],[-170.06,52.76],[-170.06,52.73],[-170.19,52.73],[-170.17,52.79]]],[[[-169.96,52.79],[-170.01,52.84],[-169.78,52.89],[-169.69,52.87],[-169.71,52.81],[-169.96,52.79]]],[[[-170.09,52.92],[-169.99,52.91],[-170.06,52.86],[-170.09,52.92]]],[[[-169.75,53.02],[-169.68,53.03],[-169.67,53.0],[-169.74,52.96],[-169.75,53.02]]],[[[-168.49,53.04],[-169.11,52.82],[-168.87,52.95],[-168.78,53.17],[-168.62,53.27],[-168.36,53.27],[-168.43,53.33],[-168.36,53.47],[-168.01,53.57],[-167.79,53.5],[-167.85,53.39],[-168.23,53.26],[-168.49,53.04]]],[[[-166.56,53.62],[-166.52,53.58],[-166.6,53.54],[-166.66,53.6],[-166.64,53.53],[-166.71,53.55],[-166.66,53.49],[-166.79,53.57],[-166.75,53.45],[-167.01,53.45],[-167.51,53.26],[-167.85,53.31],[-166.96,53.54],[-167.14,53.56],[-167.13,53.63],[-166.99,53.62],[-167.03,53.7],[-166.8,53.63],[-166.83,53.71],[-166.71,53.72],[-167.15,53.82],[-167.02,53.96],[-166.63,54.0],[-166.61,53.83],[-166.37,54.01],[-166.35,53.95],[-166.26,53.97],[-166.25,53.89],[-166.54,53.79],[-166.49,53.77],[-166.55,53.69],[-166.35,53.78],[-166.28,53.72],[-166.56,53.62]]],[[[-166.21,53.71],[-166.3,53.76],[-166.09,53.84],[-166.21,53.71]]],[[[-166.16,53.99],[-166.08,53.97],[-166.15,53.96],[-166.16,53.99]]],[[[-165.34,54.07],[-165.49,54.08],[-165.27,54.09],[-165.34,54.07]]],[[[-165.1,54.07],[-165.23,54.09],[-164.95,54.13],[-165.1,54.07]]],[[[-166.04,54.04],[-166.12,54.12],[-165.95,54.22],[-165.66,54.13],[-166.04,54.04]]],[[[-165.63,54.19],[-165.57,54.24],[-165.68,54.25],[-165.49,54.3],[-165.55,54.22],[-165.4,54.19],[-165.57,54.11],[-165.63,54.19]]],[[[-169.79,56.62],[-169.47,56.59],[-169.59,56.54],[-169.79,56.62]]],[[[-170.29,57.11],[-170.41,57.18],[-170.1,57.25],[-170.29,57.11]]],[[[-166.25,59.85],[-166.08,59.78],[-166.18,59.76],[-167.12,60.0],[-167.45,60.22],[-166.82,60.22],[-166.76,60.3],[-166.15,60.38],[-166.16,60.44],[-166.08,60.33],[-165.68,60.3],[-165.73,60.07],[-165.54,59.98],[-165.69,59.9],[-166.25,59.85]]],[[[-172.6,60.33],[-173.06,60.5],[-172.93,60.61],[-172.81,60.48],[-172.21,60.31],[-172.6,60.33]]],[[[-173.06,60.68],[-173.05,60.62],[-173.11,60.65],[-173.06,60.68]]],[[[-166.01,62.04],[-165.97,62.07],[-165.94,62.02],[-166.01,62.04]]],[[[-169.78,63.04],[-169.93,63.14],[-169.87,63.11],[-169.78,63.04]]],[[[-170.3,63.24],[-170.71,63.4],[-170.45,63.33],[-170.3,63.24]]],[[[-169.35,63.18],[-169.67,62.95],[-169.76,62.97],[-169.71,63.04],[-169.82,63.13],[-169.93,63.14],[-170.26,63.2],[-170.23,63.28],[-170.44,63.36],[-170.86,63.46],[-171.08,63.44],[-171.44,63.32],[-171.74,63.38],[-171.85,63.52],[-171.74,63.79],[-171.67,63.8],[-171.63,63.7],[-171.49,63.66],[-171.54,63.62],[-170.94,63.57],[-170.65,63.69],[-170.31,63.7],[-170.08,63.62],[-170.08,63.49],[-169.51,63.37],[-169.19,63.3],[-169.07,63.32],[-169.22,63.35],[-168.69,63.3],[-168.81,63.17],[-169.35,63.18]]],[[[-169.53,63.38],[-169.44,63.36],[-169.51,63.37],[-169.53,63.38]]],[[[-170.78,63.41],[-171.07,63.44],[-171.03,63.44],[-170.78,63.41]]],[[[-168.05,64.96],[-168.1,64.97],[-168.07,64.98],[-168.05,64.96]]],[[[-168.91,65.74],[-168.95,65.75],[-168.94,65.76],[-168.91,65.74]]],[[[-167.82,65.76],[-167.74,65.78],[-167.83,65.74],[-167.82,65.76]]],[[[-167.56,65.82],[-167.56,65.81],[-167.65,65.79],[-167.56,65.82]]],[[[-166.31,66.18],[-166.8,66.05],[-166.32,66.19],[-166.19,66.21],[-166.31,66.18]]],[[[-166.09,66.26],[-166.04,66.26],[-166.16,66.23],[-166.09,66.26]]],[[[-165.97,66.29],[-165.81,66.33],[-165.96,66.26],[-165.97,66.29]]],[[[-165.69,66.37],[-165.49,66.41],[-165.6,66.38],[-165.69,66.37]]],[[[-155.5,19.14],[-155.67,18.91],[-155.88,19.03],[-155.89,19.36],[-156.06,19.73],[-155.84,19.98],[-155.88,20.25],[-155.74,20.24],[-155.12,19.9],[-155.09,19.73],[-154.99,19.73],[-154.81,19.51],[-155.03,19.33],[-155.5,19.14]]],[[[-156.7,20.53],[-156.54,20.57],[-156.54,20.51],[-156.7,20.53]]],[[[-156.41,20.59],[-156.46,20.78],[-156.68,20.88],[-156.67,21.0],[-156.54,21.0],[-156.48,20.9],[-156.24,20.94],[-156.0,20.8],[-156.0,20.69],[-156.41,20.59]]],[[[-157.06,20.89],[-157.03,20.92],[-156.81,20.83],[-156.96,20.73],[-157.06,20.89]]],[[[-156.87,21.05],[-157.3,21.13],[-157.26,21.22],[-156.97,21.21],[-156.71,21.16],[-156.87,21.05]]],[[[-157.95,21.3],[-157.96,21.39],[-158.1,21.3],[-158.28,21.58],[-158.12,21.59],[-157.97,21.71],[-157.84,21.46],[-157.73,21.46],[-157.65,21.31],[-157.95,21.3]]],[[[-160.2,21.78],[-160.24,21.79],[-160.1,22.01],[-160.09,21.89],[-160.2,21.78]]],[[[-159.44,21.87],[-159.76,21.98],[-159.79,22.07],[-159.59,22.22],[-159.4,22.24],[-159.29,22.15],[-159.44,21.87]]],[[[-164.7,23.58],[-164.7,23.57],[-164.71,23.57],[-164.7,23.58]]],[[[-162.48,54.42],[-162.37,54.39],[-162.41,54.37],[-162.48,54.42]]],[[[-162.61,54.37],[-162.8,54.42],[-162.83,54.5],[-162.55,54.41],[-162.61,54.37]]],[[[-163.37,54.76],[-163.62,54.61],[-164.13,54.62],[-164.41,54.44],[-164.65,54.39],[-164.85,54.42],[-164.96,54.59],[-164.7,54.68],[-164.48,54.92],[-164.23,54.89],[-163.76,55.06],[-163.53,55.04],[-163.37,54.79],[-163.14,54.77],[-163.05,54.66],[-163.37,54.76]]],[[[-159.59,54.82],[-159.51,54.78],[-159.55,54.75],[-159.59,54.82]]],[[[-159.34,54.93],[-159.21,54.93],[-159.29,54.87],[-159.34,54.93]]],[[[-162.34,54.84],[-162.44,54.93],[-162.26,54.99],[-162.24,54.89],[-162.34,54.84]]],[[[-159.46,55.06],[-159.35,55.05],[-159.39,55.03],[-159.34,54.98],[-159.46,54.98],[-159.46,55.06]]],[[[-159.95,55.13],[-160.24,54.89],[-160.09,55.05],[-160.19,55.12],[-160.02,55.11],[-160.07,55.2],[-159.95,55.18],[-159.89,55.3],[-159.92,55.16],[-159.83,55.18],[-159.95,55.13]]],[[[-161.77,55.06],[-161.78,55.14],[-161.91,55.15],[-161.73,55.16],[-161.64,55.12],[-161.77,55.06]]],[[[-159.65,55.05],[-159.53,55.25],[-159.49,55.05],[-159.65,55.05]]],[[[-161.34,55.22],[-161.33,55.17],[-161.36,55.16],[-161.44,55.2],[-161.34,55.22]]],[[[-161.68,55.23],[-161.55,55.25],[-161.56,55.21],[-161.68,55.23]]],[[[-160.68,55.21],[-160.82,55.12],[-160.85,55.33],[-160.7,55.41],[-160.68,55.31],[-160.54,55.39],[-160.58,55.24],[-160.46,55.19],[-160.68,55.21]]],[[[-160.4,55.29],[-160.53,55.33],[-160.35,55.37],[-160.4,55.29]]],[[[-160.06,55.34],[-160.03,55.31],[-160.1,55.31],[-160.06,55.34]]],[[[-163.15,55.4],[-163.2,55.41],[-163.14,55.44],[-163.15,55.4]]],[[[-160.35,55.42],[-160.17,55.45],[-160.15,55.39],[-160.35,55.42]]],[[[-159.31,55.81],[-159.29,55.77],[-159.3,55.76],[-159.31,55.81]]],[[[-155.72,55.77],[-155.75,55.82],[-155.56,55.91],[-155.57,55.78],[-155.72,55.77]]],[[[-158.9,55.87],[-158.83,55.9],[-158.71,55.83],[-158.86,55.86],[-158.88,55.81],[-158.9,55.87]]],[[[-156.73,56.03],[-156.74,56.04],[-156.7,56.07],[-156.73,56.03]]],[[[-156.77,56.22],[-156.77,56.15],[-156.81,56.16],[-156.77,56.22]]],[[[-157.83,56.36],[-157.81,56.33],[-157.83,56.31],[-157.9,56.34],[-157.83,56.36]]],[[[-154.52,56.59],[-154.49,56.52],[-154.79,56.43],[-154.54,56.6],[-154.42,56.59],[-154.52,56.59]]],[[[-154.14,56.51],[-153.88,56.57],[-153.93,56.52],[-154.14,56.51]]],[[[-154.25,56.61],[-154.1,56.61],[-154.05,56.56],[-154.33,56.52],[-154.25,56.61]]],[[[-157.16,56.53],[-157.33,56.52],[-157.1,56.59],[-156.98,56.54],[-157.16,56.53]]],[[[-153.27,57.0],[-153.41,57.08],[-153.24,57.21],[-153.21,57.13],[-152.88,57.15],[-153.27,57.0]]],[[[-152.97,57.52],[-152.91,57.49],[-153.03,57.48],[-153.04,57.43],[-152.83,57.48],[-152.6,57.37],[-152.84,57.27],[-152.88,57.35],[-153.17,57.35],[-152.96,57.26],[-153.39,57.21],[-153.46,57.12],[-153.49,57.18],[-153.54,57.18],[-153.5,57.07],[-153.76,57.05],[-153.56,56.99],[-153.99,56.74],[-154.15,56.75],[-153.77,57.0],[-153.97,56.96],[-153.74,57.13],[-154.1,56.96],[-154.11,57.04],[-153.96,57.12],[-154.24,57.15],[-154.49,57.11],[-154.41,57.05],[-154.1,57.11],[-154.3,56.86],[-154.33,56.93],[-154.53,56.99],[-154.6,57.26],[-154.78,57.27],[-154.81,57.35],[-154.71,57.34],[-154.73,57.43],[-154.61,57.53],[-154.22,57.68],[-154.02,57.65],[-153.97,57.57],[-154.11,57.54],[-153.94,57.53],[-153.89,57.41],[-153.75,57.3],[-153.63,57.27],[-153.81,57.41],[-153.81,57.52],[-153.85,57.58],[-153.68,57.54],[-153.88,57.65],[-153.58,57.62],[-153.91,57.71],[-153.92,57.81],[-153.67,57.89],[-153.57,57.84],[-153.53,57.72],[-153.44,57.7],[-153.5,57.76],[-153.32,57.73],[-153.45,57.85],[-153.21,57.79],[-153.21,57.73],[-153.18,57.71],[-153.2,57.86],[-153.24,57.9],[-153.05,57.83],[-153.28,58.01],[-152.81,57.91],[-152.89,57.87],[-152.89,57.73],[-152.84,57.85],[-152.62,57.86],[-152.62,57.93],[-152.36,57.85],[-152.55,57.7],[-152.4,57.69],[-152.43,57.61],[-152.15,57.62],[-152.33,57.47],[-152.97,57.52]]],[[[-153.83,57.53],[-153.84,57.44],[-153.88,57.48],[-153.83,57.53]]],[[[-153.4,57.86],[-153.54,57.94],[-153.33,57.93],[-153.21,57.81],[-153.4,57.86]]],[[[-152.85,57.97],[-152.73,57.98],[-152.75,57.94],[-152.85,57.97]]],[[[-153.12,58.1],[-153.05,58.04],[-152.89,58.0],[-153.42,58.07],[-153.3,58.15],[-153.18,58.09],[-153.12,58.1]]],[[[-152.12,58.15],[-152.28,58.26],[-152.37,58.2],[-152.27,58.13],[-152.55,58.09],[-152.58,58.21],[-152.64,58.07],[-152.77,58.08],[-152.8,57.99],[-153.23,58.17],[-153.19,58.22],[-152.91,58.17],[-153.11,58.27],[-152.77,58.26],[-152.76,58.36],[-152.88,58.41],[-152.63,58.48],[-152.5,58.46],[-152.42,58.32],[-152.35,58.42],[-152.21,58.35],[-152.12,58.4],[-152.14,58.23],[-151.99,58.35],[-152.12,58.15]]],[[[-152.8,58.32],[-152.78,58.29],[-152.93,58.33],[-152.8,58.32]]],[[[-160.87,58.59],[-160.97,58.55],[-161.09,58.55],[-161.17,58.69],[-161.08,58.64],[-160.7,58.81],[-160.87,58.59]]],[[[-160.32,58.68],[-160.3,58.73],[-160.24,58.66],[-160.32,58.68]]],[[[-160.42,58.72],[-160.41,58.75],[-160.38,58.71],[-160.42,58.72]]],[[[-153.4,59.41],[-153.35,59.37],[-153.55,59.34],[-153.4,59.41]]],[[[-152.57,60.16],[-152.56,60.11],[-152.61,60.13],[-152.57,60.16]]],[[[-162.61,63.55],[-162.72,63.58],[-162.43,63.64],[-162.35,63.56],[-162.61,63.55]]],[[[-164.87,66.51],[-165.32,66.44],[-164.76,66.55],[-164.75,66.54],[-164.87,66.51]]],[[[-163.18,69.48],[-163.19,69.61],[-163.17,69.66],[-163.13,69.68],[-163.15,69.61],[-163.17,69.56],[-163.18,69.48]]],[[[-163.0,69.86],[-162.84,69.93],[-163.13,69.7],[-163.0,69.86]]],[[[-162.81,69.95],[-162.64,70.07],[-162.56,70.09],[-162.81,69.95]]],[[[-162.31,70.24],[-162.16,70.27],[-162.56,70.11],[-162.31,70.24]]],[[[-161.89,70.35],[-161.55,70.33],[-161.91,70.34],[-161.89,70.35]]],[[[-132.96,54.8],[-132.91,54.84],[-133.15,54.95],[-133.22,55.1],[-133.12,55.1],[-133.22,55.15],[-133.18,55.24],[-133.11,55.25],[-132.96,55.06],[-133.09,55.09],[-132.67,54.68],[-132.96,54.8]]],[[[-133.42,55.2],[-133.44,55.3],[-133.3,55.33],[-133.32,55.27],[-133.21,55.27],[-133.42,55.2]]],[[[-133.61,55.24],[-133.69,55.31],[-133.58,55.43],[-133.45,55.41],[-133.61,55.24]]],[[[-133.24,55.41],[-133.32,55.4],[-133.31,55.43],[-133.24,55.41]]],[[[-133.51,55.43],[-133.6,55.45],[-133.51,55.52],[-133.43,55.45],[-133.51,55.43]]],[[[-133.35,55.45],[-133.43,55.53],[-133.41,55.55],[-133.3,55.55],[-133.35,55.45]]],[[[-133.72,55.55],[-133.59,55.54],[-133.63,55.45],[-133.8,55.45],[-133.72,55.55]]],[[[-133.58,55.7],[-133.68,55.79],[-133.49,55.79],[-133.58,55.7]]],[[[-133.31,55.8],[-133.42,55.74],[-133.49,55.79],[-133.31,55.8]]],[[[-133.26,55.78],[-133.33,55.88],[-133.27,55.9],[-133.26,55.78]]],[[[-134.33,55.92],[-134.1,55.92],[-134.26,55.82],[-134.33,55.92]]],[[[-133.86,55.94],[-133.83,55.9],[-133.87,55.85],[-133.93,55.91],[-133.86,55.94]]],[[[-133.29,56.15],[-133.3,56.01],[-133.7,55.9],[-133.79,55.94],[-133.68,56.07],[-133.48,56.09],[-133.62,56.13],[-133.29,56.15]]],[[[-133.85,56.3],[-133.98,56.35],[-133.89,56.23],[-133.95,56.09],[-134.04,56.11],[-134.05,56.32],[-134.09,56.19],[-134.19,56.18],[-134.09,56.09],[-134.13,56.0],[-134.26,56.26],[-134.16,56.31],[-134.29,56.3],[-134.28,56.36],[-134.18,56.44],[-134.16,56.37],[-134.04,56.37],[-134.03,56.49],[-134.31,56.57],[-134.09,56.65],[-134.36,56.68],[-134.41,56.85],[-134.28,56.79],[-134.31,56.9],[-134.11,56.85],[-134.26,56.94],[-134.01,56.89],[-133.9,56.76],[-133.99,56.64],[-133.87,56.71],[-133.86,56.81],[-133.72,56.77],[-133.78,56.69],[-133.74,56.57],[-133.92,56.62],[-133.85,56.57],[-133.92,56.51],[-133.83,56.44],[-133.89,56.44],[-133.85,56.3]]],[[[-133.26,56.93],[-133.3,57.01],[-132.98,56.94],[-132.96,56.8],[-132.94,56.63],[-133.02,56.61],[-133.35,56.84],[-133.31,56.74],[-133.22,56.73],[-133.24,56.63],[-133.11,56.62],[-133.17,56.61],[-133.08,56.53],[-133.16,56.46],[-133.44,56.5],[-133.62,56.44],[-133.68,56.85],[-133.74,56.81],[-133.76,56.81],[-133.89,56.9],[-133.74,56.89],[-134.02,57.02],[-133.89,57.09],[-133.26,56.93]]],[[[-134.67,56.17],[-135.05,56.54],[-134.85,56.69],[-134.96,56.63],[-134.98,56.71],[-135.11,56.6],[-135.0,56.76],[-135.19,56.68],[-135.12,56.83],[-135.37,56.83],[-135.29,56.89],[-135.35,56.97],[-135.17,57.04],[-135.37,57.09],[-135.27,57.16],[-135.41,57.16],[-135.33,57.25],[-135.53,57.24],[-135.67,57.36],[-135.48,57.35],[-135.61,57.39],[-135.38,57.55],[-135.28,57.51],[-135.4,57.44],[-135.18,57.48],[-135.2,57.43],[-134.91,57.34],[-135.0,57.35],[-134.84,57.26],[-134.72,57.01],[-134.62,56.73],[-134.67,56.17]]],[[[-135.84,56.99],[-135.71,57.17],[-135.86,57.22],[-135.84,57.32],[-135.55,57.23],[-135.63,57.24],[-135.55,57.14],[-135.64,57.01],[-135.84,56.99]]],[[[-152.3,57.36],[-152.32,57.36],[-152.29,57.4],[-152.3,57.36]]],[[[-134.63,57.22],[-134.53,57.22],[-134.58,57.27],[-134.46,57.31],[-134.56,57.4],[-134.31,57.33],[-134.37,57.37],[-134.31,57.39],[-134.46,57.39],[-134.57,57.49],[-134.35,57.54],[-134.57,57.51],[-134.65,57.6],[-134.81,58.06],[-134.78,58.11],[-134.91,58.2],[-134.95,58.41],[-134.69,58.17],[-134.18,58.16],[-133.79,57.59],[-134.31,58.1],[-134.22,57.97],[-134.32,58.0],[-134.29,57.84],[-133.94,57.62],[-133.84,57.46],[-134.1,57.48],[-133.89,57.44],[-133.86,57.36],[-133.96,57.3],[-134.18,57.39],[-134.08,57.26],[-134.61,57.01],[-134.63,57.22]]],[[[-135.78,57.44],[-136.07,57.61],[-135.95,57.62],[-136.12,57.62],[-136.09,57.69],[-136.22,57.78],[-136.42,57.83],[-136.31,58.0],[-136.03,57.85],[-136.41,58.08],[-136.38,58.14],[-136.27,58.11],[-136.36,58.22],[-136.26,58.22],[-136.19,58.08],[-136.1,58.06],[-136.16,58.1],[-136.14,58.22],[-135.97,58.16],[-135.79,58.28],[-135.48,58.16],[-135.63,58.04],[-135.78,58.04],[-135.62,58.01],[-135.79,57.98],[-135.66,57.95],[-135.39,58.14],[-134.92,58.03],[-134.92,57.85],[-135.2,57.94],[-134.93,57.81],[-135.01,57.79],[-135.89,57.99],[-135.37,57.81],[-135.36,57.73],[-134.91,57.76],[-134.85,57.47],[-135.06,57.47],[-135.81,57.76],[-135.7,57.68],[-135.81,57.64],[-135.6,57.61],[-135.66,57.55],[-135.58,57.56],[-135.55,57.47],[-135.71,57.37],[-135.98,57.5],[-135.78,57.44]]],[[[-152.43,57.97],[-152.33,57.92],[-152.37,57.89],[-152.49,57.91],[-152.43,57.97]]],[[[-136.56,58.02],[-136.48,58.1],[-136.34,58.01],[-136.42,57.87],[-136.56,58.02]]],[[[-151.87,58.26],[-151.81,58.26],[-151.82,58.2],[-151.87,58.17],[-151.87,58.26]]],[[[-134.48,58.33],[-134.26,58.2],[-134.67,58.29],[-134.48,58.33]]],[[[-136.05,58.32],[-136.03,58.29],[-136.14,58.27],[-136.05,58.32]]],[[[-135.57,58.37],[-135.54,58.33],[-135.67,58.33],[-135.71,58.37],[-135.57,58.37]]],[[[-152.34,58.6],[-152.5,58.47],[-152.66,58.55],[-152.34,58.6]]],[[[-152.04,58.95],[-152.01,58.95],[-152.06,58.91],[-152.04,58.95]]],[[[-152.25,58.96],[-152.16,58.95],[-152.36,58.92],[-152.25,58.96]]],[[[-151.64,59.12],[-151.65,59.1],[-151.7,59.1],[-151.64,59.12]]],[[[-151.43,59.14],[-151.43,59.12],[-151.46,59.11],[-151.43,59.14]]],[[[-151.8,59.14],[-151.89,59.14],[-151.82,59.17],[-151.8,59.14]]],[[[-150.68,59.41],[-150.61,59.38],[-150.68,59.32],[-150.76,59.32],[-150.68,59.41]]],[[[-146.34,59.41],[-146.36,59.41],[-146.32,59.45],[-146.34,59.41]]],[[[-150.38,59.43],[-150.44,59.4],[-150.41,59.45],[-150.29,59.46],[-150.38,59.43]]],[[[-144.55,59.83],[-144.61,59.81],[-144.44,59.94],[-144.21,60.01],[-144.55,59.83]]],[[[-148.22,59.99],[-148.14,59.97],[-147.99,60.04],[-148.14,59.95],[-148.22,59.99]]],[[[-147.88,60.08],[-147.82,60.07],[-148.05,59.96],[-147.88,60.08]]],[[[-147.97,60.16],[-147.88,60.11],[-148.04,60.07],[-148.14,60.01],[-147.97,60.16]]],[[[-147.33,60.07],[-147.49,59.86],[-147.92,59.79],[-147.7,60.0],[-147.2,60.24],[-147.19,60.36],[-147.01,60.35],[-147.08,60.28],[-146.92,60.31],[-147.33,60.07]]],[[[-148.19,60.09],[-148.27,60.1],[-148.19,60.13],[-148.04,60.19],[-148.17,60.04],[-148.3,60.05],[-148.19,60.09]]],[[[-147.49,60.26],[-147.34,60.3],[-147.37,60.26],[-147.49,60.26]]],[[[-148.08,60.37],[-147.98,60.38],[-148.04,60.29],[-148.13,60.31],[-148.08,60.37]]],[[[-147.71,60.51],[-147.61,60.44],[-147.74,60.4],[-147.63,60.39],[-147.8,60.17],[-147.79,60.24],[-147.91,60.29],[-147.78,60.31],[-147.87,60.33],[-147.77,60.49],[-147.79,60.43],[-147.71,60.51]]],[[[-145.23,60.32],[-145.28,60.34],[-145.1,60.42],[-145.12,60.31],[-145.23,60.32]]],[[[-146.6,60.25],[-146.68,60.29],[-146.49,60.36],[-146.72,60.39],[-146.59,60.48],[-146.08,60.4],[-146.6,60.25]]],[[[-151.97,60.38],[-152.04,60.35],[-152.09,60.36],[-151.95,60.51],[-151.86,60.49],[-151.97,60.38]]],[[[-146.1,60.48],[-146.33,60.46],[-145.76,60.63],[-146.1,60.48]]],[[[-147.37,60.66],[-147.31,60.68],[-147.34,60.65],[-147.5,60.66],[-147.37,60.66]]],[[[-148.12,60.65],[-148.23,60.73],[-148.22,60.76],[-148.12,60.75],[-148.12,60.65]]],[[[-147.94,60.66],[-148.01,60.73],[-147.91,60.74],[-147.86,60.69],[-147.94,60.66]]],[[[-146.8,60.81],[-146.82,60.84],[-146.76,60.88],[-146.73,60.81],[-146.8,60.81]]],[[[-147.97,60.91],[-147.92,60.81],[-148.13,60.8],[-148.08,60.89],[-147.97,60.91]]],[[[-140.99,60.3],[-140.53,60.22],[-140.42,60.29],[-140.02,60.19],[-139.68,60.33],[-139.08,60.34],[-139.18,60.07],[-138.7,59.9],[-138.6,59.75],[-137.61,59.24],[-137.49,58.9],[-137.06,59.06],[-136.9,58.93],[-137.01,58.92],[-137.13,58.83],[-136.99,58.89],[-136.59,58.85],[-136.48,58.8],[-136.65,58.82],[-136.52,58.7],[-136.34,58.69],[-136.53,58.61],[-136.33,58.6],[-136.29,58.67],[-136.13,58.57],[-136.21,58.52],[-136.08,58.52],[-136.03,58.39],[-136.27,58.31],[-136.33,58.41],[-136.51,58.44],[-136.56,58.37],[-136.41,58.38],[-136.37,58.3],[-136.62,58.35],[-136.56,58.26],[-136.66,58.22],[-136.68,58.31],[-136.86,58.38],[-137.11,58.39],[-137.63,58.61],[-137.44,58.66],[-137.67,58.63],[-138.29,59.08],[-138.61,59.13],[-138.45,59.19],[-138.63,59.14],[-139.86,59.55],[-139.64,59.57],[-139.48,59.7],[-139.62,59.89],[-139.47,59.99],[-139.31,59.86],[-139.34,59.72],[-139.27,59.62],[-139.34,59.6],[-139.29,59.58],[-139.23,59.62],[-139.28,59.83],[-139.04,59.85],[-138.95,59.81],[-138.9,59.81],[-139.03,59.86],[-139.24,59.88],[-139.52,60.05],[-139.85,59.82],[-140.32,59.7],[-141.45,59.88],[-141.27,59.96],[-141.38,60.14],[-141.48,60.11],[-141.39,60.02],[-141.67,59.96],[-142.8,60.11],[-143.92,60.0],[-144.25,60.03],[-144.0,60.04],[-144.25,60.15],[-144.2,60.21],[-144.57,60.19],[-144.94,60.31],[-144.79,60.46],[-144.89,60.49],[-144.76,60.67],[-144.62,60.72],[-144.76,60.68],[-145.27,60.36],[-145.94,60.46],[-145.63,60.68],[-146.26,60.65],[-146.03,60.74],[-146.04,60.8],[-146.48,60.69],[-146.7,60.74],[-146.09,60.84],[-146.22,60.89],[-146.63,60.83],[-146.75,60.96],[-146.59,60.94],[-146.7,60.98],[-146.57,61.03],[-146.65,61.07],[-146.24,61.09],[-146.28,61.12],[-146.61,61.13],[-146.98,60.95],[-147.03,60.96],[-146.98,61.01],[-147.17,60.95],[-147.29,61.01],[-147.26,60.94],[-147.36,60.89],[-147.45,60.9],[-147.42,61.01],[-147.54,60.91],[-147.48,61.07],[-147.56,61.16],[-147.67,61.01],[-147.6,60.87],[-147.73,60.89],[-147.7,60.95],[-147.81,60.88],[-147.75,60.84],[-147.87,60.84],[-147.94,60.91],[-148.05,60.95],[-147.7,61.21],[-147.77,61.22],[-147.73,61.28],[-148.05,61.03],[-148.15,61.12],[-148.41,61.06],[-148.36,61.05],[-148.45,60.99],[-148.15,61.06],[-148.25,60.95],[-148.33,60.97],[-148.31,60.85],[-148.4,60.86],[-148.33,60.82],[-148.52,60.84],[-148.7,60.79],[-148.45,60.8],[-148.61,60.76],[-148.67,60.67],[-148.37,60.78],[-148.43,60.63],[-148.23,60.77],[-148.25,60.72],[-148.2,60.63],[-148.34,60.54],[-148.49,60.58],[-148.69,60.46],[-148.47,60.55],[-148.24,60.46],[-148.08,60.6],[-147.94,60.46],[-148.18,60.42],[-148.14,60.36],[-148.25,60.38],[-148.24,60.3],[-148.39,60.28],[-148.44,60.18],[-148.23,60.26],[-148.21,60.16],[-148.1,60.22],[-148.19,60.13],[-148.33,60.17],[-148.44,59.96],[-148.55,60.03],[-148.65,59.92],[-149.11,59.97],[-149.04,60.05],[-149.1,60.06],[-149.29,59.87],[-149.29,60.01],[-149.41,60.12],[-149.39,60.0],[-149.63,59.83],[-149.53,59.72],[-149.64,59.74],[-149.72,59.96],[-149.77,59.84],[-149.87,59.85],[-149.75,59.67],[-150.03,59.8],[-149.92,59.72],[-150.01,59.63],[-150.12,59.7],[-150.09,59.59],[-150.35,59.47],[-150.22,59.72],[-150.48,59.47],[-150.55,59.54],[-150.49,59.6],[-150.66,59.55],[-150.61,59.44],[-150.68,59.41],[-150.92,59.33],[-150.96,59.2],[-151.04,59.3],[-151.24,59.32],[-151.1,59.23],[-151.41,59.26],[-151.74,59.17],[-151.98,59.28],[-151.82,59.35],[-151.89,59.41],[-151.69,59.48],[-151.38,59.44],[-151.44,59.53],[-151.17,59.6],[-150.99,59.78],[-151.47,59.64],[-151.41,59.61],[-151.87,59.75],[-151.72,60.02],[-151.31,60.39],[-151.28,60.54],[-151.4,60.74],[-151.07,60.79],[-150.39,61.05],[-150.23,60.94],[-149.75,60.97],[-149.03,60.85],[-150.07,61.16],[-149.68,61.4],[-149.25,61.5],[-149.43,61.51],[-149.76,61.45],[-149.98,61.25],[-150.5,61.26],[-150.54,61.37],[-151.18,61.05],[-151.57,60.99],[-151.81,60.85],[-151.71,60.73],[-151.87,60.76],[-152.05,60.67],[-152.33,60.49],[-152.25,60.4],[-152.6,60.23],[-152.94,60.31],[-153.08,60.3],[-152.58,60.07],[-152.74,59.91],[-153.24,59.86],[-153.29,59.82],[-153.0,59.81],[-153.17,59.66],[-153.43,59.65],[-153.32,59.72],[-153.45,59.79],[-153.49,59.65],[-153.62,59.7],[-153.71,59.63],[-153.59,59.57],[-153.88,59.55],[-153.74,59.5],[-153.75,59.44],[-154.15,59.38],[-153.95,59.36],[-154.26,59.15],[-154.18,59.13],[-154.17,59.03],[-153.71,59.07],[-153.26,58.86],[-153.61,58.64],[-153.9,58.62],[-153.94,58.5],[-154.11,58.48],[-154.0,58.39],[-154.36,58.29],[-154.12,58.28],[-154.3,58.2],[-154.25,58.13],[-154.34,58.16],[-154.35,58.08],[-154.49,58.2],[-154.47,58.09],[-154.61,58.12],[-154.58,58.02],[-155.02,58.03],[-155.13,57.96],[-155.07,57.9],[-155.34,57.83],[-155.31,57.74],[-155.61,57.79],[-155.59,57.68],[-155.77,57.64],[-155.74,57.55],[-156.02,57.58],[-156.1,57.53],[-156.06,57.43],[-156.21,57.48],[-156.54,57.32],[-156.34,57.29],[-156.45,57.23],[-156.38,57.14],[-156.65,57.06],[-156.55,56.98],[-156.78,57.05],[-156.81,56.91],[-156.96,56.98],[-156.94,56.91],[-157.19,56.85],[-157.19,56.78],[-157.42,56.87],[-157.47,56.83],[-157.41,56.76],[-157.61,56.72],[-157.48,56.62],[-157.77,56.68],[-158.13,56.53],[-157.87,56.57],[-157.88,56.48],[-158.13,56.52],[-158.43,56.44],[-158.65,56.27],[-158.54,56.25],[-158.47,56.34],[-158.21,56.28],[-158.41,56.2],[-158.12,56.24],[-158.36,56.13],[-158.41,56.18],[-158.41,56.08],[-158.5,56.1],[-158.43,56.01],[-158.6,56.05],[-158.48,56.19],[-158.64,56.2],[-158.56,56.17],[-158.7,56.15],[-158.68,55.96],[-158.86,56.01],[-158.93,55.92],[-159.36,55.88],[-159.42,55.79],[-159.47,55.9],[-159.54,55.89],[-159.5,55.77],[-159.63,55.58],[-159.76,55.6],[-159.62,55.64],[-159.71,55.67],[-159.63,55.81],[-159.85,55.85],[-159.86,55.79],[-160.04,55.8],[-160.07,55.7],[-160.16,55.74],[-160.16,55.66],[-160.44,55.65],[-160.37,55.61],[-160.5,55.49],[-160.61,55.61],[-160.77,55.55],[-160.68,55.46],[-160.92,55.52],[-161.28,55.35],[-161.52,55.38],[-161.39,55.57],[-161.14,55.53],[-161.41,55.64],[-161.62,55.61],[-161.9,55.22],[-162.05,55.24],[-161.96,55.13],[-162.0,55.09],[-162.13,55.1],[-162.1,55.17],[-162.23,55.11],[-162.2,55.04],[-162.45,55.04],[-162.52,55.11],[-162.36,55.11],[-162.65,55.3],[-162.72,55.22],[-162.61,55.17],[-162.64,55.07],[-162.56,54.96],[-162.65,55.05],[-162.75,54.94],[-162.88,54.94],[-163.18,55.14],[-163.21,55.02],[-163.05,54.94],[-163.34,54.81],[-163.39,54.86],[-163.28,54.91],[-163.35,54.94],[-163.25,54.97],[-163.33,55.12],[-163.02,55.25],[-163.08,55.18],[-162.96,55.17],[-162.64,55.38],[-162.5,55.37],[-162.53,55.45],[-162.62,55.41],[-162.23,55.7],[-161.8,55.89],[-161.16,56.02],[-161.37,55.96],[-160.87,55.99],[-160.86,55.93],[-161.02,55.89],[-160.69,55.7],[-160.79,55.89],[-160.24,55.78],[-160.32,55.83],[-160.25,55.85],[-160.57,55.93],[-160.58,55.99],[-160.37,56.28],[-160.19,56.39],[-159.75,56.58],[-159.21,56.7],[-159.26,56.71],[-158.89,56.89],[-158.95,56.84],[-158.64,56.76],[-158.68,57.02],[-158.31,57.31],[-158.06,57.37],[-157.76,57.56],[-157.68,57.57],[-157.66,57.48],[-157.6,57.49],[-157.6,57.62],[-157.71,57.65],[-157.61,58.11],[-157.38,58.21],[-157.48,58.23],[-157.56,58.36],[-157.44,58.52],[-156.94,58.74],[-157.08,58.76],[-156.78,59.16],[-157.08,58.89],[-158.2,58.61],[-158.56,58.81],[-158.42,58.98],[-158.5,58.99],[-158.17,59.01],[-158.03,58.88],[-158.0,58.91],[-158.14,59.04],[-158.44,59.09],[-158.54,59.18],[-158.46,59.05],[-158.73,58.87],[-158.75,58.99],[-158.83,58.98],[-158.79,58.77],[-158.91,58.78],[-158.71,58.49],[-158.88,58.4],[-159.05,58.42],[-159.48,58.82],[-159.66,58.84],[-159.62,58.93],[-159.74,58.93],[-159.75,58.84],[-159.91,58.77],[-160.0,58.87],[-160.33,58.94],[-160.26,58.99],[-160.35,59.07],[-160.83,58.81],[-160.89,58.88],[-161.18,58.78],[-161.31,58.81],[-161.26,58.78],[-161.38,58.69],[-161.3,58.68],[-161.71,58.56],[-161.77,58.65],[-161.76,58.59],[-162.18,58.64],[-161.89,58.65],[-161.68,58.77],[-161.77,58.77],[-161.86,59.03],[-161.57,59.12],[-161.84,59.12],[-161.85,59.07],[-161.97,59.13],[-162.04,59.25],[-162.05,59.27],[-162.04,59.29],[-161.98,59.25],[-161.95,59.39],[-161.71,59.5],[-162.21,60.03],[-162.2,60.15],[-162.25,60.2],[-162.16,60.22],[-162.15,60.25],[-162.29,60.24],[-162.23,60.15],[-162.32,60.11],[-162.46,60.3],[-162.22,60.59],[-161.88,60.7],[-162.07,60.67],[-162.12,60.71],[-162.18,60.73],[-162.12,60.66],[-162.28,60.61],[-162.42,60.38],[-162.61,60.33],[-162.56,60.26],[-162.7,60.27],[-162.45,60.19],[-162.53,60.0],[-162.75,60.0],[-163.32,59.83],[-164.1,59.83],[-164.21,59.95],[-164.11,60.0],[-164.41,60.09],[-164.64,60.25],[-164.65,60.33],[-164.99,60.34],[-165.14,60.45],[-164.99,60.55],[-165.22,60.5],[-165.43,60.55],[-165.0,60.71],[-165.03,60.79],[-164.87,60.85],[-164.94,60.94],[-165.17,60.94],[-164.77,61.11],[-165.06,61.06],[-165.19,61.14],[-165.13,61.16],[-165.06,61.22],[-165.14,61.26],[-165.08,61.22],[-165.16,61.16],[-165.36,61.21],[-165.21,61.27],[-165.21,61.33],[-165.26,61.33],[-165.16,61.37],[-165.16,61.42],[-165.29,61.33],[-165.23,61.27],[-165.39,61.22],[-165.37,61.07],[-165.61,61.12],[-165.61,61.29],[-165.88,61.34],[-165.92,61.41],[-165.78,61.52],[-165.92,61.56],[-166.11,61.5],[-166.2,61.59],[-166.14,61.73],[-166.12,61.64],[-165.77,61.69],[-166.1,61.82],[-165.59,61.86],[-165.75,61.98],[-165.71,62.12],[-165.13,62.52],[-164.87,62.54],[-164.85,62.48],[-164.61,62.44],[-164.68,62.47],[-164.63,62.51],[-164.84,62.49],[-164.79,62.53],[-164.86,62.56],[-164.48,62.75],[-164.81,62.62],[-164.89,62.79],[-164.77,62.8],[-164.88,62.84],[-164.69,63.03],[-164.31,63.01],[-164.6,63.13],[-164.42,63.21],[-163.99,63.26],[-163.54,63.13],[-163.79,63.02],[-163.81,62.99],[-163.53,63.12],[-163.35,63.03],[-163.09,63.06],[-162.6,63.28],[-162.28,63.49],[-162.31,63.55],[-162.02,63.49],[-162.17,63.43],[-161.44,63.46],[-161.06,63.57],[-160.77,63.82],[-160.97,64.25],[-161.26,64.41],[-161.54,64.4],[-161.41,64.54],[-161.04,64.51],[-161.09,64.55],[-160.83,64.62],[-160.79,64.73],[-161.16,64.93],[-161.09,64.91],[-160.99,64.94],[-161.02,64.95],[-161.21,64.93],[-161.55,64.75],[-161.73,64.82],[-161.81,64.82],[-161.72,64.79],[-162.51,64.56],[-162.78,64.34],[-162.87,64.46],[-162.83,64.5],[-163.15,64.66],[-163.39,64.6],[-163.04,64.52],[-163.17,64.41],[-163.68,64.59],[-164.94,64.53],[-164.92,64.46],[-164.77,64.48],[-164.84,64.46],[-165.04,64.45],[-166.19,64.59],[-166.48,64.73],[-166.39,64.9],[-166.68,64.98],[-166.96,65.18],[-166.88,65.28],[-166.93,65.17],[-166.71,65.11],[-166.53,65.14],[-166.37,65.27],[-166.03,65.24],[-167.4,65.4],[-168.05,65.58],[-168.14,65.67],[-167.88,65.76],[-168.06,65.65],[-167.53,65.73],[-167.56,65.81],[-167.35,65.9],[-167.06,65.88],[-166.88,65.95],[-166.97,65.97],[-166.31,66.18],[-165.75,66.11],[-165.5,66.15],[-165.89,66.24],[-165.49,66.4],[-165.03,66.4],[-164.94,66.47],[-164.73,66.53],[-164.72,66.56],[-164.27,66.6],[-163.74,66.6],[-163.63,66.57],[-163.93,66.59],[-163.76,66.53],[-163.9,66.4],[-163.85,66.29],[-164.19,66.19],[-163.92,66.21],[-163.68,66.08],[-162.76,66.11],[-162.68,66.01],[-162.18,66.08],[-161.86,65.98],[-161.51,66.28],[-161.09,66.24],[-161.16,66.12],[-161.02,66.19],[-161.14,66.34],[-161.51,66.41],[-161.87,66.38],[-161.9,66.27],[-161.96,66.35],[-161.89,66.52],[-162.21,66.71],[-162.5,66.75],[-162.63,66.86],[-162.48,66.96],[-162.31,66.95],[-162.02,66.78],[-162.07,66.65],[-161.63,66.46],[-161.2,66.54],[-160.77,66.37],[-160.23,66.41],[-160.22,66.53],[-160.33,66.6],[-160.27,66.65],[-160.55,66.59],[-161.14,66.65],[-161.27,66.54],[-161.5,66.54],[-161.9,66.74],[-161.73,66.95],[-161.53,66.99],[-161.84,67.05],[-162.25,67.02],[-162.29,67.07],[-162.29,67.01],[-162.46,66.99],[-162.34,67.15],[-162.36,67.17],[-162.58,67.02],[-163.72,67.11],[-163.82,67.35],[-164.15,67.62],[-166.3,68.3],[-166.83,68.35],[-166.32,68.41],[-166.37,68.44],[-166.23,68.58],[-166.22,68.89],[-164.35,68.93],[-163.62,69.12],[-163.18,69.43],[-163.27,69.3],[-163.13,69.39],[-163.06,69.56],[-163.15,69.61],[-162.94,69.71],[-163.02,69.75],[-161.91,70.32],[-161.7,70.26],[-162.12,70.15],[-160.95,70.29],[-160.17,70.6],[-159.95,70.6],[-159.94,70.52],[-160.2,70.48],[-159.92,70.49],[-160.13,70.33],[-159.95,70.37],[-159.77,70.2],[-159.89,70.39],[-159.83,70.5],[-159.71,70.47],[-159.29,70.54],[-159.72,70.5],[-159.95,70.64],[-160.13,70.63],[-159.67,70.8],[-159.37,70.85],[-159.14,70.83],[-159.45,70.78],[-159.22,70.69],[-159.28,70.76],[-158.99,70.78],[-159.06,70.82],[-157.86,70.87],[-156.47,71.41],[-156.37,71.38],[-156.6,71.35],[-156.04,71.22],[-156.11,71.17],[-155.94,71.22],[-155.57,71.15],[-155.57,71.08],[-155.74,71.0],[-156.19,70.92],[-155.98,70.89],[-155.98,70.76],[-155.89,70.84],[-155.58,70.85],[-155.52,70.95],[-155.31,71.03],[-155.19,71.0],[-155.29,71.09],[-155.1,71.09],[-155.09,71.15],[-155.04,71.06],[-155.1,71.02],[-155.04,71.02],[-154.97,71.12],[-154.6,71.01],[-154.81,70.88],[-154.23,70.78],[-153.89,70.9],[-153.26,70.93],[-152.71,70.82],[-152.66,70.85],[-152.71,70.89],[-152.33,70.86],[-152.22,70.81],[-152.51,70.66],[-152.08,70.58],[-152.63,70.56],[-151.76,70.57],[-151.98,70.45],[-151.22,70.38],[-151.18,70.45],[-150.75,70.48],[-150.79,70.5],[-150.38,70.5],[-150.42,70.41],[-149.49,70.52],[-148.68,70.42],[-148.51,70.32],[-147.84,70.31],[-147.68,70.21],[-145.88,70.17],[-145.61,70.07],[-145.22,70.04],[-145.27,69.99],[-144.59,69.98],[-144.13,70.07],[-144.07,69.99],[-144.06,70.09],[-143.55,70.13],[-143.3,70.04],[-143.28,70.12],[-142.88,70.07],[-141.41,69.65],[-141.01,69.65],[-140.99,60.3]],[[-157.41,57.49],[-157.41,57.5],[-157.6,57.49],[-157.41,57.49]],[[-157.39,57.57],[-157.45,57.55],[-157.41,57.5],[-157.39,57.57]],[[-164.83,60.87],[-164.64,60.91],[-164.67,60.83],[-164.27,60.79],[-164.22,60.69],[-164.42,60.55],[-163.96,60.78],[-163.82,60.76],[-163.81,60.59],[-163.69,60.59],[-163.41,60.75],[-163.93,60.85],[-163.56,60.91],[-163.76,60.95],[-163.7,61.0],[-164.01,60.86],[-164.56,60.85],[-164.63,60.93],[-164.94,60.94],[-164.83,60.87]],[[-165.08,61.42],[-164.97,61.49],[-164.84,61.5],[-164.72,61.63],[-165.09,61.48],[-165.16,61.42],[-165.08,61.42]],[[-164.73,62.38],[-164.58,62.43],[-164.61,62.44],[-164.73,62.38]]],[[[-136.84,59.15],[-136.57,59.17],[-136.47,59.29],[-136.47,59.46],[-136.24,59.53],[-136.35,59.59],[-135.48,59.79],[-135.26,59.7],[-135.02,59.56],[-135.1,59.42],[-134.96,59.28],[-134.69,59.24],[-134.22,58.84],[-133.83,58.72],[-133.39,58.4],[-133.42,58.33],[-132.23,57.2],[-132.34,57.08],[-132.03,57.03],[-132.11,56.86],[-131.87,56.79],[-131.83,56.59],[-131.56,56.59],[-130.76,56.35],[-130.47,56.22],[-130.4,56.12],[-130.07,56.08],[-130.02,55.91],[-130.17,55.75],[-129.99,55.28],[-130.37,54.91],[-130.69,54.76],[-130.75,54.97],[-130.75,54.82],[-130.83,54.77],[-130.93,54.82],[-130.97,55.06],[-130.72,55.08],[-130.46,55.33],[-130.76,55.1],[-131.06,55.13],[-130.92,55.29],[-130.61,55.3],[-130.66,55.35],[-130.86,55.31],[-130.92,55.81],[-131.2,55.97],[-131.01,56.11],[-131.34,55.96],[-131.41,56.01],[-131.91,55.86],[-131.76,55.8],[-131.87,55.73],[-131.88,55.6],[-132.0,55.67],[-131.93,55.59],[-131.96,55.5],[-132.17,55.59],[-132.27,55.76],[-132.17,55.72],[-132.17,55.8],[-132.05,55.82],[-132.06,55.94],[-131.95,55.97],[-131.96,56.16],[-131.58,56.18],[-131.49,56.22],[-131.91,56.23],[-131.98,56.37],[-132.16,56.38],[-132.2,56.47],[-132.34,56.53],[-132.31,56.64],[-132.54,56.63],[-132.36,56.82],[-132.51,56.76],[-132.76,56.85],[-132.92,56.98],[-132.77,56.97],[-132.8,57.09],[-132.88,57.02],[-133.17,57.09],[-133.17,57.17],[-133.32,57.1],[-133.55,57.18],[-133.47,57.28],[-133.25,57.28],[-133.06,57.33],[-133.04,57.37],[-133.42,57.34],[-133.46,57.38],[-133.34,57.44],[-133.45,57.43],[-133.5,57.53],[-133.31,57.59],[-133.59,57.57],[-133.65,57.7],[-133.57,57.72],[-133.05,57.5],[-133.0,57.52],[-133.53,57.75],[-133.55,57.92],[-133.12,57.86],[-133.55,57.93],[-133.69,57.79],[-133.86,57.96],[-133.69,57.94],[-133.67,58.02],[-133.76,58.06],[-133.68,58.16],[-133.86,57.99],[-134.06,58.07],[-134.0,58.41],[-133.77,58.52],[-133.98,58.5],[-134.16,58.2],[-134.5,58.35],[-134.76,58.38],[-134.99,58.68],[-134.92,58.66],[-134.95,58.82],[-135.03,58.74],[-135.15,58.84],[-135.23,59.13],[-135.36,59.27],[-135.35,59.47],[-135.41,59.3],[-135.55,59.32],[-135.36,59.21],[-135.31,59.09],[-135.55,59.23],[-135.37,59.09],[-135.39,58.95],[-135.16,58.63],[-135.23,58.61],[-135.06,58.35],[-135.09,58.24],[-135.35,58.28],[-135.48,58.48],[-135.48,58.37],[-135.91,58.38],[-135.88,58.46],[-135.95,58.46],[-135.85,58.47],[-135.89,58.58],[-135.82,58.6],[-136.07,58.81],[-135.77,58.9],[-136.05,58.86],[-136.16,59.04],[-136.14,58.95],[-136.22,58.92],[-136.12,58.93],[-136.1,58.85],[-136.21,58.75],[-136.38,58.81],[-136.26,58.83],[-136.48,58.84],[-136.49,58.97],[-136.57,58.92],[-136.71,59.03],[-136.63,58.89],[-137.06,59.06],[-136.84,59.15]]],[[[-141.39,69.69],[-141.9,69.82],[-141.58,69.77],[-141.39,69.69]]],[[[-149.24,70.55],[-148.99,70.49],[-148.92,70.5],[-148.82,70.47],[-149.02,70.48],[-149.3,70.55],[-149.24,70.55]]],[[[-97.4,26.83],[-97.41,27.13],[-97.39,27.19],[-97.38,27.21],[-97.38,26.93],[-97.22,26.4],[-97.17,26.1],[-97.4,26.83]]],[[[-97.4,27.23],[-97.25,27.66],[-97.21,27.63],[-97.05,27.84],[-97.4,27.23]]],[[[-97.03,27.85],[-96.85,28.13],[-96.85,28.07],[-97.03,27.85]]],[[[-96.7,28.19],[-96.84,28.07],[-96.81,28.19],[-96.41,28.4],[-96.42,28.33],[-96.7,28.19]]],[[[-96.35,28.41],[-96.37,28.41],[-96.23,28.49],[-96.35,28.41]]],[[[-94.83,29.36],[-94.72,29.33],[-95.12,29.09],[-94.83,29.36]]],[[[-93.94,29.81],[-93.88,29.68],[-94.1,29.67],[-94.76,29.37],[-94.7,29.46],[-94.5,29.53],[-94.49,29.57],[-94.78,29.53],[-94.69,29.7],[-94.73,29.78],[-94.92,29.66],[-95.05,29.75],[-94.99,29.67],[-95.02,29.54],[-94.82,29.37],[-94.83,29.36],[-95.12,29.17],[-95.17,29.21],[-95.16,29.05],[-95.6,28.76],[-95.95,28.69],[-95.94,28.63],[-95.72,28.72],[-96.22,28.49],[-95.99,28.64],[-96.23,28.59],[-96.14,28.63],[-96.22,28.63],[-96.19,28.69],[-96.35,28.64],[-96.38,28.73],[-96.44,28.76],[-96.37,28.63],[-96.43,28.6],[-96.49,28.58],[-96.45,28.64],[-96.65,28.73],[-96.61,28.58],[-96.49,28.51],[-96.55,28.47],[-96.4,28.43],[-96.65,28.32],[-96.79,28.48],[-96.77,28.41],[-96.84,28.42],[-96.78,28.24],[-96.88,28.15],[-96.95,28.13],[-96.91,28.26],[-96.97,28.13],[-97.01,28.21],[-97.17,28.16],[-97.22,28.07],[-97.15,28.01],[-97.02,28.1],[-97.18,27.84],[-97.52,27.87],[-97.39,27.85],[-97.26,27.7],[-97.41,27.34],[-97.54,27.29],[-97.49,27.4],[-97.63,27.3],[-97.77,27.47],[-97.67,27.31],[-97.77,27.3],[-97.43,27.26],[-97.48,27.02],[-97.56,26.99],[-97.48,26.88],[-97.56,26.84],[-97.31,26.12],[-97.21,26.09],[-97.26,26.0],[-97.15,26.08],[-97.14,25.97],[-97.33,25.93],[-97.37,25.84],[-97.66,26.03],[-98.22,26.08],[-98.8,26.37],[-99.11,26.42],[-99.25,26.83],[-99.46,27.06],[-99.52,27.59],[-99.83,27.78],[-100.06,28.14],[-100.28,28.28],[-100.32,28.51],[-100.62,28.92],[-100.67,29.12],[-101.21,29.53],[-101.23,29.62],[-101.31,29.6],[-101.41,29.78],[-102.11,29.8],[-102.32,29.89],[-102.41,29.78],[-102.69,29.74],[-102.88,29.34],[-102.86,29.23],[-103.12,29.0],[-103.39,29.03],[-103.78,29.27],[-104.06,29.34],[-104.52,29.65],[-104.68,29.94],[-104.68,30.19],[-104.93,30.61],[-105.36,30.85],[-105.96,31.37],[-106.21,31.48],[-106.39,31.75],[-108.22,31.78],[-108.21,31.33],[-111.07,31.33],[-114.82,32.5],[-114.72,32.71],[-117.13,32.53],[-117.23,32.7],[-117.26,32.69],[-117.32,33.11],[-117.51,33.34],[-118.12,33.74],[-118.19,33.73],[-118.22,33.77],[-118.23,33.77],[-118.25,33.77],[-118.28,33.76],[-118.29,33.7],[-118.41,33.74],[-118.39,33.84],[-118.51,34.02],[-118.81,34.0],[-119.13,34.1],[-119.56,34.41],[-120.47,34.45],[-120.65,34.59],[-120.64,35.14],[-120.88,35.22],[-120.83,35.34],[-120.89,35.43],[-121.29,35.66],[-121.51,36.0],[-121.9,36.3],[-121.98,36.58],[-121.76,36.72],[-121.8,36.84],[-121.91,36.97],[-122.13,36.97],[-122.34,37.12],[-122.52,37.53],[-122.52,37.78],[-122.41,37.81],[-122.37,37.6],[-122.1,37.46],[-122.03,37.46],[-122.22,37.76],[-122.33,37.78],[-122.31,37.89],[-122.43,37.96],[-122.37,38.01],[-121.69,38.01],[-121.61,38.1],[-121.78,38.04],[-121.68,38.15],[-121.9,38.05],[-122.06,38.13],[-122.13,38.04],[-122.4,38.15],[-122.5,38.11],[-122.45,37.99],[-122.5,37.92],[-122.44,37.88],[-122.53,37.82],[-122.92,38.07],[-122.96,37.99],[-123.03,37.99],[-122.95,38.14],[-123.0,38.24],[-122.83,38.07],[-122.83,38.1],[-123.13,38.45],[-123.73,38.92],[-123.69,39.03],[-123.82,39.35],[-123.77,39.56],[-123.85,39.83],[-124.36,40.26],[-124.39,40.51],[-124.24,40.76],[-124.23,40.69],[-124.08,40.84],[-124.23,40.77],[-124.11,41.02],[-124.16,41.13],[-124.07,41.54],[-124.16,41.74],[-124.26,41.78],[-124.2,41.97],[-124.36,42.11],[-124.43,42.33],[-124.4,42.62],[-124.57,42.83],[-124.44,43.03],[-124.4,43.31],[-124.32,43.3],[-124.23,43.42],[-124.21,43.37],[-124.14,43.38],[-124.21,43.45],[-124.34,43.37],[-124.21,43.66],[-124.07,43.71],[-124.15,43.75],[-124.2,43.68],[-124.11,44.31],[-124.02,44.41],[-124.08,44.5],[-124.0,44.62],[-124.08,44.67],[-123.97,45.15],[-124.0,45.34],[-123.92,45.42],[-123.97,45.45],[-123.95,45.56],[-123.96,45.58],[-123.87,45.7],[-123.94,45.66],[-123.98,45.76],[-123.92,46.01],[-124.02,46.23],[-123.8,46.1],[-123.87,46.19],[-123.52,46.24],[-123.39,46.15],[-123.26,46.13],[-123.18,46.18],[-123.3,46.15],[-123.46,46.27],[-123.69,46.31],[-124.08,46.27],[-124.06,46.65],[-124.01,46.39],[-123.96,46.38],[-123.84,46.42],[-123.94,46.47],[-123.96,46.62],[-123.76,46.68],[-124.09,46.74],[-124.13,46.9],[-124.02,46.83],[-124.05,46.89],[-123.81,46.96],[-124.12,47.04],[-124.11,46.93],[-124.18,46.93],[-124.2,47.19],[-124.42,47.74],[-124.67,47.99],[-124.73,48.17],[-124.66,48.32],[-124.73,48.39],[-123.97,48.17],[-123.25,48.12],[-123.15,48.18],[-123.11,48.18],[-123.16,48.15],[-123.01,48.04],[-122.93,48.1],[-122.87,47.99],[-122.82,48.04],[-122.88,48.11],[-122.77,48.14],[-122.79,48.08],[-122.62,47.88],[-122.8,47.68],[-122.81,47.84],[-122.86,47.83],[-122.84,47.75],[-123.16,47.36],[-123.07,47.34],[-122.84,47.43],[-123.11,47.39],[-122.95,47.6],[-122.76,47.67],[-122.62,47.85],[-122.57,47.82],[-122.61,47.95],[-122.47,47.76],[-122.66,47.73],[-122.59,47.58],[-122.7,47.62],[-122.68,47.53],[-122.55,47.58],[-122.51,47.52],[-122.57,47.26],[-122.69,47.3],[-122.77,47.17],[-122.81,47.4],[-123.08,47.13],[-122.93,47.17],[-123.01,47.08],[-122.94,47.13],[-122.89,47.05],[-122.85,47.17],[-122.72,47.09],[-122.57,47.21],[-122.54,47.32],[-122.43,47.26],[-122.33,47.36],[-122.4,47.8],[-122.19,48.03],[-122.34,48.09],[-122.38,48.21],[-122.47,48.18],[-122.35,48.05],[-122.51,48.15],[-122.53,48.25],[-122.4,48.24],[-122.39,48.3],[-122.56,48.43],[-122.68,48.43],[-122.7,48.5],[-122.63,48.52],[-122.49,48.45],[-122.57,48.59],[-122.44,48.58],[-122.51,48.76],[-122.67,48.73],[-122.81,48.93],[-122.75,48.99],[-95.18,48.99],[-95.16,49.37],[-94.84,49.31],[-94.71,48.81],[-94.59,48.73],[-93.87,48.64],[-93.76,48.52],[-92.98,48.62],[-92.65,48.54],[-92.72,48.46],[-92.49,48.43],[-92.37,48.22],[-92.28,48.33],[-92.07,48.35],[-91.57,48.05],[-91.28,48.06],[-90.87,48.23],[-90.75,48.08],[-90.12,48.12],[-89.92,47.99],[-89.36,47.98],[-88.38,48.31],[-84.88,46.9],[-84.77,46.63],[-84.57,46.46],[-84.11,46.53],[-84.16,46.43],[-84.1,46.22],[-83.96,46.06],[-83.61,46.12],[-83.46,46.01],[-83.64,45.77],[-83.48,45.77],[-82.55,45.33],[-82.15,43.58],[-82.41,43.05],[-82.53,42.62],[-83.08,42.31],[-83.16,42.05],[-83.07,41.85],[-82.67,41.67],[-82.42,41.68],[-81.28,42.21],[-80.25,42.37],[-79.02,42.8],[-78.91,42.93],[-79.03,43.01],[-79.06,43.28],[-79.17,43.46],[-78.75,43.62],[-76.84,43.63],[-76.33,44.18],[-75.87,44.41],[-75.27,44.86],[-74.9,45.01],[-71.5,45.01],[-71.45,45.23],[-71.33,45.29],[-71.16,45.25],[-70.99,45.35],[-70.89,45.23],[-70.81,45.42],[-70.64,45.41],[-70.73,45.49],[-70.69,45.57],[-70.42,45.72],[-70.26,45.92],[-70.28,46.21],[-70.07,46.42],[-70.01,46.7],[-69.24,47.46],[-69.07,47.43],[-69.06,47.27],[-68.91,47.19],[-68.3,47.37],[-67.81,47.08],[-67.81,45.71],[-67.43,45.6],[-67.47,45.27],[-67.32,45.15],[-67.25,45.21],[-67.18,45.18],[-67.04,44.97],[-67.2,44.9],[-67.15,44.82],[-67.09,44.89],[-67.04,44.83],[-67.06,44.9],[-66.98,44.8],[-67.2,44.64],[-67.33,44.71],[-67.41,44.6],[-67.43,44.66],[-67.45,44.6],[-67.55,44.64],[-67.6,44.53],[-67.73,44.5],[-67.74,44.6],[-67.79,44.53],[-67.83,44.58],[-67.9,44.4],[-67.9,44.49],[-67.94,44.41],[-67.98,44.5],[-68.06,44.33],[-68.2,44.53],[-68.22,44.47],[-68.31,44.53],[-68.27,44.45],[-68.35,44.47],[-68.41,44.4],[-68.48,44.49],[-68.46,44.39],[-68.57,44.41],[-68.54,44.24],[-68.68,44.27],[-68.82,44.31],[-68.7,44.41],[-68.82,44.4],[-68.74,44.54],[-68.8,44.56],[-68.81,44.47],[-68.99,44.42],[-68.94,44.33],[-69.19,43.95],[-69.26,43.93],[-69.22,44.01],[-69.37,43.97],[-69.36,44.06],[-69.55,43.83],[-69.53,44.02],[-69.59,43.81],[-69.67,43.87],[-69.63,44.03],[-69.68,43.97],[-69.76,43.89],[-69.77,44.06],[-69.88,43.98],[-69.78,43.76],[-69.83,43.7],[-69.87,43.87],[-70.03,43.74],[-70.0,43.86],[-70.29,43.65],[-70.2,43.56],[-70.34,43.54],[-70.32,43.45],[-70.57,43.3],[-70.66,43.09],[-70.73,43.12],[-70.71,43.05],[-70.86,42.83],[-70.76,42.66],[-70.63,42.69],[-70.6,42.63],[-70.88,42.54],[-70.89,42.43],[-71.05,42.32],[-70.96,42.24],[-70.87,42.26],[-70.9,42.32],[-70.74,42.24],[-70.59,42.02],[-70.65,42.07],[-70.71,42.0],[-70.54,41.94],[-70.5,41.79],[-70.27,41.74],[-70.34,41.72],[-70.07,41.77],[-70.0,41.82],[-69.99,41.92],[-69.92,41.84],[-69.98,41.8],[-69.94,41.67],[-70.42,41.64],[-70.66,41.52],[-70.62,41.73],[-70.71,41.75],[-70.85,41.59],[-70.91,41.64],[-70.95,41.54],[-71.04,41.51],[-71.06,41.56],[-71.19,41.47],[-71.21,41.65],[-71.11,41.8],[-71.26,41.65],[-71.39,41.82],[-71.36,41.71],[-71.45,41.68],[-71.43,41.47],[-71.5,41.37],[-72.29,41.28],[-72.39,41.37],[-72.35,41.29],[-72.51,41.26],[-72.89,41.24],[-72.91,41.31],[-73.11,41.15],[-73.6,41.02],[-73.8,40.81],[-73.89,40.8],[-73.88,41.15],[-73.98,41.29],[-73.92,40.93],[-74.03,40.71],[-74.21,40.63],[-74.28,40.5],[-73.98,40.45],[-74.05,40.04],[-74.06,40.06],[-74.17,39.7],[-74.33,39.58],[-74.3,39.51],[-74.41,39.56],[-74.38,39.47],[-74.45,39.45],[-74.47,39.4],[-74.41,39.36],[-74.64,39.31],[-74.55,39.28],[-74.8,38.99],[-74.95,38.93],[-74.91,39.18],[-75.15,39.19],[-75.53,39.48],[-75.56,39.61],[-75.41,39.8],[-75.14,39.87],[-75.02,40.02],[-75.39,39.84],[-75.59,39.65],[-75.59,39.46],[-75.4,39.25],[-75.39,39.06],[-75.2,38.82],[-75.08,38.8],[-75.06,38.63],[-75.14,38.69],[-75.1,38.64],[-75.21,38.57],[-75.06,38.61],[-75.04,38.43],[-75.08,38.34],[-75.06,38.46],[-75.18,38.41],[-75.1,38.32],[-75.82,37.45],[-75.8,37.41],[-75.89,37.36],[-75.95,37.12],[-76.02,37.26],[-75.93,37.58],[-75.79,37.81],[-75.66,37.84],[-75.74,37.91],[-75.63,37.96],[-75.87,37.95],[-75.74,38.11],[-75.94,38.14],[-75.82,38.23],[-75.91,38.27],[-75.84,38.4],[-75.96,38.25],[-75.99,38.36],[-76.04,38.23],[-76.21,38.39],[-76.22,38.32],[-76.32,38.47],[-76.17,38.57],[-76.29,38.56],[-76.28,38.62],[-76.05,38.57],[-75.97,38.61],[-76.29,38.78],[-76.34,38.67],[-76.3,38.82],[-76.25,38.86],[-76.17,38.76],[-76.11,38.8],[-76.19,38.85],[-76.11,38.88],[-76.25,38.95],[-76.37,38.84],[-76.32,39.03],[-76.2,38.98],[-76.07,39.15],[-76.24,39.03],[-76.27,39.17],[-76.17,39.32],[-75.84,39.37],[-76.03,39.39],[-75.84,39.46],[-75.89,39.51],[-75.83,39.58],[-76.0,39.45],[-75.93,39.6],[-76.08,39.56],[-76.07,39.46],[-76.21,39.36],[-76.23,39.47],[-76.28,39.31],[-76.31,39.4],[-76.4,39.39],[-76.33,39.35],[-76.43,39.32],[-76.4,39.26],[-76.48,39.31],[-76.4,39.24],[-76.45,39.19],[-76.57,39.27],[-76.62,39.26],[-76.43,39.13],[-76.43,39.07],[-76.52,39.08],[-76.39,39.02],[-76.57,39.07],[-76.45,38.94],[-76.57,38.95],[-76.49,38.9],[-76.55,38.78],[-76.51,38.53],[-76.39,38.35],[-76.45,38.32],[-76.64,38.47],[-76.68,38.68],[-76.67,38.49],[-76.45,38.29],[-76.37,38.3],[-76.32,38.04],[-76.46,38.21],[-76.52,38.13],[-76.8,38.25],[-76.83,38.36],[-76.88,38.4],[-76.84,38.26],[-76.92,38.29],[-77.03,38.48],[-77.26,38.39],[-77.23,38.56],[-77.01,38.7],[-77.02,38.85],[-77.07,38.9],[-77.05,38.72],[-77.23,38.66],[-77.34,38.35],[-77.04,38.4],[-76.95,38.21],[-76.61,38.15],[-76.53,38.03],[-76.25,37.9],[-76.25,37.82],[-76.32,37.85],[-76.3,37.64],[-76.47,37.71],[-76.5,37.66],[-76.93,38.09],[-77.06,38.17],[-77.13,38.17],[-76.93,38.06],[-76.55,37.63],[-76.28,37.57],[-76.39,37.53],[-76.27,37.52],[-76.26,37.34],[-76.42,37.44],[-76.44,37.32],[-76.37,37.29],[-76.5,37.25],[-76.73,37.49],[-76.8,37.5],[-76.61,37.3],[-76.47,37.21],[-76.39,37.23],[-76.27,37.05],[-76.43,36.98],[-76.63,37.22],[-76.74,37.2],[-76.86,37.32],[-76.93,37.25],[-77.0,37.32],[-77.27,37.32],[-77.02,37.3],[-76.97,37.24],[-76.72,37.15],[-76.67,37.19],[-76.66,37.04],[-76.49,36.95],[-76.52,36.86],[-76.29,36.85],[-76.31,36.96],[-76.0,36.93],[-75.86,36.59],[-75.79,36.28],[-75.52,35.79],[-75.72,36.01],[-75.95,36.72],[-75.97,36.55],[-75.91,36.58],[-75.9,36.5],[-76.04,36.59],[-76.04,36.5],[-75.97,36.4],[-75.93,36.36],[-75.92,36.43],[-75.79,36.08],[-75.96,36.31],[-75.91,36.16],[-76.2,36.32],[-76.06,36.16],[-76.17,36.13],[-76.29,36.21],[-76.22,36.1],[-76.46,36.21],[-76.31,36.1],[-76.58,36.01],[-76.69,36.06],[-76.68,36.29],[-76.73,36.32],[-76.73,35.95],[-76.05,35.98],[-76.06,35.79],[-76.12,35.79],[-76.04,35.7],[-76.14,35.7],[-76.04,35.65],[-75.99,35.89],[-75.86,35.88],[-75.91,35.94],[-75.82,35.93],[-75.85,35.98],[-75.72,35.83],[-75.78,35.58],[-75.89,35.64],[-76.15,35.35],[-76.36,35.41],[-76.37,35.34],[-76.42,35.46],[-76.5,35.39],[-76.58,35.5],[-76.46,35.54],[-76.65,35.52],[-76.6,35.4],[-77.05,35.53],[-76.98,35.44],[-76.47,35.27],[-76.68,35.17],[-76.56,35.12],[-76.76,34.99],[-77.08,35.16],[-76.94,34.98],[-76.54,34.93],[-76.57,34.99],[-76.49,34.97],[-76.45,35.07],[-76.46,34.94],[-76.33,34.98],[-76.35,35.03],[-76.27,34.97],[-76.35,34.88],[-76.51,34.73],[-76.62,34.82],[-76.63,34.71],[-76.69,34.8],[-76.77,34.75],[-76.7,34.73],[-76.73,34.72],[-77.09,34.68],[-77.13,34.76],[-77.14,34.68],[-77.34,34.56],[-77.4,34.59],[-77.33,34.65],[-77.44,34.75],[-77.38,34.63],[-77.45,34.61],[-77.38,34.53],[-77.54,34.47],[-77.58,34.43],[-77.73,34.32],[-77.83,34.21],[-77.87,34.12],[-77.91,33.96],[-77.94,33.93],[-77.92,34.11],[-77.96,34.19],[-78.02,33.9],[-78.37,33.95],[-78.76,33.78],[-79.13,33.42],[-79.18,33.22],[-79.27,33.32],[-79.19,33.44],[-79.28,33.36],[-79.29,33.28],[-79.18,33.18],[-79.34,33.16],[-79.29,33.11],[-79.37,33.06],[-79.39,33.02],[-79.58,33.01],[-79.59,32.91],[-79.83,32.76],[-79.94,32.85],[-79.89,32.69],[-80.18,32.57],[-80.27,32.62],[-80.2,32.56],[-80.32,32.49],[-80.54,32.56],[-80.67,32.52],[-80.48,32.48],[-80.59,32.46],[-80.46,32.42],[-80.55,32.35],[-80.43,32.41],[-80.55,32.28],[-80.64,32.27],[-80.66,32.46],[-80.67,32.31],[-80.76,32.36],[-80.79,32.5],[-80.85,32.54],[-80.8,32.32],[-80.68,32.21],[-80.82,32.11],[-80.78,32.21],[-80.79,32.24],[-80.89,32.06],[-80.84,32.0],[-80.94,31.98],[-80.96,31.88],[-81.12,31.91],[-81.14,31.85],[-81.04,31.83],[-81.11,31.74],[-81.27,31.77],[-81.2,31.72],[-81.33,31.55],[-81.33,31.35],[-81.49,31.37],[-81.27,31.26],[-81.39,31.14],[-81.45,31.21],[-81.49,31.11],[-81.41,31.09],[-81.42,31.03],[-81.51,31.09],[-81.45,31.02],[-81.52,30.98],[-81.45,30.96],[-81.53,30.85],[-81.5,30.7],[-81.43,30.68],[-81.44,30.52],[-81.49,30.62],[-81.5,30.55],[-81.41,30.46],[-81.18,29.59],[-80.92,29.07],[-80.63,28.65],[-80.6,28.6],[-80.63,28.6],[-80.77,28.61],[-80.75,28.74],[-80.85,28.79],[-80.74,28.37],[-80.64,28.18],[-80.38,27.67],[-80.35,27.51],[-80.2,27.2],[-80.2,27.18],[-80.22,27.21],[-80.31,27.24],[-80.15,27.14],[-80.04,26.81],[-80.13,25.78],[-80.14,25.9],[-80.31,25.62],[-80.4,25.19],[-80.57,25.25],[-80.71,25.15],[-81.1,25.12],[-81.18,25.23],[-81.16,25.3],[-81.13,25.34],[-81.12,25.34],[-81.08,25.27],[-81.06,25.27],[-80.99,25.23],[-81.01,25.21],[-80.92,25.25],[-81.14,25.38],[-81.35,25.82],[-81.37,25.82],[-81.44,25.8],[-81.43,25.85],[-81.47,25.87],[-81.62,25.95],[-81.73,25.92],[-81.66,25.98],[-81.8,26.1],[-81.86,26.45],[-82.01,26.48],[-81.78,26.71],[-82.04,26.53],[-82.1,26.91],[-81.98,27.0],[-82.16,26.93],[-82.27,27.02],[-82.15,26.8],[-82.31,26.85],[-82.57,27.4],[-82.7,27.45],[-82.73,27.51],[-82.59,27.5],[-82.64,27.52],[-82.39,27.81],[-82.42,27.92],[-82.53,27.82],[-82.54,27.94],[-82.69,28.04],[-82.64,27.97],[-82.72,27.93],[-82.56,27.89],[-82.65,27.7],[-82.82,27.83],[-82.74,27.73],[-82.72,27.66],[-82.84,27.83],[-82.66,28.45],[-82.63,28.89],[-82.8,29.17],[-83.04,29.18],[-83.4,29.53],[-83.41,29.67],[-84.02,30.11],[-84.26,30.1],[-84.39,30.02],[-84.35,29.97],[-84.45,30.01],[-84.34,29.95],[-84.35,29.9],[-84.38,29.89],[-84.51,29.92],[-84.88,29.73],[-84.87,29.8],[-85.0,29.72],[-85.14,29.7],[-85.08,29.68],[-85.12,29.63],[-85.21,29.69],[-85.35,29.68],[-85.39,29.72],[-85.41,29.85],[-85.32,29.69],[-85.36,29.89],[-85.68,30.13],[-85.44,30.02],[-85.4,30.06],[-85.72,30.2],[-85.56,30.29],[-85.58,30.32],[-85.85,30.26],[-85.72,30.13],[-86.51,30.41],[-86.11,30.39],[-86.21,30.5],[-86.41,30.46],[-86.49,30.52],[-86.6,30.42],[-86.78,30.42],[-87.19,30.36],[-86.89,30.45],[-87.01,30.51],[-86.96,30.56],[-87.03,30.61],[-87.09,30.45],[-87.18,30.58],[-87.16,30.47],[-87.3,30.33],[-87.31,30.33],[-87.53,30.28],[-87.35,30.43],[-87.43,30.48],[-87.47,30.36],[-87.61,30.36],[-87.59,30.28],[-87.65,30.25],[-88.03,30.22],[-87.76,30.28],[-87.82,30.4],[-87.91,30.41],[-87.91,30.58],[-88.03,30.74],[-88.14,30.32],[-88.34,30.4],[-88.47,30.32],[-88.59,30.4],[-88.74,30.35],[-88.86,30.41],[-89.25,30.32],[-89.33,30.38],[-89.44,30.19],[-89.6,30.16],[-90.22,30.39],[-90.43,30.19],[-90.38,30.08],[-90.15,30.02],[-89.68,30.17],[-89.72,30.03],[-89.84,30.01],[-89.66,29.88],[-89.49,30.08],[-89.37,30.05],[-89.45,29.98],[-89.37,29.95],[-89.43,29.93],[-89.33,29.88],[-89.34,29.81],[-89.35,29.79],[-89.48,29.83],[-89.6,29.73],[-89.48,29.63],[-89.7,29.71],[-89.62,29.63],[-89.76,29.63],[-89.52,29.47],[-89.54,29.4],[-89.2,29.35],[-89.01,29.17],[-89.1,29.16],[-89.02,29.15],[-89.13,29.0],[-89.25,29.11],[-89.41,28.93],[-89.28,29.16],[-89.38,29.09],[-89.46,29.25],[-89.82,29.32],[-89.74,29.37],[-89.82,29.47],[-90.18,29.58],[-90.21,29.52],[-90.02,29.43],[-90.11,29.14],[-90.24,29.09],[-90.26,29.27],[-90.34,29.31],[-90.39,29.24],[-90.44,29.36],[-90.48,29.29],[-90.6,29.31],[-90.64,29.14],[-90.76,29.12],[-91.29,29.26],[-91.33,29.29],[-91.34,29.34],[-91.22,29.38],[-91.15,29.25],[-91.11,29.27],[-91.26,29.47],[-91.23,29.61],[-91.3,29.48],[-91.43,29.57],[-91.56,29.54],[-91.64,29.74],[-91.86,29.72],[-91.85,29.83],[-92.2,29.76],[-92.1,29.71],[-92.11,29.62],[-92.02,29.63],[-92.31,29.53],[-93.2,29.77],[-93.83,29.7],[-93.89,29.79],[-93.78,29.86],[-93.82,29.99],[-93.94,29.81]],[[-117.12,32.6],[-117.13,32.69],[-117.17,32.73],[-117.23,32.7],[-117.12,32.6]],[[-121.61,38.02],[-121.45,38.0],[-121.6,38.11],[-121.61,38.1],[-121.61,38.02]],[[-122.63,47.38],[-122.63,47.4],[-122.69,47.3],[-122.63,47.38]],[[-88.93,30.44],[-88.98,30.42],[-88.86,30.41],[-88.93,30.44]]],[[[-69.7,43.84],[-69.76,43.76],[-69.76,43.89],[-69.7,43.84]]],[[[-70.07,41.89],[-70.1,42.04],[-70.25,42.06],[-70.08,42.06],[-69.99,41.92],[-70.07,41.89]]],[[[-80.53,28.47],[-80.59,28.21],[-80.45,27.87],[-80.62,28.21],[-80.6,28.6],[-80.53,28.47]]],[[[-118.5,32.85],[-118.61,33.03],[-118.35,32.82],[-118.5,32.85]]],[[[-119.54,33.23],[-119.58,33.28],[-119.46,33.26],[-119.54,33.23]]],[[[-118.37,33.41],[-118.3,33.31],[-118.46,33.32],[-118.57,33.44],[-118.37,33.41]]],[[[-118.27,33.75],[-118.23,33.77],[-118.25,33.71],[-118.27,33.75]]],[[[-120.12,33.9],[-120.25,34.0],[-120.04,34.04],[-119.97,33.94],[-120.12,33.9]]],[[[-119.85,33.97],[-119.93,34.06],[-119.52,34.03],[-119.85,33.97]]],[[[-120.41,34.03],[-120.45,34.04],[-120.37,34.08],[-120.31,34.03],[-120.41,34.03]]],[[[-123.41,46.18],[-123.42,46.2],[-123.32,46.15],[-123.41,46.18]]],[[[-123.44,46.24],[-123.44,46.21],[-123.47,46.23],[-123.44,46.24]]],[[[-123.95,46.46],[-123.95,46.42],[-123.96,46.41],[-123.95,46.46]]],[[[-122.75,47.15],[-122.68,47.18],[-122.68,47.14],[-122.75,47.15]]],[[[-122.92,47.24],[-122.85,47.3],[-122.85,47.19],[-122.92,47.24]]],[[[-122.45,47.4],[-122.53,47.36],[-122.46,47.5],[-122.37,47.38],[-122.47,47.35],[-122.45,47.4]]],[[[-122.58,47.6],[-122.55,47.72],[-122.48,47.59],[-122.58,47.6]]],[[[-122.74,48.07],[-122.71,48.1],[-122.67,48.02],[-122.74,48.07]]],[[[-122.58,48.0],[-122.61,48.15],[-122.74,48.21],[-122.66,48.39],[-122.52,48.29],[-122.72,48.23],[-122.58,48.19],[-122.54,48.01],[-122.51,48.09],[-122.38,48.02],[-122.39,47.91],[-122.58,48.0]]],[[[-122.94,48.46],[-122.89,48.56],[-122.81,48.46],[-122.94,48.46]]],[[[-123.14,48.5],[-123.18,48.6],[-122.98,48.53],[-123.0,48.45],[-123.14,48.5]]],[[[-122.74,48.59],[-122.72,48.61],[-122.67,48.57],[-122.74,48.59]]],[[[-122.9,48.7],[-122.87,48.59],[-123.03,48.64],[-122.92,48.71],[-122.75,48.66],[-122.83,48.61],[-122.9,48.7]]],[[[-122.7,48.73],[-122.61,48.65],[-122.66,48.66],[-122.7,48.73]]],[[[-123.09,48.99],[-123.04,48.99],[-123.09,48.97],[-123.09,48.99]]],[[[-132.77,54.86],[-132.78,54.93],[-132.62,54.89],[-132.69,54.84],[-132.62,54.76],[-132.77,54.86]]],[[[-131.39,54.87],[-131.48,54.94],[-131.24,55.0],[-131.19,54.91],[-131.39,54.87]]],[[[-131.25,55.07],[-131.24,55.09],[-131.19,55.1],[-131.25,55.07]]],[[[-132.81,55.19],[-132.67,55.05],[-132.82,55.02],[-132.87,55.12],[-132.81,55.19]]],[[[-131.62,55.02],[-131.52,55.13],[-131.55,55.28],[-131.37,55.2],[-131.36,55.03],[-131.48,55.01],[-131.55,55.08],[-131.62,55.02]]],[[[-131.76,55.25],[-131.72,55.14],[-131.8,55.18],[-131.85,55.42],[-131.64,55.3],[-131.76,55.25]]],[[[-132.0,54.69],[-132.28,54.71],[-132.22,54.8],[-132.36,54.8],[-132.26,54.84],[-132.39,54.93],[-132.38,55.02],[-132.44,54.92],[-132.5,54.91],[-132.44,54.96],[-132.49,55.0],[-132.52,54.94],[-132.59,54.97],[-132.57,55.04],[-132.46,55.05],[-132.56,55.12],[-132.61,55.06],[-132.56,55.17],[-132.64,55.26],[-132.62,55.15],[-132.7,55.15],[-132.8,55.27],[-132.95,55.21],[-133.04,55.23],[-132.91,55.29],[-133.21,55.28],[-133.26,55.35],[-133.21,55.38],[-132.85,55.35],[-133.13,55.48],[-132.91,55.63],[-133.38,55.63],[-133.38,55.72],[-133.24,55.75],[-133.14,55.88],[-133.26,55.95],[-133.26,56.15],[-133.29,56.15],[-133.57,56.18],[-133.61,56.35],[-133.31,56.28],[-133.17,56.33],[-133.02,56.17],[-133.14,56.12],[-133.09,56.07],[-132.74,56.0],[-132.46,55.78],[-132.43,55.63],[-132.37,55.67],[-132.16,55.5],[-132.52,55.63],[-132.51,55.55],[-132.68,55.46],[-132.4,55.52],[-132.28,55.45],[-132.48,55.41],[-132.15,55.37],[-132.1,55.27],[-132.24,55.26],[-132.24,55.2],[-131.99,55.27],[-132.0,55.1],[-132.22,54.99],[-131.96,55.03],[-131.98,54.91],[-132.05,54.9],[-131.96,54.84],[-132.0,54.69]]],[[[-130.97,55.39],[-131.03,55.41],[-131.06,55.27],[-131.19,55.19],[-131.31,55.24],[-131.22,55.32],[-131.21,55.41],[-131.3,55.28],[-131.46,55.29],[-131.27,55.45],[-131.35,55.65],[-131.33,55.45],[-131.46,55.33],[-131.42,55.53],[-131.51,55.5],[-131.47,55.37],[-131.53,55.3],[-131.82,55.46],[-131.62,55.6],[-131.7,55.62],[-131.69,55.68],[-131.52,55.73],[-131.71,55.74],[-131.48,55.78],[-131.69,55.83],[-131.47,55.83],[-131.58,55.91],[-131.28,55.97],[-130.97,55.7],[-130.97,55.39]]],[[[-132.39,56.24],[-132.48,56.19],[-132.36,56.22],[-132.09,56.11],[-132.2,56.09],[-132.13,55.93],[-132.34,55.92],[-132.45,56.06],[-132.7,56.12],[-132.7,56.22],[-132.53,56.34],[-132.39,56.33],[-132.39,56.24]]],[[[-132.07,56.12],[-132.34,56.26],[-132.38,56.49],[-132.15,56.35],[-132.0,56.34],[-131.93,56.21],[-132.07,56.12]]],[[[-132.87,56.24],[-133.06,56.34],[-132.95,56.45],[-132.7,56.46],[-132.61,56.4],[-132.69,56.27],[-132.87,56.24]]],[[[-132.53,56.58],[-132.94,56.52],[-132.88,56.64],[-132.96,56.8],[-132.74,56.75],[-132.53,56.58]]],[[[-81.71,24.6],[-81.65,24.58],[-81.73,24.56],[-81.71,24.6]]],[[[-82.11,24.57],[-82.15,24.59],[-82.12,24.59],[-82.11,24.57]]],[[[-82.18,26.47],[-82.2,26.55],[-82.03,26.45],[-82.18,26.47]]],[[[-82.09,26.56],[-82.08,26.49],[-82.18,26.7],[-82.09,26.56]]],[[[-82.25,26.69],[-82.23,26.61],[-82.25,26.65],[-82.25,26.69]]],[[[-82.26,26.76],[-82.27,26.71],[-82.29,26.8],[-82.26,26.76]]],[[[-82.65,27.38],[-82.68,27.43],[-82.59,27.32],[-82.65,27.38]]],[[[-82.68,28.74],[-82.67,28.73],[-82.67,28.71],[-82.68,28.74]]],[[[-82.7,28.76],[-82.69,28.79],[-82.68,28.78],[-82.7,28.76]]],[[[-90.71,29.07],[-90.64,29.07],[-90.75,29.04],[-90.71,29.07]]],[[[-90.41,29.05],[-90.51,29.07],[-90.45,29.07],[-90.41,29.05]]],[[[-90.28,29.08],[-90.35,29.06],[-90.32,29.08],[-90.28,29.08]]],[[[-83.03,29.14],[-83.06,29.14],[-83.05,29.16],[-83.03,29.14]]],[[[-90.1,29.48],[-90.12,29.51],[-89.99,29.45],[-90.1,29.48]]],[[[-91.92,29.65],[-91.71,29.57],[-91.84,29.48],[-92.01,29.61],[-91.92,29.65]]],[[[-84.79,29.7],[-84.97,29.61],[-85.05,29.61],[-85.1,29.63],[-84.73,29.74],[-84.79,29.7]]],[[[-89.48,29.81],[-89.43,29.74],[-89.46,29.77],[-89.48,29.81]]],[[[-89.28,29.81],[-89.29,29.77],[-89.34,29.81],[-89.28,29.81]]],[[[-84.59,29.8],[-84.66,29.78],[-84.66,29.79],[-84.59,29.8]]],[[[-88.82,29.94],[-88.87,30.06],[-88.82,29.98],[-88.81,29.92],[-88.85,29.77],[-88.82,29.94]]],[[[-89.28,29.94],[-89.23,29.95],[-89.24,29.93],[-89.28,29.94]]],[[[-89.35,30.07],[-89.18,30.17],[-89.25,30.1],[-89.19,30.05],[-89.35,30.07]]],[[[-89.44,30.14],[-89.43,30.15],[-89.42,30.14],[-89.44,30.14]]],[[[-88.5,30.22],[-88.43,30.22],[-88.43,30.21],[-88.5,30.22]]],[[[-89.09,30.22],[-89.15,30.24],[-89.06,30.26],[-89.09,30.22]]],[[[-88.54,30.22],[-88.56,30.22],[-88.62,30.23],[-88.54,30.22]]],[[[-88.07,30.25],[-88.31,30.24],[-88.13,30.26],[-88.07,30.25]]],[[[-87.24,30.33],[-87.3,30.33],[-86.7,30.41],[-86.52,30.4],[-87.24,30.33]]],[[[-81.57,24.67],[-81.55,24.69],[-81.51,24.63],[-81.53,24.62],[-81.57,24.67]]],[[[-81.42,24.66],[-81.41,24.66],[-81.41,24.65],[-81.42,24.66]]],[[[-81.44,24.67],[-81.44,24.65],[-81.46,24.66],[-81.44,24.67]]],[[[-81.52,24.67],[-81.51,24.7],[-81.48,24.65],[-81.52,24.67]]],[[[-81.32,24.69],[-81.32,24.67],[-81.34,24.7],[-81.32,24.69]]],[[[-81.36,24.63],[-81.43,24.75],[-81.36,24.66],[-81.36,24.63]]],[[[-81.09,24.69],[-81.14,24.71],[-81.04,24.73],[-81.09,24.69]]],[[[-80.96,24.75],[-81.03,24.72],[-80.96,24.77],[-80.96,24.75]]],[[[-80.82,24.81],[-80.85,24.8],[-80.8,24.84],[-80.82,24.81]]],[[[-80.58,24.95],[-80.6,24.95],[-80.36,25.23],[-80.37,25.29],[-80.25,25.34],[-80.58,24.95]]],[[[-81.06,25.31],[-81.04,25.3],[-81.06,25.27],[-81.06,25.31]]],[[[-81.09,25.34],[-81.09,25.31],[-81.12,25.34],[-81.09,25.34]]],[[[-80.2,25.49],[-80.19,25.5],[-80.2,25.44],[-80.22,25.42],[-80.24,25.41],[-80.2,25.49]]],[[[-80.16,25.73],[-80.16,25.67],[-80.18,25.68],[-80.16,25.73]]],[[[-81.51,25.84],[-81.52,25.86],[-81.47,25.87],[-81.45,25.83],[-81.51,25.84]]],[[[-81.7,25.9],[-81.66,25.89],[-81.68,25.86],[-81.7,25.9]]],[[[-80.36,27.7],[-80.16,27.17],[-80.29,27.42],[-80.38,27.67],[-80.44,27.85],[-80.36,27.7]]],[[[-80.65,28.22],[-80.63,28.18],[-80.64,28.18],[-80.65,28.22]]],[[[-80.65,28.23],[-80.74,28.52],[-80.63,28.6],[-80.65,28.23]]],[[[-81.46,30.8],[-81.46,30.73],[-81.49,30.87],[-81.42,30.97],[-81.46,30.8]]],[[[-81.26,31.39],[-81.29,31.4],[-81.18,31.53],[-81.26,31.39]]],[[[-81.18,31.64],[-81.14,31.7],[-81.13,31.63],[-81.16,31.57],[-81.18,31.64]]],[[[-79.36,33.01],[-79.37,33.01],[-79.36,33.04],[-79.36,33.01]]],[[[-77.97,33.89],[-77.94,33.92],[-77.97,33.85],[-77.97,33.89]]],[[[-77.87,34.09],[-77.84,34.17],[-77.82,34.18],[-77.87,34.09]]],[[[-77.63,34.36],[-77.58,34.43],[-77.51,34.45],[-77.63,34.36]]],[[[-76.57,34.67],[-76.54,34.64],[-76.55,34.64],[-76.65,34.69],[-76.57,34.67]]],[[[-76.73,34.72],[-76.68,34.71],[-77.1,34.65],[-76.73,34.72]]],[[[-76.4,34.79],[-76.53,34.59],[-76.41,34.79],[-76.2,34.94],[-76.4,34.79]]],[[[-76.08,35.07],[-76.04,35.06],[-76.13,35.01],[-76.08,35.07]]],[[[-75.91,35.14],[-76.02,35.08],[-75.99,35.12],[-75.77,35.2],[-75.91,35.14]]],[[[-75.74,35.19],[-75.52,35.29],[-75.54,35.23],[-75.74,35.19]]],[[[-75.52,35.78],[-75.45,35.58],[-75.49,35.34],[-75.52,35.29],[-75.52,35.78]]],[[[-75.61,35.86],[-75.63,35.83],[-75.73,35.94],[-75.61,35.86]]],[[[-75.82,37.19],[-75.89,37.12],[-75.93,37.11],[-75.86,37.28],[-75.82,37.19]]],[[[-75.6,37.58],[-75.67,37.48],[-75.67,37.49],[-75.6,37.58]]],[[[-76.05,37.99],[-76.02,38.04],[-75.98,37.99],[-76.03,37.91],[-76.05,37.99]]],[[[-76.08,38.16],[-76.08,38.18],[-76.05,38.2],[-76.08,38.16]]],[[[-75.09,38.3],[-75.33,37.89],[-75.36,37.87],[-75.09,38.3]]],[[[-74.45,39.42],[-74.3,39.46],[-74.36,39.4],[-74.45,39.42]]],[[[-74.13,40.53],[-74.25,40.5],[-74.18,40.64],[-74.06,40.61],[-74.13,40.53]]],[[[-73.25,40.65],[-72.76,40.77],[-73.25,40.62],[-73.31,40.63],[-73.57,40.58],[-73.57,40.59],[-73.25,40.65]]],[[[-73.93,40.88],[-73.92,40.88],[-74.02,40.7],[-73.93,40.88]]],[[[-72.65,40.8],[-73.71,40.61],[-73.58,40.58],[-73.94,40.54],[-73.77,40.62],[-73.99,40.57],[-74.04,40.62],[-73.91,40.79],[-73.76,40.77],[-73.72,40.87],[-73.48,40.88],[-73.49,40.95],[-73.36,40.9],[-73.4,40.95],[-73.24,40.91],[-72.63,40.98],[-72.28,41.16],[-72.62,40.91],[-72.48,40.9],[-72.32,41.04],[-72.11,41.0],[-71.86,41.07],[-72.65,40.8]]],[[[-72.36,41.05],[-72.37,41.07],[-72.33,41.11],[-72.28,41.05],[-72.36,41.05]]],[[[-72.14,41.1],[-72.13,41.12],[-72.08,41.1],[-72.14,41.1]]],[[[-71.58,41.23],[-71.55,41.21],[-71.55,41.15],[-71.61,41.16],[-71.58,41.23]]],[[[-70.81,41.26],[-70.8,41.25],[-70.82,41.25],[-70.81,41.26]]],[[[-70.14,41.25],[-70.28,41.31],[-70.08,41.29],[-70.04,41.39],[-69.97,41.25],[-70.14,41.25]]],[[[-70.85,41.35],[-70.61,41.47],[-70.52,41.41],[-70.51,41.36],[-70.85,41.35]]],[[[-70.5,41.39],[-70.46,41.43],[-70.45,41.37],[-70.5,41.39]]],[[[-70.95,41.41],[-70.86,41.45],[-70.85,41.43],[-70.95,41.41]]],[[[-71.39,41.54],[-71.37,41.58],[-71.37,41.5],[-71.39,41.54]]],[[[-71.23,41.49],[-71.35,41.46],[-71.22,41.66],[-71.23,41.49]]],[[[-69.96,41.63],[-70.02,41.55],[-69.98,41.63],[-69.96,41.63]]],[[[-71.3,41.63],[-71.33,41.58],[-71.36,41.64],[-71.3,41.63]]],[[[-69.67,43.85],[-69.65,43.84],[-69.65,43.79],[-69.67,43.85]]],[[[-69.71,43.86],[-69.68,43.97],[-69.67,43.94],[-69.71,43.86]]],[[[-68.61,44.09],[-68.61,44.02],[-68.66,44.01],[-68.61,44.09]]],[[[-68.91,44.1],[-68.9,44.11],[-68.77,44.08],[-68.83,44.04],[-68.91,44.1]]],[[[-68.93,44.14],[-68.86,44.18],[-68.81,44.17],[-68.93,44.14]]],[[[-68.46,44.18],[-68.39,44.16],[-68.43,44.13],[-68.51,44.16],[-68.46,44.18]]],[[[-68.72,44.17],[-68.68,44.27],[-68.62,44.24],[-68.72,44.17]]],[[[-68.92,44.24],[-68.93,44.24],[-68.94,44.29],[-68.89,44.3],[-68.92,44.24]]],[[[-68.34,44.22],[-68.43,44.31],[-68.27,44.44],[-68.18,44.33],[-68.34,44.22]]],[[[-68.5,44.38],[-68.48,44.31],[-68.53,44.33],[-68.5,44.38]]],[[[-68.86,44.36],[-68.9,44.32],[-68.91,44.37],[-68.86,44.36]]],[[[-67.57,44.46],[-67.58,44.44],[-67.61,44.51],[-67.57,44.46]]],[[[-67.3,44.6],[-67.32,44.6],[-67.3,44.63],[-67.3,44.6]]],[[[-67.04,44.95],[-66.99,44.9],[-67.01,44.9],[-67.04,44.95]]],[[[179.24,51.35],[178.96,51.54],[178.64,51.64],[178.92,51.61],[179.28,51.4],[179.47,51.37],[179.24,51.35]]],[[[178.24,51.82],[178.22,51.84],[178.4,51.77],[178.24,51.82]]],[[[178.47,51.93],[178.48,51.99],[178.59,51.97],[178.57,51.91],[178.47,51.93]]],[[[179.5,51.92],[179.49,51.97],[179.64,52.04],[179.78,51.97],[179.67,51.88],[179.5,51.92]]],[[[177.55,51.97],[177.61,51.93],[177.41,51.93],[177.32,51.83],[177.22,51.89],[177.51,51.99],[177.59,52.13],[177.68,52.11],[177.55,51.97]]],[[[175.97,52.36],[175.99,52.36],[175.93,52.34],[175.97,52.36]]],[[[173.63,52.39],[173.39,52.4],[173.79,52.5],[173.71,52.45],[173.74,52.36],[173.63,52.39]]],[[[174.11,52.74],[174.18,52.71],[174.1,52.71],[174.11,52.74]]],[[[172.94,52.75],[172.76,52.8],[172.81,52.89],[172.48,52.93],[172.66,53.01],[173.13,52.99],[173.17,52.91],[173.44,52.86],[172.94,52.75]]]],"type":"MultiPolygon"},"properties":{"name":"United States of America"},"type":"Feature"},{"geometry":{"coordinates":[[[-56.4,-34.85],[-56.4,-34.78],[-56.87,-34.67],[-57.15,-34.45],[-57.86,-34.47],[-58.41,-33.9],[-58.37,-33.15],[-58.14,-33.1],[-58.05,-32.91],[-58.2,-32.47],[-58.1,-32.28],[-58.19,-32.15],[-58.2,-31.89],[-58.06,-31.81],[-57.99,-31.64],[-58.08,-31.48],[-57.91,-31.24],[-57.9,-30.93],[-57.79,-30.86],[-57.89,-30.55],[-57.65,-30.33],[-57.64,-30.19],[-57.54,-30.27],[-57.25,-30.29],[-57.08,-30.11],[-56.83,-30.1],[-56.01,-30.8],[-56.01,-31.08],[-55.85,-31.07],[-55.59,-30.85],[-55.24,-31.24],[-54.6,-31.46],[-54.27,-31.82],[-53.76,-32.06],[-53.56,-32.45],[-53.11,-32.72],[-53.54,-33.17],[-53.54,-33.65],[-53.38,-33.74],[-53.53,-34.05],[-53.71,-34.2],[-53.76,-34.39],[-54.15,-34.67],[-54.26,-34.69],[-54.24,-34.59],[-54.33,-34.56],[-54.31,-34.71],[-54.96,-34.97],[-55.06,-34.89],[-55.69,-34.76],[-56.15,-34.92],[-56.4,-34.85]]],"type":"Polygon"},"properties":{"name":"Uruguay"},"type":"Feature"},{"geometry":{"coordinates":[[[[68.09,38.99],[68.16,38.89],[68.07,38.79],[68.06,38.54],[68.36,38.17],[68.25,37.95],[68.12,37.91],[67.83,37.53],[67.78,37.19],[67.5,37.28],[67.26,37.19],[67.01,37.38],[66.52,37.36],[66.52,37.78],[66.62,37.99],[65.88,38.27],[65.6,38.24],[64.34,38.97],[64.15,38.95],[63.71,39.19],[63.48,39.4],[62.45,40.01],[62.35,40.43],[62.13,40.58],[61.88,41.12],[61.43,41.3],[61.28,41.16],[60.86,41.25],[60.48,41.21],[60.09,41.39],[60.07,41.51],[60.16,41.58],[60.05,41.75],[60.25,41.78],[59.91,41.97],[60.0,42.01],[60.03,42.2],[59.87,42.3],[59.26,42.35],[59.15,42.53],[58.89,42.55],[58.59,42.79],[58.53,42.65],[58.26,42.69],[58.12,42.62],[58.31,42.53],[58.49,42.3],[58.4,42.29],[58.33,42.43],[58.02,42.5],[57.91,42.43],[57.85,42.19],[57.38,42.16],[56.98,41.9],[57.02,41.47],[57.16,41.37],[57.03,41.26],[55.98,41.32],[55.98,45.0],[58.55,45.56],[61.04,44.38],[61.16,44.17],[62.03,43.48],[63.21,43.63],[64.43,43.55],[64.92,43.72],[65.52,43.3],[65.8,42.88],[66.1,42.99],[66.01,42.0],[66.5,41.99],[66.73,41.16],[67.94,41.2],[68.03,41.04],[68.13,41.03],[67.99,40.81],[68.46,40.58],[68.61,40.61],[68.57,40.91],[69.03,41.21],[69.04,41.37],[69.4,41.47],[69.39,41.54],[69.62,41.67],[69.91,41.71],[70.36,42.06],[70.47,42.09],[70.58,42.02],[70.73,42.2],[71.05,42.29],[71.24,42.16],[70.85,42.03],[70.81,41.92],[70.65,41.89],[70.17,41.52],[70.45,41.41],[70.67,41.47],[70.77,41.24],[71.18,41.11],[71.21,41.19],[71.28,41.11],[71.42,41.13],[71.42,41.35],[71.59,41.32],[71.6,41.49],[71.67,41.55],[71.67,41.43],[71.75,41.45],[71.85,41.34],[71.87,41.19],[72.16,41.19],[72.17,41.0],[72.33,41.07],[72.66,40.87],[73.14,40.83],[72.78,40.67],[72.63,40.51],[72.35,40.6],[72.39,40.39],[72.17,40.45],[71.96,40.32],[72.02,40.24],[71.84,40.25],[71.69,40.14],[71.63,40.26],[71.52,40.2],[71.25,40.32],[70.62,40.2],[70.52,40.34],[70.37,40.36],[70.37,40.48],[70.77,40.74],[70.64,40.77],[70.71,40.81],[70.4,41.04],[70.28,40.88],[69.72,40.64],[69.39,40.8],[69.31,40.6],[69.2,40.57],[69.31,40.34],[69.21,40.3],[69.29,40.19],[68.58,40.16],[68.99,40.09],[68.77,40.08],[68.88,39.88],[68.76,39.98],[68.79,39.88],[68.74,39.82],[68.63,39.85],[68.52,39.55],[67.72,39.62],[67.43,39.48],[67.35,39.22],[67.67,39.13],[67.69,38.99],[68.09,38.99]],[[70.55,41.02],[70.65,40.94],[70.63,40.98],[70.55,41.02]]],[[[71.67,39.94],[71.79,39.99],[71.77,39.92],[71.67,39.94]]],[[[71.24,40.05],[71.17,39.99],[71.21,39.89],[71.01,39.89],[71.05,39.99],[70.96,40.11],[71.01,40.16],[71.24,40.05]]]],"type":"MultiPolygon"},"properties":{"name":"Uzbekistan"},"type":"Feature"},{"geometry":{"coordinates":[[[[167.76,-16.55],[167.62,-16.49],[167.46,-16.57],[167.37,-16.19],[167.15,-16.08],[167.19,-15.89],[167.34,-15.91],[167.4,-16.09],[167.69,-16.27],[167.79,-16.36],[167.77,-16.46],[167.84,-16.46],[167.76,-16.55]]],[[[167.91,-16.23],[168.17,-16.08],[168.33,-16.31],[168.12,-16.35],[167.91,-16.23]]],[[[167.09,-15.63],[167.23,-15.64],[167.23,-15.74],[167.1,-15.71],[167.09,-15.63]]],[[[167.19,-15.61],[167.11,-15.59],[167.16,-15.54],[167.19,-15.54],[167.19,-15.61]]],[[[167.67,-15.45],[167.8,-15.32],[168.0,-15.28],[167.86,-15.48],[167.67,-15.45]]],[[[166.79,-15.66],[166.62,-15.39],[166.56,-14.65],[166.75,-14.82],[166.81,-15.16],[166.92,-15.16],[166.96,-14.95],[167.08,-14.93],[167.04,-15.03],[167.14,-15.13],[167.25,-15.5],[167.16,-15.52],[166.79,-15.66]]],[[[167.13,-14.97],[167.1,-14.93],[167.11,-14.93],[167.13,-14.97]]],[[[167.54,-14.32],[167.4,-14.3],[167.41,-14.19],[167.51,-14.14],[167.6,-14.24],[167.54,-14.32]]],[[[167.49,-13.71],[167.59,-13.86],[167.46,-13.94],[167.4,-13.82],[167.49,-13.71]]],[[[167.32,-13.55],[167.3,-13.5],[167.33,-13.48],[167.32,-13.55]]],[[[166.69,-13.42],[166.67,-13.46],[166.66,-13.42],[166.69,-13.42]]],[[[166.61,-13.27],[166.58,-13.24],[166.63,-13.22],[166.61,-13.27]]],[[[166.53,-13.17],[166.52,-13.06],[166.57,-13.09],[166.53,-13.17]]],[[[169.83,-20.25],[169.74,-20.16],[169.84,-20.14],[169.89,-20.22],[169.83,-20.25]]],[[[169.44,-19.66],[169.28,-19.58],[169.21,-19.48],[169.25,-19.34],[169.35,-19.33],[169.37,-19.47],[169.5,-19.53],[169.44,-19.66]]],[[[168.99,-18.88],[169.04,-18.63],[169.26,-18.75],[169.19,-18.79],[169.34,-18.93],[169.25,-18.98],[168.99,-18.88]]],[[[168.48,-17.82],[168.25,-17.79],[168.31,-17.73],[168.25,-17.7],[168.15,-17.72],[168.32,-17.53],[168.44,-17.54],[168.59,-17.7],[168.48,-17.82]]],[[[168.33,-17.47],[168.33,-17.42],[168.35,-17.42],[168.33,-17.47]]],[[[168.35,-17.06],[168.43,-17.05],[168.38,-17.09],[168.35,-17.06]]],[[[168.58,-16.88],[168.6,-16.9],[168.56,-16.94],[168.58,-16.88]]],[[[168.18,-16.57],[168.47,-16.85],[168.19,-16.81],[168.18,-16.57]]],[[[168.36,-16.51],[168.35,-16.54],[168.3,-16.5],[168.36,-16.51]]],[[[168.27,-15.91],[168.2,-15.99],[168.12,-15.7],[168.15,-15.46],[168.27,-15.91]]],[[[168.14,-14.96],[168.19,-15.21],[168.18,-15.4],[168.09,-14.94],[168.14,-14.96]]]],"type":"MultiPolygon"},"properties":{"name":"Vanuatu"},"type":"Feature"},{"geometry":{"coordinates":[[[[-72.49,7.94],[-72.34,8.1],[-72.39,8.36],[-72.68,8.65],[-72.79,9.11],[-72.96,9.1],[-73.01,9.3],[-73.21,9.17],[-73.39,9.17],[-72.99,9.81],[-72.91,10.45],[-72.5,11.12],[-72.27,11.15],[-71.99,11.65],[-71.33,11.85],[-71.47,11.72],[-71.96,11.59],[-71.86,11.22],[-71.63,11.01],[-71.77,11.02],[-71.58,10.72],[-71.63,10.45],[-71.97,10.11],[-72.12,9.83],[-72.0,9.65],[-71.95,9.54],[-71.99,9.61],[-72.0,9.46],[-71.92,9.5],[-71.84,9.44],[-71.9,9.43],[-71.91,9.38],[-71.73,9.38],[-71.82,9.23],[-71.74,9.24],[-71.71,9.08],[-71.56,9.04],[-71.27,9.14],[-71.06,9.33],[-71.04,9.74],[-71.47,10.4],[-71.58,10.81],[-71.45,10.8],[-71.41,10.92],[-71.5,10.96],[-70.23,11.35],[-70.15,11.47],[-70.04,11.44],[-70.16,11.57],[-69.79,11.44],[-69.74,11.5],[-69.82,11.69],[-70.21,11.61],[-70.21,11.77],[-70.3,11.86],[-70.21,12.11],[-70.02,12.2],[-69.84,12.02],[-69.75,11.63],[-69.62,11.47],[-69.27,11.54],[-68.86,11.45],[-68.4,11.2],[-68.28,10.93],[-68.38,10.92],[-68.24,10.88],[-68.33,10.83],[-68.29,10.66],[-68.13,10.49],[-67.87,10.45],[-67.01,10.61],[-66.28,10.65],[-66.05,10.58],[-66.12,10.51],[-65.92,10.28],[-65.08,10.05],[-64.78,10.09],[-64.72,10.23],[-64.47,10.25],[-64.38,10.3],[-64.46,10.33],[-64.19,10.48],[-63.66,10.49],[-64.03,10.59],[-64.23,10.52],[-64.27,10.67],[-63.92,10.63],[-63.81,10.71],[-63.55,10.63],[-63.16,10.73],[-62.15,10.69],[-61.85,10.74],[-61.96,10.65],[-62.25,10.63],[-62.33,10.53],[-62.66,10.57],[-62.92,10.53],[-63.01,10.45],[-62.86,10.53],[-62.83,10.41],[-62.94,10.41],[-62.76,10.4],[-62.63,10.13],[-62.66,10.08],[-62.62,10.09],[-62.58,10.22],[-62.32,9.71],[-62.26,9.97],[-62.22,9.94],[-62.22,9.64],[-62.15,9.73],[-62.2,9.93],[-62.03,9.87],[-62.22,9.95],[-62.2,10.02],[-61.83,9.79],[-61.85,9.65],[-61.78,9.76],[-61.83,9.83],[-61.59,9.78],[-61.64,9.9],[-61.42,9.74],[-61.5,9.84],[-61.44,9.82],[-61.21,9.58],[-61.05,9.58],[-60.86,9.46],[-60.79,9.31],[-61.09,9.1],[-61.11,9.04],[-60.96,9.18],[-61.1,8.96],[-61.21,8.61],[-61.66,8.62],[-61.6,8.56],[-61.28,8.4],[-61.18,8.49],[-61.03,8.5],[-61.08,8.47],[-61.07,8.4],[-60.98,8.58],[-60.69,8.6],[-60.48,8.53],[-60.37,8.64],[-60.2,8.62],[-60.02,8.56],[-59.82,8.29],[-59.99,8.17],[-60.03,8.04],[-60.37,7.82],[-60.53,7.81],[-60.73,7.53],[-60.6,7.33],[-60.62,7.18],[-60.3,7.12],[-60.38,6.94],[-60.72,6.76],[-60.91,6.82],[-60.93,6.73],[-61.13,6.72],[-61.2,6.6],[-61.12,6.19],[-61.4,5.95],[-60.66,5.17],[-60.59,4.95],[-60.72,4.78],[-60.9,4.71],[-60.98,4.53],[-61.32,4.52],[-61.29,4.45],[-61.5,4.4],[-61.55,4.25],[-61.76,4.25],[-61.89,4.15],[-62.15,4.09],[-62.43,4.18],[-62.56,4.04],[-62.74,4.03],[-62.75,3.66],[-62.89,3.56],[-63.35,3.96],[-63.51,3.85],[-63.67,3.95],[-64.04,3.88],[-64.15,4.11],[-64.59,4.12],[-64.7,4.26],[-64.81,4.27],[-64.64,3.97],[-64.2,3.59],[-64.22,3.12],[-64.0,2.71],[-64.05,2.47],[-63.38,2.42],[-63.37,2.27],[-63.41,2.15],[-64.04,1.93],[-64.09,1.62],[-64.35,1.37],[-64.41,1.51],[-64.73,1.25],[-64.84,1.27],[-65.14,1.13],[-65.2,0.92],[-65.33,0.91],[-65.54,0.65],[-65.59,0.74],[-65.52,0.89],[-65.6,0.98],[-65.75,0.97],[-66.13,0.73],[-66.29,0.75],[-66.88,1.22],[-67.22,2.27],[-67.19,2.39],[-67.58,2.69],[-67.63,2.81],[-67.86,2.79],[-67.84,2.89],[-67.31,3.38],[-67.5,3.72],[-67.63,3.76],[-67.88,4.53],[-67.79,5.06],[-67.83,5.34],[-67.62,5.54],[-67.63,5.78],[-67.42,5.98],[-67.49,6.11],[-67.45,6.2],[-67.82,6.31],[-67.98,6.22],[-68.64,6.14],[-69.04,6.22],[-69.25,6.08],[-69.33,6.16],[-69.44,6.12],[-70.13,6.97],[-70.32,6.94],[-70.7,7.1],[-71.18,6.96],[-71.65,7.05],[-71.88,6.99],[-72.1,7.09],[-72.21,7.38],[-72.48,7.48],[-72.49,7.94]],[[-63.0,10.41],[-63.0,10.28],[-62.93,10.29],[-62.94,10.41],[-63.0,10.41]],[[-62.78,10.09],[-62.82,10.04],[-62.9,10.1],[-63.02,10.1],[-62.8,10.0],[-62.78,10.07],[-62.72,10.05],[-62.66,10.08],[-62.78,10.09]],[[-61.74,9.6],[-61.73,9.69],[-61.78,9.76],[-61.74,9.6]]],[[[-64.0,10.77],[-64.0,10.8],[-63.9,10.78],[-64.0,10.77]]],[[[-64.17,10.83],[-64.16,10.81],[-64.2,10.8],[-64.17,10.83]]],[[[-65.32,10.89],[-65.41,10.92],[-65.31,10.98],[-65.2,10.9],[-65.32,10.89]]],[[[-64.06,10.86],[-64.18,10.97],[-64.41,10.97],[-64.37,11.06],[-64.22,11.09],[-64.03,11.0],[-63.88,11.18],[-63.79,10.97],[-64.06,10.86]]],[[[-66.83,11.75],[-66.85,11.75],[-66.73,11.78],[-66.83,11.75]]],[[[-66.62,11.82],[-66.59,11.78],[-66.64,11.76],[-66.7,11.78],[-66.62,11.82]]],[[[-66.17,11.8],[-66.19,11.82],[-66.11,11.83],[-66.17,11.8]]],[[[-64.65,11.83],[-64.61,11.9],[-64.56,11.86],[-64.65,11.83]]],[[[-66.82,11.87],[-66.71,11.87],[-66.75,11.86],[-66.82,11.87]]],[[[-67.67,11.99],[-67.64,11.98],[-67.67,11.98],[-67.67,11.99]]],[[[-61.26,8.46],[-61.54,8.57],[-61.31,8.57],[-61.26,8.46]]],[[[-61.04,8.52],[-61.27,8.51],[-61.09,8.61],[-61.04,8.52]]],[[[-60.62,8.64],[-60.81,8.63],[-60.76,8.72],[-60.67,8.76],[-60.62,8.64]]],[[[-60.73,8.89],[-60.69,8.79],[-60.77,8.74],[-60.83,8.65],[-61.09,8.61],[-61.18,8.6],[-61.13,8.76],[-60.73,8.89]]],[[[-60.89,8.91],[-61.09,8.82],[-60.93,9.02],[-60.87,8.99],[-60.89,8.91]]],[[[-60.93,9.08],[-60.85,9.1],[-60.93,9.02],[-61.09,8.89],[-60.93,9.08]]],[[[-60.85,9.18],[-60.96,9.07],[-60.94,9.1],[-60.85,9.18]]],[[[-60.8,9.17],[-60.85,9.12],[-60.8,9.22],[-60.73,9.2],[-60.8,9.17]]],[[[-62.35,9.91],[-62.34,9.92],[-62.33,9.84],[-62.35,9.91]]],[[[-62.44,10.05],[-62.43,10.05],[-62.4,9.98],[-62.44,10.05]]],[[[-62.29,10.02],[-62.24,10.05],[-62.24,10.01],[-62.29,10.02]]],[[[-62.79,10.43],[-62.78,10.49],[-62.66,10.36],[-62.79,10.43]]]],"type":"MultiPolygon"},"properties":{"name":"Venezuela"},"type":"Feature"},{"geometry":{"coordinates":[[[[105.1,8.63],[104.72,8.6],[104.96,8.72],[104.85,8.71],[104.92,8.81],[104.77,8.82],[104.86,9.74],[104.89,9.85],[105.05,9.93],[105.11,9.86],[105.11,9.95],[104.77,10.23],[104.61,10.14],[104.52,10.42],[104.47,10.38],[104.45,10.42],[104.57,10.53],[104.85,10.53],[105.07,10.71],[105.01,10.88],[105.08,10.95],[105.32,10.84],[105.41,10.96],[105.75,11.02],[105.88,10.83],[105.93,10.9],[106.18,10.77],[106.16,11.05],[105.84,11.29],[105.8,11.62],[105.93,11.64],[106.02,11.77],[106.43,11.66],[106.39,11.97],[106.7,11.97],[107.21,12.31],[107.42,12.25],[107.51,12.34],[107.57,12.61],[107.46,13.02],[107.6,13.5],[107.32,14.12],[107.53,14.68],[107.49,14.8],[107.56,14.89],[107.45,15.03],[107.59,15.06],[107.66,15.27],[107.15,15.77],[107.19,15.86],[107.38,15.92],[107.44,16.07],[107.3,16.06],[107.11,16.27],[106.96,16.31],[106.85,16.53],[106.74,16.42],[106.67,16.44],[106.54,16.66],[106.52,16.99],[106.41,17.0],[106.28,17.28],[106.19,17.26],[105.72,17.67],[105.47,18.18],[105.37,18.15],[105.17,18.31],[105.08,18.45],[105.17,18.61],[105.11,18.7],[104.71,18.8],[104.15,19.18],[103.85,19.3],[104.09,19.48],[104.0,19.68],[104.23,19.71],[104.61,19.61],[104.81,19.79],[104.78,19.91],[104.95,20.0],[104.91,20.18],[104.66,20.21],[104.68,20.34],[104.36,20.44],[104.62,20.65],[104.09,20.96],[103.79,20.85],[103.68,20.66],[103.44,20.82],[103.13,20.85],[102.8,21.25],[102.97,21.58],[102.95,21.74],[102.85,21.7],[102.81,21.84],[102.75,21.68],[102.65,21.66],[102.59,21.9],[102.12,22.4],[102.22,22.41],[102.47,22.77],[103.01,22.43],[103.32,22.79],[103.5,22.58],[103.65,22.8],[103.96,22.51],[104.09,22.79],[104.24,22.82],[104.24,22.74],[104.34,22.69],[104.55,22.84],[104.7,22.82],[104.82,22.92],[104.8,23.09],[104.87,23.16],[105.2,23.25],[105.29,23.37],[105.55,23.06],[105.85,22.9],[106.13,22.98],[106.26,22.85],[106.49,22.93],[106.79,22.8],[106.68,22.58],[106.58,22.6],[106.53,22.44],[106.66,22.22],[106.65,21.97],[107.01,21.93],[107.0,21.81],[107.27,21.72],[107.35,21.6],[107.78,21.66],[107.99,21.49],[107.93,21.44],[107.91,21.53],[107.77,21.52],[107.79,21.46],[107.59,21.29],[107.42,21.33],[107.36,21.24],[107.37,21.06],[107.37,21.03],[107.2,20.94],[107.07,20.96],[107.15,21.04],[107.03,21.03],[107.0,20.95],[106.85,20.99],[106.94,20.91],[106.87,20.88],[106.77,20.96],[106.8,21.02],[106.64,21.02],[106.76,20.94],[106.7,20.88],[106.81,20.68],[106.59,20.66],[106.62,20.59],[106.52,20.54],[106.58,20.55],[106.52,20.44],[106.59,20.45],[106.59,20.28],[106.58,20.26],[106.54,20.31],[106.5,20.31],[106.57,20.23],[106.38,20.21],[106.18,19.99],[106.11,19.96],[106.11,20.03],[105.96,19.93],[105.79,19.6],[105.81,19.28],[105.61,18.99],[105.75,18.66],[105.76,18.76],[106.09,18.26],[106.27,18.2],[106.35,18.06],[106.43,18.12],[106.52,17.95],[106.44,17.88],[106.5,17.71],[106.37,17.77],[106.29,17.77],[106.5,17.68],[106.76,17.34],[107.11,17.09],[107.2,16.92],[107.14,16.87],[107.22,16.91],[107.64,16.59],[107.44,16.65],[107.66,16.55],[107.84,16.38],[107.81,16.31],[108.04,16.35],[108.05,16.24],[108.2,16.22],[108.14,16.15],[108.23,16.09],[108.2,16.0],[108.26,16.01],[108.25,16.16],[108.33,16.16],[108.28,16.0],[108.68,15.52],[108.63,15.46],[108.7,15.49],[108.77,15.33],[108.83,15.43],[108.95,15.25],[108.86,15.15],[109.09,14.72],[109.06,14.56],[109.31,13.88],[109.3,13.76],[109.25,13.89],[109.22,13.81],[109.29,13.53],[109.34,13.47],[109.31,13.41],[109.25,13.49],[109.23,13.39],[109.31,13.35],[109.31,13.13],[109.47,12.91],[109.37,12.82],[109.47,12.66],[109.44,12.56],[109.4,12.69],[109.34,12.66],[109.36,12.8],[109.2,12.65],[109.35,12.4],[109.3,12.35],[109.15,12.44],[109.24,12.31],[109.18,12.19],[109.29,11.87],[109.22,11.88],[109.22,12.02],[109.18,12.13],[109.21,11.98],[109.13,11.86],[109.2,11.87],[109.24,11.74],[109.14,11.57],[109.02,11.63],[109.01,11.34],[108.84,11.33],[108.73,11.18],[108.53,11.15],[108.3,10.91],[108.11,10.92],[108.0,10.7],[107.82,10.69],[107.27,10.38],[107.18,10.48],[106.99,10.48],[107.03,10.53],[107.03,10.54],[106.99,10.62],[106.96,10.47],[106.94,10.6],[106.88,10.65],[106.75,10.67],[106.73,10.52],[106.58,10.45],[106.74,10.47],[106.79,10.28],[106.42,10.32],[106.8,10.16],[106.65,9.97],[106.47,10.06],[106.36,10.22],[106.29,10.26],[106.46,10.04],[106.7,9.9],[106.67,9.84],[106.59,9.82],[106.14,10.23],[106.11,10.23],[106.57,9.74],[106.54,9.59],[106.39,9.55],[105.82,10.01],[106.2,9.54],[106.19,9.37],[105.54,9.13],[105.1,8.63]],[[109.22,13.65],[109.21,13.63],[109.29,13.53],[109.22,13.65]],[[107.03,10.61],[107.02,10.66],[106.98,10.7],[107.03,10.54],[107.03,10.61]]],[[[103.85,10.37],[103.99,10.45],[104.09,10.35],[104.04,10.04],[103.85,10.37]]],[[[106.6,8.65],[106.56,8.68],[106.66,8.77],[106.6,8.65]]],[[[106.14,9.65],[106.09,9.76],[106.29,9.59],[106.24,9.53],[106.14,9.65]]],[[[106.42,9.94],[106.54,9.84],[106.52,9.84],[106.42,9.94]]],[[[106.69,10.25],[106.56,10.28],[106.51,10.3],[106.76,10.26],[106.69,10.25]]],[[[107.17,10.39],[107.09,10.32],[107.08,10.39],[107.17,10.39]]],[[[106.88,10.49],[106.93,10.52],[106.98,10.41],[106.9,10.37],[106.88,10.49]]],[[[106.84,10.41],[106.76,10.49],[106.75,10.67],[106.85,10.6],[106.84,10.41]]],[[[106.85,10.63],[106.93,10.6],[106.9,10.52],[106.85,10.63]]],[[[107.05,20.7],[106.91,20.82],[106.91,20.84],[106.96,20.88],[107.06,20.81],[107.05,20.7]]],[[[106.77,20.86],[106.79,20.93],[106.88,20.82],[106.77,20.86]]],[[[108.94,10.55],[108.96,10.5],[108.94,10.5],[108.94,10.55]]],[[[109.29,12.19],[109.25,12.23],[109.34,12.22],[109.29,12.19]]],[[[109.38,12.62],[109.4,12.56],[109.38,12.56],[109.38,12.62]]],[[[107.35,20.81],[107.34,20.84],[107.38,20.81],[107.35,20.81]]],[[[107.36,20.86],[107.33,20.89],[107.39,20.88],[107.36,20.86]]],[[[107.48,20.82],[107.46,20.81],[107.55,20.97],[107.48,20.82]]],[[[107.5,20.92],[107.4,20.9],[107.55,21.04],[107.5,20.92]]],[[[107.74,20.94],[107.75,21.02],[107.79,20.99],[107.74,20.94]]],[[[107.83,21.02],[107.86,21.03],[107.83,20.99],[107.83,21.02]]],[[[107.59,21.09],[107.63,21.12],[107.58,20.98],[107.59,21.09]]],[[[107.39,21.05],[107.37,21.06],[107.46,21.28],[107.61,21.22],[107.39,21.05]]],[[[107.78,21.36],[107.82,21.35],[107.71,21.31],[107.78,21.36]]],[[[107.84,21.35],[107.83,21.38],[108.0,21.4],[107.84,21.35]]]],"type":"MultiPolygon"},"properties":{"name":"Vietnam"},"type":"Feature"},{"geometry":{"coordinates":[[[[-178.02,-14.38],[-178.07,-14.36],[-178.03,-14.33],[-178.02,-14.38]]],[[[-178.05,-14.32],[-178.16,-14.31],[-178.18,-14.23],[-178.05,-14.32]]],[[[-176.14,-13.34],[-176.17,-13.35],[-176.18,-13.24],[-176.14,-13.34]]]],"type":"MultiPolygon"},"properties":{"name":"Wallis and Futuna"},"type":"Feature"},{"geometry":{"coordinates":[[[35.56,32.38],[35.56,31.77],[35.46,31.49],[35.16,31.36],[34.9,31.35],[34.96,31.61],[35.26,31.75],[35.22,31.88],[35.19,31.81],[34.98,31.83],[35.04,31.91],[34.96,32.19],[35.0,32.34],[35.21,32.54],[35.56,32.38]]],"type":"Polygon"},"properties":{"name":"West Bank"},"type":"Feature"},{"geometry":{"coordinates":[[[-8.75,27.15],[-8.82,27.66],[-8.68,27.66],[-8.69,26.0],[-12.02,25.99],[-12.02,23.46],[-12.62,23.27],[-13.02,23.02],[-13.15,22.82],[-13.02,21.33],[-16.96,21.33],[-17.06,20.77],[-17.1,20.86],[-17.01,21.42],[-16.04,21.5],[-14.97,21.44],[-14.75,21.5],[-14.61,21.75],[-14.63,21.86],[-14.22,22.31],[-14.1,23.1],[-13.89,23.69],[-13.31,23.98],[-12.99,24.47],[-12.43,24.83],[-12.06,25.99],[-11.72,26.1],[-11.34,26.63],[-11.39,26.88],[-10.76,27.02],[-10.25,26.86],[-10.03,26.91],[-9.82,26.85],[-9.41,27.09],[-8.75,27.15]]],"type":"Polygon"},"properties":{"name":"Western Sahara"},"type":"Feature"},{"geometry":{"coordinates":[[[[43.43,12.63],[43.39,12.67],[43.43,12.67],[43.43,12.63]]],[[[43.47,12.85],[43.23,13.28],[43.28,13.72],[42.96,14.51],[43.02,14.44],[42.88,14.88],[42.95,14.81],[42.94,14.95],[42.86,15.14],[42.61,15.24],[42.68,15.25],[42.71,15.37],[42.79,15.21],[42.69,15.7],[42.83,15.92],[42.79,16.37],[43.04,16.54],[43.08,16.67],[43.18,16.66],[43.21,16.8],[43.11,16.91],[43.12,17.09],[43.25,17.25],[43.17,17.33],[43.3,17.46],[43.5,17.51],[43.92,17.3],[44.15,17.4],[45.17,17.43],[45.43,17.31],[46.32,17.22],[46.71,17.28],[46.97,16.96],[47.16,16.95],[47.43,17.09],[47.59,17.46],[48.16,18.15],[49.04,18.58],[51.98,19.0],[52.72,17.3],[52.8,17.27],[53.09,16.64],[52.53,16.45],[52.29,16.26],[52.16,15.98],[52.23,15.62],[51.37,15.23],[50.55,15.05],[50.18,14.84],[49.94,14.84],[49.37,14.65],[49.09,14.52],[49.0,14.32],[48.7,14.04],[48.19,13.97],[48.02,14.06],[47.4,13.65],[46.7,13.43],[45.67,13.34],[45.4,13.07],[45.12,12.96],[45.06,12.76],[44.98,12.78],[45.02,12.86],[44.87,12.8],[44.88,12.73],[44.61,12.82],[44.42,12.67],[43.95,12.6],[43.6,12.76],[43.46,12.69],[43.47,12.85]]],[[[42.74,13.69],[42.69,13.66],[42.78,13.78],[42.74,13.69]]],[[[42.75,13.92],[42.69,14.01],[42.77,14.07],[42.75,13.92]]],[[[42.61,15.31],[42.57,15.27],[42.56,15.39],[42.62,15.46],[42.61,15.31]]],[[[53.26,12.11],[53.25,12.12],[53.29,12.13],[53.26,12.11]]],[[[53.03,12.14],[52.99,12.17],[53.07,12.17],[53.03,12.14]]],[[[52.24,12.16],[52.06,12.24],[52.12,12.24],[52.39,12.19],[52.24,12.16]]],[[[54.14,12.35],[53.73,12.3],[53.31,12.54],[53.52,12.71],[53.85,12.6],[54.12,12.7],[54.53,12.54],[54.14,12.35]]]],"type":"MultiPolygon"},"properties":{"name":"Yemen"},"type":"Feature"},{"geometry":{"coordinates":[[[28.86,-16.39],[28.76,-16.53],[27.82,-16.96],[27.58,-17.36],[27.12,-17.88],[26.71,-18.07],[26.21,-17.88],[25.92,-18.0],[25.68,-17.81],[25.34,-17.84],[25.04,-17.58],[24.68,-17.49],[24.22,-17.48],[23.38,-17.64],[22.77,-17.17],[22.33,-16.67],[22.15,-16.6],[21.98,-16.17],[21.98,-13.0],[24.0,-13.0],[23.87,-12.79],[24.03,-12.39],[23.95,-12.15],[23.95,-11.64],[24.06,-11.41],[24.0,-10.87],[24.11,-10.92],[24.12,-11.04],[24.37,-11.1],[24.39,-11.28],[24.29,-11.4],[24.49,-11.46],[24.71,-11.33],[25.31,-11.19],[25.34,-11.64],[25.5,-11.78],[25.62,-11.73],[25.98,-11.9],[26.41,-11.91],[26.72,-12.01],[26.95,-11.91],[27.02,-11.6],[27.18,-11.57],[27.23,-11.81],[27.42,-11.92],[27.64,-12.29],[27.86,-12.26],[27.96,-12.37],[28.42,-12.52],[28.54,-12.89],[28.71,-12.89],[28.99,-13.4],[29.18,-13.44],[29.57,-13.23],[29.67,-13.28],[29.62,-13.42],[29.78,-13.46],[29.8,-12.15],[29.47,-12.24],[29.5,-12.45],[29.04,-12.38],[28.75,-11.99],[28.51,-11.87],[28.36,-11.53],[28.55,-10.83],[28.7,-10.64],[28.57,-10.22],[28.7,-9.79],[28.52,-9.38],[28.35,-9.27],[28.89,-8.77],[28.89,-8.48],[30.75,-8.19],[31.03,-8.6],[31.35,-8.59],[31.54,-8.7],[31.67,-8.91],[31.94,-8.93],[31.94,-9.06],[32.42,-9.14],[32.52,-9.26],[32.92,-9.41],[32.99,-9.63],[33.2,-9.62],[33.36,-9.87],[33.3,-10.06],[33.53,-10.23],[33.67,-10.52],[33.5,-10.77],[33.23,-10.88],[33.39,-11.16],[33.23,-11.42],[33.21,-11.56],[33.3,-11.59],[33.31,-11.77],[33.25,-12.14],[33.35,-12.33],[33.53,-12.36],[33.35,-12.53],[33.02,-12.61],[32.94,-12.77],[33.01,-12.92],[33.0,-13.2],[32.81,-13.53],[32.66,-13.6],[32.77,-13.65],[32.76,-13.78],[32.87,-13.82],[33.0,-14.05],[33.14,-13.92],[33.2,-14.01],[30.21,-14.98],[30.41,-15.63],[29.59,-15.66],[28.88,-16.02],[28.86,-16.39]]],"type":"Polygon"},"properties":{"name":"Zambia"},"type":"Feature"},{"geometry":{"coordinates":[[[26.16,-19.54],[25.95,-19.1],[25.94,-18.92],[25.26,-18.0],[25.26,-17.79],[25.52,-17.86],[25.68,-17.81],[25.92,-18.0],[26.21,-17.88],[26.7,-18.07],[27.02,-17.96],[27.58,-17.36],[27.82,-16.96],[28.81,-16.49],[28.86,-16.06],[28.93,-15.96],[29.41,-15.71],[29.84,-15.61],[30.4,-15.64],[30.4,-16.0],[31.26,-16.02],[31.4,-16.16],[31.71,-16.22],[31.91,-16.43],[32.29,-16.45],[32.67,-16.6],[32.73,-16.71],[32.97,-16.68],[32.83,-16.94],[33.02,-17.35],[32.94,-17.5],[33.02,-17.62],[32.93,-17.97],[32.95,-18.26],[33.04,-18.35],[32.87,-18.54],[32.9,-18.77],[32.69,-18.83],[32.68,-18.95],[32.86,-19.08],[32.76,-19.46],[32.83,-19.5],[32.82,-19.67],[32.94,-19.65],[33.03,-19.78],[33.01,-20.03],[32.89,-20.1],[32.67,-20.53],[32.48,-20.6],[32.49,-20.94],[32.34,-21.13],[32.45,-21.31],[31.29,-22.4],[30.84,-22.28],[30.33,-22.34],[29.76,-22.13],[29.36,-22.19],[29.04,-22.02],[29.04,-21.8],[28.62,-21.65],[28.02,-21.57],[27.67,-21.07],[27.7,-20.51],[27.27,-20.5],[27.2,-20.09],[26.77,-19.94],[26.16,-19.54]]],"type":"Polygon"},"properties":{"name":"Zimbabwe"},"type":"Feature"}],"type":"FeatureCollection"}
