survey_id,latitude,longitude,date
EMOP0003,34.56374882,-115.81222864,2017-04-07
EMOP0004,34.56488852,-115.6642727,2017-04-07
EMOP0005,34.56422014,-115.6429191,2017-04-07
EMOP0000,34.17874514,-114.99985576,2017-04-05
EMOP0001,34.6185184,-115.68045111,2017-04-06
EMOP0002,34.56358311,-115.81466176,2017-04-07
CHG149,35.12969915,-119.88132711,2017-04-27
CHG150,35.12383892,-119.91715858,2017-04-27
FSL125_A,37.41251272,-118.40829836,2017-07-01
FSL126_A,37.41335431,-118.41631419,2017-07-01
FSL128_A,37.41435371,-118.42390379,2017-07-01
SLTN1159,37.58031135,-118.69221309,2017-05-11
SLTN1170,37.6293,-118.773,2017-06-01
SLTN1173,37.8298,-118.3567,2017-07-20
SLTN1181,37.68877428,-118.77501375,2017-08-01
SLTN1140,36.89731842,-117.98362199,2017-03-13
MAN060_A,36.66358824,-118.13959971,2017-07-01
PLC007_A,37.36460191,-118.36344156,2017-07-01
PLC024_A,37.35621592,-118.3385173,2017-07-01
PLC028_A,37.35210486,-118.36228965,2017-07-01
PLC070_A,37.30480395,-118.34331473,2017-07-01
PLC072_A,37.31555663,-118.355186,2017-07-01
PLC088_A,37.31116221,-118.36502599,2017-07-01
SLTN1169,37.6335,-118.7985,2017-06-01
SLTN1178,37.7094,-118.2777,2017-07-22
SLTN1177,37.7076,-118.2774,2017-07-22
SLTN1143,36.44180212,-118.06820058,2017-03-26
SLTN1144,37.36930119,-117.94279972,2017-04-01
SLTN1147,37.2315744,-117.60131605,2017-04-09
SLTN1148,37.32709802,-117.6480161,2017-04-10
SLTN1183,37.67219133,-118.67555772,2017-08-08
SLTN1184,37.64248143,-118.73470415,2017-08-08
SLTN1185,37.70129845,-118.6615496,2017-08-11
SLTN1139,36.71698631,-117.29915022,2017-03-05
SLTN1141,36.37581423,-117.3385882,2017-03-16
SLTN1142,36.39632076,-117.29658831,2017-03-17
SLTN1149,37.10051101,-117.45831073,2017-04-11
SLTN1182,37.2339111,-118.55343821,2017-08-06
SLTN1153,36.97001086,-117.92270001,2017-04-30
SLTN1154,36.94261302,-118.16626068,2017-05-02
SLTN1155,36.96707336,-118.1804508,2017-05-02
SLTN1157,37.58592857,-118.56567863,2017-05-16
SLTN1156,37.61709944,-118.58476836,2017-05-16
SLTN1158,37.56273484,-118.64788706,2017-05-11
LAW072_A,37.42682822,-118.35800316,2017-07-01
LAW078_A,37.42084486,-118.35945458,2017-07-01
LAW082_A,37.42567051,-118.35048938,2017-07-01
LAW085_A,37.41698233,-118.35359907,2017-07-01
LAW105_A,37.41012126,-118.35378067,2017-07-01
LAW107_A,37.41586406,-118.36072053,2017-07-01
LAW108_A,37.41382804,-118.36766689,2017-07-01
LAW112_A,37.40297141,-118.35162965,2017-07-01
LAW120_A,37.39433976,-118.34425599,2017-07-01
LAW122_A,37.38488366,-118.33960288,2017-07-01
SLTN1145,36.8576642,-118.11987388,2017-04-04
SLTN1146,36.89394486,-118.11402122,2017-04-04
SLTN1189,37.76130332,-118.81417777,2017-08-29
SLTN1190,37.7609171,-118.80153396,2017-08-29
SLTN1191,37.59030063,-118.70642486,2017-08-29
PLC097_A,37.29537737,-118.35662896,2017-07-01
PLC106_A,37.29598896,-118.33774256,2017-07-01
SLTN1150,37.82369968,-118.51640074,2017-04-16
SLTN1151,36.39170072,-118.04729918,2017-04-23
SLTN1152,36.90910475,-117.93629642,2017-04-29
LAW070_A,37.42808226,-118.3610321,2017-07-01
MAN007_A,36.73448563,-118.14436508,2017-07-01
MAN014_A,36.74484903,-118.13054007,2017-07-01
MAN034_A,36.71766511,-118.13398215,2017-07-01
MAN037_A,36.70914426,-118.13516684,2017-07-01
MAN042_A,36.71364585,-118.1526324,2017-07-01
SLTN1176,37.7336,-118.3046,2017-07-22
SLTN1175,37.7592,-118.3226,2017-07-21
SLTN1174,37.79939954,-118.34460582,2017-07-21
TIN028_A,37.09625123,-118.24671249,2017-07-01
PLC107_A,37.29542704,-118.33562288,2017-07-01
LAW137_A,37.37723045,-118.31722842,2017-07-01
LNP018_A,36.61515071,-118.0486119,2017-07-01
LNP045_A,36.58774071,-118.05027542,2017-07-01
LNP050_A,36.57966366,-118.04822116,2017-07-01
MAN006_A,36.7502544,-118.15341506,2017-07-01
SASU0033,34.35426287,-118.56604214,2018-03-19
SLTN1166,37.6315,-118.8949,2017-06-01
SLTN1165,37.7099,-118.7767,2017-06-01
SLTN1164,37.7045,-118.7677,2017-06-01
SLTN1161,37.32319999,-117.69589994,2017-05-21
SLTN1160,37.31289905,-117.72779867,2017-05-20
SLTN1180,37.6186,-118.2451,2017-07-23
SLTN1179,37.6536,-118.2607,2017-07-23
SLTN1203,37.57049731,-118.76202253,2017-09-10
SLTN1193,37.68474869,-118.81106792,2017-09-11
SLTN1194,37.57818682,-118.75106204,2017-09-13
SLTN1195,37.5762374,-118.75044711,2017-09-12
SLTN1196,37.64332601,-118.71350727,2017-09-14
FSL129_A,37.40712687,-118.41927015,2017-07-01
FSL130_A,37.40733019,-118.41207676,2017-07-01
IND021_A,36.8362061,-118.1970721,2017-07-01
SLTN1197,37.68992677,-118.74774816,2017-09-14
TIN030_A,37.08134055,-118.24088812,2017-07-01
TIN050_A,37.02534651,-118.22183205,2017-07-01
TIN053_A,37.01649986,-118.21959961,2017-07-01
TIN064_A,37.00709637,-118.22592318,2017-07-01
TIN068_A,37.00731823,-118.21926182,2017-07-01
UNW029_A,36.72466177,-118.11184558,2017-07-01
UNW039_A,36.70187977,-118.10729687,2017-07-01
UNW079_A,36.66207998,-118.08686589,2017-07-01
SASU0013,34.32368989,-118.65831305,2018-03-16
SASU0015,34.34602478,-118.83322607,2018-03-17
FSP015_A,37.10883277,-118.25710386,2017-07-01
FSP020_A,37.095439,-118.25705131,2017-07-01
IND011_A,36.83210095,-118.19475418,2017-07-01
SLTN1212,36.31140019,-117.31199995,2018-02-17
SLTN1214,37.19901589,-117.86180219,2018-03-27
SLTN1215,37.14520915,-117.88029596,2018-03-27
SLTN1216,37.1536015,-117.68039961,2018-03-31
SLTN1217,37.16470031,-117.6769997,2018-03-31
SLTN1218,37.0971011,-117.91420011,2018-04-14
SLTN1219,37.17890063,-117.69449921,2018-04-21
SLTN1220,37.1641026,-117.66959991,2018-04-28
FSL187_A,37.40893931,-118.48163994,2017-07-01
FSP004_A,37.12073563,-118.25664783,2017-07-01
FSP006_A,37.12475581,-118.25238048,2017-07-01
BGP086_A,37.18589613,-118.28177909,2017-07-01
BLK093_A,36.90677278,-118.22841285,2017-07-01
FSL064_A,37.39896881,-118.3882518,2017-07-01
FSL120_A,37.40289777,-118.40737269,2017-07-01
IND024_A,36.87506669,-118.23139424,2017-07-01
SASU0035,34.35749535,-118.56818455,2018-03-19
SASU0074,34.31383378,-118.61886204,2018-04-03
A1804030419,34.31366777,-118.61754164,2018-04-03
BLK077_A,36.92557362,-118.23211634,2017-07-01
BLK094_A,36.9060582,-118.24079319,2017-07-01
BLK095_A,36.89434772,-118.24178196,2017-07-01
BLK096_A,36.89807823,-118.24620826,2017-07-01
BLK099_A,36.89392282,-118.23584951,2017-07-01
BLK115_A,36.90580411,-118.20239031,2017-07-01
BLK142_A,36.99320919,-118.21245148,2017-07-01
BLK143_A,36.99081217,-118.21326743,2017-07-01
FSL044_A,37.41439265,-118.39875141,2017-07-01
A1803180402,34.30120619,-118.5993219,2018-03-18
SASU0031,34.29741086,-118.59361776,2018-03-18
SASU0047,34.31612709,-119.0857659,2018-03-31
SLTN1138,37.48493642,-118.42324095,2017-01-02
IND019_A,36.84622246,-118.20226411,2017-07-01
IND231_A,36.77241837,-118.16012269,2017-07-01
LAW030_A,37.44739094,-118.34426652,2017-07-01
LAW035_A,37.44677284,-118.35262089,2017-07-01
LAW043_A,37.43477647,-118.35182849,2017-07-01
BIS060_A,37.36686623,-118.38113288,2017-07-01
BIS085_A,37.34490208,-118.3895135,2017-07-01
BLK002_A,37.00010642,-118.2315537,2017-07-01
BLK009_A,36.98335376,-118.22505894,2017-07-01
BGP047_A,37.21926139,-118.30104152,2017-07-01
BGP088_A,37.18187089,-118.27390434,2017-07-01
BGP094_A,37.17780599,-118.29054132,2017-07-01
SLTN1198,37.70819529,-118.80762661,2017-09-15
SLTN1199,37.68668762,-118.79405795,2017-09-15
SLTN1200,37.6562802,-118.80334438,2017-09-15
SLTN1201,37.62980519,-118.80542743,2017-09-15
SLTN1202,37.64265862,-118.91402589,2017-09-15
SLTN1204,37.61366331,-118.81789223,2017-09-15
IND035_A,36.86061686,-118.2218179,2017-07-01
IND064_A,36.83685372,-118.15900934,2017-07-01
IND067_A,36.83659768,-118.17407758,2017-07-01
IND087_A,36.81954209,-118.16315449,2017-07-01
IND096_A,36.80526324,-118.15579782,2017-07-01
IND106_A,36.79781856,-118.1704366,2017-07-01
IND111_A,36.81806664,-118.19288787,2017-07-01
IND119_A,36.84280039,-118.16940593,2017-07-01
IND124_A,36.77410697,-118.15704428,2017-07-01
IND132_A,36.78991181,-118.16137268,2017-07-01
IND133_A,36.78785628,-118.16324688,2017-07-01
IND139_A,36.75360474,-118.15836061,2017-07-01
IND151_A,36.75379675,-118.13090661,2017-07-01
IND163_A,36.77018376,-118.13006041,2017-07-01
IND205_A,36.81660574,-118.1884479,2017-07-01
LAW052_A,37.43126828,-118.35122288,2017-07-01
LAW062_A,37.43018978,-118.36351152,2017-07-01
LAW063_A,37.43019097,-118.36730906,2017-07-01
LAW065_A,37.42831217,-118.3723268,2017-07-01
LAW109_A,37.41338184,-118.37969284,2017-07-01
LNP019_A,36.61228392,-118.04862899,2017-07-01
LNP095_A,36.59303545,-118.11829371,2017-07-01
PLC056_A,37.32612649,-118.32196767,2017-07-01
PLC059_A,37.32173158,-118.33369572,2017-07-01
PLC092_A,37.30375277,-118.36272566,2017-07-01
PLC136_A,37.28710495,-118.35725878,2017-07-01
PLC144_A,37.28335505,-118.35019774,2017-07-01
UNW031_A,36.72206325,-118.12170692,2017-07-01
SASU0004,34.27565647,-118.60206303,2018-03-15
SASU0009,34.32722664,-118.71055132,2018-03-16
SASU0011,34.32048205,-118.66571687,2018-03-16
BIS055_A,37.37198268,-118.38216404,2017-07-01
BLK011_A,36.97684233,-118.2306169,2017-07-01
BLK016_A,36.97337281,-118.22268576,2017-07-01
BLK021_A,36.96466691,-118.21903056,2017-07-01
BLK024_A,36.96109065,-118.23017237,2017-07-01
BLK033_A,36.95324903,-118.22838399,2017-07-01
BLK039_A,36.94928263,-118.22579335,2017-07-01
BLK044_A,36.94809461,-118.23171532,2017-07-01
BLK059_A,36.95074219,-118.20738663,2017-07-01
BLK069_A,36.92577621,-118.21331378,2017-07-01
BLK074_A,36.92621748,-118.22214553,2017-07-01
BLK075_A,36.93246886,-118.23041957,2017-07-01
A1803190943,34.35423752,-118.56670766,2018-03-19
SASU0034,34.35572895,-118.56602462,2018-03-19
SASU0036,34.35868697,-118.56610584,2018-03-19
SASU0066,34.34076436,-118.49429407,2018-04-02
A1804020329,34.33226134,-118.48847066,2018-04-02
SASU0008,34.32680754,-118.71030003,2018-03-16
IND122_A,36.80275647,-118.16603919,2017-07-01
SASU0019,34.34558435,-118.84941783,2018-03-17
SASU0021,34.34031813,-118.86051796,2018-03-17
SASU0025,34.31212642,-118.61201771,2018-03-18
SASU0027,34.32698712,-118.60995643,2018-03-18
SASU0029,34.30233473,-118.5988572,2018-03-18
SLTN1205,35.94349982,-116.86850004,2017-11-11
SLTN1206,37.08850159,-117.52170015,2017-12-28
SLTN1207,37.05540148,-117.56219921,2017-12-29
SLTN1208,37.05650033,-117.55679975,2017-12-29
SLTN1209,37.09110045,-117.49589968,2017-12-30
SLTN1210,37.36780004,-118.58399999,2017-12-24
SLTN1211,36.59500038,-118.19789981,2017-12-26
SLTN1213,37.13380111,-117.4471998,2018-02-24
FSL138_A,37.41118876,-118.42924488,2017-07-01
FSL166_A,37.4100617,-118.43671471,2017-07-01
FSL172_A,37.41056652,-118.44705171,2017-07-01
ABD012_A,36.96214183,-118.25291299,2017-07-01
BGP019_A,37.23536158,-118.33645618,2017-07-01
BGP031_A,37.24130082,-118.30826358,2017-07-01
PLC121_A,37.28735799,-118.31974356,2017-07-01
PLC137_A,37.2870089,-118.36248,2017-07-01
PLC223_A,37.33186208,-118.31521671,2017-07-01
BGP154_A,37.17233224,-118.28247352,2017-07-01
BGP157_A,37.17176312,-118.27004015,2017-07-01
BGP162_A,37.1490093,-118.25684533,2017-07-01
FSL051_A,37.41092381,-118.38024661,2017-07-01
FSL053_A,37.41262349,-118.40049252,2017-07-01
FSL054_A,37.41205038,-118.41456083,2017-07-01
FSL065_A,37.39680031,-118.39253857,2017-07-01
FSL116_A,37.39629464,-118.40556594,2017-07-01
FSL118_A,37.39470459,-118.41494643,2017-07-01
FSL123_A,37.40828578,-118.39536119,2017-07-01
FSL124_A,37.41006981,-118.40226412,2017-07-01
IND026_A,36.86983511,-118.23172537,2017-07-01
IND029_A,36.86614873,-118.22994974,2017-07-01
SASU0010,34.32818465,-118.71080278,2018-03-16
SASU0012,34.32263406,-118.66420083,2018-03-16
SASU0049,34.37558803,-118.61130382,2018-04-01
SASU0051,34.3765092,-118.61358495,2018-04-01
SASU0076,34.34972466,-118.56286791,2018-04-04
SASU0017,34.34201031,-118.84478414,2018-03-17
SASU0023,34.33386606,-118.87063922,2018-03-17
SASU0052,34.37426444,-118.61425257,2018-04-01
SASU0054,34.37354984,-118.61059136,2018-04-01
SASU0071,34.31957442,-118.62105147,2018-04-03
SASU0038,34.29104652,-118.55779485,2018-03-30
SASU0046,34.30563345,-119.08239663,2018-03-31
SASU0048,34.31536354,-119.08648457,2018-03-31
SASU0050,34.31623099,-119.08676611,2018-03-31
SASU0001,34.31052921,-118.51166254,2018-03-14
SASU0002,34.30869994,-118.51642556,2018-03-14
SASU0003,34.314485,-118.51646378,2018-03-14
SASU0005,34.27864555,-118.6553275,2018-03-15
SASU0006,34.2783417,-118.65625412,2018-03-15
SASU0040,34.2916105,-118.555332,2018-03-30
SASU0042,34.29135795,-118.55332085,2018-03-30
SASU0044,34.29610571,-118.53959657,2018-03-30
SASU0007,34.282556,-118.66537908,2018-03-15
SASU0014,34.3232366,-118.65962063,2018-03-16
A1803160429,34.323062,-118.65639032,2018-03-16
A1803161207,34.32549823,-118.71025414,2018-03-16
SASU0016,34.34479532,-118.83420013,2018-03-17
SASU0018,34.34175231,-118.84266803,2018-03-17
SASU0020,34.34239898,-118.84675698,2018-03-17
SASU0022,34.33965474,-118.86103454,2018-03-17
A1803170245,34.33848689,-118.86319321,2018-03-17
SASU0024,34.333796,-118.86991583,2018-03-17
A1803170405,34.33317088,-118.86886734,2018-03-17
SASU0026,34.31046987,-118.60687558,2018-03-18
A1803181049,34.30859375,-118.60767605,2018-03-18
SASU0028,34.31301591,-118.60739434,2018-03-18
SASU0030,34.31196981,-118.61062782,2018-03-18
A1803180224,34.30729874,-118.60368015,2018-03-18
SASU0032,34.30261003,-118.60088303,2018-03-18
SASU0078,34.34970902,-118.5593274,2018-04-04
D0925170505,38.92463822,-123.7279713,2017-09-25
SASU0056,34.32767929,-118.5472153,2018-04-01
SASU0058,34.33724677,-118.53240188,2018-04-01
A1804010516,34.33899985,-118.52470218,2018-04-01
SASU0073,34.32003924,-118.62629242,2018-04-03
SASU0075,34.312693,-118.61613163,2018-04-03
SASU0077,34.35461646,-118.55853816,2018-04-04
SASU0079,34.35518044,-118.5611632,2018-04-04
SASU0081,34.35606875,-118.55872138,2018-04-04
A1804010537,34.33795961,-118.52257066,2018-04-01
SASU0060,34.34282132,-118.50129329,2018-04-02
SASU0062,34.34882214,-118.49516402,2018-04-02
SASU0068,34.2717381,-118.63804662,2018-04-03
A1804031035,34.27347425,-118.63491238,2018-04-03
SASU0070,34.32041185,-118.62519272,2018-04-03
SASU0072,34.32066113,-118.62698007,2018-04-03
A1804041219,34.35296825,-118.55769117,2018-04-04
SASU0037,34.2941446,-118.55410623,2018-03-30
SASU0039,34.29134559,-118.54852212,2018-03-30
SASU0041,34.29708355,-118.54105553,2018-03-30
SASU0043,34.30681987,-119.08394803,2018-03-31
SASU0045,34.31431576,-119.08714171,2018-03-31
SASU0053,34.32847972,-118.54218037,2018-04-01
SASU0055,34.33683078,-118.53147476,2018-04-01
SASU0057,34.33663267,-118.52150926,2018-04-01
SASU0059,34.34383407,-118.49780776,2018-04-02
SASU0061,34.34813465,-118.49655081,2018-04-02
SASU0065,34.33978577,-118.49092739,2018-04-02
SASU0067,34.33182443,-118.48719258,2018-04-02
SASU0069,34.27178148,-118.63545091,2018-04-03
B0517171005,38.92222678,-123.7270016,2017-05-17
B0517171010,38.92234945,-123.7256133,2017-05-17
PTAR0015,38.92302876,-123.72476623,2017-05-17
B0517171123,38.92040389,-123.72131825,2017-05-17
D0925170440,38.92525173,-123.72596073,2017-09-25
D0925170454,38.92455829,-123.72704435,2017-09-25
B_D0925170458,38.92455993,-123.72708885,2017-09-25
MOJAA078,35.16445,-115.46608,2017-03-17
MOJAA079,35.19777,-115.2534,2017-03-17
B0516171513,38.94422832,-123.72848419,2017-05-16
B0516171519,38.94452026,-123.72921132,2017-05-16
PTAR0009,38.9452753,-123.72810113,2017-05-16
B0516171614,38.9457295,-123.72865105,2017-05-16
B0516171813,38.94366664,-123.73212562,2017-05-16
B0517170856,38.91957609,-123.7244903,2017-05-17
B0517170904,38.92088912,-123.72642568,2017-05-17
D0912181704,38.92792405,-123.71632406,2018-09-12
PTAA0297,38.9306042,-123.71857913,2018-09-12
D0912181730,38.93171732,-123.71974748,2018-09-12
PTAA0048,38.93157076,-123.72098708,2018-09-13
PTAA0284,38.93199581,-123.72263102,2018-09-13
PTAA0052,38.93119467,-123.72338917,2018-09-13
DOLO3003,39.31603884,-120.11769296,2019-07-25
PTAA0190,38.95228433,-123.71751345,2018-09-12
PTAA0185,38.95301158,-123.7163047,2018-09-12
PTAA0067,38.95445822,-123.71475136,2018-09-12
B0516171617,38.94567059,-123.72864474,2017-05-16
PTAR0011,38.94512962,-123.72702062,2017-05-16
B0516171807,38.94395578,-123.73112675,2017-05-16
PTAR0013,38.92174407,-123.72788723,2017-05-17
PTAR0041,38.951335,-123.723,2017-06-14
B_PTAR0027,38.91640069,-123.70634407,2017-06-12
PTAR0028,38.91618253,-123.70453531,2017-06-12
PTAR0036,38.91516981,-123.70576546,2017-06-12
D091018530,38.93069426,-123.71426991,2018-09-10
D091018541,38.93111512,-123.71518119,2018-09-10
D0912181105,38.95415324,-123.71654593,2018-09-12
D0912181200,38.95448097,-123.7165984,2018-09-12
D0912181238,38.95464325,-123.71794227,2018-09-12
D091218124,38.95178326,-123.72009977,2018-09-12
D091218231,38.94873078,-123.71870485,2018-09-12
PTAA0130,38.92725827,-123.71781118,2018-09-12
PTAA0122,38.92721033,-123.71813866,2018-09-12
PTAA0189,38.95147962,-123.71761194,2018-09-12
B0517171129,38.91980655,-123.72110393,2017-05-17
PTAR0017,38.92135733,-123.7181571,2017-05-17
PTAR0019,38.92385526,-123.71626916,2017-05-17
B0517171504,38.92437289,-123.71636429,2017-05-17
PTAR0021,38.922293,-123.71369525,2017-05-17
B0517171647,38.92730869,-123.71091983,2017-05-17
D0912181030,38.95236303,-123.71703535,2018-09-12
SLTN0250B,37.56327776,-118.66116052,2017-05-16
PTAR0016,38.91893291,-123.71397109,2017-05-17
PTAR0018,38.92134492,-123.71484616,2017-05-17
PTAR0020,38.93021101,-123.71013227,2017-05-17
D0517171730,38.93083994,-123.71297038,2017-05-17
D0517171743,38.92914801,-123.71253578,2017-05-17
PTAR0022,38.92923053,-123.72371908,2017-05-18
D0613170127,38.94240366,-123.7175816,2017-06-13
PTAA0131,38.92754338,-123.71537171,2018-09-12
SLTN0223B,36.86424071,-118.27542951,2017-04-25
SLTN0225B,36.84271491,-118.25950972,2017-04-25
SLTN0226B,36.84332102,-118.25975757,2017-04-25
SLTN0224B,36.85065383,-118.28519305,2017-04-25
SLTN0278B,37.74253503,-118.89168329,2017-06-29
SLTN0439C,37.75579716,-118.91496325,2017-08-15
SLTN0222B,36.8641716,-118.2765263,2017-04-25
B0518171005,38.94069098,-123.72410674,2017-05-18
PTAR0026,38.94295908,-123.72528029,2017-05-18
PTAR0004,38.93799511,-123.72684108,2017-05-16
B0516171140,38.93672387,-123.72156736,2017-05-16
PTAR0006,38.93724833,-123.71974211,2017-05-16
1808151053277497,41.24965,-121.05809,2018-07-10
1811191059124741,40.99992,-120.08558,2018-08-13
0901011717476954,40.589926,-120.478619,2017-09-14
1705241549368221,40.44356,-120.07793,2017-05-24
1706060843558699,40.47134,-120.11783,2017-06-06
1706060844456919,40.11306,-120.05915,2017-06-06
D0614170343,38.95459765,-123.72592821,2017-06-14
B0518171109,38.94045114,-123.72465768,2017-05-18
PTAR0002,38.93909595,-123.72995253,2017-05-16
D0516171034,38.93794264,-123.72786066,2017-05-16
PTAR0005,38.93595211,-123.72408981,2017-05-16
PTAR0008,38.94308129,-123.73016945,2017-05-16
D0516171637,38.94659251,-123.73152975,2017-05-16
D0516171640,38.94704153,-123.73193409,2017-05-16
1706070751455512,40.50544,-120.36648,2017-06-07
1811191501391752,40.98986,-120.06335,2018-08-13
1811191634315093,41.03384,-120.38892,2018-08-06
D0926171048,38.918974,-123.708692,2017-09-26
PTAA0303,38.93533717,-123.70918789,2018-09-10
PTAA0063,38.92622902,-123.70373243,2018-09-10
D0927171056,38.92855948,-123.72206566,2017-09-27
D0927171104,38.92983512,-123.72260982,2017-09-27
D0927170149,38.93621178,-123.70790335,2017-09-27
D0927170210,38.93573971,-123.7070453,2017-09-27
D0927170212,38.93503517,-123.70618078,2017-09-27
1709230821577766,41.250162,-120.092148,2017-09-23
1709231327545538,41.177615,-120.050308,2017-09-23
1709241411213338,41.093009,-120.080964,2017-09-24
1709251218368817,40.954737,-120.042708,2017-09-25
1709081212452405,40.70282,-120.11747,2017-09-08
1805220949106681,40.47524,-120.43342,2018-05-22
1806131010241587,40.42555,-120.25231,2018-06-13
PTAR0038,38.94738435,-123.71936166,2017-06-14
D0614171102,38.93344544,-123.71974746,2017-06-14
D0614171105,38.94779955,-123.72035475,2017-06-14
D0614171106,38.94768664,-123.72007479,2017-06-14
PTAR0039,38.9482699,-123.72085448,2017-06-14
D0614171213,38.94807959,-123.72113854,2017-06-14
D0614171224,38.94913495,-123.72208368,2017-06-14
D0614171243,38.94979717,-123.72243396,2017-06-14
PTAR0040,38.94974817,-123.72242617,2017-06-14
D0614170106,38.95040066,-123.72285549,2017-06-14
B_PTAR0041,38.95133022,-123.72344348,2017-06-14
D0615170310,38.91753799,-123.70532751,2017-06-15
D0615170326,38.92144182,-123.7075317,2017-06-15
PTAR0034,38.92992749,-123.69660815,2017-06-13
PTAR0035,38.93047156,-123.69700646,2017-06-13
PTAR0045,38.91650718,-123.709338,2017-06-15
B_PTAR0046,38.91685256,-123.71332795,2017-06-15
PTAR0024,38.94067774,-123.72565278,2017-05-18
D0613170934,38.93670099,-123.71413839,2017-06-13
PTAR0029,38.93767492,-123.71504951,2017-06-13
D0613171055,38.93946664,-123.71661139,2017-06-13
B_PTAR0030,38.94373043,-123.72188386,2017-06-13
PTAR0031,38.94269992,-123.72121968,2017-06-13
D0613171246,38.94230215,-123.72092413,2017-06-13
B_PTAA0303,38.93528022,-123.70901993,2018-09-10
PTAR0044,38.95306837,-123.72952656,2017-06-14
D0614170508,38.95125306,-123.72891309,2017-06-14
D0614171517,38.95015281,-123.72832208,2017-06-14
D0614170521,38.94851967,-123.73429199,2017-06-14
D0614170529,38.94950531,-123.72612627,2017-06-14
D0614170532,38.94915922,-123.72547542,2017-06-14
PTAR0001,38.93000565,-123.71735906,2017-05-15
PTAR0003,38.93805693,-123.72586803,2017-05-16
PTAR0043,38.954241,-123.723975,2017-06-14
PTAR0048,38.939887,-123.72005221,2017-06-15
PTAA0299,38.93029721,-123.7147636,2018-09-11
PTAA0020,38.91818859,-123.70535618,2018-09-11
B_PTAA0070_1,38.95046198,-123.7159524,2018-09-12
B_PTAA0070_2,38.95132904,-123.71627544,2018-09-12
PTAA0069_1,38.95477442,-123.71598166,2018-09-12
PTAA0069_2,38.95461274,-123.71639187,2018-09-12
DOLO3007,39.31640781,-120.11738861,2019-07-25
DOLO3009,39.32428328,-120.12221214,2019-07-25
DOLO3000,39.37704296,-120.17889443,2019-07-24
DOLO3001,39.37459339,-120.18113416,2019-07-24
DOLO3004,39.31979918,-120.11698133,2019-07-25
DOLO3008,39.32358754,-120.11873164,2019-07-25
DOLO3006,39.32219514,-120.11709851,2019-07-25
PTAR0007,38.93784055,-123.72011142,2017-05-16
B0516171346,38.9399411,-123.72375621,2017-05-16
B0516171443,38.94323577,-123.73140402,2017-05-16
B0516171504,38.94341175,-123.72959982,2017-05-16
PTAR0023,38.92638525,-123.71060023,2017-05-17
B0517171743,38.92896487,-123.71160279,2017-05-17
D0615171038,38.91688697,-123.7114489,2017-06-15
D0615171044,38.91655668,-123.71113877,2017-06-15
D0615171116,38.9169966,-123.71388283,2017-06-15
D0615171130,38.91745606,-123.71643537,2017-06-15
D0615171140,38.9183727,-123.71648407,2017-06-15
D0615171146,38.91846222,-123.71593564,2017-06-15
D0615171150,38.91771883,-123.71485983,2017-06-15
D0615170253,38.91792393,-123.70297697,2017-06-15
D0615170301,38.91786924,-123.70171407,2017-06-15
PTAR0025,38.92946887,-123.721837,2017-05-18
B0518170930,38.92907291,-123.72293218,2017-05-18
B_PTAR0033,38.927692,-123.699437,2017-06-13
MECO0001,38.92894853,-123.72817125,2017-04-23
D0612170611,38.91383294,-123.7060046,2017-06-12
D0612170349,38.91649834,-123.70580989,2017-06-12
B_D0613170354,38.92768747,-123.69942338,2017-06-13
D0613170552,38.93035719,-123.69606811,2017-06-13
PTAR0027,38.91623221,-123.70639072,2017-06-12
PTAR0030,38.94388397,-123.72176978,2017-06-13
PTAR0033,38.92757926,-123.70011202,2017-06-13
PTAR0046,38.9168118,-123.71332885,2017-06-15
D0615170515,38.95099319,-123.73773286,2017-06-15
D0613170354,38.92744701,-123.70112593,2017-06-13
D0925170302,38.9273874,-123.72599711,2017-09-25
D0925170327,38.9272361,-123.72544918,2017-09-25
D0925170335,38.92681537,-123.72615955,2017-09-25
PTAR0010,38.95064843,-123.73258092,2017-05-16
PTAR0012,38.91919111,-123.72390239,2017-05-17
PTAR0014,38.92012988,-123.71951514,2017-05-17
PTAR0032,38.94252033,-123.7174837,2017-06-13
D0613170153,38.94213414,-123.71692546,2017-06-13
PTAR0037,38.94730053,-123.71937297,2017-06-14
D0614171136,38.95106438,-123.72378613,2017-06-14
PTAR0042,38.95150846,-123.72386299,2017-06-14
D0614170242,38.95325839,-123.72411864,2017-06-14
D0614170246,38.95383791,-123.7238588,2017-06-14
D0928170957,38.93114852,-123.72593081,2017-09-28
D0928171040,38.93574264,-123.72596356,2017-09-28
D0925170458,38.92470757,-123.72763185,2017-09-25
PTAA0128,38.92346035,-123.7077425,2018-09-10
PTAA0129,38.92273896,-123.70798943,2018-09-10
1808150929179727,41.25833,-121.07864,2018-06-29
D0614170355,38.95510178,-123.72809007,2017-06-14
D0614170403,38.95593963,-123.7293114,2017-06-14
D0614170427,38.95373117,-123.72933352,2017-06-14
D0615170341,38.93869052,-123.71859681,2017-06-15
D0615170347,38.93931375,-123.71907341,2017-06-15
D0615170357,38.93945528,-123.7189481,2017-06-15
D0615170401,38.93957301,-123.71940642,2017-06-15
D0615170429,38.94020953,-123.72006029,2017-06-15
D0615170443,38.9407813,-123.72014352,2017-06-15
B_D0615170515,38.95099884,-123.73744477,2017-06-15
PTAA0237_1,38.92049575,-123.7105522,2018-09-11
PTAA0237_2,38.92003544,-123.70954025,2018-09-11
PTAA0288,38.93887957,-123.72895718,2018-09-11
PTAR0047,38.91830971,-123.70463961,2017-06-15
D0925170340,38.92652989,-123.7266965,2017-09-25
D0925170413,38.92637545,-123.72699229,2017-09-25
D0925170431,38.92577656,-123.72701241,2017-09-25
D0925170535,38.92584282,-123.72364574,2017-09-25
D0926171109,38.91876229,-123.70979816,2017-09-26
D0926171130,38.91555831,-123.70828733,2017-09-26
D0926171248,38.92033033,-123.71117967,2017-09-26
D0926171257,38.920653,-123.71180999,2017-09-26
D0926170102,38.92080651,-123.71205918,2017-09-26
D0926170108,38.92140682,-123.71164461,2017-09-26
D0926170113,38.92102017,-123.71260878,2017-09-26
D0926170119,38.9213844,-123.71333751,2017-09-26
D0926170126,38.92178682,-123.71290374,2017-09-26
D0926170136,38.9220521,-123.71141051,2017-09-26
D0926170149,38.92312319,-123.71136726,2017-09-26
D0926170203,38.92339145,-123.71016873,2017-09-26
D0926170219,38.92326626,-123.70966221,2017-09-26
D0926170236,38.9222435,-123.70822538,2017-09-26
D0926170255,38.92361399,-123.70907975,2017-09-26
D0926170321,38.92056574,-123.70912426,2017-09-26
D0926170400,38.95162384,-123.73653785,2017-09-26
D0926170418,38.95493087,-123.73612102,2017-09-26
D0926170431,38.95456165,-123.73545826,2017-09-26
D0926170457,38.95354551,-123.73368666,2017-09-26
D0926171050,38.95285015,-123.73356949,2017-09-26
D0926170504,38.95263804,-123.73430617,2017-09-26
D0927170826,38.92830073,-123.72541935,2017-09-27
D0927170845,38.92781106,-123.72405419,2017-09-27
D0927170847,38.92760479,-123.72394617,2017-09-27
D0927170859,38.92775599,-123.72264301,2017-09-27
D0927170903,38.92743429,-123.72287158,2017-09-27
D0927170916,38.92801688,-123.7211108,2017-09-27
D0927171004,38.92679898,-123.72108339,2017-09-27
D0927171010,38.92702135,-123.71988716,2017-09-27
D0927171022,38.92596109,-123.72216013,2017-09-27
PTAA0070_1,38.95052214,-123.71560915,2018-09-12
PTAA0070_2,38.95136266,-123.71581587,2018-09-12
PTAA0225,38.95052491,-123.73208949,2018-09-13
D0927170235,38.93233566,-123.70508119,2017-09-27
D0927170247,38.93235007,-123.70370276,2017-09-27
D0927170307,38.93125635,-123.70317738,2017-09-27
D0927170312,38.92992381,-123.70226247,2017-09-27
D0927170409,38.93351771,-123.71379264,2017-09-27
D0928170932,38.92996181,-123.72595352,2017-09-28
D0928170946,38.93049486,-123.72739982,2017-09-28
PTAA0127,38.92400739,-123.70892628,2018-09-10
PTAA0354,38.92961455,-123.71244274,2018-09-10
PTAA0293,38.9363189,-123.72208393,2018-09-11
PTAA0031,38.9350008,-123.71633973,2018-09-11
PTAA0289_1,38.93796678,-123.72531977,2018-09-11
PTAA0289_2,38.93577047,-123.71964128,2018-09-11
PTAA0353,38.9328741,-123.71551973,2018-09-11
PTAA0179,38.95422943,-123.71990103,2018-09-12
PTAA0183,38.94974889,-123.71915672,2018-09-12
PTAA0360,38.94826093,-123.71842699,2018-09-12
D091218950,38.95073049,-123.71684265,2018-09-12
PTAA0068,38.95465402,-123.71525713,2018-09-12
PTAA0184,38.95304704,-123.71958462,2018-09-12
PTAA0182,38.95134484,-123.72082321,2018-09-12
PTAA0001,38.94791543,-123.71803941,2018-09-12
PTAA0349,38.94319495,-123.73223291,2018-09-13
PTAA0350,38.94396466,-123.72805704,2018-09-13
343,38.94477942,-123.72856239,2018-09-13
PTAA0332,38.94600276,-123.72983149,2018-09-13
D0913181027,38.94747618,-123.73218312,2018-09-13
D0913181100,38.947647,-123.7323319,2018-09-13
D0913181130,38.94894624,-123.73181599,2018-09-13
PTAA0226,38.94869641,-123.73176118,2018-09-13
D0913181135,38.94973514,-123.73197005,2018-09-13
B_PTAA0225,38.95031626,-123.73218957,2018-09-13
PTAA0227,38.95155942,-123.73276658,2018-09-13
B_D0913181144,38.94732777,-123.73435613,2018-09-13
D0913181144,38.94733677,-123.73446464,2018-09-13
170914214148694,41.02625,-120.29097,2017-08-27
1709142200568402,41.15389,-120.44725,2017-08-27
180822142154639,41.12116,-120.53807,2018-08-22
1707291158178061,40.884214,-120.51691,2017-07-29
1709081535052852,40.70267,-120.13314,2017-09-08
1706061000444925,40.48082,-120.44717,2017-06-06
1706061538542911,40.39738,-120.33942,2017-06-06
1808140752326399,41.23625,-121.07568,2018-06-15
1808141531258557,41.25121,-121.07295,2018-06-15
1808261442207320,40.07886,-120.09344,2018-08-26
1808270941347745,40.06712,-120.09507,2018-08-27
1808271221531485,40.06007,-120.09341,2018-08-27
1809061703281857,40.10974,-120.0724,2018-09-06
1809070835513059,40.10488,-120.07202,2018-09-07
1808281458516315,40.08422,-120.02304,2018-08-28
1809071227368739,40.10368,-120.06301,2018-09-07
1808280939212740,40.08865,-120.02446,2018-08-28
1808281242031662,40.087,-120.02842,2018-08-28
1705240940181191,40.57154,-120.0492,2017-05-24
090101161017131,40.591345,-120.454715,2017-09-13
1811191331308517,40.99418,-120.07472,2018-08-13
1807121111114316,41.07963,-120.07098,2018-07-12
1807130949276926,41.08105,-120.08817,2018-07-13
1806171330445147,40.74362,-120.71248,2018-06-17
1806271319238233,40.75044,-120.18315,2018-06-27
180627192451997,40.86117,-120.05157,2018-06-27
1806281521273190,40.74554,-120.03863,2018-06-28
1806291014234151,40.95982,-120.1953,2018-06-29
1806021220203811,41.16253,-120.44434,2018-06-02
1806031046076279,41.32162,-120.61806,2018-06-03
1806040949557603,41.38909,-120.42513,2018-06-04
1806131454104625,40.9185,-120.17012,2018-06-13
1806140920508837,40.90069,-120.37098,2018-06-14
1808140820074572,40.40739,-120.25329,2018-08-14
1707170823476349,40.783494,-120.730544,2017-07-17
1707271815155995,41.68413,-120.01968,2017-07-27
1707281523271281,40.7648,-120.6387,2017-07-28
1808081023389942,41.5713,-120.38219,2018-06-14
1808081400242231,41.56527,-120.39584,2018-06-14
1808130750104698,40.43945,-120.24499,2018-08-13
1808150725571408,40.43937,-120.23412,2018-08-15
1809081006389271,40.08334,-120.01944,2018-09-08
1809081314582290,40.09339,-120.01793,2018-09-08
1809061326534246,40.0928,-120.02811,2018-09-06
1809071125021314,40.09654,-120.02562,2018-09-07
1809071511582335,40.09257,-120.02173,2018-09-07
1809081413127914,40.11308,-120.05912,2018-09-08
1806141622364424,40.83157,-120.20584,2018-06-14
1806151142354778,40.79209,-120.48817,2018-06-15
1806161358454843,40.91107,-120.94156,2018-06-16
1806170906295644,40.97343,-120.74564,2018-06-17
1806300942063728,41.07923,-120.60977,2018-06-29
1807131815081986,41.69531,-120.09449,2018-07-13
1807140840149151,41.73732,-120.06007,2018-07-14
1807261410112321,41.12684,-121.33033,2018-07-26
1806140739484539,40.43694,-120.07346,2018-06-14
1806151622488315,40.39975,-120.01574,2018-06-15
1805211214489483,40.34501,-120.47295,2018-05-21
1806281511028110,40.40321,-120.28433,2018-06-28
1806291009296461,40.46043,-120.34967,2018-06-29
1806300909034816,40.51323,-120.20752,2018-06-30
1709090818134058,40.71625,-120.1405,2017-09-08
1709100916488828,40.71048,-120.12067,2017-09-10
1709101628312654,40.58787,-120.46605,2017-09-10
17091017285128,40.58224,-120.47256,2017-09-10
1709091647447898,40.71082,-120.1391,2017-09-09
1709091715562203,40.71736,-120.13128,2017-09-09
1709100807295743,40.71967,-120.12574,2017-09-10
1808131153204616,40.43769,-120.21324,2018-08-13
1808100650306772,40.47273,-120.23321,2018-08-10
1709141832575803,40.9481,-120.37356,2017-08-28
1709210039056996,40.590508,-120.485085,2017-09-20
180824135627250,40.66569,-120.2162,2018-08-24
1808291318113736,40.71742,-120.50339,2018-08-29
1811200830137641,41.02645,-120.36024,2018-08-06
181120095030649,41.81171,-120.1787,2018-08-02
1807131546114261,41.06765,-120.03558,2018-07-13
1707151520564353,40.78603,-120.22926,2017-07-15
1707161257395039,41.59052,-120.44516,2017-07-16
1707161529556447,40.816619,-120.77407,2017-07-16
MOLA0980,41.81897528,-120.69856998,2018-08-15
MOLA0981,41.83700849,-120.68527858,2018-08-15
MOLA0982,41.84382091,-120.67477126,2018-08-15
1808120721395470,40.45858,-120.22771,2018-08-12
1808141653453306,41.25741,-120.96072,2018-06-22
1808150835203657,41.24759,-120.96953,2018-06-22
1709091001152768,40.7216,-120.1217,2017-09-09
1709091010195255,40.70431,-120.14281,2017-09-09
1709091315195749,40.71967,-120.12574,2017-09-09
1709091346352789,40.70766,-120.13664,2017-09-09
1806181051528792,40.42805,-120.3328,2018-06-18
1808120825548398,40.45923,-120.24827,2018-08-12
1808130920197138,40.46661,-120.22908,2018-08-13
1808110807105397,40.43224,-120.2777,2018-08-11
1806301513373778,40.6721,-120.34193,2018-06-30
1805221631528627,40.32082,-120.04602,2018-05-22
1806011301316796,41.03697,-120.41487,2018-06-01
180811063215260,40.45023,-120.26488,2018-08-11
1808111012304948,40.45892,-120.21777,2018-08-11
1808150903555030,40.43733,-120.23462,2018-08-15
1808131350182485,40.45707,-120.25687,2018-08-13
1807300824447355,40.46483,-120.23286,2018-08-14
1808150942193935,40.48537,-120.23158,2018-08-15
1808141236234409,40.46446,-120.22958,2018-08-14
1808141138331067,40.40171,-120.24536,2018-08-14
1806051507048944,41.8581,-120.01337,2018-05-30
180717161719606,41.82463,-120.0127,2018-06-12
1706130924559992,40.56503,-120.41462,2017-06-13
170613165301599,40.59159,-120.36848,2017-06-13
1706131959046232,40.33007,-120.07124,2017-06-14
1707311212512718,41.56168,-120.46379,2017-07-31
1707311352251107,40.95968,-120.75483,2017-07-31
1707311446185370,41.37259,-120.6508,2017-07-31
1708261633115389,40.4639,-120.5844,2017-08-26
1709071620219998,40.72421,-120.13769,2017-09-07
1709080815016749,40.72554,-120.1286,2017-09-08
1709080848027759,40.70483,-120.12686,2017-09-08
1709081133517399,40.72303,-120.13317,2017-09-08
1706141021113088,40.69165,-120.37211,2017-06-14
1707020906581513,41.46168,-120.0232,2017-07-02
1707021212167296,40.43007,-120.5581,2017-07-02
1707141007503697,40.71744,-120.32675,2017-07-14
1707150850046552,40.82039,-120.18495,2017-07-15
1707300759392549,41.02858,-120.60418,2017-07-30
17082417454541,40.98408,-120.07159,2017-08-24
1708251750383041,40.66294,-120.56001,2017-08-25
170911083603262,40.60167,-120.48497,2017-09-11
1709111032099895,40.5988,-120.45387,2017-09-11
1709111319245941,40.59863,-120.45293,2017-09-11
1709111343206232,40.59942,-120.47413,2017-09-11
1709111809203881,40.59711,-120.47004,2017-09-11
1709120802237315,40.59517,-120.44298,2017-09-11
1709120939353349,40.5762,-120.46606,2017-09-12
1709121004033317,40.586,-120.4458,2017-09-12
1709121152368321,40.591511,-120.437343,2017-09-12
1805211459279315,40.58415,-120.50745,2018-05-22
1805230824024061,40.64905,-120.54623,2018-05-23
1808221355132399,40.90468,-120.99947,2018-08-22
1808231254546544,41.49806,-120.66848,2018-08-23
1808251400053584,40.88586,-120.93325,2018-08-25
180613133517927,40.44427,-120.0985,2018-06-13
1811271126393522,41.78074,-120.19834,2018-07-26
1806041616239771,41.8957,-120.022,2018-05-29
1806140904115418,40.48046,-120.32527,2018-06-14
1808111245275481,40.42911,-120.27696,2018-08-11
MOLA0785,41.29784247,-120.86915703,2018-07-18
MOLA0946,41.14995502,-120.83496082,2018-07-18
MOLA0924,41.03758695,-120.89287492,2018-07-19
MOLA0923,41.04141589,-120.8911671,2018-07-19
MOLA0989,41.59610941,-120.75520868,2018-08-22
MOLA0990,41.59623428,-120.75606822,2018-08-22
MOLA0928,40.93666297,-120.78612328,2018-07-19
MOLA0927,40.96398571,-120.78141692,2018-07-19
MOLA0926,40.96416449,-120.78911335,2018-07-19
MOLA0925,41.03274271,-120.90212879,2018-07-19
MOLA0947,41.14750738,-120.83766097,2018-07-18
MOLA0948,41.13781049,-120.82600107,2018-07-18
MOLA0951,41.22166979,-120.39141378,2018-07-20
MOLA0994,41.50726649,-121.11466592,2018-07-19
MOLA0930,40.90553446,-120.73931204,2018-07-19
MOLA0929,40.93580378,-120.76663075,2018-07-19
MOLA0931,41.27177842,-120.70942506,2018-07-18
MOLA0783,41.2638217,-120.84685237,2018-07-18
MOLA0784,41.2741524,-120.86548224,2018-07-18
MOLA0786,41.29962173,-120.86614809,2018-07-18
MOLA0965,41.32477209,-120.86250364,2018-07-18
MOLA0966,41.32635166,-120.86264328,2018-07-18
MOLA0949,41.17779686,-120.85660046,2018-07-18
MOLA0950,41.17960873,-120.85973654,2018-07-18
MOLA0964,41.35344185,-120.88517375,2018-07-18
MOLA0974,41.73756127,-120.73536506,2018-08-14
MOLA0975,41.73482379,-120.73264769,2018-08-14
MOLA0976,41.77511321,-120.6881563,2018-08-14
MOLA0977,41.78150366,-120.68840795,2018-08-14
MOLA0978,41.78334504,-120.68727085,2018-08-14
MOLA0979,41.78399194,-120.6943591,2018-08-14
MOLA0970,41.20348412,-120.36900921,2018-07-20
MOLA0971,41.20199537,-120.3810193,2018-07-20
MOLA0961,41.81667982,-121.06931853,2018-07-17
MOLA0962,41.78905766,-121.12763925,2018-07-17
MOLA0952,41.76596185,-121.32472247,2018-08-22
MOLA0991,41.37946104,-120.91606499,2018-07-18
MOLA0881,41.0623761,-120.90098209,2018-07-19
MOLA0967,41.30990148,-121.05368854,2018-07-19
MOLA1118,41.84907657,-121.23236902,2018-09-05
MOLA1119,41.77077985,-121.25215826,2018-09-05
MOLA0963,41.78307762,-121.18353376,2018-07-17
MOLA0934,41.26394335,-120.7015107,2018-07-18
MOLA0933,41.26514829,-120.70263991,2018-07-18
MOLA0932,41.26706951,-120.70722691,2018-07-18
MOLA0968,41.3127312,-120.86889241,2018-07-19
MOLA0887,41.23359334,-120.3941358,2018-07-20
MOLA0922,41.18610479,-120.33874343,2018-07-20
MOLA0921,41.19854827,-120.34804432,2018-07-20
MOLA0983,41.83937861,-120.65473545,2018-08-15
MOLA0984,41.83299912,-120.66208538,2018-08-15
MOLA0985,41.65896823,-120.54447913,2018-08-16
MOLA0986,41.65568218,-120.55002003,2018-08-16
MOLA0987,41.68987777,-120.47798856,2018-08-16
MOLA0988,41.69049141,-120.46658608,2018-08-16
MOLA0969,41.20346044,-120.36744079,2018-07-20
MOLA0886,41.20357154,-120.38696291,2018-07-20
MOLA1120,41.77666294,-121.27911887,2018-09-05
MOLA1121,41.78516797,-121.1748723,2018-09-05
MOLA1104,41.7460866,-120.92789085,2018-08-29
MOLA1105,41.78736704,-120.96591229,2018-08-29
MOLA1106,41.79183918,-120.97230571,2018-08-29
MOLA1107,41.80173638,-120.97787948,2018-08-29
MOLA1108,41.3947854,-120.84951518,2018-08-30
MOLA0937,41.04308945,-120.78031872,2018-07-17
MOLA0936,41.04359383,-120.77530759,2018-07-17
MOLA0992,41.33600509,-120.88374483,2018-07-18
MOLA0231,40.87930433,-120.01279444,2017-06-06
MOLA0790,41.23248646,-120.36018424,2018-07-20
MOLA1162,41.349021,-121.07042609,2018-09-19
MOLA0791,41.56630136,-120.51810634,2018-07-19
MOLA0917,41.55863752,-120.68593911,2018-08-09
MOLA0918,41.56028693,-120.69002924,2018-08-09
MOLA0919,41.59425989,-120.68782194,2018-08-13
MOLA0920,41.59495323,-120.68557759,2018-08-13
MOLA1117,41.84871506,-121.23287284,2018-09-05
MOLA1155,41.46727357,-121.07635876,2018-09-13
MOLA1156,41.43006833,-121.06200758,2018-09-18
MOLA1157,41.42378846,-121.06402526,2018-09-18
509091041,41.87405467,-120.52532983,2017-07-03
509091106,41.4905591,-121.06793152,2017-06-30
MOLA1138,41.79209109,-121.05827442,2018-09-11
MOLA1114,41.81936466,-121.22538461,2018-09-04
MOLA1149,41.7780058,-120.80339045,2018-09-12
MOLA1152,41.48482906,-121.1002621,2018-09-13
MOLA1153,41.47021673,-121.09353978,2018-09-13
MOLA1166,41.33284265,-120.77827964,2018-09-20
MOLA0943,41.17414011,-120.81473157,2018-07-17
MOLA0871,41.21566501,-120.09821327,2017-06-16
MOLA1139,41.79314327,-121.06191334,2018-09-11
MOLA1140,41.79334787,-121.06176276,2018-09-11
MOLA1141,41.79526041,-121.06676,2018-09-11
MOLA1148,41.81333822,-121.03083421,2018-09-12
MOLA0940,41.52173543,-120.64691715,2018-07-16
MOLA0939,41.03378114,-120.78437296,2018-07-17
MOLA0993,41.33036881,-120.86496004,2018-07-18
MOLA0960,41.60040778,-120.78362892,2018-08-24
MOLA0995,41.59189136,-120.8016404,2018-08-24
MOLA0996,41.5956811,-120.81475755,2018-08-24
MOLA0997,41.59005848,-120.83126317,2018-08-24
MOLA0998,41.61249786,-120.82481082,2018-08-24
MOLA0999,41.52021729,-120.82818082,2018-08-28
MOLA1000,41.52383087,-120.81971857,2018-08-28
MOLA1101,41.53960257,-120.81266741,2018-08-28
MOLA1102,41.62243151,-120.90920627,2018-08-29
MOLA1130,41.76625133,-121.06358935,2018-09-07
MOLA0781,40.98340251,-120.83568127,2018-07-17
MOLA1161,41.36651443,-121.0311957,2018-09-19
MOLA0956,41.81006421,-120.81688512,2018-08-23
MOLA0957,41.78422077,-120.87911965,2018-08-23
MOLA0958,41.75545289,-120.93286972,2018-08-23
MOLA1136,41.76490459,-120.99610699,2018-09-11
MOLA1137,41.76801877,-121.0016763,2018-09-11
MOLA1131,41.52191513,-121.12690989,2018-09-10
MOLA1164,41.33144143,-120.78127875,2018-09-20
MOLA1165,41.33424493,-120.7795345,2018-09-20
MOLA0935,41.08725797,-120.79167032,2018-07-17
MOLA1109,41.39298031,-120.85606933,2018-08-30
MOLA1146,41.81709505,-121.10859081,2018-09-12
MOLA1147,41.8242835,-121.09396622,2018-09-12
MOLA1154,41.47013882,-121.09101532,2018-09-13
MOLA1158,41.36681609,-121.09784158,2018-09-19
MOLA1159,41.36542001,-121.09620844,2018-09-19
MOLA1160,41.36564261,-121.03288385,2018-09-19
MOLA1128,41.74623561,-121.03897207,2018-09-07
MOLA1129,41.76272993,-121.04498964,2018-09-07
MOLA1111,41.39612422,-120.88186207,2018-08-30
MOLA1112,41.38679949,-120.9013719,2018-08-30
MOLA1113,41.37990932,-120.91474765,2018-08-30
MOLA1150,41.77857454,-120.80770259,2018-09-12
MOLA1151,41.48549652,-121.10086545,2018-09-13
MOLA1123,41.76334451,-121.16521785,2018-09-06
MOLA1124,41.76614051,-121.16321335,2018-09-06
MOLA1125,41.74689137,-121.13457408,2018-09-06
MOLA1126,41.74464807,-121.13397761,2018-09-06
MOLA1127,41.73697625,-121.1180748,2018-09-06
MOLA0782,40.97833967,-120.79121545,2018-07-17
MOLA0882,41.06665078,-120.91823587,2018-07-19
MOLA0883,41.06529279,-120.92248138,2018-07-19
MOLA0884,41.12779932,-120.92131135,2018-07-19
MOLA0941,41.12212164,-120.8180808,2018-07-17
MOLA0942,41.12343548,-120.8109186,2018-07-17
MOLA1001,41.23603738,-120.42219849,2017-06-12
MOLA1002,41.23560437,-120.42560708,2017-06-12
MOLA0885,41.12801121,-120.92390226,2018-07-19
MOLA0789,41.23692971,-120.35146329,2018-07-20
MOLA0938,41.03867877,-120.78234051,2018-07-17
MOLA0787,41.56101565,-120.50805661,2018-07-19
MOLA0788,41.56237134,-120.51101576,2018-07-19
MOLA1169,41.79741283,-121.16501643,2018-09-05
MOLA1122,41.77474787,-121.16190893,2018-09-06
MOLA1115,41.8234839,-121.23143576,2018-09-04
MOLA1116,41.82666633,-121.23515325,2018-09-04
MOLA1029,41.19187437,-120.11205606,2017-06-29
MOLA1021,40.99268957,-120.71347599,2017-06-26
MOLA0972,41.61260858,-120.73361055,2018-08-13
MOLA0973,41.73902493,-120.73331752,2018-08-14
MOLA0953,41.83923732,-120.76133656,2018-08-23
MOLA0954,41.85698047,-120.75862143,2018-08-23
MOLA0955,41.81393343,-120.82286934,2018-08-23
MOLA0959,41.59569182,-120.76520547,2018-08-24
MOLA1103,41.62354308,-120.91089881,2018-08-29
MOLA1110,41.40095577,-120.86550839,2018-08-30
MOLA0944,41.18377407,-120.80848683,2018-07-17
MOLA0945,41.15864949,-120.83040534,2018-07-17
MOLA1132,41.52007848,-121.12916799,2018-09-10
MOLA1133,41.50905895,-121.11897692,2018-09-10
MOLA1134,41.48301503,-121.10878316,2018-09-10
MOLA1135,41.48418859,-121.10456882,2018-09-10
MOLA0230,41.08392753,-120.56041138,2017-06-05
MOLA0869,41.23026197,-120.41808761,2017-06-15
MOLA1039,41.23663062,-120.11094688,2017-06-29
MOLA1030,41.23569436,-120.11162774,2017-06-29
MOLA1142,41.7976284,-121.07422328,2018-09-11
MOLA1143,41.7893786,-121.13923929,2018-09-12
MOLA1144,41.78701463,-121.14064344,2018-09-12
MOLA1145,41.80305023,-121.11547993,2018-09-12
MOLA1163,41.35513681,-120.80655677,2018-09-20
MOLA3009,40.66618017,-120.55982195,2019-06-09
MOLA1016,41.24081571,-120.11609949,2017-06-16
MOLA0870,41.24490923,-120.44480493,2017-06-15
MOLA1040,41.24323774,-120.10134658,2017-06-29
MOLA1011,41.22989751,-120.41841767,2017-06-15
MOLA1015,41.22895758,-120.10877983,2017-06-16
MOLA0237,41.38479122,-120.34921336,2017-06-21
MOLA0238,41.42615123,-120.44684167,2017-06-22
MOLA0915,41.57674292,-120.62688013,2018-08-09
MOLA0916,41.55195244,-120.68627358,2018-08-09
MOLA1167,41.3264542,-120.84490605,2018-09-20
MOLA3079,40.70236333,-120.54752351,2019-07-01
MOLA3081,40.68207343,-120.53699031,2019-07-01
MOLA1028,40.98000365,-120.745592,2017-06-28
MOLA0193,40.44713794,-120.04684521,2017-05-08
MOLA0194,40.4515346,-120.01294522,2017-05-08
MOLA0248,41.1461303,-120.09553323,2017-07-12
MOLA0249,41.13594307,-120.10228491,2017-07-12
MOLA0250,41.12095932,-120.26323244,2017-07-13
MOLA0251,41.10726249,-120.2452016,2017-07-13
MOLA0240,41.41042592,-120.48038821,2017-06-22
MOLA3302,40.76587988,-120.54499887,2019-06-27
MOLA3304,40.77634879,-120.55460512,2019-06-27
MOLA0862,41.18547368,-120.43101702,2017-06-13
MOLA1038,41.18641997,-120.10928216,2017-06-29
MOLA1052,41.26235988,-120.07917721,2017-06-30
MOLA1041,41.24903249,-120.08960102,2017-06-29
MOLA0188,40.40349291,-120.17131782,2017-05-02
MOLA0195,40.44051963,-120.34353016,2017-05-09
MOLA0866,41.2010092,-120.39153189,2017-06-14
MOLA1003,41.19210485,-120.40386351,2017-06-13
MOLA1023,40.97778068,-120.6951591,2017-06-27
MOLA0187,40.38166434,-120.18202914,2017-05-02
MOLA0196,40.49640129,-120.32912016,2017-05-09
MOLA0197,40.51205296,-120.32499015,2017-05-09
MOLA0198,40.59738962,-120.34257514,2017-05-10
MOLA0204,40.38451129,-120.23469185,2017-05-18
MOLA0205,40.39919963,-120.21553019,2017-05-18
MOLA0206,40.56892962,-120.35765848,2017-05-21
MOLA0207,40.57702629,-120.3830118,2017-05-21
MOLA0208,40.59443794,-120.1754035,2017-05-21
MOLA0209,40.53972626,-120.03022353,2017-05-22
MOLA0233,41.16937455,-120.1072051,2017-06-07
MOLA0236,40.57862796,-120.3790868,2017-06-08
MOLA0239,41.41070123,-120.46106,2017-06-22
MOLA0241,41.38420457,-120.47634,2017-06-22
MOLA1006,41.21212826,-120.4478037,2017-06-14
MOLA0216,40.76772461,-120.43114177,2017-05-24
MOLA3306,40.78020481,-120.5570865,2019-06-27
MOLA3308,40.74764258,-120.54236444,2019-06-28
MOLA0913,41.80895955,-120.60085803,2018-08-08
MOLA3050,40.92250938,-120.84680163,2019-06-28
MOLA3057,40.88697816,-120.86116972,2019-06-29
MOLA1007,41.20781589,-120.44520581,2017-06-14
MOLA1013,41.21451904,-120.10418336,2017-06-16
MOLA0219,41.05835795,-120.72514168,2017-05-31
MOLA0220,41.1158846,-120.65018835,2017-06-01
MOLA0221,41.14852793,-120.65109001,2017-06-01
MOLA0222,41.05833961,-120.73295334,2017-06-02
MOLA0223,41.05436295,-120.73559668,2017-06-02
MOLA0224,41.05497128,-120.73657668,2017-06-02
MOLA1022,40.97949193,-120.73310548,2017-06-26
MOLA0911,41.23682644,-120.35047647,2018-08-07
MOLA0912,41.79426976,-120.60340402,2018-08-08
MOLA0914,41.52932678,-120.63925789,2018-08-09
MOLA0877,40.98077855,-120.72227405,2017-06-26
MOLA1031,40.97881044,-120.73786942,2017-06-26
MOLA1032,40.98127165,-120.69033884,2017-06-27
MOLA3004,40.59852786,-120.55156084,2019-06-08
MOLA0213,40.7009196,-120.26419847,2017-05-23
MOLA0214,40.74129792,-120.13541182,2017-05-23
MOLA0185,40.29265795,-120.00556524,2017-04-30
MOLA1008,41.20111544,-120.38987671,2017-06-14
MOLA3104,40.70317625,-120.51811544,2019-06-08
MOLA3319,40.76236238,-120.56234145,2019-06-28
MOLA1004,41.19894591,-120.40884538,2017-06-13
MOLA3005,40.59880786,-120.55057588,2019-06-08
MOLA3007,40.64920066,-120.5456189,2019-06-08
MOLA3017,40.89259111,-121.02580411,2019-06-10
MOLA0246,41.09753081,-120.2779574,2017-07-07
MOLA0247,41.15901824,-120.39706534,2017-07-09
MOLA0864,41.21523061,-120.44838046,2017-06-14
MOLA0867,41.21961581,-120.40731727,2017-06-15
MOLA0906,41.28320448,-120.35061798,2018-08-07
MOLA0199,40.56723795,-120.27692516,2017-05-10
MOLA0200,40.61840296,-120.42460346,2017-05-11
MOLA0201,40.61772962,-120.42334679,2017-05-11
MOLA0202,40.65793296,-120.43671345,2017-05-16
MOLA0203,40.66404796,-120.45414511,2017-05-16
MOLA3001,40.59838432,-120.52551844,2019-06-08
MOLA3003,40.60815255,-120.53716299,2019-06-08
MOLA3065,40.8969934,-120.83379032,2019-06-29
MOLA3067,40.96768365,-120.93511376,2019-06-30
MOLA3020,40.89608546,-121.00362333,2019-06-10
MOLA3022,40.8908302,-120.99763538,2019-06-10
MOLA3340,40.68982724,-120.62109834,2019-07-01
MOLA3323,40.64970173,-120.61261645,2019-06-29
MOLA0873,41.22504788,-120.11395096,2017-06-16
MOLA1009,41.22067913,-120.40947209,2017-06-15
MOLA3019,40.89583109,-121.00569031,2019-06-10
MOLA0907,41.28012525,-120.35457515,2018-08-07
MOLA0908,41.27108194,-120.36199573,2018-08-07
MOLA0909,41.27191926,-120.35805829,2018-08-07
MOLA0910,41.21351508,-120.33361054,2018-08-07
MOLA3069,40.96862544,-120.93291016,2019-06-30
MOLA3071,40.9713602,-120.92103954,2019-06-30
MOLA3103,40.7061048,-120.51294272,2019-06-08
MOLA3025,40.93073694,-121.02290882,2019-06-11
MOLA3027,40.91103876,-121.0166359,2019-06-11
MOLA3101,40.6962958,-120.5107791,2019-06-08
MOLA3102,40.70055753,-120.51359802,2019-06-08
MOLA3083,40.92582931,-120.7538574,2019-07-02
MOLA3085,40.93478052,-120.77733285,2019-07-02
MOLA3084,40.92898594,-120.79083961,2019-07-02
MOLA0210,40.53765627,-120.03335187,2017-05-22
MOLA0211,40.52299627,-120.04600853,2017-05-22
MOLA0212,40.69280794,-120.28710847,2017-05-23
MOLA1168,41.32694826,-120.85061312,2018-09-20
MOLA3077,40.71259592,-120.55802763,2019-07-01
MOLA3321,40.76473513,-120.56706825,2019-06-28
MOLA3301,40.76835883,-120.54800127,2019-06-27
MOLA3316,40.64712526,-120.61179578,2019-06-29
MOLA0186,40.27063462,-120.02795024,2017-05-01
MOLA0191,40.46643797,-120.44525681,2017-05-03
MOLA0192,40.46666464,-120.44257514,2017-05-03
MOLA0875,41.27217517,-120.12495748,2017-06-17
MOLA1017,41.26944468,-120.12434233,2017-06-17
MOLA1042,41.27043094,-120.13098423,2017-06-30
MOLA3053,40.9401094,-120.8629523,2019-06-28
MOLA3055,40.93958013,-120.85495085,2019-06-28
MOLA0215,40.78385961,-120.46586509,2017-05-24
MOLA1027,40.99210456,-120.75031378,2017-06-28
MOLA0876,40.99047699,-120.68745831,2017-06-25
MOLA0880,40.99197423,-120.71606237,2017-06-26
MOLA1035,40.99372712,-120.7477915,2017-06-28
MOLA3076,40.678,-120.531,2019-07-01
MOLA3008,40.66564725,-120.55632384,2019-06-09
MOLA3010,40.67194122,-120.55881134,2019-06-09
MOLA3012,40.65916758,-120.5514227,2019-06-09
MOLA3014,40.64727307,-120.52030556,2019-06-09
MOLA0217,41.09779628,-120.76724333,2017-05-31
MOLA0218,41.08507795,-120.73902001,2017-05-31
MOLA0225,41.08386626,-120.56326337,2017-06-05
MOLA0226,40.87612124,-120.05522682,2017-06-06
MOLA0227,40.8779979,-120.01296349,2017-06-06
MOLA0228,40.9097729,-120.05656848,2017-06-06
MOLA0229,40.90877624,-120.05753515,2017-06-06
MOLA0232,41.17690789,-120.1112251,2017-06-07
MOLA0242,41.31416789,-120.35273337,2017-06-28
MOLA0243,41.17932754,-120.31933352,2017-06-29
MOLA1010,41.22048153,-120.39802375,2017-06-15
MOLA0863,41.21679857,-120.44938561,2017-06-14
MOLA1026,40.99620494,-120.75056615,2017-06-28
MOLA1018,40.98853533,-120.68384672,2017-06-25
MOLA1019,40.97968425,-120.72647716,2017-06-26
MOLA1020,40.97131073,-120.71989846,2017-06-26
MOLA1051,41.27539982,-120.12353414,2017-06-30
MOLA3126,40.79527778,-120.60124772,2019-06-11
MOLA3059,40.8877091,-120.85218114,2019-06-29
MOLA3061,40.88458466,-120.84343153,2019-06-29
MOLA3063,40.88770608,-120.83830608,2019-06-29
MOLA0244,41.17743588,-120.30967231,2017-06-29
MOLA0245,41.10721667,-120.28345153,2017-07-07
MOLA0868,41.21939456,-120.39840027,2017-06-15
MOLA0872,41.21452901,-120.1135177,2017-06-16
MOLA0861,41.20756485,-120.41430694,2017-06-13
MOLA1005,41.20782322,-120.41547328,2017-06-13
MOLA1014,41.21143219,-120.11480616,2017-06-16
MOLA0865,41.20883144,-120.44521721,2017-06-14
MOLA3310,40.75769181,-120.54275253,2019-06-28
MOLA3314,40.75513512,-120.56474219,2019-06-28
MOLA0878,40.97139011,-120.71900763,2017-06-26
MOLA1036,40.97700758,-120.7483152,2017-06-28
MOLA1037,40.97530643,-120.75561659,2017-06-28
MOLA1024,40.96440496,-120.7124249,2017-06-27
MOLA1025,40.96285352,-120.72874271,2017-06-27
MOLA1033,40.96139699,-120.70727506,2017-06-27
MOLA1034,40.96678186,-120.73015631,2017-06-27
MOLA0189,40.44222337,-120.18075843,2017-05-02
MOLA0190,40.45434298,-120.1954084,2017-05-02
MOLA0183,40.26216962,-120.00959024,2017-04-30
MOLA0184,40.27112129,-120.01397857,2017-04-30
MOLA1043,41.27009771,-120.0893416,2017-06-30
MOLA1050,41.24980597,-120.09626154,2017-06-29
MOLA0874,41.24193318,-120.1146842,2017-06-16
MOLA1012,41.24558583,-120.44657047,2017-06-15
MOLA3029,40.91057704,-120.98686179,2019-06-11
MOLA3031,40.9070478,-121.00990892,2019-06-11
MOLA0901,41.26130817,-120.31674622,2018-08-06
MOLA0902,41.26325722,-120.31922074,2018-08-06
MOLA0903,41.29195173,-120.34133157,2018-08-06
MOLA0904,41.29064254,-120.34314013,2018-08-07
MOLA0905,41.2840558,-120.34925817,2018-08-07
MOLA3048,40.92415709,-120.85322301,2019-06-28
MOLA3052,40.93385474,-120.86904041,2019-06-28
MOLA3054,40.94423774,-120.86097014,2019-06-28
MOLA3056,40.89120167,-120.86444034,2019-06-29
MOLA3113,40.68922901,-120.48738446,2019-06-09
MOLA3106,40.66265197,-120.48503568,2019-06-09
MOLA3331,40.68467187,-120.59741502,2019-06-30
MOLA3333,40.68415738,-120.59854767,2019-06-30
MOLA3087,40.95243373,-120.7721369,2019-07-02
MOLA3089,40.96042822,-120.85161217,2019-07-02
MOLA3080,40.92538885,-120.75258377,2019-07-02
MOLA3082,40.93211486,-120.77307677,2019-07-02
MOLA3086,40.94910548,-120.77236464,2019-07-02
MOLA3088,40.95045078,-120.7729642,2019-07-02
MOLA3090,40.95626099,-120.84880674,2019-07-02
MOLA3011,40.66867764,-120.55577441,2019-06-09
MOLA3013,40.65992484,-120.55047772,2019-06-09
MOLA3015,40.64636598,-120.51565159,2019-06-09
MOLA3033,40.8463505,-120.98649961,2019-06-12
MOLA3016,40.89097718,-121.02141425,2019-06-10
MOLA3023,40.89103199,-120.99615263,2019-06-10
MOLA3034,40.85036342,-120.9887214,2019-06-12
MOLA3028,40.92903667,-121.02257791,2019-06-11
MOLA3030,40.91587063,-121.01855082,2019-06-11
MOLA3032,40.90620613,-121.00944028,2019-06-11
MOLA3042,40.8462,-120.97229238,2019-06-27
MOLA3044,40.88541452,-120.89658066,2019-06-27
MOLA3046,40.88487246,-120.88916075,2019-06-27
MOLA3058,40.88250478,-120.85275564,2019-06-29
MOLA3060,40.8921785,-120.83703798,2019-06-29
MOLA3062,40.89248888,-120.82975922,2019-06-29
MOLA3064,40.96791847,-120.92722916,2019-06-30
MOLA3066,40.97042268,-120.91384309,2019-06-30
MOLA3068,40.96721417,-120.90996923,2019-06-30
MOLA3070,40.97826198,-120.89427948,2019-06-30
MOLA3074,40.70711562,-120.55273529,2019-07-01
MOLA3078,40.70408271,-120.5468341,2019-07-01
MOLA3041,40.92182129,-120.71593383,2019-06-26
MOLA3040,40.92223016,-120.71748087,2019-06-26
MOLA3043,40.84670153,-120.96146715,2019-06-27
MOLA3045,40.85020869,-120.96609865,2019-06-27
MOLA3047,40.88258705,-120.8992539,2019-06-27
MOLA3049,40.88641058,-120.90083842,2019-06-27
MOLA3051,40.91853141,-120.8544989,2019-06-28
MOLA3129,40.76117596,-120.57036729,2019-06-11
MOLA3131,40.63947178,-120.51992192,2019-06-12
MOLA3119,40.74925568,-120.59927446,2019-06-10
MOLA3121,40.74279835,-120.60274021,2019-06-10
MOLA3110,40.68107401,-120.49867983,2019-06-09
MOLA3112,40.68756546,-120.49237546,2019-06-09
MOLA3105,40.69439092,-120.50170988,2019-06-08
MOLA3107,40.6673416,-120.48321673,2019-06-09
MOLA3109,40.68071036,-120.48617311,2019-06-09
MOLA3332,40.68262656,-120.59934018,2019-07-01
MOLA3336,40.69001981,-120.60760691,2019-07-01
MOLA3339,40.68356097,-120.60104372,2019-07-01
MOLA3334,40.68156528,-120.60140766,2019-07-01
MOLA3341,40.68678042,-120.60826665,2019-07-01
MOLA3338,40.68395496,-120.62435463,2019-07-01
MOLA3343,40.69104865,-120.61775505,2019-07-01
MOLA3347,40.67824467,-120.59454163,2019-07-02
MOLA3349,40.70276496,-120.58237303,2019-07-02
MOLA3351,40.72195834,-120.61835787,2019-07-02
MOLA3342,40.67940795,-120.59373244,2019-07-02
MOLA3344,40.68233453,-120.59130462,2019-07-02
MOLA3346,40.68419464,-120.58337148,2019-07-02
MOLA3350,40.71326559,-120.58942472,2019-07-02
MOLA3348,40.69577426,-120.58622328,2019-07-02
MOLA3108,40.67786722,-120.48973835,2019-06-09
MOLA3111,40.6811414,-120.49100578,2019-06-09
MOLA3114,40.69340945,-120.48590421,2019-06-09
MOLA3115,40.77611725,-120.60463895,2019-06-10
MOLA3117,40.76923663,-120.59516883,2019-06-10
MOLA3123,40.810934,-120.60136347,2019-06-11
MOLA3125,40.79352311,-120.60641156,2019-06-11
MOLA3127,40.77258855,-120.59707379,2019-06-11
MOLA3116,40.78087968,-120.60528184,2019-06-10
MOLA3118,40.77188732,-120.60287708,2019-06-10
MOLA3120,40.74888663,-120.59172438,2019-06-10
MOLA3122,40.74572791,-120.60914121,2019-06-11
MOLA3128,40.76126778,-120.57307095,2019-06-11
MOLA3130,40.63188067,-120.50216981,2019-06-12
MOLA3305,40.77072756,-120.54724271,2019-06-27
MOLA3307,40.77368524,-120.56013298,2019-06-27
MOLA3309,40.77287005,-120.55992117,2019-06-27
MOLA3311,40.77789345,-120.56080915,2019-06-27
MOLA3313,40.75157922,-120.54667467,2019-06-28
MOLA3315,40.75772806,-120.5411401,2019-06-28
MOLA3317,40.75826991,-120.54465857,2019-06-28
MOLA3312,40.75675378,-120.55213956,2019-06-28
MOLA3324,40.68927005,-120.59749013,2019-06-30
MOLA3326,40.68525453,-120.59801693,2019-06-30
MOLA3325,40.66141112,-120.61407029,2019-06-29
MOLA3327,40.67306385,-120.61237027,2019-06-29
MOLA3320,40.64237335,-120.6130461,2019-06-29
MOLA3322,40.68826137,-120.59701261,2019-06-30
MOLA3329,40.69051824,-120.59636628,2019-06-30
MOLA3000,40.60017818,-120.52652374,2019-06-08
MOLA3002,40.60661481,-120.53845962,2019-06-08
MOLA3006,40.64690087,-120.54346836,2019-06-08
MOLA3073,40.975727,-120.8885186,2019-06-30
MOLA3075,40.95554439,-120.95204395,2019-06-30
U1806251723,39.39284421,-123.76654308,2018-06-25
U1806261122,38.8423889,-123.57150232,2018-06-26
U1806261148,38.84353902,-123.57319999,2018-06-26
U1806261233,38.84470121,-123.57396384,2018-06-26
X1806251527,39.42526059,-123.78017372,2018-06-25
X1806261057,38.91817539,-123.64210919,2018-06-26
Y1805241412,39.39832267,-123.77114323,2018-05-24
E1805241110,39.33488419,-123.7572748,2018-05-24
B_V1803301012,39.34530194,-123.79765461,2018-03-30
E1804271246,39.44269675,-123.77076872,2018-04-27
PYGM0401,39.42483295,-123.76102527,2018-03-29
PYGM0402,39.42724019,-123.76456503,2018-03-29
A1803281302,39.2813038,-123.76001644,2018-03-28
E1803291355,39.42623817,-123.75557234,2018-03-29
E1803301257,39.26309152,-123.74661344,2018-03-30
A1803300926,39.28532728,-123.72557931,2018-03-30
A1803301110,39.28427502,-123.74646735,2018-03-30
E1804271215,39.44465892,-123.77692913,2018-04-27
E1805011238,39.3125823,-123.76197151,2018-05-01
E1805041224,39.34685573,-123.78208229,2018-05-04
E1805041339,39.34699022,-123.78394039,2018-05-04
G1803281051,39.32365722,-123.7497341,2018-03-28
E1803290949,39.41647929,-123.75757989,2018-03-29
PYGM0406,39.42649048,-123.76062833,2018-03-29
E1804091231,39.30918046,-123.76233621,2018-04-09
R6051,35.61542926,-118.256,2020-06-20
R6052,35.61273913,-118.258,2020-06-20
X1806261122,38.91191708,-123.63747249,2018-06-26
X1806261315,38.9033522,-123.63095305,2018-06-26
X1806261333,38.89174699,-123.62113868,2018-06-26
X1806261352,38.89178333,-123.62081179,2018-06-26
X1806261429,38.89043824,-123.61813654,2018-06-26
X1806271035,39.15274255,-123.69797001,2018-06-27
X1806271116,39.15129286,-123.696385,2018-06-27
X1806271154,39.16388915,-123.71308275,2018-06-27
X1806271216,39.16586237,-123.7139082,2018-06-27
X1806271600,39.22416513,-123.71810928,2018-06-27
X1806280954,39.23058835,-123.73214092,2018-06-28
T1806251455,38.79853487,-123.53237544,2018-06-25
T1806251528,38.79651776,-123.53125696,2018-06-25
BT1806251613,38.82929335,-123.56019447,2018-06-25
T1806251638,38.83055265,-123.5657634,2018-06-25
A1803301130,39.28459888,-123.74834012,2018-03-30
A1803301232,39.28767501,-123.75893819,2018-03-30
V1803281127,38.85882694,-123.60952933,2018-03-28
E1805291340,39.25824498,-123.72420116,2018-05-29
E1805291434,39.26380557,-123.71804977,2018-05-29
T1806271640,39.22759335,-123.74312545,2018-06-27
X1806271728,39.23104297,-123.74782285,2018-06-27
E1803300943,39.26722409,-123.73272245,2018-03-30
E1803301022,39.26685374,-123.73325923,2018-03-30
A1803280922,39.27981547,-123.76578864,2018-03-28
A1803281017,39.28042412,-123.76555394,2018-03-28
A1803281126,39.28025959,-123.76143181,2018-03-28
E1805011343,39.31017334,-123.77608052,2018-05-01
E1805011443,39.28699147,-123.75452093,2018-05-01
E1805011501,39.28650989,-123.75304814,2018-05-01
E1805041109,39.3601206,-123.78504646,2018-05-04
ERSK0025,35.63214772,-118.28629891,2019-05-06
J8004,35.61767071,-118.42604636,2020-08-29
G1803291432,39.37701497,-123.78500819,2018-03-29
G1803291510,39.37631473,-123.78558207,2018-03-29
G1803300853,39.36684397,-123.79921774,2018-03-30
B_G1803300932,39.36534076,-123.79920484,2018-03-30
G1803301014,39.36692045,-123.79592326,2018-03-30
X1806281530,39.39221124,-123.80111858,2018-06-28
E1805241148,39.33509345,-123.75903726,2018-05-24
E1805241303,39.33531821,-123.79175995,2018-05-24
E1805241335,39.3355923,-123.79396842,2018-05-24
Y1803281511,38.87208548,-123.59979007,2018-03-28
Y1803281631,38.88547054,-123.61349531,2018-03-28
E1803281414,39.25522171,-123.73947031,2018-03-28
E1803281516,39.25063157,-123.73898986,2018-03-28
E1803291321,39.42758183,-123.76045069,2018-03-29
PYGM0405,39.4221025,-123.75471177,2018-03-29
PYGM0404,39.41807277,-123.7548447,2018-03-29
T1806281201,39.25422405,-123.74256021,2018-06-28
T1806281550,39.39199576,-123.78707086,2018-06-28
A1803290920,39.42422643,-123.7698929,2018-03-29
PYGM0403,39.42383232,-123.76897986,2018-03-29
G1803301044,39.36055704,-123.79697735,2018-03-30
G1803301130,39.35967577,-123.78750119,2018-03-30
A1803281402,39.28162873,-123.75913366,2018-03-28
A1803281528,39.28523085,-123.76597714,2018-03-28
A1803281612,39.29356058,-123.77332681,2018-03-28
PYGM0400,39.42089186,-123.76448548,2018-03-29
A1803291318,39.42389111,-123.76235992,2018-03-29
Y1803281109,38.80870501,-123.53941875,2018-03-28
Y1803281407,38.87045767,-123.59071247,2018-03-28
E1804251206,39.35792152,-123.76885187,2018-04-25
E1804251505,39.36058969,-123.79655943,2018-04-25
E1804091528,39.31124346,-123.76363515,2018-04-09
E1804131142,39.28607625,-123.75780244,2018-04-13
E1804131250,39.29017529,-123.76560499,2018-04-13
E1805111031,39.4157828,-123.76216328,2018-05-11
E1805141246,39.41698267,-123.75449057,2018-05-14
E1805141351,39.41452073,-123.75262333,2018-05-14
E1805141431,39.4148711,-123.75144182,2018-05-14
Y1805151527,39.34869858,-123.78353336,2018-05-15
E1805151247,39.33183519,-123.77189183,2018-05-15
E1805151419,39.33478215,-123.77372939,2018-05-15
E1805151447,39.33506068,-123.77339747,2018-05-15
Y1805241035,39.38965037,-123.77631411,2018-05-24
Y1805241130,39.38978522,-123.77729845,2018-05-24
Y1805241331,39.39289861,-123.78260104,2018-05-24
G1803291139,39.36732031,-123.76797622,2018-03-29
G1803291242,39.36815163,-123.77226901,2018-03-29
V1803281324,38.85745428,-123.60622754,2018-03-28
V1803291031,39.01497018,-123.64353704,2018-03-29
U1806291053,39.0163998,-123.61502457,2018-06-29
U1806291211,39.0168134,-123.62041539,2018-06-29
U1806291250,39.01621351,-123.63949461,2018-06-29
U1806291317,39.01718904,-123.63926813,2018-06-29
U1806291350,39.01770394,-123.63941432,2018-06-29
U1806291440,39.01888793,-123.64138817,2018-06-29
U1806291503,39.01634301,-123.64025116,2018-06-29
E1803301329,39.26262188,-123.74701569,2018-03-30
G1803300932,39.36534554,-123.79892989,2018-03-30
T1806291118,39.28827534,-123.77346693,2018-06-29
T1806291216,39.2916995,-123.77657757,2018-06-29
T1806251613,38.82909823,-123.56065685,2018-06-25
BT1806251656,38.82974654,-123.56076562,2018-06-25
T1806251223,38.57253932,-123.30965287,2018-06-25
V1803291129,39.01857444,-123.64363552,2018-03-29
V1803291300,39.02049835,-123.64330988,2018-03-29
V1803291352,39.01201439,-123.61603937,2018-03-29
V1803291453,39.01435826,-123.62374955,2018-03-29
V1803300919,39.34618275,-123.79691222,2018-03-30
V1803301012,39.34532986,-123.79793322,2018-03-30
V1803301034,39.34515106,-123.79701297,2018-03-30
G1803271414,39.31516329,-123.7418754,2018-03-27
G1803271606,39.3147349,-123.74344072,2018-03-27
G1803280916,39.32378408,-123.75322558,2018-03-28
U1806270954,39.41106798,-123.74847605,2018-06-27
U1806271056,39.41263623,-123.74800105,2018-06-27
U1806271301,39.42163521,-123.77207504,2018-06-27
U1806281059,39.28302842,-123.74689583,2018-06-28
U1806281145,39.34156566,-123.76901281,2018-06-28
U1806281438,39.40110697,-123.80077057,2018-06-28
G1803281201,39.321742,-123.74810642,2018-03-28
G1803281247,39.32152491,-123.74715206,2018-03-28
G1803281422,39.31040019,-123.74374339,2018-03-28
G1803281516,39.31247467,-123.74826057,2018-03-28
G1803281546,39.31152861,-123.7478465,2018-03-28
G1803291044,39.36599195,-123.76729686,2018-03-29
RO1803291138,39.36694053,-123.76732268,2018-03-29
RO1803291441,39.37323777,-123.79199925,2018-03-29
RO1803291551,39.37377271,-123.79297853,2018-03-29
T1806261313,38.82975093,-123.60236033,2018-06-26
T1806271131,38.85550631,-123.58696286,2018-06-27
E1805111406,39.41751555,-123.76634132,2018-05-11
E1805291205,39.37666035,-123.79579491,2018-05-29
T1806281601,39.39206336,-123.79028272,2018-06-28
T1806281423,39.39208611,-123.7933375,2018-06-28
T1806290945,39.29200502,-123.77983469,2018-06-29
T1806291037,39.28718157,-123.77857104,2018-06-29
Y1803291031,39.21540013,-123.69559642,2018-03-29
Y1803291103,39.21432209,-123.69372063,2018-03-29
Y1803291147,39.21108248,-123.69816933,2018-03-29
Y1803291400,39.2135647,-123.71188103,2018-03-29
X1806281130,39.22707557,-123.72717289,2018-06-28
X1806281304,39.22725046,-123.72244189,2018-06-28
E1806211406,39.44175199,-123.77118664,2018-06-21
U1806251442,39.44124689,-123.78396728,2018-06-25
U1806251602,39.39446112,-123.77573467,2018-06-25
U1806251723_P1,39.39356129,-123.76889135,2018-06-25
X1806281425,39.25163551,-123.75477843,2018-06-28
X1806281611,39.39879654,-123.80115354,2018-06-28
X1806291131,38.84552507,-123.58183226,2018-06-29
X1806291258,38.85544099,-123.60386476,2018-06-29
Y1803291438,39.21415047,-123.71136831,2018-03-29
Y1803291537,39.21708682,-123.71564006,2018-03-29
Y1803300953,39.44470288,-123.7769311,2018-03-30
Y1803301046,39.44261205,-123.77066059,2018-03-30
Y1803301122,39.44364931,-123.7698877,2018-03-30
E1803281001,39.25311051,-123.75173174,2018-03-28
E1803281122,39.25418353,-123.74817173,2018-03-28
E1803301101,39.26677067,-123.73417252,2018-03-30
E1803301132,39.26365944,-123.7363462,2018-03-30
E1803281234,39.25781025,-123.7445799,2018-03-28
PYGM0407,39.41974515,-123.75310822,2018-03-29
E1805111211,39.41658842,-123.76387469,2018-05-11
E1805141553,39.41799772,-123.76879759,2018-05-14
Y1805151307,39.28494071,-123.76468206,2018-05-15
E1805291459,39.26363421,-123.71269298,2018-05-29
Y1806191109,38.57882288,-123.30411285,2018-06-19
Y1806191207,38.5783711,-123.30526633,2018-06-19
Y1806191312,38.5785555,-123.30586807,2018-06-19
Y1806191348,38.57939432,-123.30687222,2018-06-19
Y1806191447,38.57710665,-123.31307256,2018-06-19
Y1806191550,38.57456779,-123.31257751,2018-06-19
Y1806191635,38.57213602,-123.31514289,2018-06-19
R6018,35.6416449,-118.4545473,2020-06-15
R6021,35.599,-118.41141426,2020-06-16
J8007,35.84251638,-118.04352816,2020-08-30
R6050,35.57895945,-118.247,2020-06-20
T1806251656,38.82974134,-123.56094648,2018-06-25
T1806261252,38.83301705,-123.58884088,2018-06-26
T1806261438,38.8233443,-123.58648003,2018-06-26
T1806261619,38.82492613,-123.57618152,2018-06-26
T1806271310,38.87110788,-123.62614599,2018-06-27
T1806271427,38.88182684,-123.61063784,2018-06-27
T1806271615,39.22681754,-123.73335035,2018-06-27
T1806280939,39.31190483,-123.78369531,2018-06-28
T1806281114,39.24995708,-123.74109832,2018-06-28
T1806261117,38.83524534,-123.57920453,2018-06-26
T1806261221,38.8355001,-123.57932602,2018-06-26
J8005,35.6182451,-118.42626635,2020-08-29
J8006,35.61648115,-118.42447949,2020-08-29
J8008,35.84232882,-118.04228555,2020-08-30
M8001,35.61974929,-118.42181021,2020-08-29
M8002,35.60966373,-118.43751841,2020-08-29
ERSK0030,35.61444607,-118.27737948,2019-05-07
ERSK0712,35.51211319,-118.25115771,2020-06-18
ERSK0713,35.51350831,-118.25051599,2020-06-18
ERSK0004,35.61656824,-118.33466996,2019-05-02
C050220191144,35.62200856,-118.33921638,2019-05-02
ERSK0006,35.61805276,-118.3246514,2019-05-02
D06281511,35.50679825,-118.26154104,2018-06-28
ERSK0001,35.65143545,-118.4331828,2018-05-21
I05141210A,35.65372484,-118.45152441,2018-05-21
R6055,35.6301869,-118.278,2020-06-20
R6056,35.63164425,-118.28,2020-06-20
R6058,35.6246867,-118.282,2020-06-20
R6061,35.62062609,-118.291,2020-06-20
ERSK0711,35.51659018,-118.24663104,2020-06-18
R6014,35.625,-118.45823371,2020-06-15
ERSK0706,35.50446143,-118.23634689,2020-06-17
ERSK0716,35.51205862,-118.23887051,2020-06-17
B_R6046,35.86646915,-118.01733011,2020-06-19
R6047,35.86131554,-118.01812614,2020-06-19
R6048,35.85555726,-118.02631995,2020-06-19
R6049,35.85322445,-118.0255919,2020-06-19
B_R6050,35.58129062,-118.24814348,2020-06-20
MEND0001,39.457,-123.80963,2019-05-24
MEND0002,39.4580093,-123.80943295,2019-06-07
CHIMBS97,35.86409854,-118.02138685,2019-05-30
CHIM0007,35.86196744,-118.00743568,2019-05-30
CHIM0008,35.86244626,-118.01314954,2019-05-30
CHIM0009,35.84582046,-118.0391507,2019-05-31
S05101530,35.63041854,-118.44540329,2018-05-10
D06201815,35.85972989,-118.02523884,2018-06-20
R6012,35.62395607,-118.45922565,2020-06-15
B_R6013,35.62438497,-118.45815136,2020-06-15
B_R6014,35.62434415,-118.45806997,2020-06-15
R6015,35.62433074,-118.46451171,2020-06-15
R6016,35.62419788,-118.46557603,2020-06-15
R6017,35.63932458,-118.45885879,2020-06-15
M8010,35.85147494,-118.03030128,2020-08-30
M8011,35.85600626,-118.02650591,2020-08-30
M8012,35.86705705,-118.02679241,2020-08-30
ERSK0021,35.57609823,-118.25559793,2019-05-05
ERSK0022,35.54690808,-118.21076422,2019-05-05
ERSK0024,35.54246957,-118.22973121,2019-05-06
ERSK0029,35.63016742,-118.28187721,2019-05-07
CHIM0003,35.86562652,-118.01392553,2019-05-29
CHIM0004,35.86466725,-118.02532299,2019-05-29
ERSK0702,35.49916927,-118.24945451,2020-06-16
ERSK0703,35.49381365,-118.25313072,2020-06-17
ERSK0704,35.49378385,-118.25611258,2020-06-17
ERSK0705,35.49578139,-118.26433531,2020-06-17
MEND0003,39.4564,-123.81012,2019-06-07
MEND0003B,39.45635586,-123.81010474,2021-04-30
MEND0019,39.30758489,-123.80969731,2020-06-11
MEND0020,39.3038596,-123.80895851,2020-06-11
MEND0021,39.48783074,-123.80210898,2020-06-25
MEND0022,39.48568586,-123.80216573,2020-06-25
MEND0023,39.46549595,-123.8070139,2020-07-02
MEND0024,39.46438622,-123.80722195,2020-07-02
MEND0004,39.454,-123.811581,2019-06-18
MEND0166,39.28449188,-123.80036421,2020-07-22
MEND0167,39.28381062,-123.79984629,2020-07-22
MEND0168,39.28282694,-123.80137717,2020-07-23
MEND0172,39.28061101,-123.8025809,2020-07-23
MEND0105,38.99432557,-123.70014566,2020-05-15
MEND0106,38.99744015,-123.69919478,2020-05-15
M8007,35.61292528,-118.42326822,2020-08-29
F0529191718,35.85679463,-118.02643729,2019-05-29
B_R6002,35.61663527,-118.46237701,2020-06-14
MEND0009,39.38508,-123.81743,2019-07-31
MEND0010,39.38533,-123.81963,2019-07-31
ERSK0700,35.50598685,-118.24334083,2020-06-16
R6045,35.86633659,-118.01716641,2020-06-19
ERSK0031,35.60987365,-118.2488712,2019-05-07
ERSK0017,35.61569874,-118.2516343,2019-05-05
ERSK0019,35.57822531,-118.25090356,2019-05-05
ERSK0032,35.62020381,-118.46506387,2019-05-07
ERSKGP93,35.61742588,-118.46202065,2019-05-07
ERSKBO89,35.61181925,-118.38035916,2019-05-04
R6034,35.848,-118.04248648,2020-06-18
ERSK0026,35.54134849,-118.22504053,2019-05-06
ERSK0028,35.54245914,-118.2610398,2019-05-06
ERSK0027,35.63960087,-118.28855834,2019-05-07
R6043,35.85395941,-118.034,2020-06-19
CHIMSG76,35.85522026,-118.03719384,2018-06-19
F0529191055,35.86210084,-118.01296899,2019-05-29
CHIMPJ98,35.84514546,-118.04434346,2019-05-29
ERSKSG61,35.50908531,-118.23920984,2018-05-23
ERSKSG62,35.49439973,-118.22493892,2018-06-29
ERSKSG63,35.50868459,-118.26220501,2018-06-27
ERSKVO72,35.62462341,-118.45604988,2018-04-12
R6022,35.599,-118.40767656,2020-06-16
R6023,35.598,-118.41755679,2020-06-16
R6028,35.589,-118.41000208,2020-06-16
R6029,35.832,-118.05079128,2020-06-18
MEND0011,39.45622997,-123.81006841,2020-03-12
ERSKDS82,35.54097898,-118.23544633,2019-05-05
ERSKBB96,35.565496,-118.23783048,2019-05-06
ERSKJT85,35.62966299,-118.36533515,2019-04-23
ERSKBO91,35.62943752,-118.42805668,2019-04-24
ERSKGP92,35.61942714,-118.37744507,2019-05-02
ERSKGP95,35.62682563,-118.35081476,2019-05-03
ERSKAG01,35.63836064,-118.44201915,2018-05-10
ERSK0002,35.62775556,-118.4622447,2019-05-01
B_R6051,35.61715581,-118.2539513,2020-06-20
R6005,35.613,-118.45479384,2020-06-14
R6006,35.61040284,-118.45683194,2020-06-14
R6002,35.617,-118.46363358,2020-06-14
M8003,35.61043995,-118.43441897,2020-08-29
M8004,35.62015161,-118.43879923,2020-08-29
M8005,35.60756463,-118.43133168,2020-08-29
M8006,35.60474016,-118.42851047,2020-08-29
ERSK0007,35.61652088,-118.31287902,2019-05-02
ERSK0008,35.62391393,-118.34978906,2019-05-02
ERSK0010,35.62013025,-118.42083114,2019-05-03
ERSK0011,35.61477095,-118.4230013,2019-05-03
ERSK0014,35.60757957,-118.43160046,2019-05-03
ERSK0023,35.56642803,-118.23364179,2019-05-06
A1905061541,35.56551218,-118.23613702,2019-05-06
A1905061701,35.63701489,-118.28389641,2019-05-06
ERSK0710,35.51933633,-118.24009653,2020-06-15
R6008,35.61910311,-118.45778138,2020-06-14
ERSK6009,35.62062384,-118.45922173,2020-06-14
MEND0014,39.31143563,-123.8066447,2020-05-26
MEND0015,39.31015421,-123.80821905,2020-06-02
MEND0012,39.46130626,-123.80958093,2020-05-14
MEND0013,39.46127321,-123.80915045,2020-05-14
CHIM0005,35.86339538,-118.02850284,2019-05-29
F0529191554,35.8632733,-118.02731554,2019-05-29
CHIM0006,35.85820438,-118.03062052,2019-05-29
ERSK0701,35.50610441,-118.24441036,2020-06-16
S05091530,35.59952714,-118.41771066,2018-05-09
S05101100,35.62473219,-118.44035825,2018-05-10
S05091500,35.62260789,-118.42382887,2018-05-09
S05101700,35.60703937,-118.43114481,2018-05-10
S05101500,35.63835194,-118.44206384,2018-05-10
B_S05101530,35.63832984,-118.44202643,2018-05-10
M8013,35.86800476,-118.02877623,2020-08-30
M8014,35.86533456,-118.0257955,2020-08-30
M8014_BYTRUCK,35.86016083,-118.02247269,2020-08-30
R6013,35.627,-118.4588479,2020-06-15
DKY1701,40.69553745,-124.25335605,2017-06-27
ERSKAG03,35.65396514,-118.43610272,2018-05-10
ERSKBO20,35.62702949,-118.46134972,2018-04-12
ERSKBO73,35.62217835,-118.42453638,2018-05-08
ERSKDS21,35.53028915,-118.21992537,2018-05-22
M8015,35.84837822,-118.03500074,2020-08-30
R6036,35.848,-118.03875522,2020-06-18
B_R6018,35.64014328,-118.45816552,2020-06-15
R6020,35.59909304,-118.41289948,2020-06-16
B_R6021,35.59876648,-118.4117173,2020-06-16
B_R6022,35.59881752,-118.41174982,2020-06-16
R6037,35.84277236,-118.03865489,2020-06-18
R6039,35.84732976,-118.038,2020-06-18
I05141020A,35.65331195,-118.45115595,2018-05-21
I05141320A,35.65245326,-118.45173019,2018-05-21
CHIMMH75,35.85479838,-118.04426497,2018-06-19
CHIMPJ74,35.86273249,-118.01583818,2018-06-20
ERSK0050,35.6551773,-118.44073037,2019-05-31
ERSK0033,35.54872029,-118.21161146,2019-05-30
ERSK0034,35.54620463,-118.21151054,2019-05-30
ERSK0035,35.56602663,-118.24230195,2019-05-30
ERSK0036,35.56944631,-118.24136915,2019-05-30
F0530191641,35.56904457,-118.24074139,2019-05-30
ERSK0037,35.57155172,-118.23585042,2019-05-30
CHIM0001,35.85292546,-118.03042791,2019-05-28
CHIM0002,35.85719529,-118.0127141,2019-05-29
ERSKDS26,35.62508587,-118.27530644,2018-04-11
ERSKJU32,35.49988821,-118.24366611,2018-06-21
ERSKJU34,35.51340705,-118.23451251,2018-05-22
ERSKJU35,35.49965284,-118.24025566,2018-06-29
ERSKJU36,35.50483111,-118.25130615,2018-07-01
ERSKMC45,35.62025915,-118.33388358,2018-05-24
ERSKMH55,35.50727022,-118.26123461,2018-06-28
ERSKMH58,35.5100138,-118.25405503,2018-06-28
ERSKMH59,35.50216004,-118.25846445,2018-06-30
ERSK0003,35.61896228,-118.33945527,2019-05-02
ERSK0005,35.62181154,-118.33990998,2019-05-02
ERSK0009,35.61908164,-118.42026411,2019-05-03
ERSK0012,35.61755399,-118.42772819,2019-05-03
ERSK0013,35.61445818,-118.43584162,2019-05-03
ERSK0015,35.60121959,-118.41100772,2019-05-04
ERSK0016,35.59628169,-118.41367534,2019-05-04
ERSK0018,35.61423568,-118.25315729,2019-05-05
ERSK0020,35.57727568,-118.25303852,2019-05-05
B_R6052,35.61616214,-118.2592184,2020-06-20
R6053,35.62360544,-118.27259072,2020-06-20
ERSK0707,35.50789214,-118.23610155,2020-06-17
ERSK0708,35.51252867,-118.24368038,2020-06-17
R6054,35.62653412,-118.27714352,2020-06-20
R6011,35.61894792,-118.46370076,2020-06-15
B_R6023,35.59518673,-118.41401487,2020-06-16
R6024,35.59245231,-118.41508037,2020-06-16
R6025,35.59090656,-118.41393163,2020-06-16
R6026,35.58950355,-118.41192325,2020-06-16
R6027,35.58803314,-118.41185556,2020-06-16
B_R6028,35.58836567,-118.41051517,2020-06-16
B_R6029,35.83009954,-118.04623007,2020-06-18
R6030,35.84408738,-118.04397425,2020-06-18
R6031,35.84430355,-118.04454128,2020-06-18
R6032,35.84486141,-118.04426988,2020-06-18
R6033,35.84746265,-118.04330529,2020-06-18
B_R6034,35.84743872,-118.04317989,2020-06-18
R6035,35.84736337,-118.04234879,2020-06-18
B_R6036,35.84763146,-118.04341098,2020-06-18
B_R6037,35.84316023,-118.04173163,2020-06-18
R6038,35.84478191,-118.04007214,2020-06-18
B_R6039,35.84481103,-118.04010315,2020-06-18
R6040,35.84734065,-118.03582419,2020-06-19
R6041,35.84977207,-118.0331766,2020-06-19
R6042,35.85056118,-118.03183845,2020-06-19
B_R6043,35.85054565,-118.03188126,2020-06-19
R6044,35.85155557,-118.02884433,2020-06-19
B_R6055,35.62653009,-118.27717093,2020-06-20
B_R6056,35.62570443,-118.27954217,2020-06-20
R6057,35.62358922,-118.28026745,2020-06-20
B_R6058,35.62365837,-118.28222094,2020-06-20
R6059,35.62251282,-118.28554353,2020-06-20
ERSK6060,35.62155313,-118.28995241,2020-06-20
B_R6061,35.6212347,-118.29000731,2020-06-20
R6001,35.61807444,-118.46364266,2020-06-14
ERSK6004,35.61745158,-118.46076852,2020-06-14
B_R6005,35.6181394,-118.45825814,2020-06-14
B_R6006,35.61803044,-118.45825907,2020-06-14
ERSK0709,35.52012469,-118.23905315,2020-06-18
R6010,35.61989725,-118.46430485,2020-06-15
ERSK0714,35.5161757,-118.25413462,2020-06-18
ERSK0715,35.52070942,-118.25080723,2020-06-19
M8009,35.8499924,-118.03286231,2020-08-30
M8016,35.64957697,-118.45019564,2020-08-31
M8016_POST0089,35.64754479,-118.45647681,2020-08-31
M8018,35.65592525,-118.44783601,2020-08-31
M8019,35.654683,-118.44542759,2020-08-31
M8020,35.65495327,-118.44469236,2020-08-31
M8021,35.65256422,-118.44167796,2020-08-31
M8022,35.65462495,-118.43973771,2020-09-01
M8023,35.65571395,-118.44215434,2020-09-01
M8017,35.64642631,-118.45652278,2020-08-31
M8024,35.6501829,-118.45228318,2020-09-01
J8002,35.61331085,-118.43029688,2020-08-29
J8003,35.61449553,-118.42542691,2020-08-29
ERSK202006180849,35.52665598,-118.22966414,2020-06-18
ERSK202006181038,35.51753002,-118.24128051,2020-06-18
ERSK202006181618,35.51023267,-118.24947131,2020-06-18
MEND0005,39.455266,-123.810701,2019-06-18
MEND0006,39.45747,-123.80932,2019-06-28
MEND0007,39.45372,-123.81192,2019-07-26
MEND0008,39.375214,-123.819532,2019-07-31
MEND0169,39.28246262,-123.80194115,2020-07-23
MEND0170,39.28207685,-123.80300344,2020-07-23
MEND0171,39.28078476,-123.80221187,2020-07-23
SCHA0008,39.232576,-123.775048,2019-07-10
SCHA0009,39.2327,-123.77549,2019-07-12
MEND0152,39.48573332,-123.80181744,2020-07-16
MEND0153,39.19812474,-123.76802306,2020-07-20
MEND0154,39.19738521,-123.76811924,2020-07-20
MEND0146,38.58738294,-123.34171699,2020-07-03
MEND0147,38.58738441,-123.34121178,2020-07-03
MEND0148,38.86238189,-123.65347201,2020-07-15
MEND0149,38.86176998,-123.65331657,2020-07-15
MEND0150,38.85935716,-123.65291415,2020-07-15
MEND0151,39.46007665,-123.80759062,2020-07-16
MEND0016,39.30966636,-123.8096981,2020-06-02
MEND0017,39.32769045,-123.81060204,2020-06-11
MEND0018,39.3288979,-123.81189222,2020-06-11
MEND0025,39.46212926,-123.80784683,2020-07-09
MEND0029,39.4552984,-123.81056903,2020-03-11
MEND0030,39.45651861,-123.81002527,2021-04-22
MEND0031,39.45569491,-123.81056201,2021-03-22
MEND0037,39.35282251,-123.82451791,2021-06-03
MEND0038,39.35335869,-123.82387427,2021-06-10
MEND0039,39.39116044,-123.81844279,2021-08-01
MEND0040,39.32573235,-123.73644511,2021-07-15
MEND0041,39.34915018,-123.71491892,2021-09-03
MEND0100,39.45696284,-123.80963522,2020-03-11
MEND0102,39.4553488,-123.80980249,2020-03-12
SFANF02,38.12822392,-122.91878531,2017-08-18
MTBP007,38.13542311,-122.60594869,2017-06-02
MEND0123,38.58055269,-123.33833219,2020-06-12
MEND0124,38.58123912,-123.33780728,2020-06-12
MEND0125,38.57306411,-123.33820523,2020-06-12
MEND0126,38.57294546,-123.33872126,2020-06-12
MEND0127,38.57115267,-123.33538381,2020-06-13
MEND0128,38.5680288,-123.33423287,2020-06-13
MEND0129,38.57217848,-123.33592812,2020-06-13
MEND0130,38.57504145,-123.33691725,2020-06-13
MARIN109,38.11209721,-122.64267671,2018-07-26
MEND0103,38.98447717,-123.70598315,2020-05-14
MEND0104,38.98646167,-123.70415549,2020-05-14
MEND0160,39.19668675,-123.77018452,2020-07-21
MEND0112,38.85128054,-123.64848416,2020-05-16
MEND0113,38.85081976,-123.64869893,2020-05-16
MEND0114,38.85326448,-123.64985054,2020-05-16
MEND0115,38.85315385,-123.65029899,2020-05-16
MEND0116,38.8530047,-123.64957159,2020-05-16
MEND0117,38.85443039,-123.65085228,2020-05-16
MEND0131,39.19935395,-123.76882394,2020-06-15
MEND0132,39.19915794,-123.76848597,2020-06-15
MEND0133,38.83174501,-123.62509194,2020-06-16
SMAT0307,37.19400778,-122.27904334,2019-08-12
SFANT10B,38.20360602,-122.95226947,2017-07-07
MTBP005,38.13926031,-122.60530042,2017-06-02
MTBP010,38.1338111,-122.59833509,2017-07-05
SFANM03,38.06610395,-122.94234965,2017-09-06
MARIN103,38.22017539,-122.95058865,2018-07-25
SFANM02,38.07769154,-122.95669556,2017-09-05
MEND0026,39.4698483,-123.80697118,2020-07-09
MEND0027,39.45998712,-123.80750822,2020-07-16
MEND0028,39.46305431,-123.8069857,2020-07-16
MEND0101,39.45756355,-123.80877042,2020-03-12
MEND0161,39.19823203,-123.77223958,2020-07-21
MEND0162,39.28312483,-123.80129941,2020-07-22
MEND0107,38.99505966,-123.6994485,2020-05-15
MEND0109,38.99261097,-123.69905489,2020-05-15
MEND0110,38.98778193,-123.70189395,2020-05-15
MEND0111,38.83203509,-123.62477188,2020-06-04
MEND0118,38.98304958,-123.70063494,2020-05-17
MEND0120,38.86620833,-123.65408336,2020-06-06
MEND0121,38.83207052,-123.6248874,2020-06-06
MEND0122,38.57845912,-123.33929822,2020-06-12
MEND0134,38.85084904,-123.64829585,2020-06-16
MEND0135,38.85637999,-123.6519073,2020-06-16
MEND0141,38.59987152,-123.36040323,2020-07-01
MEND0142,38.60010572,-123.36043886,2020-07-01
MEND0143,38.60055677,-123.36029182,2020-07-01
MEND0144,39.19925209,-123.76787321,2020-07-02
MEND0145,38.59789876,-123.35122939,2020-07-03
MEND0032,39.38843491,-123.81649498,2021-04-08
MEND0033,39.40909234,-123.81831555,2021-05-06
MEND0034,39.39023577,-123.81795589,2021-05-13
MEND0035,39.40759859,-123.81546399,2021-05-20
MEND0036,39.48848138,-123.72498378,2021-05-27
MEND0136,38.5838058,-123.33840486,2020-06-16
MEND0137,38.58499067,-123.34002933,2020-06-30
MEND0138,38.5847835,-123.33999391,2020-06-30
MEND0139,38.59742817,-123.35783017,2020-07-01
MEND0140,38.59812535,-123.35970548,2020-07-01
SCHA0007,39.232137,-123.773955,2019-07-11
MEND0155,39.19671586,-123.76850568,2020-07-20
MEND0156,39.1960636,-123.76903127,2020-07-21
MEND0157,39.19579864,-123.76958423,2020-07-21
MEND0158,39.1959111,-123.77029185,2020-07-21
MEND0159,39.19592706,-123.77060469,2020-07-21
MEND0163,39.28664128,-123.80227869,2020-07-22
MEND0164,39.28583198,-123.80203755,2020-07-22
MEND0165,39.28533786,-123.80182321,2020-07-22
MEND0173,39.27988997,-123.80260746,2020-07-23
MEND0174,39.19880982,-123.76935072,2020-07-24
MEND0175,39.19853545,-123.76996151,2020-07-24
MEND0176,39.19774804,-123.77048562,2020-07-24
MEND0180,38.98204525,-123.70728671,2020-08-11
MEND0181,39.45379427,-123.81177199,2020-08-11
MEND0182,39.45333071,-123.81105761,2020-08-11
MEND0183,39.39771648,-123.81896072,2020-08-12
MEND0184,39.39774524,-123.81999466,2020-08-12
MEND0185,39.12672408,-123.71677187,2020-08-14
MEND0186,38.98782532,-123.70067048,2020-09-27
MEND0187,38.98959905,-123.7009189,2020-09-27
MEND0188,39.37416994,-123.81923119,2020-08-13
MEND0189,38.9895271,-123.70089509,2020-09-27
RTIM0001,39.0146201,-123.68933797,2019-05-04
RTIM0002,39.01443626,-123.68842369,2019-05-04
RTIM0003,39.01473307,-123.69004366,2019-05-04
SCHA0001,39.22825,-123.775667,2019-05-02
SCHA0002,39.231111,-123.771419,2019-07-10
SCHA0003,39.230878,-123.77214,2019-07-10
SCHA0004,39.23081,-123.772924,2019-07-10
SCHA0005,39.2313,-123.773789,2019-07-10
SCHA0006,39.231842,-123.773619,2019-07-10
MTBP008,38.13304605,-122.60128318,2017-05-10
MTBP009,38.13360498,-122.59867854,2017-07-05
SFANT03B,38.18931511,-122.93938643,2017-06-13
MARIN163,38.1509117,-122.57500705,2018-08-21
MARIN041,38.1512735,-122.56935822,2018-06-27
SFANT04B,38.20304917,-122.957261,2017-06-12
MTBP006,38.13608343,-122.60666402,2017-05-12
SFANT01B,38.19759565,-122.95486587,2017-07-06
MTBP001,38.14502296,-122.60636496,2017-06-26
MTBP002,38.14481762,-122.60694809,2017-06-26
MTBP003,38.14462763,-122.60673227,2017-06-26
SFANF01,38.14197385,-122.9437279,2017-08-14
SFANT07B,38.20276887,-122.95485125,2017-07-12
MARIN029,38.12640264,-122.53763139,2018-06-26
SFANT06B,38.1020736,-122.9417169,2017-06-15
MARIN078,38.02596024,-122.87919102,2018-07-18
MTBP004,38.14275013,-122.60587504,2017-06-26
SFANT02B,38.199424,-122.95183821,2017-07-06
MARIN065,38.11119608,-122.94493261,2018-07-12
MARIN154,38.11054123,-122.95824783,2018-08-17
MARIN052,38.1173896,-122.64640682,2018-07-02
MARIN070,38.11276253,-122.85052506,2018-07-16
SFANM12,38.21340789,-122.92725802,2017-09-13
MARIN100,38.21424159,-122.79167123,2018-07-25
SFANT09B,38.13378351,-122.94850383,2017-07-18
MARIN134,38.11939028,-122.95048116,2018-08-07
MARIN138,38.1196859,-122.95680916,2018-08-07
MARIN105,38.11319938,-122.65156988,2018-07-26
MARIN104,38.21748689,-122.95242282,2018-07-25
MARIN107,38.11125788,-122.65182804,2018-07-26
MARIN133,38.12269423,-122.93927333,2018-08-07
SFANF03,38.12070818,-122.93461735,2017-08-07
MARIN135,38.12073673,-122.9530215,2018-08-07
MARIN137,38.1208729,-122.954601,2018-08-07
MARIN136,38.12054773,-122.95436016,2018-08-07
MARIN150,38.11874407,-122.9439675,2018-08-17
MARIN129,38.09734373,-122.88580518,2018-08-02
MARIN152,38.11411423,-122.9580385,2018-08-17
MARIN153,38.1128129,-122.95741633,2018-08-17
MARIN049,38.11259717,-122.65157097,2018-07-02
MARIN110,38.11278921,-122.65126471,2018-07-26
MARIN030,38.11538383,-122.5089898,2018-06-26
SFANF04,38.10417512,-122.94493173,2017-08-16
MARIN050,38.11197431,-122.65096006,2018-07-02
MARIN051,38.1113288,-122.64700137,2018-07-02
MARIN071,38.10615392,-122.84082281,2018-07-16
MARIN106,38.10995571,-122.65247638,2018-07-26
MARIN108,38.10983621,-122.65081754,2018-07-26
SFANT08B,38.07667649,-122.96717436,2017-06-07
MARIN081,38.07667607,-122.97167183,2018-07-19
MARIN082,38.07655357,-122.97248133,2018-07-19
MARIN058,38.05983644,-122.81024754,2018-07-10
MARIN162,38.14871837,-122.57555105,2018-08-21
MARIN151,38.11479657,-122.95912067,2018-08-17
SFANT11B,38.08168631,-122.96285056,2017-06-28
MARIN127,38.11021506,-122.88798268,2018-08-02
MARIN066,38.10824969,-122.94580266,2018-07-12
MARIN147,38.07763324,-122.95636567,2018-08-13
MARIN072,38.08305412,-122.81760843,2018-07-16
MARIN114,38.08478072,-122.72245554,2018-07-30
MARIN079,38.05333857,-122.87362552,2018-07-18
MARIN067,38.10724086,-122.94596283,2018-07-12
MARIN161,38.04790671,-122.56521423,2018-08-21
SFANT05B,38.08708344,-122.9583207,2017-06-09
MARIN130,38.1024969,-122.89764401,2018-08-02
TAMG036M,38.00159558,-122.64055133,2018-05-30
TAMG031M,38.00138739,-122.64920876,2018-05-08
TAMG030M,38.00158366,-122.65156557,2018-05-08
MARIN120,37.94681323,-122.66504973,2018-07-31
MARIN143,37.98454722,-122.67671206,2018-08-09
TAMG026M,37.98255179,-122.60687007,2017-05-22
SFANF05,38.0935355,-122.95538611,2017-08-01
MARIN069,38.09311259,-122.95716115,2018-07-12
MARIN148,38.09551773,-122.87118451,2018-08-17
SFANF08,38.05473127,-122.97075185,2017-08-17
MARIN073,38.0439263,-122.79702961,2018-07-16
MARIN115,38.09572672,-122.7324392,2018-07-30
MARIN026,38.09997826,-122.54274868,2018-06-26
SFANF06,38.08506629,-122.94122867,2017-08-02
SFANM10,38.07719369,-122.8270229,2017-09-12
MARIN062,38.06541412,-122.81561482,2018-07-10
SFANT12B,38.02602106,-122.87073628,2017-06-29
SFANT13B,38.08110819,-122.95895122,2017-06-19
SFANF07,38.07836213,-122.94399332,2017-08-09
MARIN146,38.07787074,-122.9571625,2018-08-13
SFANM05,38.06964712,-122.91460907,2017-09-05
MARIN075,38.06635204,-122.58313306,2018-07-17
MARIN061,38.04950191,-122.80586841,2018-07-10
MARIN158,38.04553038,-122.5526274,2018-08-21
SFANM01,38.09260244,-122.92772004,2017-09-15
MARIN077,38.02736407,-122.88410969,2018-07-18
MARIN159,38.04694338,-122.5569434,2018-08-21
TAMG032M,38.00259773,-122.64707303,2018-05-08
MARIN064,38.06049906,-122.84958992,2018-07-11
MARIN059,38.06170167,-122.80993834,2018-07-09
MARIN060,38.06193663,-122.80990057,2018-07-09
MARIN112,38.06678871,-122.56936423,2018-07-30
MARIN054,38.04799787,-122.79434479,2018-07-09
MARIN055,38.04825741,-122.79317603,2018-07-09
MARIN128,38.07606273,-122.87173035,2018-08-02
MARIN132,38.0744194,-122.85444885,2018-08-06
SFANM11,38.07008998,-122.81992558,2017-09-13
MARIN116,38.07070855,-122.70573871,2018-07-30
MARIN063,38.06633183,-122.81656497,2018-07-10
SFANM04,38.06116978,-122.95326269,2017-09-06
MARIN113,38.07018354,-122.58356173,2018-07-30
MARIN111,38.06738604,-122.57001889,2018-07-26
MARIN131,38.06125206,-122.85576035,2018-08-06
MARIN076,38.06428262,-122.58746804,2018-07-17
MARIN015,38.02365488,-122.51681587,2018-06-25
MARIN085,38.04733407,-122.97455567,2018-07-19
MARIN084,38.04700574,-122.97381817,2018-07-19
MARIN086,38.04708374,-122.9753545,2018-07-19
MARIN057,38.05087677,-122.79404952,2018-07-09
MARIN056,38.04766778,-122.79269484,2018-07-09
MARIN074,38.04738907,-122.79262067,2018-07-16
SFANM06,38.04353961,-122.93247509,2017-09-14
MARIN165,38.00371589,-122.70494438,2018-08-23
MARIN017,38.01901657,-122.51450431,2018-06-25
MARIN024,38.00742875,-122.48405608,2018-06-26
TAMG029M,38.02212006,-122.66575547,2018-05-04
MARIN020,38.0061709,-122.4959524,2018-06-25
MARIN140,38.00191283,-122.65558134,2018-08-07
MARIN141,38.00177643,-122.65570361,2018-08-07
SFANT14B,38.00928305,-122.99637757,2017-07-13
MARIN166,38.00379956,-122.70708122,2018-08-23
MARIN139,38.00344693,-122.69355961,2018-08-08
SFANB09B,37.84835502,-122.52993962,2017-04-25
MARIN167,38.00766806,-122.69407188,2018-08-23
SFANM08,37.90379685,-122.64970666,2017-09-12
SFANM09,38.03058008,-122.90737329,2017-09-07
TAMG037M,37.99951857,-122.64217881,2018-05-30
MARIN022,38.00334111,-122.46848205,2018-06-25
MARIN155,37.97798505,-122.6148319,2018-08-20
TAMG021M,37.99236777,-122.63805669,2017-05-18
MARIN048,37.95968977,-122.62998612,2018-06-28
SFANF09,38.00212685,-123.00212997,2017-08-15
MARIN160,38.04699988,-122.55952207,2018-08-21
MARIN019,38.01871033,-122.51595155,2018-06-25
MARIN145,37.99672175,-123.02039784,2018-08-13
MARIN142,37.98663193,-122.64874381,2018-08-08
TAMG027M,37.98140756,-122.60430273,2017-05-22
MARIN149,38.09428756,-122.87190085,2018-08-17
TAMG024M,37.9884758,-122.60763562,2017-05-22
MARIN144,37.98685322,-122.68602739,2018-08-09
MARIN083,37.99783758,-123.00393967,2018-07-19
MARIN068,38.09097795,-122.95784143,2018-07-12
MWOS01,38.0467986,-122.55952536,2017-05-17
SFANM07,38.0379936,-122.89205947,2017-09-11
TAMG040M,38.02588456,-122.6876601,2018-06-05
TAMG039M,38.00243876,-122.65423822,2018-06-01
TAMG033M,38.00251689,-122.64716454,2018-05-08
MARIN013,37.92125257,-122.49402527,2018-06-21
TAMG038M,37.99997118,-122.65489903,2018-06-01
MARIN121,37.95186756,-122.67616723,2018-07-31
MARIN164,37.99636839,-122.69511705,2018-08-23
TAMG025M,37.98735403,-122.60908785,2017-05-22
MARIN125,37.97511373,-122.72841705,2018-08-01
TAMG020M,37.9946501,-122.64167857,2017-05-18
TAMG023M,37.99483484,-122.63725873,2017-05-18
TAMG035M,37.99529888,-122.64162985,2018-05-30
TAMG022M,37.99509515,-122.63691578,2017-05-18
MARIN124,37.97378012,-122.72692598,2018-08-01
MARIN157,37.97534272,-122.61995573,2018-08-20
MARIN117,37.96164656,-122.61849573,2018-07-31
MARIN046,37.9292534,-122.68247272,2018-06-28
MARIN118,37.92888389,-122.6451139,2018-07-31
MARIN042,37.93333328,-122.69675261,2018-06-28
MARIN004,37.97263244,-122.63603125,2018-06-20
TAMG012N,37.93243895,-122.64630491,2017-05-08
MARIN122,37.94887939,-122.66895906,2018-07-31
SFANB06B,37.83651532,-122.52407108,2017-04-28
TAMG001C,37.92326565,-122.6439481,2017-04-25
TAMG011N,37.9283922,-122.64334306,2017-05-08
MARIN123,37.95383906,-122.6355339,2018-07-31
OSH01,37.88851428,-122.45410238,2018-06-07
MARIN201,37.84275442,-122.54745539,2019-01-18
MARIN014,37.91978594,-122.49351451,2018-06-25
MARIN005,37.968617,-122.62496673,2018-06-20
MARIN119,37.93439756,-122.65313856,2018-07-31
MARIN045,37.92926556,-122.68284141,2018-06-28
MARIN126,37.9341979,-122.69550506,2018-08-01
MARIN043,37.93391103,-122.69654704,2018-06-28
MARIN044,37.93414254,-122.69546236,2018-06-28
TAMG002C,37.88147239,-122.5835278,2017-04-27
MARIN012,37.88343452,-122.51947957,2018-06-21
TAMG003C,37.88069414,-122.58010939,2017-04-27
OSH04,37.88255733,-122.45423732,2018-05-07
TAMG006C,37.87899845,-122.55522762,2017-05-02
TAMG005C,37.879662,-122.5543253,2017-05-02
RIMO004,37.90972952,-122.48791385,2018-05-31
MARIN089,37.91166106,-122.60008274,2018-07-24
MARIN092,37.91139289,-122.60504191,2018-07-24
TAMG028N,37.91914277,-122.66723463,2017-05-26
TAMG010C,37.9194122,-122.63065515,2017-05-08
MARIN088,37.91732856,-122.62136107,2018-07-23
RIMO005,37.91174995,-122.49452075,2018-05-22
RIMO010,37.91130157,-122.49295392,2018-05-15
TAMG015C,37.89391252,-122.55936881,2017-05-09
MARIN053,37.91240228,-122.67575258,2018-07-03
MARIN090,37.91368089,-122.59060791,2018-07-24
MARIN087,37.91240756,-122.61567357,2018-07-23
MARIN091,37.91292606,-122.59133424,2018-07-24
RIMO006,37.91270165,-122.48535633,2018-06-01
RIMO007,37.91304953,-122.49702603,2018-05-23
RIMO009,37.91275739,-122.48780185,2018-05-15
MARIN300,37.85311009,-122.53602458,2019-01-22
SFANF10,37.84608955,-122.51580326,2017-08-10
MARIN003,37.96127677,-122.61394204,2018-06-20
TAMG014C,37.87269374,-122.57346915,2017-05-09
MARIN009,37.84875061,-122.54273992,2018-06-21
TAMG016N,37.87002813,-122.53822693,2017-05-16
TAMG017N,37.88850397,-122.54964337,2017-05-16
RIMO001,37.91057424,-122.49358459,2018-05-15
RIMO003,37.91108588,-122.4910101,2018-05-15
TAMG034C,37.90817208,-122.59739212,2018-05-11
RIMO002,37.91006697,-122.49508969,2018-05-15
TAMG018C,37.88786199,-122.55622057,2017-05-16
OSH02,37.87970534,-122.45729448,2018-06-07
OSH03,37.879044,-122.45656021,2018-06-07
TAMG007C,37.87670857,-122.56229126,2017-05-02
TAMG004N,37.87689403,-122.55406908,2017-05-02
MARIN011,37.87820179,-122.52387285,2018-06-21
TAMG013C,37.87398588,-122.58192125,2017-05-09
TAMG019N,37.87093537,-122.53974483,2017-05-16
MARIN200,37.84275442,-122.54745539,2019-01-18
MARIN002,37.86130248,-122.54598127,2018-06-19
SFANF11,37.84257166,-122.55151399,2017-08-04
SFANB04B,37.84285816,-122.49958301,2017-04-13
SFANB04C,37.84285816,-122.49958301,2018-04-10
SFANB11B,37.83991338,-122.51966231,2017-04-11
SFANB11C,37.83991338,-122.51966231,2018-04-11
SFANB08B,37.83117847,-122.49145728,2017-04-05
SFANB08C,37.83117847,-122.49145728,2018-04-04
SFANB07B,37.83876682,-122.50828209,2017-04-27
SFANB10B,37.83912689,-122.49539181,2017-04-21
MARIN001,37.83243218,-122.52533975,2018-06-19
MARIN006,37.83159367,-122.5367559,2018-06-21
SFANF12,37.83611164,-122.50485627,2017-08-08
SFANB01B,37.83549834,-122.51999778,2017-04-10
SFANB01C,37.83549834,-122.51999778,2018-04-05
MARIN319,38.15567521,-122.94828299,2019-06-17
MARIN320,38.155684,-122.94778077,2019-06-17
MARIN321,38.15289808,-122.94557993,2019-06-17
MARIN316,37.92457715,-122.60046581,2019-06-07
MARIN317,38.01463059,-122.69570511,2019-06-12
MARIN318,37.88953257,-122.63016759,2019-06-12
MARIN322,38.12444952,-122.95633709,2019-06-17
MARIN323,38.11974332,-122.9523013,2019-06-17
ARHO0001,34.47786511,-120.13834698,2019-03-28
SFANB12C,37.83631816,-122.49406993,2018-04-09
RIMO008,37.90951127,-122.4895421,2018-05-23
TAMG009C,37.9065235,-122.61652311,2017-05-08
MARIN408,38.09977879,-122.55073083,2019-11-08
MARIN409,38.09927566,-122.54995008,2019-11-08
MARIN410,38.10320722,-122.54895499,2019-11-11
SFANB03B,37.85045358,-122.54098613,2017-04-26
SFANB02B,37.85148894,-122.52703253,2017-04-25
SFANB02C,37.85148894,-122.52703253,2018-04-19
MARIN294,38.22932265,-122.84983418,2019-05-30
MARIN295,38.21179698,-122.84576941,2019-05-30
MARIN296,38.21375146,-122.82556926,2019-05-30
TAMG008C,37.9059759,-122.61719709,2017-05-08
MARIN292,38.23296531,-122.85108356,2019-05-30
MARIN293,38.23242022,-122.84770257,2019-05-30
MARIN315,37.9083272,-122.68025162,2019-06-07
SFANB05B,37.85042989,-122.54416896,2017-04-20
SFANB12B,37.83631816,-122.49406993,2017-04-19
MARIN297,38.26181848,-122.9533859,2019-05-31
MARIN298,38.25794293,-122.95295404,2019-05-31
MARIN407,38.10072561,-122.55074518,2019-11-08
MARIN414,38.10985644,-122.53756623,2019-11-11
SMAT0001,37.30972838,-122.19925196,2019-03-12
SMAT0002,37.30705965,-122.18594232,2019-03-13
SMAT0008,37.48665761,-122.45414431,2019-03-22
SMAT0051,37.40575487,-122.32088229,2019-04-12
SMAT0052,37.38012272,-122.27429478,2019-04-12
SMAT0053,37.47011848,-122.35585523,2019-04-12
SMAT0054,37.46962417,-122.35611957,2019-04-15
SMAT0055,37.42572414,-122.38937359,2019-04-15
SMAT0056,37.42751427,-122.38868091,2019-04-15
SMAT0119,37.44522611,-122.44342299,2019-05-17
SMAT0122,37.54769681,-122.51385703,2019-05-17
SMAT0123,37.27357233,-122.40900128,2019-05-20
SMAT0124,37.27324491,-122.40841732,2019-05-20
SMAT0125,37.27180465,-122.40700742,2019-05-20
SMAT0126,37.27028024,-122.4067938,2019-05-21
SMAT0127,37.26608236,-122.40911621,2019-05-20
SMAT0129,37.26533,-122.40647173,2019-05-20
SMAT0130,37.2655588,-122.40536467,2019-05-20
SMAT0131,37.26509895,-122.39997737,2019-05-20
SMAT0132,37.26608963,-122.40876653,2019-05-20
SMAT0133,37.6797917,-122.41533101,2019-05-22
SMAT0134,37.68192822,-122.4282769,2019-05-22
SMAT0135,37.25796004,-122.4035637,2019-05-23
SMAT0213,37.19788207,-122.35538119,2019-06-18
SMAT0214,37.43972831,-122.29793309,2019-06-19
SMAT0215,37.44629931,-122.29795082,2019-06-19
SMAT0216,37.6972511,-122.49761407,2019-06-20
SMAT0217,37.69835097,-122.49767471,2019-06-20
SMAT0218,37.69777119,-122.49698668,2019-06-20
SMAT0219,37.65913,-122.49250844,2019-06-20
SMAT0220,37.63833717,-122.48030684,2019-06-20
SMAT0221,37.59005301,-122.31447653,2019-06-25
SMAT0222,37.58892962,-122.31504184,2019-06-25
SMAT0223,37.53866265,-122.23029183,2019-06-25
SMAT0224,37.71187554,-122.50089632,2019-06-26
SMAT0225,37.71189073,-122.50022683,2019-06-26
SMAT0226,37.72229528,-122.50527447,2019-06-26
SMAT0227,37.72280864,-122.50518028,2019-06-26
SMAT0228,37.72109241,-122.50429529,2019-06-26
SMAT0229,37.71773537,-122.50331918,2019-06-26
JAWB0112,35.3253009,-118.0763918,2018-06-05
JAWB0113,35.29591332,-118.03727414,2018-06-06
JAWB0114,35.29562427,-118.03673686,2018-06-06
JAWB0118,35.29330626,-118.07327475,2018-06-06
D05310624,35.53525055,-118.21553521,2018-05-31
D06021058,35.4135324,-118.23841101,2018-06-02
D06021510,35.36872981,-118.26557987,2018-06-02
MOJD0017,35.88530702,-117.18265406,2019-04-10
MOJD0019,35.90138288,-117.20477901,2019-04-10
MOJD0021,35.88529482,-117.35565629,2019-04-10
MOJDR005,35.88400501,-117.35345009,2019-04-10
MOJD0023,35.65532712,-117.46226479,2019-04-11
MOJD0025,35.63830147,-117.37442513,2019-04-11
SMAT0010,37.52407911,-122.50679007,2019-03-21
SMAT0159,37.68480144,-122.43158921,2019-06-03
SMAT0160,37.50046192,-122.49783813,2019-06-03
SMAT0161,37.49954758,-122.49690525,2019-06-03
SMAT0162,37.50830537,-122.48772689,2019-06-03
SMAT0163,37.44489086,-122.43734336,2019-06-03
SMAT0003,37.30623771,-122.18177607,2019-03-13
SMAT0011,37.51255077,-122.48359043,2019-03-21
SMAT0012,37.51731889,-122.4815207,2019-03-21
SMAT0014,37.50123367,-122.45830341,2019-03-22
SMAT0015,37.48373983,-122.45276298,2019-03-22
MARIN412,38.10192564,-122.54726688,2019-11-11
MARIN413,38.10993797,-122.53836784,2019-11-11
MARIN299,38.27066762,-122.950648,2019-05-31
MARIN301,37.99494593,-122.62667777,2019-06-04
MARIN302,37.97871488,-122.65051229,2019-06-04
MARIN303,37.97931643,-122.64973515,2019-06-04
MARIN304,38.13663126,-122.5954783,2019-06-04
MARIN305,38.13646179,-122.59599273,2019-06-04
MARIN306,38.15467079,-122.93986026,2019-06-05
MARIN307,38.14530229,-122.93191349,2019-06-05
MARIN308,37.99613227,-123.01545524,2019-06-05
MARIN309,37.83308936,-122.52605907,2019-06-06
MARIN311,37.99621329,-123.01618417,2019-06-07
MARIN312,37.99739483,-123.00779039,2019-06-07
MARIN313,37.99696235,-123.00546691,2019-06-07
MARIN314,38.12454238,-122.90133333,2019-06-07
BDGA0001,38.31916856,-123.0581705,2017-10-04
MARIN258,38.21264171,-122.79165727,2019-05-13
MARIN259,38.2066591,-122.76399888,2019-05-13
MARIN260,38.1132537,-122.82101743,2019-05-14
MARIN261,38.15915774,-122.84155424,2019-05-14
MARIN262,38.1609484,-122.83945003,2019-05-14
MARIN263,38.15989305,-122.83881312,2019-05-14
MARIN264,38.18612533,-122.71767072,2019-05-17
MARIN265,38.0601101,-122.80144919,2019-05-17
MARIN266,38.10170445,-122.53165154,2019-05-20
MARIN267,38.104721,-122.52872375,2019-05-20
MARIN268,38.10670035,-122.53011401,2019-05-20
MARIN270,38.24473524,-122.96650467,2019-05-21
MARIN271,38.23157814,-122.97103536,2019-05-21
MARIN272,38.2362099,-122.96838255,2019-05-21
MARIN215,38.05814452,-122.74085821,2019-04-26
MARIN216,38.06351313,-122.743598,2019-04-26
MARIN217,38.07124099,-122.74539516,2019-04-26
SMAT0039,37.63818267,-122.47594422,2019-04-04
SMAT0040,37.4853832,-122.37180857,2019-04-08
SMAT0041,37.41988293,-122.43460349,2019-04-08
MARIN411,38.10019054,-122.54925214,2019-11-11
MARIN249,37.91090152,-122.6823223,2019-05-09
BDGA0003,38.32134247,-123.05416824,2017-10-04
BDGA0004,38.31501315,-123.05955129,2017-10-05
BDGA0005,38.31523328,-123.06900009,2017-10-05
BDGA0007,38.31533254,-123.06879428,2017-10-05
BDGA0008,38.31550541,-123.06594612,2017-10-05
BDGA0009,38.31413575,-123.06553308,2017-10-05
BDGA0010,38.31552191,-123.0686,2017-10-05
BDGA0012,38.31826069,-123.07028418,2017-10-05
MARIN219,38.06182823,-122.60948992,2019-04-29
MARIN220,38.05716948,-122.60704117,2019-04-29
MARIN221,38.04446806,-122.59307975,2019-04-29
MARIN222,38.20967166,-122.88678053,2019-05-01
MARIN223,38.21052864,-122.88760163,2019-05-01
MARIN224,38.20198085,-122.8931084,2019-05-01
MARIN225,38.2017352,-122.90073813,2019-05-01
SMAT0057,37.5583115,-122.47318672,2019-04-16
SMAT0058,37.49730493,-122.33021303,2019-04-17
SMAT0059,37.49965441,-122.35559027,2019-04-17
MARIN250,38.0502102,-122.63165157,2019-05-10
MARIN251,38.05032103,-122.63250583,2019-05-10
SMAT0643,37.14227565,-122.34244295,2019-04-02
SMAT0644,37.14185239,-122.34251417,2019-04-02
SMAT0645,37.14186284,-122.34277306,2019-04-02
SMAT0646,37.14578269,-122.3507227,2019-04-03
SMAT0153,37.53900023,-122.44087034,2019-05-31
SMAT0154,37.55099729,-122.4504942,2019-05-31
SMAT0155,37.5500022,-122.44972036,2019-05-31
MOJD0115,34.60874469,-115.66062974,2019-04-11
JAWB0212,35.34316514,-118.28431887,2018-07-12
MARIN252,38.05085424,-122.63297047,2019-05-10
MARIN253,38.0524142,-122.63321344,2019-05-10
MARIN254,38.05102903,-122.61990782,2019-05-10
MARIN255,38.2016893,-122.790455,2019-05-13
MARIN256,38.19968096,-122.79641104,2019-05-13
MARIN257,38.2046724,-122.79042361,2019-05-13
ARHO0002,34.47596405,-120.13877114,2019-03-28
ARHO0003,34.48461177,-120.14159991,2019-03-28
ARHO0004,34.47875142,-120.14039577,2019-03-28
MARIN226,37.96484769,-122.62535025,2019-05-02
MARIN227,37.99527335,-122.62761002,2019-05-02
MARIN228,38.00807482,-122.65527112,2019-05-02
MARIN229,38.26275894,-122.92476265,2019-05-03
MARIN230,38.26589355,-122.92209593,2019-05-03
MARIN232,38.19709603,-122.70400375,2019-05-06
MARIN233,38.1955675,-122.70543746,2019-05-06
MARIN234,38.18965693,-122.70973209,2019-05-06
MARIN235,38.18889318,-122.71067149,2019-05-06
MARIN236,38.18731506,-122.71030091,2019-05-06
MARIN237,38.17652664,-122.73695726,2019-05-07
MARIN238,38.19058953,-122.73439441,2019-05-07
MARIN239,38.14538281,-122.59295349,2019-05-07
MARIN240,38.1414707,-122.58504406,2019-05-07
MARIN241,37.88310825,-122.456428,2019-05-08
MARIN242,37.9241703,-122.60009254,2019-05-08
MARIN243,37.92319228,-122.60405736,2019-05-08
MARIN244,37.91315516,-122.61594262,2019-05-08
MARIN080,38.05729777,-122.88136191,2018-07-18
MARIN210,38.04767081,-122.62381163,2019-04-23
MARIN211,38.12657047,-122.5818425,2019-04-24
MARIN212,38.12715748,-122.5924386,2019-04-24
MARIN213,38.1315474,-122.60586683,2019-04-24
MARIN214,38.06529596,-122.75119555,2019-04-26
MARIN218,38.05817516,-122.60323999,2019-04-29
MARIN245,37.92880038,-122.71355986,2019-05-09
MARIN246,37.90133449,-122.71222177,2019-05-09
MARIN247,37.91173183,-122.70707335,2019-05-09
MARIN248,37.9123597,-122.6816107,2019-05-09
MARIN403,38.02648841,-122.51156359,2019-11-08
MARIN404,38.02618576,-122.51061176,2019-11-08
MARIN405,38.02521079,-122.50780199,2019-11-08
MARIN406,38.02420944,-122.51078146,2019-11-08
SMAT0105,37.47180118,-122.40338408,2019-05-08
SMAT0106,37.47620565,-122.40633484,2019-05-08
SMAT0107,37.44770133,-122.43319582,2019-05-08
SMAT0108,37.18271755,-122.38188334,2019-05-09
SMAT0109,37.19756846,-122.34913011,2019-05-09
SMAT0110,37.19827716,-122.3600879,2019-05-09
SMAT0111,37.34169563,-122.30707678,2019-05-13
SMAT0112,37.34055451,-122.29095485,2019-05-13
SMAT0113,37.49997525,-122.4978527,2019-05-14
SMAT0048,37.43014315,-122.31574533,2019-04-11
SMAT0049,37.43677272,-122.36669887,2019-04-11
SMAT0050,37.40276087,-122.32062685,2019-04-12
MARIN273,38.24175881,-122.95927244,2019-05-21
MARIN274,38.24329274,-122.96481403,2019-05-21
MARIN275,37.88124058,-122.45795413,2019-05-22
MARIN276,37.8866193,-122.45361599,2019-05-22
MARIN277,38.01636618,-122.76926986,2019-05-23
MARIN278,38.09233783,-122.78498567,2019-05-23
MARIN279,38.0866373,-122.76839919,2019-05-23
MARIN280,38.08332031,-122.76825002,2019-05-23
MARIN281,38.08727055,-122.79386093,2019-05-23
MARIN282,38.16222628,-122.70399638,2019-05-24
MARIN283,38.15283186,-122.70991234,2019-05-24
MARIN284,38.04328587,-122.59264183,2019-05-28
MARIN285,38.04555615,-122.58978003,2019-05-28
MARIN286,38.18820051,-122.84462018,2019-05-29
MARIN287,38.18084782,-122.8391095,2019-05-29
MARIN288,38.19023686,-122.85119344,2019-05-29
MARIN289,38.1837956,-122.83959401,2019-05-29
MARIN290,38.18403844,-122.83922809,2019-05-29
MARIN291,38.23764281,-122.84413793,2019-05-30
SMAT0016,37.57700853,-122.47388175,2019-03-25
SMAT0017,37.5726234,-122.48099031,2019-03-25
SMAT0018,37.57412418,-122.48408283,2019-03-25
SMAT0019,37.56991544,-122.48627474,2019-03-25
SMAT0020,37.46203138,-122.27905586,2019-03-26
SMAT0021,37.46069911,-122.28230255,2019-03-26
SMAT0022,37.44311319,-122.29570835,2019-03-26
SMAT0023,37.36545479,-122.22142674,2019-03-28
SMAT0024,37.36507899,-122.21774914,2019-03-28
SMAT0025,37.36380406,-122.22124053,2019-03-28
SMAT0026,37.35873887,-122.24636107,2019-03-28
SMAT0027,37.35999789,-122.24027329,2019-03-28
SMAT0028,37.5008326,-122.22742211,2019-03-29
SMAT0029,37.47767606,-122.12759132,2019-03-29
SMAT0030,37.70345218,-122.43207074,2019-04-29
B_SMAT0031,37.68966029,-122.43548783,2019-04-29
SMAT0032,37.59192876,-122.50585557,2019-04-01
SMAT0033,37.47531602,-122.28477529,2019-04-03
SMAT0034,37.47944534,-122.29395372,2019-04-03
SMAT0035,37.40391462,-122.27362472,2019-04-03
SMAT0036,37.68087308,-122.41347398,2019-04-04
SMAT0037,37.68001489,-122.42037583,2019-04-04
SMAT0038,37.68041255,-122.41149299,2019-04-04
SMAT0042,37.35498392,-122.39625907,2019-04-09
SMAT0043,37.25624846,-122.40736619,2019-04-08
SMAT0004,37.30957755,-122.18508011,2019-03-13
SMAT0005,37.64152758,-122.47615875,2019-03-19
SMAT0006,37.55883664,-122.51364879,2019-03-19
SMAT0007,37.55849442,-122.51371895,2019-03-19
SMAT0252,37.40221395,-122.23548605,2019-07-09
SMAT0253,37.40369562,-122.23462359,2019-07-09
SMAT0254,37.40759957,-122.23200763,2019-07-09
SMAT0255,37.40748748,-122.23696916,2019-07-09
SMAT0256,37.26929332,-122.14395301,2019-07-15
SMAT0257,37.27033357,-122.15576131,2019-07-15
JAWB0019,35.37974929,-118.28492295,2018-06-02
B_JAWB0117,35.2959299,-118.072978,2018-06-06
JAWB0026,35.24166286,-118.42695982,2018-06-04
JAWB0028,35.2524883,-118.42583648,2018-06-04
JAWB0116,35.29520731,-118.07942798,2018-06-06
SMAT0198,37.50623433,-122.50298142,2019-06-12
SMAT0304,37.18277796,-122.28078363,2019-08-12
SMAT0045,37.26115358,-122.40767736,2019-04-08
SMAT0046,37.27286128,-122.40920986,2019-04-09
SMAT0047,37.26658547,-122.41058974,2019-04-09
SMAT0060,37.49214148,-122.34653726,2019-04-17
SMAT0061,37.48611045,-122.33826476,2019-04-17
SMAT0062,37.47577157,-122.30984436,2019-04-18
SMAT0063,37.57975449,-122.42121061,2019-04-18
SMAT0064,37.58264086,-122.43090583,2019-04-18
SMAT0065,37.57960952,-122.44738468,2019-04-18
SMAT0066,37.57077723,-122.44757451,2019-04-18
SMAT0067,37.56803861,-122.45957515,2019-04-18
SMAT0068,37.56507706,-122.46042313,2019-04-18
SMAT0069,37.56301184,-122.46612212,2019-04-18
SMAT0070,37.48531914,-122.45318129,2019-04-22
SMAT0071,37.62019623,-122.49764579,2019-04-23
SMAT0072,37.56823284,-122.49531127,2019-04-23
SMAT0073,37.5615892,-122.48471277,2019-04-24
SMAT0074,37.5560485,-122.47507076,2019-04-23
SMAT0075,37.57779653,-122.41896074,2019-04-23
SMAT0076,37.56303995,-122.39884143,2019-04-24
SMAT0077,37.49894101,-122.32944044,2019-04-26
SMAT0078,37.49861529,-122.33081223,2019-04-24
SMAT0079,37.48911246,-122.32560317,2019-04-24
SMAT0080,37.39114288,-122.36787372,2019-04-30
SMAT0081,37.4069061,-122.36252103,2019-04-30
SMAT0082,37.43521296,-122.29649451,2019-04-30
SMAT0083,37.45241748,-122.29458096,2019-04-30
SMAT0084,37.56084702,-122.43291721,2019-05-01
SMAT0085,37.53480828,-122.40566686,2019-05-01
SMAT0086,37.5458949,-122.42943065,2019-05-01
SMAT0087,37.54025253,-122.43695579,2019-05-01
SMAT0088,37.53777299,-122.43678201,2019-05-01
SMAT0089,37.50436442,-122.35650016,2019-05-02
SMAT0090,37.45948833,-122.29377957,2019-05-02
SMAT0091,37.46333598,-122.29964602,2019-05-02
SMAT0092,37.45781379,-122.30936494,2019-05-02
SMAT0093,37.32849778,-122.17603775,2019-05-06
SMAT0094,37.32901169,-122.1799489,2019-05-06
SMAT0095,37.30850878,-122.17522906,2019-05-06
SMAT0096,37.31937006,-122.20549244,2019-05-06
B_SMAT0097,37.36006934,-122.24298269,2019-05-06
SMAT0098,37.22184514,-122.40793981,2019-05-07
SMAT0099,37.23049597,-122.41285482,2019-05-07
SMAT0100,37.20332929,-122.40232607,2019-05-07
SMAT0101,37.18497217,-122.39608285,2019-05-08
SMAT0102,37.18544534,-122.3427223,2019-05-07
SMAT0103,37.50156405,-122.49630341,2019-05-08
SMAT0104,37.50240564,-122.49920539,2019-05-08
SMAT0114,37.50090001,-122.496998,2019-05-14
SMAT0115,37.51495069,-122.50518675,2019-05-15
SMAT0116,37.5240693,-122.51750734,2019-05-14
SMAT0117,37.43990761,-122.4414163,2019-05-17
SMAT0136,37.2574563,-122.40377066,2019-05-23
SMAT0137,37.25706804,-122.4036384,2019-05-23
SMAT0138,37.2571207,-122.40335606,2019-05-23
SMAT0139,37.15460121,-122.35453256,2019-05-23
SMAT0140,37.18837031,-122.39252932,2019-05-28
SMAT0141,37.11876832,-122.31093733,2019-05-28
SMAT0142,37.11855545,-122.31153584,2019-05-28
SMAT0143,37.11906928,-122.30998907,2019-05-28
SMAT0144,37.12033343,-122.33722965,2019-05-28
SMAT0145,37.12250489,-122.33706438,2019-05-28
SMAT0146,37.21788594,-122.40214362,2019-05-29
SMAT0147,37.21977564,-122.38914413,2019-05-29
SMAT0148,37.21471856,-122.38561214,2019-05-29
SMAT0149,37.20790899,-122.38137365,2019-05-29
SMAT0150,37.51494776,-122.35511933,2019-05-30
SMAT0151,37.50533068,-122.35517943,2019-05-30
SMAT0152,37.53299746,-122.43335452,2019-05-31
SMAT0156,37.55000136,-122.44953923,2019-05-31
SMAT0157,37.55099963,-122.42081039,2019-05-31
SMAT0158,37.68759285,-122.43477763,2019-06-03
SMAT0165,37.44947195,-122.43969456,2019-06-03
SMAT0166,37.12563149,-122.33522468,2019-06-04
SMAT0167,37.12097743,-122.33633476,2019-06-04
SMAT0168,37.12658593,-122.33664603,2019-06-04
SMAT0169,37.12757352,-122.33593944,2019-06-04
SMAT0170,37.12777529,-122.33655685,2019-06-04
SMAT0171,37.12957518,-122.33603453,2019-06-04
SMAT0172,37.12492584,-122.33476931,2019-06-04
SMAT0174,37.38117355,-122.39190374,2019-06-05
SMAT0175,37.31471287,-122.40387172,2019-06-05
SMAT0176,37.25281342,-122.40541976,2019-06-05
SMAT0177,37.25241204,-122.40268279,2019-06-05
SMAT0178,37.25044214,-122.40171734,2019-06-05
SMAT0179,37.206861,-122.38437986,2019-06-06
SMAT0180,37.20745584,-122.38436376,2019-06-06
SMAT0181,37.25432001,-122.37248062,2019-06-06
SMAT0182,37.25410578,-122.37287707,2019-06-06
SMAT0183,37.20227644,-122.33822666,2019-06-06
SMAT0184,37.25082547,-122.21981144,2019-06-10
SMAT0185,37.25309098,-122.22027295,2019-06-10
SMAT0186,37.25256183,-122.21930866,2019-06-10
SMAT0187,37.25134287,-122.22035862,2019-06-10
SMAT0188,37.25910966,-122.21715483,2019-06-10
SMAT0189,37.5498061,-122.25177725,2019-06-11
SMAT0199,37.6202558,-122.49681818,2019-06-12
SMAT0200,37.15491692,-122.35623039,2019-06-13
SMAT0201,37.15028986,-122.35902856,2019-06-13
SMAT0202,37.14993546,-122.3601689,2019-06-13
SMAT0203,37.17280624,-122.35392716,2019-06-13
SMAT0204,37.18350034,-122.34962263,2019-06-13
SMAT0205,37.2207724,-122.33811019,2019-06-13
SMAT0206,37.50573827,-122.34245881,2019-06-17
SMAT0207,37.49750041,-122.32812971,2019-06-17
SMAT0208,37.49842514,-122.32907172,2019-06-17
SMAT0209,37.48677888,-122.32104308,2019-06-17
SMAT0210,37.21001234,-122.35657405,2019-06-18
SMAT0211,37.20851475,-122.36301045,2019-06-18
SMAT0212,37.20561136,-122.36452239,2019-06-18
SMAT0230,37.78361193,-122.50739853,2019-06-26
SMAT0231,37.22126478,-122.31220396,2019-06-27
SMAT0232,37.21614355,-122.25677596,2019-06-27
SMAT0233,37.22026175,-122.27109522,2019-06-27
MOJD0100,34.69180827,-115.99261505,2019-04-09
SMAT0281,37.27574637,-122.26017206,2019-07-22
SMAT0282,37.27873519,-122.24955086,2019-07-22
SMAT0283,37.30102767,-122.27287778,2019-07-22
SMAT0284,37.29604691,-122.24753984,2019-07-22
SMAT0285,37.31273497,-122.18023859,2019-07-25
SMAT0286,37.32474513,-122.20057121,2019-07-25
SMAT0287,37.42631177,-122.29872522,2019-07-25
SMAT0288,37.42956339,-122.29985906,2019-07-30
SMAT0289,37.42914291,-122.3034459,2019-07-30
SMAT0290,37.39049919,-122.29848283,2019-07-30
SMAT0291,37.38337064,-122.2881346,2019-07-30
SMAT0292,37.37985773,-122.28405636,2019-07-30
SMAT0293,37.38161601,-122.29617096,2019-07-30
SMAT0294,37.51581922,-122.35295053,2019-08-01
SMAT0295,37.44722203,-122.34078938,2019-08-06
SMAT0248,37.40091678,-122.2176931,2019-07-03
SMAT0249,37.40075579,-122.23859659,2019-07-09
SMAT0250,37.40405138,-122.2324958,2019-07-09
SMAT0251,37.40174608,-122.23561508,2019-07-09
SMAT0258,37.26424714,-122.16562967,2019-07-15
SMAT0259,37.26502476,-122.1646963,2019-07-15
SMAT0260,37.27439387,-122.15507305,2019-07-15
SMAT0261,37.27820761,-122.15900093,2019-07-15
SMAT0333,37.5855977,-122.5114813,2019-08-22
MOJDR118,34.56870951,-115.67728195,2019-04-11
SMAT0314,37.29231936,-122.40683516,2019-08-15
SMAT0315,37.28808512,-122.40549205,2019-08-15
SMAT0316,37.28942772,-122.40719631,2019-08-16
SMAT0325,37.18533139,-122.33362022,2019-08-20
MOJD0112,34.56627954,-115.6552416,2019-04-11
MOJD0114,34.6071751,-115.66410127,2019-04-11
MOJDR119,34.61592278,-115.66187216,2019-04-11
MOJDR102,34.62934553,-116.16473056,2019-04-10
MOJD0105,34.62893184,-116.16496559,2019-04-10
SMAT0262,37.27849766,-122.16049794,2019-07-15
SMAT0263,37.28437681,-122.16462909,2019-07-16
SMAT0264,37.32207693,-122.40204157,2019-07-17
SMAT0265,37.3210474,-122.4016547,2019-07-17
SMAT0237,37.21264087,-122.33472127,2019-07-02
SMAT0238,37.20801305,-122.34538908,2019-07-02
SMAT0239,37.31662713,-122.30226225,2019-07-02
SMAT0240,37.40467303,-122.2380259,2019-07-03
SMAT0241,37.40649009,-122.23745384,2019-07-03
SMAT0242,37.40252547,-122.23906452,2019-07-03
SMAT0243,37.40470808,-122.24348291,2019-07-03
SMAT0244,37.40505165,-122.22554805,2019-07-03
SMAT0245,37.40274589,-122.22718748,2019-07-03
SMAT0246,37.40037357,-122.21190276,2019-07-03
SMAT0247,37.401047,-122.21422316,2019-07-03
JAWB0043,35.30019683,-118.36199647,2018-06-05
JAWB0044,35.26051003,-118.41342355,2018-06-06
JAWB0100,35.37787609,-118.10493301,2018-06-04
JAWB0022,35.22708573,-118.41738962,2018-06-03
JAWB0031,35.25987242,-118.40190942,2018-06-04
JAWB0033,35.25557439,-118.39810471,2018-06-04
JAWB0027,35.23183383,-118.41387148,2018-06-05
JAWB0029,35.26109752,-118.40068424,2018-06-04
JAWB0037,35.24697611,-118.37927703,2018-06-04
JAWB0039,35.24640752,-118.42387562,2018-06-05
JAWB0038,35.2384422,-118.34661636,2018-06-05
JAWB0040,35.2724863,-118.38139362,2018-06-05
MOJD0103,34.68548441,-115.9922444,2019-04-09
MOJDR100,34.68594408,-115.99321393,2019-04-09
SMAT0334,37.22407949,-122.40952297,2019-08-28
SMAT0641,37.14597768,-122.34683622,2019-03-27
SMAT0642,37.14570736,-122.35178181,2019-03-27
SMAT0647,37.14623099,-122.34700294,2019-04-03
SMAT0648,37.14183349,-122.3423567,2019-04-08
MOJDR111,34.70238702,-115.93935409,2019-04-10
MOJD0109,34.69558725,-115.91244172,2019-04-10
MOJD0110,34.68008081,-115.85950204,2019-04-10
B_MOJDR118,34.56660493,-115.67845754,2019-04-11
JAWB0213,35.34491159,-118.28810179,2018-07-12
MOJDR007,36.03237191,-117.19668654,2019-04-10
MOJD0013,36.02863408,-117.22477103,2019-04-10
MOJD0111,34.68115487,-115.85802733,2019-04-10
MOJDR114,34.67985462,-115.85677575,2019-04-11
MOJDR115,34.67888199,-115.85429814,2019-04-11
MOJDR116,34.67581052,-115.84185654,2019-04-11
MOJDR117,34.66527405,-115.78936756,2019-04-11
MOJDR108,34.67503662,-115.75239406,2019-04-11
MOJD0108,34.64830602,-115.81046833,2019-04-10
JAWB0021,35.27341011,-118.36504498,2018-06-03
JAWB0023,35.23655083,-118.41593435,2018-06-03
JAWB0025,35.21986409,-118.41747101,2018-06-03
MOJD0015,35.94568538,-117.20552266,2019-04-10
JAWB0111,35.29897553,-118.12422782,2018-06-05
JAWB0035,35.2507058,-118.39213964,2018-06-04
JAWB0024,35.24745077,-118.37770693,2018-06-04
C06041711,35.23905622,-118.42738051,2018-06-05
SMAT0332,37.49900726,-122.49702201,2019-08-22
SMAT0326,37.19818158,-122.31713476,2019-08-20
SMAT0327,37.27153172,-122.4101113,2019-08-21
SMAT0328,37.27030439,-122.40621839,2019-08-21
SMAT0329,37.45704534,-122.2922196,2019-08-21
SMAT0330,37.54341364,-122.37209171,2019-08-21
MARIN400,38.02597357,-122.51320854,2019-11-08
SMAT0278,37.24724279,-122.21372589,2019-07-19
SMAT0279,37.25311116,-122.22059976,2019-07-19
SMAT0280,37.27348581,-122.26481867,2019-07-22
SMAT0306,37.1904785,-122.27382652,2019-08-12
SMAT0308,37.19083208,-122.28155226,2019-08-12
SMAT0309,37.57239022,-122.28914767,2019-08-13
SMAT0310,37.57118036,-122.29030289,2019-08-13
SMAT0311,37.57118567,-122.29118611,2019-08-13
SMAT0312,37.30176879,-122.40562131,2019-08-15
SMAT0313,37.29637175,-122.40606996,2019-08-15
MARIN416,38.10798555,-122.5329795,2019-11-11
MARIN417,38.10890639,-122.534189,2019-11-11
MOJD0102,34.68886986,-115.99714471,2019-04-09
MOJD0106,34.63119529,-116.17701734,2019-04-10
MOJD0101,34.6220412,-115.82883543,2019-04-10
JAWB0110,35.28756872,-118.12822892,2018-06-05
JAWB0009,35.48136556,-118.2118419,2018-06-01
JAWB0011,35.43069839,-118.25570473,2018-06-01
JAWB0013,35.4176082,-118.25775234,2018-06-02
MOJD0116,34.70877894,-115.67603819,2019-04-11
SMAT0317,37.28775383,-122.40593464,2019-08-16
SMAT0318,37.28401252,-122.40762234,2019-08-16
SMAT0319,37.28484626,-122.40671332,2019-08-16
SMAT0320,37.27635159,-122.40959994,2019-08-16
SMAT0321,37.27780063,-122.40915998,2019-08-16
SMAT0322,37.16032577,-122.34806428,2019-08-20
SMAT0323,37.15745708,-122.3575603,2019-08-20
SMAT0324,37.1564852,-122.35952809,2019-08-20
JAWB0117,35.29527231,-118.07284374,2018-06-06
JAWB0210,35.39652386,-118.27586471,2018-07-11
JAWB0015,35.37521116,-118.24217903,2018-06-02
JAWB0017,35.36633154,-118.25053243,2018-06-02
JAWB0041,35.25041043,-118.41761803,2018-06-05
JAWB0030,35.22233122,-118.37676045,2018-06-05
JAWB0032,35.23831194,-118.34606466,2018-06-05
JAWB0034,35.27408205,-118.38073531,2018-06-05
OWVA0033,36.78870775,-118.22367274,2018-05-24
OWVA0038,36.52116772,-117.90105848,2018-05-25
OWVA0036,36.51313299,-117.90967658,2018-05-25
MOJD0104,34.69832629,-116.16400527,2019-04-09
MOJDR104,34.621604,-115.83099921,2019-04-10
MOJDR103,34.62727306,-115.82499132,2019-04-10
MOJDR105,34.62915941,-115.82320011,2019-04-10
MOJDR106,34.63092003,-115.82146731,2019-04-10
MOJDR109,34.64855815,-115.8093817,2019-04-10
MOJDR110,34.66307648,-115.80550775,2019-04-10
MOJDR112,34.69507494,-115.90868931,2019-04-10
MOJDR113,34.68889048,-115.88763163,2019-04-10
MOJD0113,34.56409283,-115.65423066,2019-04-11
MOJD0117,34.71812254,-115.67915534,2019-04-11
SMAT0234,37.21584097,-122.29274364,2019-06-27
SMAT0235,37.22450458,-122.28843575,2019-06-27
SMAT0236,37.22302895,-122.29490833,2019-07-02
SMAT0266,37.32164553,-122.40051001,2019-07-17
SMAT0267,37.32168722,-122.39984378,2019-07-17
SMAT0268,37.25703972,-122.41421634,2019-07-17
SMAT0269,37.2541674,-122.41484751,2019-07-17
SMAT0270,37.55357888,-122.51294707,2019-07-18
SMAT0271,37.55177847,-122.5135022,2019-07-18
SMAT0272,37.54872232,-122.51336358,2019-07-18
SMAT0273,37.54906594,-122.51363304,2019-07-18
SMAT0274,37.5494884,-122.51334727,2019-07-18
SMAT0275,37.2670356,-122.26251295,2019-07-19
SMAT0276,37.25485683,-122.23255736,2019-07-19
SMAT0277,37.25814454,-122.23498238,2019-07-19
SMAT0296,37.41332628,-122.31152515,2019-08-06
SMAT0297,37.30991633,-122.38601194,2019-08-06
SMAT0298,37.2612839,-122.33222987,2019-08-06
SMAT0299,37.22417194,-122.40637736,2019-08-07
SMAT0300,37.22405363,-122.40615285,2019-08-07
SMAT0301,37.20939717,-122.36283399,2019-08-08
SMAT0302,37.19856662,-122.35198365,2019-08-08
SMAT0303,37.10824259,-122.29302515,2019-08-08
SMAT0331,37.69328425,-122.4547769,2019-08-22
MARIN401,38.02602481,-122.51205969,2019-11-08
MARIN402,38.02600268,-122.51165792,2019-11-08
MARIN415,38.10967562,-122.53762398,2019-11-11
B_F1806051621,35.28733009,-118.12843311,2018-06-05
JAWB0115,35.29966128,-118.03196433,2018-06-06
SMAT0305,37.18790754,-122.27940553,2019-08-12
JAWB0105,35.29638368,-118.14675502,2018-06-04
JAWB0106,35.28483321,-118.15088571,2018-06-05
B_F1806051014,35.28497402,-118.15009513,2018-06-05
JAWB0109,35.30349149,-118.14610132,2018-06-05
MOJD0012,36.03166716,-117.22053297,2019-04-10
MOJD0014,35.88343232,-117.18995025,2019-04-10
MOJD0016,35.90751688,-117.21444762,2019-04-10
MOJD0018,35.87445337,-117.34634483,2019-04-10
MOJD0020,35.65161335,-117.47055902,2019-04-11
MOJD0022,35.65386955,-117.37627854,2019-04-11
MOJDR002,35.65214078,-117.37633729,2019-04-11
MOJD0024,35.62747142,-117.37860988,2019-04-11
MOJD0026,35.64146496,-117.34455957,2019-04-11
MOJD0001,36.14772559,-117.27214253,2019-04-09
MOJD0003,36.13477043,-117.26184972,2019-04-09
MOJDR003,36.14003565,-117.22815539,2019-04-09
MOJD0005,36.13255778,-117.21712866,2019-04-09
MOJD0007,36.08333317,-117.22334711,2019-04-09
MOJD0009,36.05749142,-117.23270844,2019-04-09
MOJDR004,36.041477,-117.22466038,2019-04-09
MOJDR006,36.03530004,-117.28155951,2019-04-10
SMAT0658,37.16231323,-122.36044752,2019-04-17
SMAT0659,37.16107758,-122.36031152,2019-04-16
SMAT0660,37.16107758,-122.36031152,2019-04-17
SMAT0661,37.15781593,-122.35890871,2019-04-17
SMAT0662,37.16553898,-122.31661761,2019-04-18
SMAT0663,37.16318957,-122.31095101,2019-04-16
B_SMAT0664,37.16287756,-122.31155077,2019-04-17
SMAT0665,37.59287734,-122.51506982,2019-04-30
SMAT0666,37.59355328,-122.51505411,2019-04-24
SMAT0667,37.22401555,-122.40935439,2019-04-30
SMAT0671,37.57134513,-122.48755587,2019-05-02
SMAT0672,37.33409705,-122.22292449,2019-05-02
SMAT0673,37.56349034,-122.4824917,2019-05-02
SMAT0674,37.56440635,-122.48584832,2019-05-02
SMAT0675,37.27029707,-122.23110361,2019-05-15
SMAT0677,37.6882932,-122.43609931,2019-05-23
SMAT0678,37.68630611,-122.43147565,2019-05-23
SMAT0679,37.68609258,-122.4320557,2019-05-23
SMAT0680,37.15681,-122.35958166,2019-05-28
SMAT0681,37.15122561,-122.35704996,2019-05-28
SMAT0682,37.21052367,-122.33652051,2019-05-30
SMAT0683,37.22947514,-122.30888284,2019-05-30
SMAT0684,37.19459156,-122.27133081,2019-06-04
JAWB0006,35.46851946,-118.23519019,2018-06-01
JAWB0008,35.47357932,-118.21851448,2018-06-01
JAWB0010,35.48149203,-118.21292545,2018-06-01
JAWB0012,35.42887855,-118.24773949,2018-06-02
JAWB0014,35.418421,-118.25226287,2018-06-02
JAWB0016,35.37766098,-118.24133798,2018-06-02
SMAT0685,37.1983925,-122.28117638,2019-06-05
SMAT0686,37.19054745,-122.27184288,2019-06-05
SMATR0649,37.17489512,-122.35349258,2019-04-10
SMATR0651,37.18203718,-122.35073921,2019-04-09
SMATR0654,37.19721569,-122.33591584,2019-04-12
SMATR0655,37.19721569,-122.33591584,2019-04-12
SMATR0656,37.22027284,-122.31524496,2019-04-11
SMATR0657,37.22089536,-122.31222985,2019-04-10
SMATR0670,37.57429082,-122.48302849,2019-04-30
SMATREL0098,37.2218274,-122.40799631,2019-08-07
SMATREL0107,37.44769253,-122.4332411,2019-08-23
SMATREL0115,37.51499519,-122.50505067,2019-08-22
SMATREL0116,37.52395162,-122.51738361,2019-08-01
SMATREL0135,37.25794201,-122.40356385,2019-08-07
SMATREL0136,37.25742886,-122.40369194,2019-08-07
SMATREL0145,37.12244281,-122.33724503,2019-07-31
SMATREL0165,37.44932832,-122.43981999,2019-08-01
SMATREL0167,37.12097825,-122.33648109,2019-07-31
SMATREL0168,37.12657723,-122.33670239,2019-07-31
SMATREL0169,37.12763649,-122.33591637,2019-07-31
SMATREL0170,37.12771257,-122.33662494,2019-07-31
SMATREL0185,37.25311116,-122.22059976,2019-07-19
SMATREL0191,37.47465288,-122.12587352,2019-08-13
SMATREL0192,37.47430665,-122.12659004,2019-08-13
SMATREL0197,37.50228703,-122.49886677,2019-08-22
SMATREL0206,37.50572068,-122.34253816,2019-08-01
SMAT0190,37.53383631,-122.26067459,2019-06-11
SMAT0191,37.47458954,-122.12584033,2019-06-11
SMAT0192,37.47451068,-122.1261466,2019-06-11
SMAT0193,37.67770594,-122.38969571,2019-06-11
SMAT0194,37.67769863,-122.39002464,2019-06-11
SMAT0196,37.49974234,-122.49819366,2019-06-12
SMAT0197,37.50241365,-122.49896775,2019-06-12
MOJDR008,35.6258649,-117.3200384,2019-04-11
MOJD0002,36.1404454,-117.25426066,2019-04-09
MOJD0004,36.1402724,-117.22865704,2019-04-09
MOJD0006,36.09408639,-117.2297617,2019-04-09
MOJDR001,36.08354162,-117.22396477,2019-04-09
MOJD0008,36.05801127,-117.22981132,2019-04-09
MOJD0010,36.04054234,-117.22524636,2019-04-09
MOJD0011,36.02891768,-117.20618416,2019-04-10
JAWB0001,35.54151665,-118.21617902,2018-05-31
JAWB0002,35.53480945,-118.21490422,2018-05-31
JAWB0004,35.46435818,-118.25613027,2018-06-01
JAWB0018,35.36471601,-118.25192885,2018-06-02
JAWB0020,35.38071166,-118.28753031,2018-06-02
JAWB0003,35.46426529,-118.26525175,2018-06-01
JAWB0005,35.46541807,-118.23511961,2018-06-01
JAWB0007,35.46929214,-118.22803984,2018-06-01
JAWB0101,35.37696326,-118.10620262,2018-06-04
JAWB0102,35.38166957,-118.11284729,2018-06-04
JAWB0103,35.39710623,-118.1295116,2018-06-04
JAWB0104,35.38648263,-118.12003091,2018-06-04
B_A1806041619,35.356555,-118.10699002,2018-06-04
JAWB0108,35.30221316,-118.14672602,2018-06-05
F1806041306,35.38246564,-118.11531173,2018-06-04
F1806051057,35.28891276,-118.15370806,2018-06-05
F1806051741,35.30349748,-118.11422042,2018-06-05
JAWB0207,35.45261453,-118.27747674,2018-07-11
JAWB0209,35.45428728,-118.279266,2018-07-11
JAWB0211,35.43586344,-118.28907685,2018-07-11
JAWB0215,35.35364608,-118.29315029,2018-07-12
JAWB0217,35.35761407,-118.29834724,2018-07-12
B_JAWB0115,35.29818583,-118.03250001,2018-06-06
JAWB0036,35.30252603,-118.36308143,2018-06-05
JAWB0042,35.29906766,-118.37130877,2018-06-05
JAWB0200,35.78313259,-117.9415247,2018-07-10
JAWB0202,35.7779716,-117.93301657,2018-07-10
JAWB0206,35.46361634,-118.26660572,2018-07-11
JAWB0208,35.46270724,-118.26723873,2018-07-11
C06011438,35.4726335,-118.22133113,2018-06-01
C06021056,35.42281378,-118.24998123,2018-06-02
C06021407,35.36602363,-118.25171285,2018-06-02
C06031758,35.2332054,-118.41416904,2018-06-04
B_OWVA0026,35.93808441,-117.90585198,2018-05-22
OWVA0024,36.61996136,-118.19678286,2018-05-23
OWVA0100,36.52021618,-117.90582166,2019-10-02
F1806060848,35.29697757,-118.03362265,2018-06-06
F1806061149,35.3053754,-118.02262868,2018-06-06
F1806061452,35.29597489,-118.07857455,2018-06-06
F1806061523,35.29372493,-118.07631863,2018-06-06
A1806051813,35.33382035,-118.07826859,2018-06-05
D06051003,35.22951652,-118.36873897,2018-06-05
F1806051014,35.28560553,-118.15003387,2018-06-05
F1806051621,35.28306664,-118.13447274,2018-06-05
A1806041619,35.35653441,-118.10809965,2018-06-04
D07101053,35.77822243,-117.93339769,2018-07-10
D07121215,35.34733777,-118.29572966,2018-07-12
C07130846,35.30730116,-118.43444418,2018-07-13
A1805250913,36.51321732,-117.90897393,2018-05-25
OWVA0020_P1,36.56306966,-118.14524758,2018-05-23
A1805231806,36.61937936,-118.19674743,2018-05-23
JAWB0214,35.35837489,-118.29895283,2018-07-12
JAWB0216,35.36008824,-118.29991248,2018-07-12
JAWB0218,35.37662963,-118.34411158,2018-07-13
JAWB0201,35.78250965,-117.93931984,2018-07-10
JAWB0203,35.77847171,-117.92095551,2018-07-10
JAWB0204,35.7065293,-117.97480764,2018-07-10
JAWB0205,35.6962869,-117.95282401,2018-07-10
OWVA0020,36.56326919,-118.14494625,2018-05-23
OWVA0023,36.57854784,-118.09181664,2018-05-23
OWVA0021,36.5627462,-118.14486914,2018-05-23
OWVA0022,36.57913231,-118.09115573,2018-05-23
OWVA0037,36.51370762,-117.90679338,2018-05-25
OWVA0026,35.93808799,-117.90518588,2018-05-22
OWVA0008,37.03008785,-118.2547155,2018-03-17
OVAA04851,36.5171372,-117.90818276,2019-10-02
OVAA08159,36.50948992,-117.89078612,2019-10-02
OVAA09457,36.31481526,-117.95337707,2019-10-02
OVAA09474_1,36.37724756,-117.88004054,2019-10-02
OVAA09462,36.34083,-117.92751606,2019-10-02
OVAA04446,36.35064374,-117.91845564,2019-10-02
OVAA04502,36.31051185,-117.96261213,2019-10-02
OVAA09480,36.52021863,-117.9058194,2019-10-02
OVAA09467,36.51707261,-117.8822557,2019-10-02
OVAA09455,36.53548162,-117.92023376,2019-10-02
OVAA05380,36.34400184,-117.88178155,2019-10-02
OVAA09484,36.31530921,-117.9580375,2019-10-02
RIZO0014,35.27734124,-120.05268981,2018-04-05
RIZO0015,35.27741507,-120.05054388,2018-04-05
RIZO0016,35.28741328,-120.04659746,2018-04-05
RIZO0017,35.28654927,-120.04812381,2018-04-05
RIZO0042,35.29906699,-120.04364511,2018-04-12
RIZO0009,35.27386212,-120.05971805,2018-04-04
RIZO0010,35.27373028,-120.0643059,2018-04-05
RIZO0011,35.2750709,-120.06532359,2018-04-05
RIZO0066,35.30658589,-120.0912659,2018-04-14
CARR6711,35.25754568,-119.93780202,2019-04-15
CARR6713,35.26254014,-119.93775166,2019-04-16
CARR6712,35.25754717,-119.93514288,2019-04-15
CARR6727,35.25973745,-119.93216706,2019-04-17
RIZO0040,35.29949304,-120.04337674,2018-04-12
RIZO0041,35.30029761,-120.04789903,2018-04-12
RIZO0048,35.31249883,-120.10027966,2018-04-13
RIZO0049,35.31389116,-120.10083471,2018-04-13
RIZO0050,35.31472166,-120.09638455,2018-04-13
RIZO0051,35.31055161,-120.07000117,2018-04-14
RIZO0019,35.29076761,-120.05256557,2018-04-10
RIZO0020,35.29201186,-120.04962925,2018-04-10
RIZO0021,35.29265269,-120.04671479,2018-04-10
RIZO0022,35.28750121,-120.05389323,2018-04-11
RIZO0023,35.28805777,-120.05528009,2018-04-11
PAPR0034,36.58491084,-120.80321176,2020-04-15
PAPR0032,36.5842539,-120.80033579,2020-04-15
PAPR0033,36.58337775,-120.79974599,2020-04-15
PAPR0050,36.67236117,-120.90962851,2020-04-28
PAPR0044,36.67293317,-120.90832628,2020-04-27
PAPR0045,36.67316969,-120.90742475,2020-04-27
PAPR0055,36.67313146,-120.90678801,2020-05-04
PAPR0051,36.67313146,-120.90678801,2020-05-04
PAPR0046,36.67207541,-120.90619004,2020-04-27
PAPR0047,36.67252563,-120.90360437,2020-04-28
CARR6725,35.12824135,-119.78019715,2019-04-16
RIZO0028,35.28485642,-120.05520925,2018-04-11
RIZO0029,35.28567943,-120.05902669,2018-04-11
RIZO0030,35.2873121,-120.05945126,2018-04-11
CARR6735,35.24190135,-119.91161709,2019-04-17
CARR6721,35.2409433,-119.91097857,2019-04-16
CARR6715,35.17971643,-119.88236803,2019-04-16
CARR6733,35.19350528,-119.87750815,2019-04-17
CARR6730,35.17523441,-119.87678682,2019-04-17
CARR6728,35.19714946,-119.87625323,2019-04-17
CARR6729,35.16418351,-119.86883483,2019-04-17
CARR6706,35.1817911,-119.86674226,2019-04-03
CARR6723,35.14341821,-119.78773658,2019-04-17
RIZO0024,35.28778067,-120.05722481,2018-04-11
RIZO0025,35.2916697,-120.0577765,2018-04-11
RIZO0026,35.29305319,-120.05722071,2018-04-11
RIZO0027,35.29360767,-120.05778327,2018-04-11
RIZO0031,35.28949403,-120.05837195,2018-04-11
RIZO0032,35.29093466,-120.05868256,2018-04-11
RIZO0033,35.29177232,-120.05828946,2018-04-11
RIZO0034,35.29583703,-120.04277326,2018-04-12
RIZO0035,35.2952787,-120.04500328,2018-04-11
RIZO0036,35.29527422,-120.04666345,2018-04-12
RIZO0037,35.2961151,-120.05083243,2018-04-12
PAPR0049,36.67116267,-120.90298122,2020-04-28
PAPR0048,36.70152277,-120.86517419,2020-04-28
RIZO0043,35.3036259,-120.04136818,2018-04-12
RIZO0044,35.30537285,-120.04572445,2018-04-12
RIZO0045,35.30472132,-120.04819999,2018-04-12
RIZO0046,35.31111384,-120.09777811,2018-04-13
RIZO0047,35.31166751,-120.09944068,2018-04-13
RIZO0052,35.31053339,-120.10551785,2018-04-13
RIZO0053,35.31072851,-120.10764408,2018-04-13
RIZO0054,35.31085392,-120.10987175,2018-04-13
RIZO0055,35.3132789,-120.10913665,2018-04-13
RIZO0056,35.3137095,-120.10641625,2018-04-13
RIZO0057,35.31332703,-120.10474748,2018-04-13
RIZO0059,35.3116672,-120.0930521,2018-04-14
RIZO0060,35.30861175,-120.09305155,2018-04-14
RIZO0061,35.33811086,-120.09639434,2018-04-26
RIZO0062,35.31411657,-120.07391906,2018-04-14
RIZO0063,35.31278256,-120.07465989,2018-04-14
RIZO0064,35.30559568,-120.09431401,2018-04-14
RIZO0065,35.30519164,-120.09175565,2018-04-14
CARR6701,35.14211311,-119.78961237,2019-04-02
PAPR0052,36.77849164,-120.80562995,2020-05-04
PAPR0056,36.77849164,-120.80562995,2020-05-04
PAPR0036,36.58432734,-120.80774341,2020-04-22
PAPR0037,36.58499632,-120.80638335,2020-04-22
PAPR0035,36.58422068,-120.80537712,2020-04-15
CARR6724,35.24845065,-119.93783619,2019-04-16
CARR6710,35.24887482,-119.9288969,2019-04-03
CARR6700,35.25513745,-119.92895754,2019-04-01
CARR6708,35.25191717,-119.92310603,2019-04-03
CARR6720,35.24091462,-119.92001921,2019-04-16
CARR6716,35.24202335,-119.9185209,2019-04-16
CARR6722,35.23571851,-119.91572424,2019-04-16
CARR6714,35.23934893,-119.91318468,2019-04-16
CARR6734,35.24315897,-119.912541,2019-04-17
CARR6732,35.16012211,-119.85953855,2019-04-17
CARR6709,35.18256727,-119.8598421,2019-04-03
CARR6707,35.17875608,-119.85901688,2019-04-03
CARR6718,35.16215723,-119.85771103,2019-04-16
CARR6726,35.15826921,-119.85364579,2019-04-17
CARR6719,35.16846506,-119.85357415,2019-04-16
CARR6731,35.17192761,-119.84968858,2019-04-17
CARR6717,35.16378138,-119.8415563,2019-04-16
CARR6702,35.16078352,-119.83062994,2019-04-02
CARR6703,35.167148,-119.82518675,2019-04-02
CARR6704,35.14474832,-119.81051931,2019-04-02
CARR6705,35.14385207,-119.8009635,2019-04-02
PAPR0054,36.67236117,-120.90962851,2020-05-04
RIZO0003,35.27140762,-120.05367426,2018-04-03
RIZO0004,35.27447088,-120.05547561,2018-04-04
RIZO0005,35.27139791,-120.05623534,2018-04-04
RIZO0006,35.27015811,-120.05862112,2018-04-04
RIZO0007,35.27376999,-120.05741336,2018-04-04
RIZO0008,35.27430733,-120.05838307,2018-04-04
RIZO0012,35.27644747,-120.06596633,2018-04-05
RIZO0013,35.27680793,-120.0552151,2018-04-05
PAPR0038,36.68592757,-120.84154519,2020-04-22
WLKRREC94,39.01561491,-122.41582335,2022-06-23
WLKRREC74,39.03280347,-122.42485443,2022-09-20
WLKR0204,39.07745989,-122.52085742,2022-04-29
WLKRREC66,39.0605334,-122.49580932,2022-09-21
DEDWM092,37.51712593,-122.21196651,2017-05-17
DEDWM093,37.51892605,-122.22109096,2018-01-13
DEDWM111,37.53183744,-122.20014287,2017-04-26
DEDWM112,37.53116913,-122.22016008,2018-01-14
WLKRREC60,39.03622571,-122.41202526,2022-06-21
SPCCB-013,37.03641309,-121.22006513,2021-05-12
DEDWM067,37.49004411,-122.15258198,2017-01-30
DEDWM068,37.49043398,-122.14913882,2017-01-31
DEDWM069,37.49173487,-122.14829829,2017-01-31
DEDWM070,37.4915692,-122.15158062,2017-01-30
B_WLKRREC58,39.02523209,-122.39669668,2022-06-21
WLKRREC59,39.03882016,-122.40660275,2022-06-21
B_WLKRREC60,39.03681278,-122.41156936,2022-06-21
WLKR0042,39.01737329,-122.41744155,2022-06-23
WLKR0036,39.08867555,-122.4869791,2022-06-22
WLKR0035,39.09848342,-122.49852572,2022-06-22
VAWA250,37.20357687,-121.78392456,2021-04-28
VAWA251,37.21351991,-121.77983593,2021-04-28
VAWA252,37.21273377,-121.78596399,2021-04-28
VAWA253,37.22260149,-121.79108946,2021-04-28
WLKR0029,39.1438813,-122.50104487,2022-05-10
WLKR0038,39.02252372,-122.42115406,2022-06-23
WLKR0003,39.027879,-122.463433,2022-04-15
WLKR0091,39.03187701,-122.42376101,2022-06-23
B_VAWA248,37.15956834,-121.71578178,2021-04-27
DEDWM119,37.53546686,-122.21582559,2018-01-14
DEDWM120,37.53614266,-122.20233798,2017-05-02
DEDWM121,37.53550253,-122.22670237,2018-01-14
VAWA232,37.20983361,-121.70118731,2021-04-08
SPCCB-010,37.02556534,-121.23627956,2021-05-12
VAWA249,37.20355813,-121.78148842,2021-04-28
VAWA239,37.17564455,-121.79210437,2021-04-16
VAWA240,37.18146034,-121.80083961,2021-04-16
WLKR0076,39.01532294,-122.41639252,2022-05-11
WLKRREC52,39.16784612,-122.51277384,2022-05-12
WLKRREC53,39.16783556,-122.51157959,2022-05-12
WLKR0077,39.16702654,-122.50166438,2022-05-12
WLKR0078,39.16684834,-122.50172507,2022-05-12
DEDWM113,37.53244616,-122.19952519,2017-04-26
DEDWM114,37.53284375,-122.21851283,2018-01-14
DEDWM115,37.53337175,-122.2179414,2018-01-14
DEDWM116,37.53424022,-122.21706082,2018-01-14
DEDWM037,37.4513653,-122.03257802,2018-01-13
DEDWM038,37.45145363,-122.03345873,2018-01-13
DEDWM039,37.45149609,-122.08173385,2017-01-30
DEDWM040,37.45680842,-121.97994384,2017-12-07
DEDWM041,37.45939392,-121.95401595,2017-11-22
DEDWM042,37.4584036,-121.97992217,2017-12-07
DEDW0643,37.5215756,-122.24040328,2018-01-13
DEDW0646,37.52096498,-122.24076028,2018-01-13
DEDW0666,37.5216823,-122.24157911,2018-01-13
DEDW0672,37.54155513,-122.22054997,2018-01-14
DEDW0683,37.53974419,-122.22339863,2018-01-14
DEDW0684,37.53945459,-122.22322052,2018-01-14
DEDW0686,37.53899717,-122.22356484,2018-01-14
DEDW0703,37.53612041,-122.22608478,2018-01-14
DEDW0712,37.52682639,-122.22452849,2018-01-14
DEDW0715,37.52739979,-122.22400195,2018-01-14
DEDW0726,37.52937867,-122.22201218,2018-01-14
DEDW0740,37.53176917,-122.21957661,2018-01-14
DEDW0744,37.53253881,-122.21874237,2018-01-14
DEDW0756,37.53502771,-122.2162037,2018-01-14
DEDWM005,37.44517998,-121.96632126,2017-05-18
DEDWM006,37.44540154,-121.96485989,2017-05-18
DEDWM007,37.44585136,-121.965792,2017-05-18
DEDWM008,37.44620799,-121.9653462,2017-05-18
DEDWM010,37.53437978,-122.19756908,2017-04-26
DEDWM015,37.47188325,-122.12675395,2017-01-17
VAWA098,37.44768642,-122.09028195,2020-07-07
VAWA099,37.45861244,-122.10229319,2020-07-07
VAWA100,37.45641155,-122.10326925,2020-07-07
VAWA101,37.45998467,-122.10376932,2020-07-07
WLKRREC64,39.03194,-122.42364936,2022-06-23
WLKRREC62,39.02321474,-122.42007121,2022-06-23
VAWA062,37.13775892,-121.47850915,2020-06-16
DEDW0365,37.5132005,-122.21941924,2017-05-17
DEDW0370,37.51246125,-122.22076212,2017-05-17
DEDW0371,37.51234618,-122.22108014,2017-05-17
DEDW0376,37.44468737,-121.96667848,2017-05-18
DEDW0400,37.45956976,-121.953516,2017-11-22
VAWA195,37.21958772,-122.0223929,2020-09-29
VAWA233,37.15279037,-121.78294866,2021-04-13
VAWA002,37.17757755,-121.77627226,2020-05-11
VAWA003,37.1711869,-121.78855127,2020-05-18
VAWA004,37.36961009,-122.18138192,2020-05-12
VAWA005,37.36590506,-122.18392922,2020-05-12
VAWA006,37.36790971,-122.1805421,2020-05-12
VAWA287,36.92430362,-121.54060461,2021-05-18
VAWA288,36.92502978,-121.5415008,2021-05-18
VAWA072,37.23223913,-121.92919458,2020-06-22
VAWA073,37.22686852,-121.92438974,2020-06-22
VAWA074,37.2281296,-121.92033638,2020-06-22
WLKR0037,39.03604131,-122.45747201,2022-06-23
WLKR0039,39.03379454,-122.45710933,2022-06-22
WLKR0041,39.03046784,-122.45157193,2022-06-23
WLKRREC63,39.01847636,-122.41967609,2022-06-23
WLKRREC84,39.01820412,-122.41985152,2022-06-23
WLKRREC57,39.06973063,-122.50802281,2022-05-13
WLKR0007,39.06685849,-122.48364053,2022-04-15
WLKR0006,39.06989733,-122.48380149,2022-04-15
VAWA102,37.45882161,-122.10135221,2020-07-07
VAWA103,37.29025378,-122.03542328,2020-07-08
VAWA104,37.25970306,-121.99174252,2020-07-08
VAWA105,37.26026424,-121.99201696,2020-07-08
SCRUZ381,37.24640864,-122.11109695,2021-07-27
B_SCRUZ386,37.25057521,-122.10452545,2021-07-27
SCRUZ186,37.02431039,-122.21576288,2021-06-11
B_VAWA242,37.3243941,-121.71075646,2021-04-22
VAWA243,37.31489356,-121.69948025,2021-04-22
VAWA244,37.16101424,-121.73454373,2021-04-27
VAWA245,37.16229827,-121.7323142,2021-04-27
DEDWM077,37.50168524,-122.16975997,2018-01-11
DEDWM078,37.50338795,-122.16836084,2018-01-11
DEDWM079,37.50413138,-122.16769639,2018-01-11
DEDWM080,37.50748961,-122.17874713,2018-01-11
DEDWM081,37.50871775,-122.17778326,2018-01-11
DEDWM082,37.5079036,-122.22123945,2017-05-17
DEDWM083,37.50954201,-122.21820142,2017-05-17
CRTR0043,37.22739387,-121.71275263,2019-04-22
CRTR0044,37.22761607,-121.70915312,2019-04-22
DEDW0107,37.4868944,-122.14826276,2017-01-29
DEDW0117,37.43463426,-122.08319456,2017-01-29
DEDW0131,37.45103874,-122.08203339,2017-01-30
DEDW0154,37.48993155,-122.14946124,2017-01-31
VAWA340,37.08216618,-121.79846838,2021-06-22
DEDWM066,37.4896356,-122.14966821,2017-01-31
VAWA042,36.94111578,-121.6447937,2020-06-03
VAWA043,36.93946482,-121.64624905,2020-06-03
VAWA044,36.94248509,-121.63528041,2020-06-03
VAWA045,36.93232381,-121.62099978,2020-06-04
DEDWM073,37.49729307,-122.12810979,2017-05-01
DEDWM074,37.49819651,-122.12839342,2017-05-01
DEDWM075,37.49792133,-122.17285611,2018-01-11
DEDWM076,37.49961506,-122.17145723,2018-01-11
DEDWM107,37.52950723,-122.20880313,2017-04-26
DEDWM108,37.53064426,-122.20765934,2017-04-26
DEDWM109,37.53096016,-122.20103504,2017-04-26
DEDWM110,37.53118138,-122.20711039,2017-04-26
DEDWM043,37.4598951,-121.9525956,2017-11-22
DEDWM227,37.53403067,-122.19792369,2017-04-26
DEDWM233,37.53751712,-122.22465548,2018-01-14
DEDWM239,37.54772285,-122.22779874,2018-01-13
WLKR0018,39.13034776,-122.49381081,2022-04-16
WLKR0011,39.090006,-122.482764,2022-04-15
WLKR0001,39.027664,-122.451301,2022-04-14
DEDWM132,37.54799839,-122.22720724,2018-01-13
DEDWM133,37.54865162,-122.22923819,2018-01-13
DEDWM138,37.45972847,-121.95311805,2017-11-22
DEDWM139,37.46073944,-121.9543025,2017-11-22
DEDWM141,37.46177968,-122.01775567,2018-01-12
DEDWM193,37.51168653,-122.21402645,2017-05-17
DEDWM200,37.51642259,-122.21327521,2017-05-17
SCRUZ144,37.18933385,-121.8721657,2021-05-28
SCRUZ145,36.98150602,-122.06998472,2021-06-01
VAWA276,37.03345902,-121.33810837,2021-05-13
CRTR0003,37.20502552,-121.70477144,2019-04-03
CRTR0004,37.22156997,-121.7556477,2019-04-03
CRTR0005,37.1937511,-121.68202481,2019-04-04
VAWA220,37.20431834,-121.74730387,2021-04-06
VAWA221,37.20454268,-121.74828007,2021-04-06
VAWA222,37.19570299,-121.73911362,2021-04-06
VAWA223,37.16722372,-121.73326835,2021-04-06
VAWA224,37.14066106,-121.78587541,2021-04-07
VAWA225,36.99135365,-121.56923768,2021-04-07
VAWA309,37.31489358,-122.06362075,2021-05-28
VAWA318,37.18333068,-121.81359084,2021-06-03
VAWA319,37.17219966,-121.79642298,2021-06-03
B_SCRUZ064,36.99383277,-121.99003512,2021-03-23
SCRUZ063,36.99643458,-121.98993374,2021-03-23
CZPOFL36,37.17783655,-122.22252098,2021-06-02
SCRUZ163,36.9803478,-121.92730454,2021-06-07
SCRUZ164,36.97946806,-121.92770659,2021-06-07
SCRUZ532,36.95701096,-122.08267551,2021-08-03
SCRUZ623,37.19569874,-121.99498755,2021-07-27
WLKR0082,39.09789129,-122.49669754,2022-06-22
WLKR0083,39.09852542,-122.4976307,2022-06-22
WLKRREC001,39.02205996,-122.42076037,2022-06-23
WLKRREC002,39.02279732,-122.41761297,2022-06-23
WLKR0040,39.02896789,-122.42016611,2022-06-23
WLKR0025,39.13252556,-122.49463802,2022-05-10
WLKR0027,39.1395027,-122.49603243,2022-05-11
WLKR0024,39.136361,-122.49628649,2022-05-10
DEDWM148,37.53003212,-122.22132633,2018-01-14
DEDWM149,37.53229719,-122.21900521,2018-01-14
WLKR0043,39.02459758,-122.45939457,2022-06-23
WLKRREC73,39.05283174,-122.45330834,2022-09-20
WLKRREC65,39.03553313,-122.42779606,2022-09-21
WLKRREC58,39.02494964,-122.39714535,2022-06-21
WLKR0084,39.12649902,-122.49088519,2022-06-22
WLKR0085,39.10082219,-122.49100648,2022-06-22
WLKR0087,39.06630065,-122.47841972,2022-06-22
WLKR0088,39.02180704,-122.41628326,2022-06-23
WLKRREC61,39.02246652,-122.4163447,2022-06-23
WLKR0089,39.02301043,-122.4167669,2022-06-23
WLKR0017,39.1305266,-122.49502535,2022-04-16
WLKRREC0100,39.13947999,-122.4906256,2022-04-29
WLKRREC0104,39.13649837,-122.48632795,2022-04-29
WLKRREC0201,39.145606,-122.479094,2022-04-28
WLKRREC0200,39.145881,-122.478616,2022-04-28
WLKRREC0202,39.14571339,-122.47817753,2022-04-28
WLKRREC0203,39.07297958,-122.4837687,2022-04-28
WLKRREC54,39.08638526,-122.46179234,2022-05-12
WLKR0079,39.08565075,-122.46061871,2022-05-12
WLKRREC55,39.08491972,-122.45962017,2022-05-12
WLKR0080,39.08277647,-122.45873789,2022-05-12
WLKR0081,39.08055644,-122.45218928,2022-05-12
WLKRREC56,39.08207453,-122.45644377,2022-05-12
VAWA241,37.17565548,-121.80011104,2021-04-16
SPCCB-008,37.02394591,-121.23706309,2021-05-12
SPCCB-009,37.02424926,-121.23775324,2021-05-12
DEDWM032,37.44664242,-122.06507299,2017-04-24
DEDWM033,37.4477405,-122.04906246,2017-04-25
DEDWM034,37.44812157,-122.04937418,2017-04-25
DEDWM086,37.51074284,-122.21579015,2017-05-17
DEDWM087,37.51192578,-122.22157106,2017-05-17
DEDWM088,37.51272009,-122.22037472,2017-05-17
DEDWM089,37.51333322,-122.21904446,2017-05-17
DEDWM071,37.4931037,-122.12714041,2017-11-20
DEDWM084,37.50969988,-122.1803296,2018-01-11
DEDWM085,37.51029873,-122.21677918,2017-05-17
WLKR0009,39.08217589,-122.48127837,2022-04-15
WLKR0002,39.0293532,-122.45009276,2022-04-14
WLKR0201,39.10924319,-122.49596614,2022-04-28
WLKR0302,39.13606499,-122.49262185,2022-04-28
WLKR0303,39.13597518,-122.49157259,2022-04-29
WLKR0008,39.08266479,-122.48252673,2022-04-15
WLKR0012,39.08172854,-122.4735793,2022-04-15
WLKR0013,39.08104537,-122.4801821,2022-04-15
WLKR0014,39.02864978,-122.45143723,2022-04-16
WLKR0015,39.04963457,-122.46941952,2022-04-16
WLKR0005,39.024377,-122.454951,2022-04-15
WLKR0200,39.09613197,-122.489197,2022-04-28
WLKR0203,39.07514679,-122.51275945,2022-04-29
WLKR0205,39.07201477,-122.51448283,2022-04-29
WLKR0202,39.06232055,-122.50295645,2022-04-29
WLKR0206,39.05372965,-122.49097957,2022-04-29
VAWA247,37.16814608,-121.72340507,2021-04-27
DEDWM150,37.54059734,-122.22155604,2018-01-14
DEDWM155,37.45210243,-122.03343907,2018-01-13
DEDWM168,37.46599931,-122.11609109,2017-01-28
DEDWM173,37.46745477,-122.11787196,2017-01-28
DEDWM185,37.5004665,-122.17076903,2018-01-11
DEDW0614,37.54904256,-122.2283738,2018-01-13
DEDW0628,37.5197362,-122.21956617,2018-01-13
WLKR0207,39.04160009,-122.46441793,2022-04-29
WLKR0100,39.07334627,-122.48300621,2022-04-28
WLKR0103,39.136348,-122.48581766,2022-04-29
VAWA037,36.92343043,-121.61353698,2020-06-02
VAWA038,36.926591,-121.62255138,2020-06-02
VAWA039,36.92985833,-121.6244799,2020-06-02
VAWA040,36.93141959,-121.62853883,2020-06-02
VAWA041,36.9386632,-121.6251189,2020-06-03
LOMA18,37.12278905,-121.82806962,2019-05-07
LOMA19,37.12150195,-121.8282583,2019-05-15
LOMA20,37.12134818,-121.82911615,2019-05-15
VAWA046,36.93322448,-121.62093864,2020-06-04
VAWA092,37.21028441,-121.8330943,2020-07-02
VAWA093,37.20731673,-121.83195676,2020-07-02
VAWA094,37.20562111,-121.8309349,2020-07-02
VAWA096,37.34153119,-122.06448111,2020-07-07
VAWA097,37.4534336,-122.10399448,2020-07-07
WLKR0105,39.13821738,-122.47989099,2022-04-29
WLKR0004,39.02461513,-122.46269017,2022-04-15
WLKRREC0300,39.09936045,-122.4976405,2022-04-28
WLKRREC0301,39.09940004,-122.49902781,2022-04-28
WLKR0300,39.09943771,-122.49931154,2022-04-28
WLKR0023,39.12483202,-122.50378469,2022-05-10
WLKR0026,39.14215592,-122.49926958,2022-05-10
WLKR0028,39.1468133,-122.50039577,2022-05-10
WLKR0021,39.11913218,-122.50306236,2022-05-10
WLKR0020,39.11619846,-122.4965011,2022-05-10
WLKR0022,39.12599006,-122.49594656,2022-05-10
WLKR0032,39.12363223,-122.48132112,2022-05-11
WLKR0030,39.07588998,-122.47810696,2022-05-11
WLKR0034,39.06577638,-122.4874918,2022-05-11
WLKRREC51,39.01565392,-122.41586249,2022-05-11
WLKR0033,39.066921,-122.47733827,2022-05-11
WLKRREC50,39.16776966,-122.51185998,2022-05-12
WLKR0051,39.16627458,-122.50436555,2022-05-12
WLKR0052,39.08184641,-122.45852227,2022-05-12
WLKR0053,39.0822103,-122.45682853,2022-05-12
DEDWM035,37.44980833,-122.08028476,2017-01-30
DEDWM036,37.45024057,-122.08255189,2017-01-30
DEDWM117,37.53327629,-122.20499434,2017-04-26
DEDWM118,37.53560613,-122.19632222,2017-05-02
DEDWM019,37.51982418,-122.19904898,2018-01-11
DEDWM020,37.52057219,-122.19505765,2018-01-11
DEDWM028,37.43372854,-122.08379337,2017-01-29
DEDWM029,37.44607364,-122.01286254,2018-01-12
DEDWM030,37.44573777,-122.06465467,2017-04-24
DEDWM031,37.44684792,-122.01060266,2018-01-12
VAWA246,37.1646649,-121.72448427,2021-04-27
SPCCB-014,37.0365355,-121.22071647,2021-05-12
VAWA108,37.08166082,-121.52860233,2020-07-09
VAWA019,37.22068545,-121.74914578,2020-05-20
DEDW0014,37.47243398,-122.12444051,2017-01-17
DEDWM102,37.52047944,-122.24234948,2018-01-13
DEDWM103,37.52197849,-122.24138373,2018-01-13
DEDWM104,37.5280085,-122.22336187,2018-01-14
DEDWM105,37.52898456,-122.22238976,2018-01-14
DEDWM106,37.53008289,-122.20192718,2017-04-26
DEDWM127,37.53855881,-122.22406743,2018-01-14
DEDWM128,37.53889584,-122.21234868,2018-01-14
DEDWM129,37.53988616,-122.22305758,2018-01-14
DEDWM130,37.54111665,-122.22102995,2018-01-14
DEDWM131,37.54181501,-122.22032087,2018-01-14
DEDWM202,37.51833372,-122.22011263,2018-01-13
DEDWM211,37.52265661,-122.19672143,2018-01-11
DEDWM213,37.526314,-122.20574727,2017-04-26
DEDWM216,37.52754044,-122.20450067,2017-04-26
DEDWM218,37.52859685,-122.20343692,2017-04-26
DEDWM219,37.52911608,-122.20291079,2017-04-26
DEDW0404,37.45919965,-121.95447093,2017-11-22
DEDW0412,37.46085039,-121.95359992,2017-11-22
DEDW0421,37.46165526,-121.9559406,2017-11-22
DEDW0424,37.46179913,-121.95692233,2017-11-22
DEDW0429,37.46225678,-121.95567217,2017-11-22
DEDW0440,37.45739373,-121.97987936,2017-12-07
DEDW0441,37.45716911,-121.97996155,2017-12-07
DEDW0447,37.46486701,-121.99792672,2017-12-07
DEDW0474,37.49990188,-122.1712278,2018-01-11
DEDW0489,37.50273376,-122.16889984,2018-01-11
DEDW0502,37.50843985,-122.17800128,2018-01-11
DEDW0515,37.51954639,-122.19928959,2018-01-11
DEDW0519,37.52029924,-122.19865915,2018-01-11
DEDW0526,37.52164363,-122.19753576,2018-01-11
DEDW0530,37.52236981,-122.19696215,2018-01-11
DEDW0533,37.52303191,-122.19624211,2018-01-11
DEDW0534,37.52322872,-122.19602498,2018-01-11
DEDW0535,37.52188981,-122.19397974,2018-01-11
DEDW0536,37.52171064,-122.1941401,2018-01-11
DEDW0537,37.52141507,-122.19441487,2018-01-11
VAWA191,37.28972512,-122.08229345,2020-09-23
DEDW0058,37.46389282,-122.12492459,2017-01-28
DEDW0072,37.46629229,-122.12274809,2017-01-28
DEDW0074,37.46642345,-122.12220376,2017-01-28
DEDW0080,37.46681699,-122.1205821,2017-01-28
DEDW0083,37.46700921,-122.11976566,2017-01-28
DEDW0104,37.46415533,-122.1238586,2017-01-29
DEDW0105,37.48720401,-122.14870038,2017-01-29
DEDW0177,37.44663795,-122.0645078,2017-04-24
DEDW0193,37.52684225,-122.20522107,2017-04-26
DEDW0206,37.52982327,-122.20219025,2017-04-26
DEDW0228,37.53463938,-122.19730598,2017-04-26
DEDW0230,37.52862989,-122.20969517,2017-04-26
DEDW0278,37.53762867,-122.20082806,2017-05-02
DEDWM090,37.51412578,-122.21758784,2017-05-17
DEDWM091,37.51581741,-122.21443575,2017-05-17
DEDWM098,37.52124036,-122.19787957,2018-01-11
DEDWM099,37.52006755,-122.24136913,2018-01-13
DEDWM100,37.52127032,-122.24058744,2018-01-13
DEDWM101,37.52199343,-122.19728305,2018-01-11
DEDWM142,37.46211821,-122.01944734,2018-01-12
DEDWM143,37.46531772,-121.99793201,2017-12-07
DEDWM144,37.46600359,-122.12392749,2017-01-28
DEDWM145,37.51099934,-122.17925179,2018-01-11
DEDWM094,37.51919686,-122.21978679,2018-01-13
DEDWM095,37.52000763,-122.195539,2018-01-11
DEDWM096,37.52022046,-122.22055696,2018-01-13
DEDWM097,37.52104732,-122.1946791,2018-01-11
DEDWM146,37.52077431,-122.19826932,2018-01-11
DEDWM147,37.52713119,-122.22427635,2018-01-14
DEDWM122,37.5367292,-122.22545596,2018-01-14
DEDWM123,37.53710044,-122.20135436,2017-05-02
DEDWM124,37.53686345,-122.21439612,2018-01-14
DEDWM125,37.53797779,-122.20047345,2017-05-02
DEDWM126,37.53808112,-122.21317221,2018-01-14
DEDWM072,37.49355516,-122.12724827,2017-11-20
VAWA008,37.36229105,-122.17490051,2020-05-13
VAWA009,37.1803704,-121.78138655,2020-05-11
VAWA010,37.36551306,-122.17808372,2020-05-13
VAWA011,37.36048052,-122.18547854,2020-05-13
VAWA012,37.36240603,-122.1876033,2020-05-13
VAWA013,37.17405218,-121.7884492,2020-05-18
VAWA014,37.36750859,-122.18119018,2020-05-12
VAWA015,37.36342795,-122.18286066,2020-05-13
VAWA016,37.36724511,-122.17958941,2020-05-12
VAWA017,37.1781391,-121.79058053,2020-05-18
VAWA091,37.22263773,-121.85202012,2020-07-02
CRTR0036,37.19098708,-121.66699841,2019-04-17
CRTR0037,37.2189488,-121.75495817,2019-04-17
CRTR0038,37.20784456,-121.68738036,2019-04-17
CRTR0039,37.21972869,-121.71075275,2019-04-22
CRTR0040,37.2185528,-121.71120104,2019-04-22
CRTR0041,37.22036691,-121.71390899,2019-04-22
CRTR0042,37.22724912,-121.71353285,2019-04-22
VAWA341,37.08438813,-121.80100173,2021-06-22
VAWA342,37.085422,-121.80715867,2021-06-22
VAWA343,37.1035489,-121.5844593,2021-06-24
SPCCA-029,37.16530166,-121.47941023,2021-05-25
SPCCA-003,37.19204865,-121.38826626,2021-05-11
VAWA007,37.1722404,-121.79285974,2020-05-18
DEDW0547,37.51954159,-122.19592875,2018-01-11
DEDW0563,37.46177564,-122.01944051,2018-01-12
DEDW0569,37.46049598,-122.01946853,2018-01-12
DEDW0575,37.46232915,-122.01771456,2018-01-12
DEDW0582,37.44560411,-122.01060774,2018-01-12
DEDW0584,37.44605483,-122.01061311,2018-01-12
DEDW0586,37.44650535,-122.01059587,2018-01-12
DEDW0589,37.44718147,-122.01060958,2018-01-12
DEDW0600,37.45239998,-122.03455453,2018-01-13
DEDW0603,37.45187227,-122.0339508,2018-01-13
DEDWM044,37.4604232,-121.95523408,2017-11-22
DEDWM045,37.46113448,-121.95310975,2017-11-22
VAWA226,36.98917889,-121.56834522,2021-04-07
VAWA149,37.20350073,-121.98098544,2020-08-13
VAWA234,37.15094713,-121.76491298,2021-04-13
VAWA235,37.17241125,-121.77037905,2021-04-14
VAWA236,37.17041822,-121.79157919,2021-04-14
VAWA237,37.16792023,-121.78859945,2021-04-14
VAWA238,37.16577223,-121.78545018,2021-04-14
VAWA215,37.25963047,-121.86945249,2021-03-29
VAWA216,37.2452189,-121.87097737,2021-03-29
VAWA217,37.235566,-121.87065358,2021-03-29
VAWA118,37.20312139,-121.97255041,2020-07-16
VAWA119,37.2007049,-121.97766511,2020-07-16
CZPOF202,37.19799883,-122.20804711,2021-06-16
VAWA152,37.16911314,-121.89547353,2020-08-14
VAWA048,36.94311779,-121.64329838,2020-06-04
B_VAWA051,37.18695521,-121.65441596,2020-06-09
B_VAWA052,37.18695585,-121.65447228,2020-06-09
CZPOF205,37.20673303,-122.24170707,2021-06-17
VAWA085,37.46854982,-121.8371652,2020-06-30
CRTR0032,37.19427917,-121.6825001,2019-04-16
CRTR0033,37.20046951,-121.69617306,2019-04-16
CRTR0034,37.20032472,-121.69121771,2019-04-16
CRTR0035,37.19594433,-121.67582355,2019-04-16
SCLAV019,37.09265669,-121.2389753,2021-05-13
R0513211125,37.09435495,-121.23485048,2021-05-13
SCRUZL34,37.22531837,-122.14639543,2021-05-13
SCRUZ108,37.10714943,-121.99200788,2021-05-17
SCPOF018,37.14444718,-121.43907694,2021-05-14
VAWA376,37.09128916,-121.66419838,2021-07-20
SCRUZ161,37.0523798,-122.1915191,2021-06-04
SCRUZ162,37.05094109,-122.18794148,2021-06-04
CZPOFL33,37.1841622,-122.18535353,2021-05-30
SCRUZ022,37.04075308,-122.04965517,2020-11-13
SCRUZ023,36.95083638,-122.05721272,2020-11-24
CRTR0002,37.20488934,-121.70550622,2019-04-03
VAWA218,37.23450024,-121.89253355,2021-03-29
VAWA001,37.1833986,-121.77697818,2020-05-11
DEDW0030,37.46955152,-122.12468899,2017-01-27
DEDW0038,37.47006725,-122.12252303,2017-01-27
DEDW0040,37.47019849,-122.12198999,2017-01-27
DEDW0284,37.53657229,-122.20189198,2017-05-02
DEDWM061,37.46981394,-122.12361162,2017-01-27
DEDWM062,37.47029452,-122.12157045,2017-01-27
DEDWM063,37.4716909,-122.12755912,2017-01-17
DEDWM064,37.47217164,-122.12552923,2017-01-17
DEDWM065,37.47266135,-122.12349921,2017-01-17
VAWA056,37.2153808,-121.91305716,2020-06-10
VAWA057,37.20947456,-121.89817612,2020-06-10
VAWA058,37.21602812,-121.9079762,2020-06-10
VAWA020,37.2205696,-121.74927168,2020-05-20
DEDW0285,37.53640219,-122.20206357,2017-05-02
DEDW0307,37.50897207,-122.2192483,2017-05-17
DEDW0316,37.51010277,-122.21713198,2017-05-17
DEDW0319,37.51046757,-122.21641534,2017-05-17
DEDW0322,37.51106346,-122.21520973,2017-05-17
DEDW0332,37.51763346,-122.21103327,2017-05-17
DEDW0345,37.5159954,-122.21409442,2017-05-17
DEDW0348,37.51530091,-122.21538036,2017-05-17
DEDW0349,37.51511419,-122.21576704,2017-05-17
DEDW0351,37.51485575,-122.21621104,2017-05-17
VAWA185,37.31521873,-122.16038314,2020-09-22
VAWA183,37.32622554,-122.16819548,2020-09-17
VAWA184,37.31940869,-122.15134156,2020-09-22
SCRUZ003,37.05149558,-122.13720048,2020-10-11
VAWA186,37.29694717,-122.14018721,2020-09-22
VAWA187,37.30275691,-122.14709429,2020-09-22
VAWA070,37.2197186,-121.90937695,2020-06-22
VAWA071,37.22920482,-121.92856115,2020-06-22
VAWA161,37.13590539,-121.79099424,2020-08-31
VAWA162,37.12637547,-121.77408034,2020-08-31
VAWA164,37.33731373,-122.10896558,2020-09-01
VAWA165,37.33423002,-122.11724241,2020-09-01
VAWA166,37.33452191,-122.12865143,2020-09-01
VAWA188,37.283571,-122.07678429,2020-09-23
VAWA189,37.28505253,-122.07720614,2020-09-23
VAWA190,37.28813908,-122.07886064,2020-09-23
SPCCA-012,37.03949512,-121.16550864,2021-05-13
SPCCA-001,37.18466179,-121.38793467,2021-05-11
SCRUZ091,37.08130715,-122.05748263,2021-04-30
CRTR0047,37.20472197,-121.7042132,2019-04-23
SPCCB-153,37.06438733,-121.41519338,2021-05-26
SCRUZ040,37.05843504,-122.09636777,2021-02-12
SCRUZ117,36.90893247,-121.60185068,2021-05-19
SCRUZ118,36.90554089,-121.60432649,2021-05-19
SCRUZ095,37.0590259,-122.02847468,2021-05-10
SCRUZ096,37.05942055,-122.02831689,2021-05-10
SCRUZ097,37.03716434,-122.0469804,2021-05-11
SCRUZ006,37.08491904,-122.05839195,2020-10-20
DEDWM052,37.46402416,-122.1244029,2017-01-28
DEDWM053,37.46430368,-122.12320102,2017-01-29
DEDWM054,37.46487186,-122.12081973,2017-01-29
DEDWM055,37.46570235,-122.11736108,2017-01-28
DEDWM056,37.46577655,-122.12491394,2017-01-28
DEDWM057,37.46617014,-122.1232923,2017-01-28
DEDWM058,37.46661576,-122.12139864,2017-01-28
DEDWM059,37.4669131,-122.12017388,2017-01-28
DEDWM060,37.46916701,-122.1263219,2017-01-17
VAWA021,37.22046396,-121.75807598,2020-05-20
VAWA022,37.22089231,-121.75680661,2020-05-20
VAWA023,37.21852979,-121.75328388,2020-05-20
B_VAWA024,37.2194608,-121.75782193,2020-05-20
B_VAWA025,37.39880904,-121.73822619,2020-05-21
VAWA027,37.35781033,-122.18385879,2020-05-26
VAWA028,37.35290553,-122.18235373,2020-05-26
VAWA077,37.40814591,-121.73225064,2020-06-23
VAWA078,37.4026873,-121.75804586,2020-06-23
SPCCB-017,37.03786686,-121.20878859,2021-05-13
VAWA320,37.17071373,-121.78861062,2021-06-03
VAWA321,37.17321759,-121.78714176,2021-06-03
DEDWM187,37.50703264,-122.17913682,2018-01-11
DEDWM188,37.50845425,-122.18137283,2018-01-11
DEDWM046,37.46149654,-121.95633856,2017-11-22
DEDWM047,37.46189299,-121.95530409,2017-11-22
DEDWM048,37.46201003,-121.95630881,2017-11-22
DEDWM049,37.46088351,-122.01946347,2018-01-12
DEDWM050,37.46131075,-122.01772788,2018-01-12
DEDWM051,37.46374046,-121.99794176,2017-12-07
VAWA194,37.21793901,-122.00516989,2020-09-29
VAWA154,37.17139887,-121.87305922,2020-08-14
B_VAWA036,36.92478272,-121.61510691,2020-06-02
LOMA16,37.13218045,-121.8207085,2019-05-07
LOMA17,37.12485288,-121.827126,2019-05-07
VAWA029,37.35353389,-122.18067582,2020-05-26
VAWA030,37.20114402,-121.67777034,2020-05-27
VAWA275,37.04477876,-121.36741773,2021-05-13
VAWA170,37.28824374,-122.06234353,2020-09-03
VAWA171,37.32712835,-122.17613172,2020-09-08
VAWA172,37.3286057,-122.17600271,2020-09-08
VAWA173,37.33694242,-122.17976109,2020-09-08
B_VAWA174,37.33076358,-122.18041523,2020-09-08
VAWA175,37.32961533,-122.17990848,2020-09-08
VAWA181,37.30331668,-122.12866183,2020-09-17
VAWA182,37.31417104,-122.14373777,2020-09-17
SCRUZ010,37.05395939,-122.13789043,2020-10-22
SCRUZ013,37.00597671,-122.06120677,2020-10-29
VAWA264,37.14703481,-121.67558971,2021-05-05
VAWA266,37.1105045,-121.57260034,2021-05-06
VAWA267,37.10547309,-121.573135,2021-05-06
VAWA268,37.20120128,-121.8796601,2021-05-12
VAWA269,37.20714344,-121.89428846,2021-05-12
VAWA289,36.92940617,-121.5456773,2021-05-18
VAWA290,37.20345917,-121.8171543,2021-05-19
VAWA291,37.2077156,-121.79812416,2021-05-19
VAWA292,37.20366303,-121.80441444,2021-05-19
VAWA344,37.1040312,-121.58144738,2021-06-24
VAWA345,37.10506206,-121.57841953,2021-06-24
B_SCRUZ259,36.94975127,-122.06445324,2021-06-30
VAWA363,37.37102114,-121.92870776,2021-07-07
VAWA364,37.39716115,-121.94194023,2021-07-07
VAWA116,37.19737092,-121.97258328,2020-07-16
VAWA117,37.19640192,-121.9814527,2020-07-16
CZPOF203,37.2106004,-122.21129745,2021-06-16
CZPOF204,37.20371923,-122.2521614,2021-06-17
VAWA150,37.20619634,-121.97790657,2020-08-13
VAWA151,37.17819741,-121.90794653,2020-08-14
VAWA258,37.379109,-122.17762377,2021-04-30
VAWA259,37.37636611,-122.18049207,2021-04-30
VAWA260,37.1380005,-121.69162168,2021-05-05
VAWA261,37.13847439,-121.68895991,2021-05-05
VAWA262,37.13755794,-121.68778595,2021-05-05
VAWA263,37.14387653,-121.67694893,2021-05-05
VAWA270,37.21227569,-121.88876984,2021-05-12
VAWA271,37.18948471,-121.86160926,2021-05-12
VAWA272,37.18324231,-121.85620444,2021-05-12
SCRUZ009,37.09080246,-122.06137214,2020-10-23
SCRUZ154,37.0162239,-122.08129484,2021-06-02
VAWA397,36.97825207,-121.55904163,2021-07-29
VAWA398,36.97970477,-121.56139087,2021-07-29
VAWA399,36.96851106,-121.50991103,2021-07-29
VAWA400,36.96563549,-121.50873873,2021-07-29
VAWA036,36.92460855,-121.61485166,2020-06-02
LOMA14,37.13974278,-121.82069244,2019-05-07
LOMA15,37.13247276,-121.82109799,2019-05-07
VAWA176,37.31703351,-122.17103921,2020-09-08
VAWA177,37.36494404,-122.18181657,2020-05-12
VAWA178,37.36601818,-122.17943337,2020-05-12
VAWA179,37.28480053,-122.12350569,2020-09-17
VAWA180,37.28682026,-122.12481344,2020-09-17
CZPOF021,37.171227,-122.224367,2021-02-11
VAWA317,37.18796564,-121.81025589,2021-06-03
SCRUZ242,36.95185672,-122.034016,2021-06-28
SCRUZ243,36.95071503,-122.04409976,2021-06-28
SCRUZ244,36.94907202,-122.04937791,2021-06-28
SCRUZ086,37.07409471,-122.00194856,2021-04-27
SCRUZ087,37.07393539,-122.00247377,2021-04-27
VAWA354,37.12676759,-121.760782,2021-07-01
CRTR0045,37.20646489,-121.68732538,2019-04-22
CRTR0046,37.20742277,-121.71052267,2019-04-23
VAWA167,37.33920689,-122.12714103,2020-09-01
VAWA168,37.3328518,-122.09469381,2020-09-03
VAWA169,37.28190686,-122.06344867,2020-09-03
VAWA202,37.20364753,-121.89192792,2020-10-13
VAWA203,37.20249878,-121.88669366,2020-10-13
VAWA312,37.18802517,-121.6910021,2021-06-01
VAWA313,37.18759769,-121.69212269,2021-06-01
VAWA314,37.18693976,-121.69126938,2021-06-01
SCRUZL40,36.99869362,-122.12003415,2021-06-17
SCLAV005,37.10111657,-121.56445351,2021-04-28
SCRUZ041,37.0484634,-122.06602445,2021-02-12
VAWA219,37.23468597,-121.89493825,2021-03-29
SCRUZ045,37.0806173,-122.05925979,2021-02-17
B_VAWA064,37.1396011,-121.47740274,2020-06-16
VAWA310,37.31356163,-122.06430487,2021-05-28
VAWA311,37.32083705,-122.06060624,2021-05-28
SCRUZ143,37.18879347,-121.87157301,2021-05-28
SPCCA-011,37.03949318,-121.16324198,2021-05-13
VAWA192,37.2908459,-122.08502129,2020-09-23
VAWA193,37.21360193,-122.02449877,2020-09-29
VAWA273,37.18871298,-121.87130998,2021-05-12
SPCCA-152,37.12386766,-121.43026495,2021-05-26
VAWA159,37.14089018,-121.78396805,2020-08-31
VAWA160,37.13626984,-121.79049308,2020-08-31
CZPOF015,37.12957813,-122.26745889,2020-12-08
SPCCA-201,36.281071,-121.85365907,2021-06-22
SPCCA-202,36.25647495,-121.78387864,2021-06-23
SPCCB-178,36.81161168,-121.78935853,2021-06-04
SPCCB-180,36.79001122,-121.79203645,2021-06-04
SPCCB-181,36.78805384,-121.7928174,2021-06-04
SPCCB-182,36.77703705,-121.79612617,2021-06-07
SPCCB-252,36.17164371,-121.66721373,2021-07-01
SPCCB-003,37.23084571,-121.36288832,2021-05-11
SPCCB-004,37.23025565,-121.40392027,2021-05-11
SPCCB-034,37.21043697,-121.53074179,2021-05-24
SCRUZ046,37.08215651,-122.06286544,2021-02-17
SCRUZ047,37.00414243,-121.90655753,2021-02-23
SCRUZ183,37.0520602,-122.1874014,2021-06-11
SCRUZ184,37.02493123,-122.21624286,2021-06-11
VAWA333,37.16191879,-121.62040063,2021-06-11
VAWA120,37.21025035,-122.14234401,2020-07-20
VAWA121,37.21029073,-122.14294085,2020-07-20
VAWA122,37.23979709,-122.14851452,2020-07-20
VAWA123,37.22949043,-122.11118287,2020-07-21
VAWA124,37.23310199,-122.1216583,2020-07-21
SCRUZ014,36.95813036,-122.08452481,2020-11-10
CRTR0026,37.22014754,-121.74896493,2019-04-11
CRTR0027,37.2231232,-121.7507868,2019-04-12
CRTR0028,37.19121111,-121.66448206,2019-04-16
CRTR0029,37.19104852,-121.66445113,2019-04-16
VAWA325,37.13822396,-121.69866953,2021-06-09
VAWA326,37.14329696,-121.68180876,2021-06-09
VAWA327,37.13939329,-121.67410973,2021-06-09
SCRUZ081,37.14636001,-122.15496988,2021-04-21
SCRUZ134,36.96942978,-122.08609208,2021-05-25
SCRUZ135,36.97630213,-122.08643846,2021-05-25
SCLAV018,37.08642978,-121.23959045,2021-05-13
SCRUZ028,36.9937604,-122.03820121,2021-01-12
VAWA125,37.23425333,-122.1225468,2020-07-21
VAWA126,37.22782088,-122.11332167,2020-07-21
VAWA127,37.22677646,-122.10987334,2020-07-21
VAWA128,37.23973935,-122.14052181,2020-07-22
VAWA129,37.23954452,-122.12621719,2020-07-22
VAWA130,37.23674795,-122.11739964,2020-07-22
VAWA132,37.04397992,-121.20908419,2020-08-03
VAWA133,37.02894318,-121.20830198,2020-08-04
LOMA10,37.14160516,-121.81853553,2019-05-07
VAWA134,37.03857432,-121.2038707,2020-08-04
VAWA135,37.02883642,-121.20839443,2020-08-04
VAWA136,37.03904726,-121.20415188,2020-08-04
VAWA137,37.03768322,-121.22129589,2020-08-04
VAWA138,37.14544212,-121.77609215,2020-08-07
VAWA139,37.150673,-121.78426182,2020-08-07
VAWA140,37.14758743,-121.79811609,2020-08-07
VAWA141,37.14720168,-121.78591631,2020-08-07
VAWA142,37.14753712,-121.77646375,2020-08-07
VAWA143,37.22990709,-122.01461688,2020-08-12
VAWA144,37.21886085,-122.00010842,2020-08-12
VAWA145,37.23365657,-122.02329348,2020-08-12
VAWA146,37.22520234,-122.01250263,2020-08-12
VAWA147,37.19119782,-121.98528571,2020-08-13
VAWA148,37.19223038,-121.9827143,2020-08-13
CZPOF002,37.088167,-122.240505,2020-10-06
VAWA377,37.09156923,-121.63420453,2021-07-20
VAWA378,36.98354876,-121.52324109,2021-07-20
VAWA379,36.9709922,-121.5104781,2021-07-20
VAWA200,37.18253505,-121.87540596,2020-10-13
VAWA201,37.18263005,-121.87307261,2020-10-13
SCRUZ0000,37.23537532,-122.11921982,2021-06-16
SCRUZL38,37.2062376,-122.14385817,2021-06-14
SCRUZL39,37.20376289,-122.14431951,2021-06-15
CZPOF200,37.10584992,-122.27543904,2021-06-15
CZPOF201,37.18679175,-122.2141789,2021-06-16
VAWA227,37.21653745,-121.72077957,2021-04-08
VAWA228,37.21741466,-121.7182417,2021-04-08
VAWA229,37.21663501,-121.71716599,2021-04-08
VAWA296,37.39328702,-121.71305265,2021-05-20
VAWA297,37.39377827,-121.7123349,2021-05-20
SCRUZ007,37.09070444,-122.06068633,2020-10-20
SCRUZ008,37.09148177,-122.06164614,2020-10-20
SCRUZ155,37.01062282,-122.08775318,2021-06-02
SCRUZ157,37.0040866,-122.0903489,2021-06-03
LOMA11,37.14135506,-121.8187646,2019-05-07
VAWA230,37.21800477,-121.70878953,2021-04-08
VAWA231,37.20935339,-121.6997184,2021-04-08
SPCCB-253,36.17305155,-121.66552877,2021-07-01
SPCCB-254,36.3068945,-121.8979648,2021-07-06
SPCCB-255,36.30620984,-121.89845973,2021-07-06
SCRUZ104,37.07468613,-122.25392723,2021-05-16
SCRUZ105,37.0730292,-122.25747369,2021-05-16
B_SCRUZ379,36.97131454,-122.0235414,2021-07-26
SCRUZ264,36.95012162,-122.06720848,2021-07-01
SCRUZ265,37.04065939,-122.2268146,2021-07-01
SCRUZ249,36.90909641,-121.60223177,2021-06-29
SCRUZ250,36.90836957,-121.60262044,2021-06-29
CZPOFL35,37.16608734,-122.20937925,2021-06-01
VAWA409,37.45588232,-121.95195481,2021-08-06
SCRUZ302,36.97830259,-122.14737206,2021-06-18
VAWA256,37.1202878,-121.67142275,2021-04-29
CZPOF004,37.025544,-122.123223,2020-10-16
CZPOF005,37.146965,-122.195049,2020-10-20
SCRUZL32,37.01496134,-122.10509542,2021-05-28
SCRUZL36,37.03075254,-122.05300726,2021-05-29
SCRUZ142,37.19277735,-121.8746863,2021-05-28
CZPOF020,37.07336473,-122.14572148,2021-02-05
CZPOF025,37.104574,-122.283633,2021-02-26
SCLAV003,37.09782173,-121.56363066,2021-04-28
SPCCB-155,37.09412325,-121.43384817,2021-05-26
SCRUZ103,37.0623691,-122.25310189,2021-05-15
SCRUZ102,37.0591401,-122.24803789,2021-05-15
VAWA153,37.17458852,-121.88149378,2020-08-14
CRTR0048,37.20646069,-121.70660625,2019-04-23
CRTR0049,37.20777713,-121.68617575,2019-04-23
VAWA278,37.05495365,-121.38747315,2021-05-13
VAWA279,37.09279306,-121.72260447,2021-05-14
VAWA280,37.09161888,-121.72126828,2021-05-14
VAWA281,37.08997667,-121.72067291,2021-05-14
VAWA282,37.08772363,-121.72243816,2021-05-14
VAWA283,36.92985046,-121.5438636,2021-05-18
VAWA284,36.92950894,-121.54187806,2021-05-18
SCRUZ082,37.1462033,-122.15466237,2021-04-21
SCRUZ089,37.07143536,-121.99996666,2021-04-27
CZPOF024,37.103204,-122.27999,2021-02-26
CZPOF022,37.045247,-122.220463,2021-02-19
VAWA285,36.92920603,-121.54245124,2021-05-18
VAWA286,36.92774882,-121.54193135,2021-05-18
VAWA293,37.17142635,-121.82559911,2021-05-19
VAWA294,37.3837523,-121.73365332,2021-05-20
VAWA295,37.39270558,-121.71309157,2021-05-20
VAWA299,37.34969213,-121.72983804,2021-05-20
VAWA302,37.16798479,-121.66179464,2021-05-26
VAWA303,37.34675191,-121.71615649,2021-05-27
VAWA304,37.34702427,-121.71630087,2021-05-27
VAWA307,37.30536608,-122.07174113,2021-05-28
VAWA308,37.30497769,-122.07426205,2021-05-28
VAWA315,37.18793163,-121.69511902,2021-06-01
VAWA316,37.19393972,-121.71049068,2021-06-01
CZPOF006,37.13688176,-122.19089704,2020-10-28
CZPOF007,37.13962415,-122.19142351,2020-10-27
CZPOF008,37.08304952,-122.24234167,2020-11-20
CZPOF009,37.09061346,-122.23901842,2020-11-20
CZPOF010,37.06630044,-122.24527294,2020-12-07
CZPOF011,37.07027384,-122.25457315,2020-12-07
CZPOF013,37.12368416,-122.26663198,2020-12-08
CZPOF014,37.12774397,-122.26731063,2020-12-08
CZPOF001,37.073424,-122.202956,2020-10-05
CZPOF003,37.050854,-122.135855,2020-10-10
CZPOF016,37.16317488,-122.31093662,2021-01-15
CZPOF017,37.16059726,-122.30895492,2021-01-15
CZPOF018,37.07349902,-122.14654301,2021-02-05
CZPOF019,37.07498485,-122.14614536,2021-02-05
SCRUZ100,37.0583161,-122.24551989,2021-05-15
SCRUZ136,36.97795281,-122.08967817,2021-05-25
SCRUZ029,36.99257077,-122.0408839,2021-01-12
T0726210637,37.18449975,-122.00586462,2021-07-27
B_SCRUZ017,36.98163542,-121.90505102,2020-11-04
SCRUZ018,36.98891079,-122.0613435,2020-11-10
SCRUZ005,36.95858918,-122.082069,2020-11-10
SPCCB-158,37.07305823,-121.45728337,2021-05-27
B_SCRUZ069,36.96737304,-122.05416934,2021-03-24
SCRUZ140,37.03250216,-122.22466613,2021-05-26
SCRUZ141,37.03315919,-122.22480343,2021-05-26
SCRUZ151,37.01618349,-122.07721766,2021-06-02
SCRUZ153,37.01629557,-122.08109676,2021-06-02
SCRUZ156,37.00983208,-122.08885305,2021-06-02
SCRUZ152,37.01668926,-122.08129811,2021-06-02
SCRUZ158,37.0023757,-122.09229969,2021-06-03
SCRUZ159,36.99924875,-122.09278592,2021-06-03
SCRUZ160,36.99809146,-122.09295842,2021-06-03
CZPOFL34,37.18722897,-122.19126722,2021-05-31
SCRUZ110,37.07042216,-122.0639966,2021-05-18
SCRUZ111,37.07066771,-122.06428745,2021-05-18
SCRUZ112,37.07104691,-122.06492506,2021-05-18
SCRUZ113,37.0711249,-122.06505306,2021-05-18
SCRUZ114,36.90972575,-121.60537763,2021-05-19
SCRUZ115,36.91024149,-121.60242386,2021-05-19
SCRUZ116,36.90976583,-121.60243369,2021-05-19
SCRUZ106,37.07059625,-122.25590319,2021-05-16
SCRUZ107,37.07545542,-122.25210022,2021-05-17
SCRUZ126,37.07506684,-122.25338039,2021-05-22
SCRUZ127,37.07332717,-122.25629017,2021-05-22
SCRUZ128,37.07332705,-122.25632152,2021-05-22
SCRUZ129,37.05812837,-122.24935936,2021-05-22
SCRUZ130,37.08059567,-122.24514836,2021-05-23
SCRUZ131,37.06339378,-122.21936228,2021-05-23
SCRUZ119,37.03586531,-122.2279028,2021-05-21
SCRUZ120,37.03676146,-122.22716055,2021-05-21
SCRUZ121,37.03763313,-122.22769314,2021-05-21
SCRUZ122,37.03726038,-122.22740362,2021-05-21
SCRUZ123,37.03879311,-122.22767889,2021-05-21
SCRUZ124,37.03824669,-122.227397,2021-05-21
SCRUZ101,37.0584331,-122.24601889,2021-05-15
SCRUZ132,36.96483361,-122.08736061,2021-05-25
SCRUZL35,37.01081858,-122.05492412,2021-05-27
SCRUZ146,36.98128919,-122.06966729,2021-06-01
SPCCA-199,36.282083,-121.85726582,2021-06-22
SPCCA-200,36.28382452,-121.84820539,2021-06-22
R0513211139,37.09446312,-121.23522591,2021-05-13
R051321112,37.09287634,-121.20472207,2021-05-13
R051321207,37.08723967,-121.19009087,2021-05-13
SCPOF020,37.15190221,-121.38691334,2021-05-14
SCLAV011,37.34649107,-121.62990418,2021-04-27
SCRUZL33,37.23345046,-122.14687817,2021-05-13
SCRUZ038,37.05679161,-122.08391791,2021-02-09
SCRUZ039,37.05329424,-122.08133311,2021-02-09
VAWA339,37.08677687,-121.79624702,2021-06-22
CRTR0030,37.19096396,-121.6625486,2019-04-16
CRTR0031,37.1922897,-121.68191502,2019-04-16
SCRUZ020,37.03699304,-122.04400032,2020-11-13
SCRUZ021,37.03580968,-122.04752675,2020-11-13
CRTR0006,37.20011693,-121.69607772,2019-04-04
CRTR0007,37.19961256,-121.69693147,2019-04-04
CRTR0008,37.2003788,-121.69285061,2019-04-04
CRTR0009,37.19994635,-121.69123552,2019-04-04
CRTR0010,37.18784865,-121.67568329,2019-04-08
CRTR0011,37.20718969,-121.71063933,2019-04-08
CRTR0012,37.20712268,-121.71027986,2019-04-08
CRTR0013,37.20615412,-121.70990194,2019-04-08
CRTR0014,37.20555492,-121.70950647,2019-04-08
CRTR0015,37.20590724,-121.70957936,2019-04-08
CRTR0016,37.20486449,-121.70653208,2019-04-08
CRTR0017,37.2033349,-121.70348195,2019-04-08
CRTR0018,37.21916756,-121.71137091,2019-04-09
R051221155,37.18935782,-121.86137743,2021-05-12
SCRUZ069,36.96739942,-122.053959,2021-03-24
B_SCRUZ072,37.01497228,-122.177736,2021-04-14
SCRUZ016,36.9565694,-122.08251198,2020-11-10
SCRUZ001,37.0116283,-122.06869327,2020-09-30
SCRUZ002,37.0176429,-122.0803267,2020-09-30
SCRUZ024,36.97264067,-122.06969063,2021-01-05
SCRUZ025,36.97378583,-122.06597347,2021-01-05
SCRUZ538,36.97527043,-121.99886216,2021-06-23
HETHBB01,37.16681743,-122.21455989,2021-06-06
SCRUZ221,36.96104854,-121.99225298,2021-06-23
SCRUZ222,36.96048502,-121.99239803,2021-06-23
SCRUZ337,37.06856318,-122.05632505,2021-07-14
SCRUZ338,37.06811351,-122.05411183,2021-07-14
SCRUZ339,37.07744702,-122.0529396,2021-07-14
SPCCB-065B,37.88347147,-121.96129734,2021-05-19
CVPA8062,36.39649583,-120.54016758,2021-03-18
CVPA8205,36.39731555,-120.53054287,2021-04-20
SCRUZ336,37.06874759,-122.05688625,2021-07-14
SCRUZ340,37.05130318,-122.07110747,2021-07-14
SCRUZ085,37.05736068,-122.04658043,2021-04-23
SCRUZ083,37.05821518,-122.04849687,2021-04-23
SCRUZ084,37.05764273,-122.04798189,2021-04-23
SCRUZ056,37.02411008,-121.79625296,2021-03-12
SCRUZ088,37.07161785,-121.99930561,2021-04-27
SCRUZ305,36.97762623,-122.15339543,2021-06-21
SCRUZ306,36.97778136,-122.15344969,2021-06-21
SCRUZ307,36.97831306,-122.15384716,2021-06-21
SCRUZ365,36.99961625,-122.18059626,2021-07-23
SCRUZ366,36.96757191,-122.12299651,2021-07-23
SCRUZ004,37.02578732,-122.12413743,2020-10-18
SCRUZ019,37.04112808,-122.05039211,2020-11-13
LOMA06,37.14155262,-121.80341521,2019-05-06
LOMA07,37.14092574,-121.80381916,2019-05-06
LOMA08,37.14185861,-121.80515558,2019-05-06
LOMA09,37.14197809,-121.81706602,2019-05-07
LOMA12,37.14027254,-121.81958083,2019-05-07
LOMA13,37.14046953,-121.82035465,2019-05-07
LOMA21,37.12082299,-121.8307001,2019-05-14
LOMA22,37.12100546,-121.83092242,2019-05-14
LOMA23,37.11985351,-121.82381507,2019-05-05
LOMA24,37.11790346,-121.82714317,2019-05-05
SCRUZ182,37.04365967,-122.1894829,2021-06-11
VAWA346,36.90897808,-121.60221259,2021-06-29
SCRUZ050,37.02552317,-121.90371244,2021-02-23
SCRUZ999,37.44942914,-121.77997631,2021-09-23
SCRUZ932,37.3086384,-121.67820864,2021-09-04
SPCCA-189,36.55817738,-121.90533725,2021-06-16
SPCCA-212,36.17570302,-121.69483629,2021-06-30
SCRUZ048,37.01589154,-121.90554842,2021-02-23
SCRUZ049,37.02266014,-121.9044109,2021-02-23
SCRUZ298,37.041513,-122.045888,2021-07-12
SCRUZ065,36.99564513,-121.9904538,2021-03-23
SCRUZ066,36.99727492,-121.9955936,2021-03-23
VAWA383,37.27489198,-121.94749484,2021-07-23
VAWA384,37.29953918,-121.9243228,2021-07-23
SCRUZ109,37.10672501,-121.99054523,2021-05-17
SCRUZ147,36.9808347,-122.06848045,2021-06-01
SCRUZ148,36.98081296,-122.06870965,2021-06-01
SCRUZ149,36.98076898,-122.06900627,2021-06-01
SCRUZ150,36.98132225,-122.06733462,2021-06-01
SCRUZ138,37.08064597,-122.26715786,2021-05-26
VAWA322,36.99171433,-121.57495544,2021-06-08
VAWA323,37.00230955,-121.593307,2021-06-08
VAWA324,37.00499035,-121.59938486,2021-06-08
LOMA01,37.13683118,-121.79115026,2019-05-06
LOMA02,37.13229582,-121.8025478,2019-05-06
LOMA03,37.13423353,-121.80341791,2019-05-06
LOMA04,37.14179966,-121.80110317,2019-05-06
VAWA369,37.00943998,-121.69126581,2021-07-09
SCRUZ241,37.03168488,-122.21915282,2021-06-25
B_SCRUZ011,37.08834271,-122.06669222,2020-10-23
SCRUZ012,37.08749999,-122.06673186,2020-10-23
B_SCRUZ015,36.95815882,-122.0845435,2020-11-10
SCRUZ026,37.0049671,-122.06119826,2021-01-08
SCRUZ027,37.00505786,-122.05711316,2021-01-08
VAWA370,37.27812011,-122.11247017,2021-07-13
VAWA371,37.28363365,-122.07569526,2021-07-13
VAWA372,37.29321406,-122.04409286,2021-07-13
VAWA373,37.27581441,-122.04195316,2021-07-13
VAWA374,37.26509598,-122.02612558,2021-07-13
VAWA375,37.11556461,-121.69284467,2021-07-20
SCRUZ036,37.03644605,-122.05152715,2021-02-01
SCRUZ037,37.0382485,-122.04819401,2021-02-03
B_SCRUZ042,37.04707966,-122.06885014,2021-02-12
SCRUZ043,37.04633239,-122.07147428,2021-02-13
SCRUZ044,37.08437238,-122.06201021,2021-02-16
SCRUZ179,37.03652797,-122.18805245,2021-06-11
SCRUZ180,37.04036812,-122.18579912,2021-06-11
SCRUZL31,37.05408944,-122.0813515,2021-04-28
SCRUZ248,36.90884122,-121.60239886,2021-06-29
SCLAR801,37.17047186,-121.43148553,2021-05-06
SCRUZ530,36.99087858,-122.09854142,2021-08-02
SCRUZ273,37.04353571,-122.22810247,2021-07-01
SCRUZ274,37.04356927,-122.22845306,2021-07-01
B_SCRUZ051,37.12992267,-122.04983815,2021-02-24
SCRUZ052,37.06794036,-122.05468842,2021-03-02
SCRUZ246,36.95126921,-122.05874604,2021-06-28
B_SCRUZ053,37.0667031,-122.05170595,2021-03-02
SCRUZ054,37.16375449,-122.1272389,2021-03-03
SCRUZ055,37.16059504,-122.12696524,2021-03-03
SCRUZ057,37.10934797,-122.02959918,2021-03-15
SCRUZ058,37.11034228,-122.02978602,2021-03-15
LOMA05,37.14171373,-121.8024106,2019-05-06
LOMA25,37.11289225,-121.82901002,2019-05-05
LOMA26,37.11199791,-121.82880995,2019-05-05
LOMA27,37.0971319,-121.84141678,2019-05-15
LOMA28,37.0931047,-121.83517693,2019-05-15
LOMA29,37.09254626,-121.83338516,2019-05-15
LOMA30,37.09030028,-121.83048291,2019-05-15
CRTR0000,37.21991487,-121.75339819,2019-04-01
CRTR0001,37.21844312,-121.74973694,2019-04-01
CRTR0019,37.22586668,-121.70908149,2019-04-09
CRTR0020,37.2194041,-121.75026207,2019-04-11
CRTR0021,37.21947207,-121.75157962,2019-04-11
CRTR0022,37.22052086,-121.75017602,2019-04-11
CRTR0023,37.21657779,-121.75063554,2019-04-11
CRTR0024,37.22293314,-121.75585073,2019-04-11
CRTR0025,37.2237306,-121.7536848,2019-04-11
SCRUZ371,36.96698825,-122.12334289,2021-07-23
SCRUZ620,37.18117094,-122.00955027,2021-07-26
T0726210438,37.18229002,-122.00911267,2021-07-26
T0726210506,37.18307938,-122.00841955,2021-07-27
SCRUZ383,37.24556095,-122.10905211,2021-07-27
SCRUZ072,37.01580239,-122.17694206,2021-04-14
B_SCRUZ125,37.03853792,-122.2272851,2021-05-21
VAWA328,37.13912223,-121.67397175,2021-06-09
VAWA329,37.13660454,-121.67849457,2021-06-09
VAWA330,37.13692555,-121.67632724,2021-06-09
SCRUZ174,37.07856705,-122.07182376,2021-06-09
SCRUZ175,37.07878096,-122.07261377,2021-06-09
SCRUZ176,37.0777154,-122.0726235,2021-06-09
SCRUZ177,37.19868751,-122.08036856,2021-06-10
SCRUZ178,37.02675648,-122.19915262,2021-06-11
SCRUZ181,37.04175808,-122.18974202,2021-06-11
SCRUZ312,36.97980437,-122.15443012,2021-06-22
SCRUZ218,36.97990743,-122.15479482,2021-06-22
SCRUZ206,36.96417708,-122.03079251,2021-06-18
SCRUZ309,36.97659193,-122.15213931,2021-06-22
SCRUZ308,36.97680051,-122.15293823,2021-06-22
SCRUZ213,36.97671241,-122.15235845,2021-06-22
SCRUZ310,36.9779982,-122.15341977,2021-06-22
SCRUZ259,36.94966999,-122.06666736,2021-06-30
SCRUZ067,37.00102632,-121.99205577,2021-03-23
B_SCRUZ068,36.97100754,-122.05653885,2021-03-24
SCRUZ247,36.95139615,-122.05840302,2021-06-28
CZPOFL30,37.08064901,-122.13361424,2021-03-30
CZPOFL31,37.08067973,-122.13137292,2021-04-01
SCRUZ070,37.04903436,-122.13921805,2021-04-01
SCRUZ071,37.07891842,-121.88197362,2021-04-02
SCRUZ076,37.01256938,-122.08495384,2021-04-13
SCRUZ125,37.03846711,-122.22700466,2021-05-21
B_SCRUZ139,37.03145486,-122.22573778,2021-05-26
SCRUZ073,37.03007798,-122.16963329,2021-04-14
SCRUZ074,37.14648179,-122.15575776,2021-04-16
SCRUZ075,37.14660126,-122.15567975,2021-04-16
SCRUZ077,37.04244924,-122.13324637,2021-04-20
SCRUZ078,37.04487347,-122.14012841,2021-04-20
SCRUZ079,37.04599797,-122.14199447,2021-04-20
SCRUZ080,37.04814201,-122.13692397,2021-04-20
SCRUZ092,37.08157491,-122.05847913,2021-04-30
SCRUZ093,37.08124345,-122.05878155,2021-04-30
SCRUZ094,37.08197189,-122.06001378,2021-04-30
SCRUZ165,36.97936562,-121.92438449,2021-06-07
SCRUZ133,36.96727316,-122.08697961,2021-05-25
SCRUZ166,36.99130725,-122.06018572,2021-06-08
SCRUZ167,36.99415438,-122.06887962,2021-06-08
SCRUZ168,36.99422905,-122.06892556,2021-06-08
SCRUZ169,36.99428345,-122.06846992,2021-06-08
SCRUZ251,36.90720704,-121.6033557,2021-06-29
SCRUZ252,36.90391237,-121.60605116,2021-06-29
SCRUZ253,36.90563259,-121.60463914,2021-06-29
SCRUZ254,36.9085457,-121.60310196,2021-06-29
SCRUZ255,36.90960502,-121.60248323,2021-06-29
SCRUZ256,36.95233267,-122.06628188,2021-06-30
SCRUZ257,36.94947379,-122.06714347,2021-06-30
SCRUZ258,36.95563727,-122.06454566,2021-06-30
SCRUZ139,37.03155172,-122.22567763,2021-05-26
SCRUZ260,36.94920468,-122.06676014,2021-06-30
SCRUZ261,36.95015135,-122.06669345,2021-06-30
SCRUZ370,36.96696235,-122.12321166,2021-07-23
SCRUZ384,37.24722423,-122.10901385,2021-07-27
SCRUZ385,37.25064618,-122.10453565,2021-07-27
SCRUZ388,37.24391371,-122.10851855,2021-07-27
B_SCRUZ374,36.90887855,-121.76995531,2021-07-26
T0727210931,37.24078192,-122.06682754,2021-07-27
T0727211027,37.24266485,-122.06806541,2021-07-27
R0727211114,37.248191,-122.0664104,2021-07-27
SCRUZ622,37.20181556,-121.98631086,2021-07-27
SCRUZL30,37.02022567,-122.08597227,2021-04-29
SCPOF002,37.2429534,-121.44947753,2021-05-03
VAWA347,36.90441984,-121.60560278,2021-06-29
VAWA351,37.12561558,-121.56001631,2021-06-30
VAWA352,37.14790186,-121.7424781,2021-07-01
VAWA353,37.1480008,-121.74266373,2021-07-01
CRTR0050,37.2092302,-121.68878754,2019-04-23
CRTR0051,37.19790573,-121.67389636,2019-04-23
CRTR0052,37.19679181,-121.67423133,2019-04-23
CRTR0053,37.18816331,-121.6756102,2019-04-24
CRTR0054,37.18848866,-121.67649453,2019-04-24
CRTR0055,37.19220975,-121.66671778,2019-04-25
CRTR0056,37.19273434,-121.66607763,2019-04-25
CRTR0057,37.19042326,-121.66255813,2019-05-10
VAWA355,37.12645625,-121.76100193,2021-07-01
VAWA356,37.11561828,-121.75481332,2021-07-01
VAWA357,37.08636889,-121.79418916,2021-07-06
VAWA358,37.08694471,-121.79750918,2021-07-06
VAWA359,37.08777346,-121.80015268,2021-07-06
SCRUZ303,36.97832666,-122.14740404,2021-06-18
SCRUZ304,36.97744311,-122.15327225,2021-06-21
SCRUZ423,36.86821604,-121.81759167,2021-08-03
VAWA360,37.12604624,-121.73200404,2021-07-06
VAWA392,37.44155877,-122.11061303,2021-07-27
VAWA393,37.43160607,-122.18950996,2021-07-28
VAWA394,37.40466618,-122.15229062,2021-07-28
VAWA395,37.3622457,-122.18098385,2021-07-28
VAWA396,37.36263855,-122.1781218,2021-07-28
SCRUZ419,37.0474505,-121.88234042,2021-07-29
SCRUZ262,36.95485664,-122.06485697,2021-07-01
SCRUZ263,36.95024476,-122.06706071,2021-07-01
SCRUZ267,37.04041312,-122.22832996,2021-07-01
SCRUZ960,37.08033423,-122.2436925,2021-09-17
SCRUZ920,37.08492938,-121.92391155,2021-08-27
SCRUZ921,37.22538841,-122.15059371,2021-08-30
SCRUZ922,37.24544816,-122.11075537,2021-08-30
SCRUZ503,37.22811969,-122.10675643,2021-08-19
SCRUZ504,37.22892724,-122.10834237,2021-08-19
SPCCA-158,36.89293509,-121.83631786,2021-06-02
SCRUZ194,36.96318473,-122.00385035,2021-06-15
VAWA361,37.12549375,-121.72862053,2021-07-06
VAWA362,37.36649129,-121.92320024,2021-07-07
SCRUZ215,36.97842563,-122.15392042,2021-06-22
SCRUZ311,36.97903169,-122.15391053,2021-06-22
VAWA412,37.00432507,-121.68208528,2021-08-05
SCRUZ991,37.01987068,-121.46798868,2021-09-24
SCRUZ277,37.02247999,-122.08455349,2021-07-05
SCRUZ278,37.02235708,-122.08440246,2021-07-05
SCRUZ279,37.07713874,-122.07407877,2021-07-06
SCRUZ280,37.0777767,-122.07390657,2021-07-06
SCRUZ281,37.07780279,-122.07348657,2021-07-06
SCRUZ188,37.01269445,-122.19898581,2021-06-11
SCRUZ621,37.24129403,-122.06804998,2021-07-27
SCRUZ207,36.95439226,-122.02612428,2021-06-18
SCRUZ373,36.9084806,-121.77023105,2021-07-26
SCRUZ375,36.9089957,-121.76965991,2021-07-26
VAWA365,37.40804792,-121.92304227,2021-07-07
VAWA366,37.01950573,-121.68767076,2021-07-09
VAWA367,37.02340617,-121.69770972,2021-07-09
VAWA368,37.01936201,-121.69419183,2021-07-09
VAWA381,37.29716208,-121.79816773,2021-07-22
VAWA382,37.26339224,-121.95151025,2021-07-23
VAWA385,37.45862106,-122.10764268,2021-07-27
VAWA386,37.45906641,-122.10699637,2021-07-27
VAWA387,37.45880835,-122.10671596,2021-07-27
SCRUZ300,36.99506006,-122.04214952,2021-06-17
SCRUZ317,37.0703342,-122.06693271,2021-07-06
SCRUZ318,37.07061951,-122.06617908,2021-07-06
SCRUZ533,36.95221244,-122.08219967,2021-08-03
SCRUZ428,36.91164913,-121.80173001,2021-08-03
SCRUZ429,36.91157311,-121.80151803,2021-08-03
SCRUZ534,36.9549241,-122.09124468,2021-08-03
SCRUZ430,36.91157259,-121.80110709,2021-08-03
SCRUZ431,36.89868094,-121.80626898,2021-08-03
SCRUZ992,37.02021085,-121.46757278,2021-09-24
SPCCB-216,36.62011064,-121.94056851,2021-06-14
SPCCB-211,36.62686799,-121.939484,2021-06-11
SPCCB-212,36.62586754,-121.93924683,2021-06-14
PRRP005,37.60450137,-121.90376067,2021-04-22
PRRP006,37.61796468,-121.89579008,2021-04-23
PRRP007,37.59626147,-121.89967908,2021-04-23
PRRP008,37.61964717,-121.88779947,2021-04-21
SPCCB-244,36.27297607,-121.84070059,2021-06-29
VAWA388,37.45806903,-122.10979745,2021-07-27
VAWA389,37.44679431,-122.11443305,2021-07-27
VAWA390,37.44760063,-122.11451054,2021-07-27
VAWA391,37.44744072,-122.1150594,2021-07-27
B_VAWA153,37.17454611,-121.88183231,2020-08-14
VAWA174,37.33076358,-122.18041523,2020-09-08
B_VAWA207,37.04340986,-121.39733341,2020-10-15
SCRUZ301,36.97791325,-122.14718866,2021-06-18
SCRUZ343,36.98317553,-122.15448974,2021-07-15
SCRUZ344,36.98220921,-122.15460667,2021-07-15
SCRUZ345,36.98186973,-122.15471757,2021-07-15
SCRUZ347,36.98350449,-122.15526158,2021-07-15
SCRUZ348,37.05047917,-122.13865082,2021-07-16
SCRUZ438,36.9165153,-121.82231022,2021-08-04
SCRUZ374,36.9089922,-121.7700362,2021-07-26
SCRUZ266,37.04206589,-122.22614279,2021-07-01
VAWA407,37.4520506,-121.92595056,2021-08-06
VAWA408,37.45480161,-121.95005362,2021-08-06
SCRUZ208,37.0076561,-122.17544791,2021-06-18
SCRUZ210,36.97693849,-122.15287423,2021-06-22
SCRUZ211,36.97657112,-122.15218231,2021-06-22
SCRUZ212,36.97654551,-122.15161399,2021-06-22
SCRUZ214,36.97773839,-122.15330686,2021-06-22
SCRUZ216,36.97905453,-122.15373341,2021-06-22
SCRUZ217,36.97978907,-122.1541494,2021-06-22
SCLAR802,37.18539026,-121.43274097,2021-05-08
SCPOF056,37.17197238,-121.41084325,2021-05-08
SCPOF057,37.19801407,-121.41328088,2021-05-08
SCLAV016,37.3898033,-121.73270658,2021-05-10
SCLAV017,37.39360466,-121.72829008,2021-05-10
R051021549,37.39285607,-121.71365955,2021-05-11
R051021624,37.38984839,-121.7327153,2021-05-11
CZPOFL32,37.02201684,-122.10728879,2021-05-10
SCRUZ170,37.00242102,-122.05604699,2021-06-08
SCRUZ171,37.00427561,-122.05687481,2021-06-08
SCRUZ173,36.98510968,-122.0527282,2021-06-08
SCRUZ199,36.95675261,-121.97778015,2021-06-15
SCRUZ200,36.96263606,-121.97998217,2021-06-15
SCRUZ408,37.05739143,-121.88859575,2021-07-28
SCRUZ409,37.060805,-121.87612318,2021-07-28
SCRUZ410,37.06286486,-121.87467417,2021-07-28
SCRUZ390,37.01581529,-122.18895324,2021-07-28
SCRUZ391,37.01490309,-122.18952917,2021-07-28
SCRUZ386,37.25054894,-122.10431671,2021-07-27
SCRUZ403,36.95791187,-121.86742173,2021-07-29
B_SCRUZ398,36.95266317,-121.88068752,2021-07-29
SCRUZ414,37.01760869,-121.90509743,2021-07-29
SCRUZ415,37.03444832,-121.89370033,2021-07-29
SCRUZ416,37.03576357,-121.8959106,2021-07-29
SCRUZ417,37.03551739,-121.89765298,2021-07-29
SCRUZ418,37.04580014,-121.88909808,2021-07-29
B_SCRUZ436,36.94107219,-121.84033607,2021-08-04
SCRUZ934,37.29437738,-122.08008329,2021-09-21
SCRUZ963,37.29334276,-122.08086507,2021-09-21
SCRUZ939,37.16159852,-121.84169898,2021-09-21
SCRUZ940,37.16196947,-121.84115788,2021-09-21
SCRUZ941,37.1855821,-121.77385538,2021-09-22
SCRUZ942,37.07850407,-121.7045477,2021-09-22
SCRUZ943,37.07905248,-121.70567574,2021-09-22
SCRUZ945,37.06444327,-121.52311599,2021-09-22
SCRUZ436,36.9411348,-121.84070439,2021-08-04
SCRUZ459,36.90378689,-121.79158031,2021-08-06
SCRUZ946,37.06406311,-121.52283637,2021-09-22
SCRUZ948,37.44479656,-121.7688463,2021-09-23
SPCCA-213,36.17564831,-121.69683815,2021-06-30
CVPA8004,36.55236635,-120.73541875,2021-03-17
SPCCA-169,36.79063731,-121.79233261,2021-06-03
SPCCA-170,36.69474304,-121.80904897,2021-06-07
SPCCB-191,36.64665295,-121.82440262,2021-06-08
SPCCB-195,36.65976971,-121.82088789,2021-06-08
SPCCB-196,36.66265965,-121.81796318,2021-06-09
EDGW61,37.45895686,-122.28782575,2019-04-15
EDGW62,37.45908168,-122.28759842,2019-04-15
EDGW63,37.45910038,-122.28771131,2019-04-15
EDGW64,37.4589824,-122.28757675,2019-04-15
EDGW65,37.45928891,-122.28758515,2019-04-15
EDGW66,37.45876582,-122.28604104,2019-04-15
EDGW67,37.45823643,-122.2849493,2019-04-15
EDGW68,37.45827426,-122.28524292,2019-04-15
EDGW69,37.45828804,-122.28454176,2019-04-15
SCRUZ494,37.13792187,-122.19246637,2021-08-18
SCRUZ495,37.19479869,-121.99428346,2021-08-19
SCRUZ496,37.19498409,-121.9975175,2021-08-19
SCRUZ497,37.23224601,-122.09780004,2021-08-19
SCRUZ498,37.23106127,-122.09996963,2021-08-19
SCRUZ499,37.22987691,-122.10074173,2021-08-19
SPCCB-067,37.88576878,-121.95964476,2021-05-19
SPCCB-069,37.88536511,-121.9509596,2021-05-19
SCRUZ918,37.0771006,-121.92559422,2021-08-27
SCRUZ919,37.08332341,-121.92161248,2021-08-27
CVPA8221,36.39661183,-120.55194781,2021-04-23
CVPA8061,36.39786805,-120.54684692,2021-03-18
PAPR0030,36.59285132,-120.76396696,2020-04-15
SCRUZ313,36.99282427,-122.0402686,2021-06-23
SCRUZ314,36.99354985,-122.04071831,2021-06-23
SCRUZ315,37.00021685,-122.04121887,2021-06-23
SCRUZ316,36.99092397,-122.04855254,2021-06-23
SCRUZ223,36.96072214,-121.99222631,2021-06-23
SCRUZ224,36.96876008,-121.99053899,2021-06-23
SCRUZ225,36.97014805,-122.01513487,2021-06-23
SCRUZ226,36.97057678,-122.01515637,2021-06-23
SCRUZ229,36.98654999,-122.04661724,2021-06-24
SCRUZ230,36.99389606,-122.04893299,2021-06-24
SCRUZ231,36.99762898,-122.04645614,2021-06-24
SCRUZ232,36.99379187,-122.04092945,2021-06-24
R0511211125,37.15896475,-121.89098818,2021-05-11
R0511211249,37.15912053,-121.89904034,2021-05-11
R051121150,37.14228406,-121.89068588,2021-05-11
R051121153,37.14236859,-121.89121206,2021-05-11
R051121220,37.12300974,-121.86767309,2021-05-11
R051121333,37.10450569,-121.84701682,2021-05-11
R051121440,37.13574345,-121.90259645,2021-05-11
SCRUZ434,36.94762958,-121.84211087,2021-08-04
R0727210152,37.1989992,-121.98007623,2021-07-27
SCRUZ460,36.90466482,-121.79116286,2021-08-06
B_SCRUZ435,36.94789741,-121.84225524,2021-08-04
SCRUZ435,36.94758781,-121.84244842,2021-08-04
PWPOF002,38.007073,-122.798124,2020-11-30
B_SCRUZ378,36.97567025,-122.02337962,2021-07-26
B_SCRUZ046,37.08197305,-122.06288854,2021-02-17
B_SCRUZ138,37.08057763,-122.26718084,2021-05-26
B_SCRUZ482,37.08334977,-121.79385309,2021-08-12
SCRUZ233,36.98034702,-122.14765111,2021-06-25
SCRUZ234,36.9781414,-122.14743232,2021-06-25
SCRUZ237,36.97929806,-122.15199822,2021-06-25
SCRUZ238,36.97890667,-122.15132727,2021-06-25
SCRUZ239,37.03167357,-122.21920574,2021-06-25
SCRUZ235,36.97803059,-122.14705095,2021-06-25
SCRUZ236,36.98009529,-122.15038306,2021-06-25
SCRUZ240,37.03168043,-122.21920118,2021-06-25
SCRUZ030,36.99130267,-122.04562347,2021-01-12
SCRUZ032,36.89537819,-121.83783857,2021-01-19
B_SCRUZ031,36.96179408,-121.77469797,2021-01-19
B_SCRUZ033,36.99828858,-121.98686746,2021-01-29
SCRUZ059,37.11071332,-122.0290552,2021-03-15
SCRUZ060,37.10989892,-122.02955987,2021-03-15
SCRUZ061,37.00234031,-122.06666523,2021-03-17
SCRUZ062,37.0020561,-122.06591692,2021-03-17
SCRUZ630,37.21391564,-122.02541377,2021-07-27
T0727210511,37.2036354,-122.01378489,2021-07-28
T0727210535,37.2029125,-122.0104369,2021-07-28
SCRUZ466,36.90196338,-121.79309062,2021-08-06
VAWA421,37.43693581,-122.02834734,2021-09-22
VAWA422,37.44627127,-122.03401641,2021-09-22
SCRUZ967,37.07958154,-121.70644503,2021-09-22
SCRUZ552,37.31968835,-121.69247254,2021-09-02
SPCCA-188,36.55558433,-121.90457718,2021-06-16
SCRUZ405,37.04480725,-121.89314268,2021-07-26
VAWA413,37.35009202,-122.1654647,2021-08-18
VAWA414,37.35072502,-122.16804432,2021-08-18
VAWA415,37.34652864,-122.15893251,2021-08-18
VAWA416,37.34600976,-122.15663419,2021-08-18
VAWA417,37.44675482,-122.08873598,2021-09-22
VAWA418,37.44645931,-122.06499456,2021-09-22
SCRUZ327,37.06873208,-122.0536567,2021-07-13
SCRUZ328,37.06820846,-122.05350234,2021-07-13
SCRUZ329,37.06979014,-122.05210416,2021-07-13
SCRUZ330,37.06659147,-122.05110934,2021-07-13
SCRUZ331,37.06706921,-122.05076228,2021-07-13
SCRUZ332,37.07106303,-122.06125853,2021-07-14
SCRUZ333,37.06979112,-122.06216639,2021-07-14
SCRUZ334,37.06994714,-122.06185523,2021-07-14
SCRUZ335,37.06931121,-122.06131592,2021-07-14
B_SCRUZ296,37.19597011,-122.08418971,2021-07-12
SCRUZ350,37.04501499,-122.13743302,2021-07-16
SCRUZ484,37.08441976,-121.79405585,2021-08-12
SCRUZ485,37.0858812,-121.79622462,2021-08-12
EDGW22,37.46765045,-122.2885801,2018-04-15
EDGW23,37.46753219,-122.28840029,2018-04-15
EDGW24,37.46810583,-122.28786335,2018-04-15
EDGW25,37.46805523,-122.28545513,2018-04-15
EDGW34,37.46797247,-122.28518452,2018-04-15
EDGW35,37.46744767,-122.28485027,2018-04-15
EDGW36,37.46781762,-122.2864073,2018-04-15
EDGW37,37.46769915,-122.28768627,2018-04-15
EDGW38,37.46743005,-122.28790369,2018-04-15
EDGW39,37.46922548,-122.28819199,2018-04-15
SCRUZ286,37.07606678,-122.06254754,2021-07-07
SCRUZ445,36.92139872,-121.80287065,2021-08-05
SCRUZ446,36.92086771,-121.80258212,2021-08-05
R0730211452,37.18480133,-121.98295361,2021-07-30
SCRUZ398,36.95279286,-121.88046662,2021-07-29
SCRUZ351,37.04414213,-122.13813015,2021-07-16
SCRUZ352,37.04405812,-122.13725268,2021-07-16
SCRUZ353,37.04469227,-122.1374138,2021-07-16
SCRUZ354,36.97703846,-121.90408635,2021-07-21
SCRUZ355,36.97783963,-121.90432533,2021-07-21
SCRUZ356,36.98696657,-122.15598214,2021-07-22
SCRUZ357,36.98729529,-122.15681096,2021-07-22
SCRUZ358,36.98675657,-122.15671222,2021-07-22
B_SCRUZ342,36.98306028,-122.15450841,2021-07-15
SCRUZ361,36.98648375,-122.15493465,2021-07-22
SCRUZ362,37.00420442,-122.17636048,2021-07-22
SCRUZ363,37.00091613,-122.18131012,2021-07-23
SCRUZ364,37.0005104,-122.18088352,2021-07-23
SCRUZ367,36.96705981,-122.12305918,2021-07-23
SCRUZ368,36.96681513,-122.12265367,2021-07-23
SCRUZ369,36.96508715,-122.1205678,2021-07-23
SCRUZ624,37.1721177,-121.98391917,2021-07-30
SCRUZ625,37.17123796,-121.98113294,2021-07-30
R0730211244,37.17129517,-121.98405453,2021-07-30
SCRUZ626,37.17185583,-121.9850467,2021-07-30
R0730211350,37.17638604,-121.98589981,2021-07-30
R0730211402,37.17287207,-121.98513955,2021-07-30
SCRUZ420,37.0738622,-121.86860868,2021-07-30
SCRUZ421,36.99160688,-121.90804415,2021-07-30
SCRUZ372,36.90721056,-121.7705304,2021-07-26
SCRUZ275,37.04315969,-122.22891415,2021-07-01
SCRUZ276,37.02206022,-122.08536357,2021-07-05
SCRUZ283,37.07758911,-122.07372178,2021-07-06
SCRUZ189,37.01260512,-122.19886,2021-06-11
SCRUZ190,36.97909168,-122.14799852,2021-06-14
SCRUZ191,36.9804418,-122.15006645,2021-06-14
SCRUZ192,36.97854731,-122.15167843,2021-06-14
SCRUZ193,36.96307642,-122.00352891,2021-06-15
VAWA423,37.44490308,-121.96583422,2021-09-22
SCRUZ958,37.08949764,-122.24845838,2021-09-17
SCRUZ270,37.04198983,-122.22889297,2021-07-01
SCRUZ935,37.29313024,-122.08085916,2021-09-21
SCRUZ936,37.29414872,-122.08051982,2021-09-21
SCRUZ937,37.16234349,-121.84006603,2021-09-21
SCRUZ938,37.16093428,-121.84222479,2021-09-21
SCRUZ202,37.08554149,-121.99249797,2021-06-16
SCRUZ205,36.96498028,-121.89904808,2021-06-16
HETHBB02,37.16707318,-122.21234962,2021-06-06
SCRUZ319,37.07668583,-122.06203129,2021-07-07
SCRUZ320,37.07658144,-122.06092186,2021-07-07
SCRUZ321,37.07700447,-122.06096662,2021-07-07
SCRUZ322,37.02673137,-122.04398917,2021-07-07
SCRUZ323,37.02665044,-122.04451916,2021-07-07
SCRUZ324,37.0249203,-122.04438422,2021-07-07
SCRUZ325,37.0742143,-122.06350458,2021-07-08
SCRUZ326,37.07162875,-122.06465092,2021-07-08
SCRUZ282,37.07958928,-122.07354998,2021-07-06
SCRUZ284,37.07074907,-122.06724318,2021-07-06
SCRUZ285,37.07130521,-122.06549458,2021-07-06
SCRUZ377,36.90382208,-121.77767973,2021-07-26
SCRUZ378,36.97617483,-122.02332494,2021-07-26
SCRUZ387,37.25198505,-122.10708294,2021-07-27
SCRUZ342,36.98292337,-122.15421652,2021-07-15
B_SCRUZ359,36.98610166,-122.15521661,2021-07-22
SCRUZ396,37.04498564,-122.22433681,2021-07-28
SCRUZ397,37.04506548,-122.22741964,2021-07-28
SCRUZ422,36.86964821,-121.81620061,2021-08-03
SCRUZ529,37.00983857,-122.08407151,2021-08-02
SCRUZ424,36.86831771,-121.81746318,2021-08-03
SCRUZ425,36.85248048,-121.81024368,2021-08-03
SCRUZ411,37.06445157,-121.87636988,2021-07-28
SCRUZ964,37.1624323,-121.8395357,2021-09-21
SCRUZ965,37.16147284,-121.84107049,2021-09-21
EDGW11,37.46357729,-122.27980995,2018-04-15
EDGW12,37.46353298,-122.27993476,2018-04-15
EDGW13,37.46337343,-122.28037729,2018-04-15
EDGW14,37.46340419,-122.28098761,2018-04-15
EDGW15,37.46360468,-122.28134754,2018-04-15
EDGW16,37.46404377,-122.28092495,2018-04-15
SCRUZ479,37.01223209,-121.71556425,2021-08-11
B_SCRUZ466,36.9026766,-121.79240673,2021-08-06
SCRUZ392,37.01074026,-122.19069174,2021-07-28
SCRUZ395,37.04808138,-122.22587627,2021-07-28
SCRUZ412,37.07193179,-121.87044797,2021-07-28
SCRUZ966,37.18577373,-121.77478147,2021-09-22
SCRUZ527,37.11912759,-121.8513902,2021-08-25
SPCCB-192,36.64538328,-121.82597851,2021-06-08
SPCCB-193,36.6472565,-121.82902342,2021-06-08
SPCCB-194,36.64843837,-121.82780926,2021-06-08
SCRUZ271,37.04233352,-122.22921909,2021-07-01
SCRUZ272,37.04342873,-122.22823784,2021-07-01
CZPOF099,37.14740672,-122.19605052,2021-08-25
SCRUZ288,37.07888304,-122.0618345,2021-07-07
SCRUZ289,37.02569281,-122.04561411,2021-07-07
SCRUZ464,36.90459264,-121.79458693,2021-08-06
SCRUZ502,37.22766343,-122.10556816,2021-08-19
SCRUZ482,37.08339456,-121.7938442,2021-08-12
SCRUZ483,37.08265836,-121.79398296,2021-08-12
SCRUZ287,37.07738521,-122.05948569,2021-07-07
SCRUZ427,36.85301642,-121.80900752,2021-08-03
SCRUZ535,36.9616324,-122.1113987,2021-08-03
SCRUZ426,36.8526522,-121.8097347,2021-08-03
SCRUZ359,36.98597408,-122.15507129,2021-07-22
B_SCRUZ360,36.98615442,-122.15524943,2021-07-22
SCRUZ432,36.89892468,-121.80646132,2021-08-03
SCRUZ360,36.98605336,-122.15481197,2021-07-22
SCRUZ379,36.97149278,-122.02291278,2021-07-26
SCRUZ441,36.92314152,-121.8398078,2021-08-04
B_SCRUZ381,37.2464067,-122.11095602,2021-07-27
SCRUZ442,36.9232745,-121.8397447,2021-08-04
SCRUZ443,36.92337139,-121.84021928,2021-08-04
SCRUZ444,36.92307923,-121.84016278,2021-08-04
SCRUZ185,37.02453297,-122.21597914,2021-06-11
R0727211600,37.195212,-121.99712829,2021-07-27
I0727211632,37.1954205,-122.00152191,2021-07-27
I0727211700,37.19569727,-121.99616973,2021-07-27
I0727211733,37.1949968,-121.99461749,2021-07-28
SCRUZ404,37.03580808,-121.89722565,2021-07-26
VAWA242,37.32445879,-121.71067906,2021-04-22
VAWA024,37.2194608,-121.75782193,2020-05-20
VAWA025,37.39880904,-121.73822619,2020-05-21
VAWA404,37.02841506,-121.66042478,2021-08-05
SCRUZ487,37.15976954,-121.8987174,2021-08-13
EDGW75,37.46415156,-122.28830794,2019-04-15
EDGW76,37.4647701,-122.28924064,2019-04-15
EDGW77,37.46521323,-122.28948522,2019-04-15
EDGW78,37.46588237,-122.28984075,2019-04-15
PRRP004,37.61982041,-121.92397705,2021-04-09
SPCCB-220,36.52181977,-121.93456963,2021-06-16
SPCCB-221,36.52292578,-121.93709215,2021-06-16
EDGW10,37.46430575,-122.28697215,2018-04-15
SCRUZ406,37.04838135,-121.88343488,2021-07-27
SCRUZ407,37.04671219,-121.87996697,2021-07-27
SCRUZ268,37.04109012,-122.22912328,2021-07-01
SCRUZ269,37.0417271,-122.2294229,2021-07-01
R051121912,37.20475701,-121.80572378,2021-05-11
SCRUZ098,37.095351,-122.27728012,2021-05-12
SCRUZ099,37.0946972,-122.27696774,2021-05-12
R0512211203,37.21023249,-121.88990314,2021-05-12
SCRUZ290,37.02419166,-122.04396493,2021-07-07
SCRUZ291,37.07550618,-122.06363157,2021-07-08
SCRUZ292,37.07261222,-122.06316181,2021-07-08
SCRUZ293,37.0766557,-122.07239292,2021-07-09
SCRUZ294,37.07417678,-122.05576237,2021-07-09
SCRUZ295,37.19897447,-122.07923595,2021-07-12
SCRUZ449,36.90898714,-121.80275129,2021-08-05
SCRUZ452,36.9022887,-121.80739509,2021-08-06
SCRUZ461,36.90324916,-121.79321869,2021-08-06
VAWA248,37.15978215,-121.71556502,2021-04-27
VAWA406,37.45232297,-121.92604839,2021-08-06
VAWA419,37.44458578,-122.06522023,2021-09-22
VAWA420,37.43631561,-122.06831278,2021-09-22
SCRUZ998,37.44924034,-121.78025836,2021-09-23
SCRUZ997,37.4556086,-121.78631785,2021-09-23
SCRUZ996,37.45665333,-121.78781607,2021-09-23
SCRUZ995,37.46026425,-121.79440126,2021-09-23
SCRUZ994,37.45612804,-121.7953773,2021-09-23
SCRUZ993,37.02332756,-121.46759411,2021-09-24
SCRUZ988,37.02332958,-121.46725187,2021-09-24
SCRUZ962,37.29450364,-122.08046882,2021-09-21
SCRUZ959,37.08910415,-122.24831348,2021-09-17
SPCCB-247B,36.1579033,-121.66997669,2021-06-30
SPCCB-247,36.15781339,-121.66960052,2021-06-30
SCRUZ968,37.0785876,-121.70499001,2021-09-22
SCRUZ969,37.16483823,-122.12226672,2021-09-24
SCRUZ970,37.16316418,-122.12345639,2021-09-24
EDGW26,37.46921807,-122.2899562,2018-04-15
EDGW27,37.46943533,-122.29011247,2018-04-15
EDGW28,37.46915634,-122.29018296,2018-04-15
EDGW29,37.46910618,-122.28933529,2018-04-15
EDGW30,37.46428329,-122.28623735,2018-04-15
EDGW31,37.46449175,-122.2864276,2018-04-15
EDGW32,37.46353088,-122.28403949,2018-04-15
EDGW33,37.4618253,-122.28370522,2018-04-15
SCRUZ562,37.37357154,-122.18705564,2021-09-08
SCRUZ563,37.38140919,-122.1769297,2021-09-08
EDGW40,37.46418116,-122.27980415,2018-04-15
EDGW41,37.45983378,-122.28825841,2018-04-15
EDGW42,37.45957862,-122.28779723,2018-04-15
EDGW43,37.46031666,-122.2846355,2018-04-15
EDGW44,37.46008116,-122.28444552,2018-04-15
EDGW45,37.45990001,-122.28430026,2018-04-15
EDGW46,37.46355657,-122.27936914,2018-04-15
EDGW47,37.46326754,-122.27927015,2018-04-15
EDGW48,37.46308762,-122.27932841,2018-04-15
X2105191302,37.87649111,-121.97055096,2021-05-19
SCRUZ401,36.95790841,-121.86575619,2021-07-29
SCRUZ550,37.41240466,-121.78388644,2021-09-01
SCRUZ926,37.00444083,-122.00121608,2021-08-31
SCRUZ512,37.24796715,-122.0653347,2021-08-20
SCRUZ204,36.9714973,-121.91069167,2021-06-16
B_SCRUZ512,37.24802164,-122.06500783,2021-08-20
EDGW18,37.46436177,-122.28134029,2018-04-15
SPCCB-217,36.62143762,-121.9392197,2021-06-14
SCRUZ594,37.09869194,-121.88308088,2021-09-14
SCRUZ595,37.08389052,-121.85453163,2021-09-14
SCRUZ953,37.14566936,-122.11314843,2021-09-16
SCRUZ954,37.1476111,-122.11304555,2021-09-16
EDGW19,37.46434105,-122.28238082,2018-04-15
EDGW20,37.46408999,-122.28259807,2018-04-15
EDGW21,37.46709736,-122.28953524,2018-04-15
SPCCB-213,36.62381797,-121.94018673,2021-06-14
SPCCB-214,36.61879666,-121.94106506,2021-06-14
SPCCB-215,36.61895586,-121.94047659,2021-06-14
SPCCB-245,36.27425795,-121.83594806,2021-06-29
SPCCB-246,36.15919682,-121.67149571,2021-06-30
HETHBB03,37.16601924,-122.2083959,2021-06-06
HETHBB04,37.18095412,-122.22594935,2021-06-07
HETHBB05,37.18058033,-122.22392539,2021-07-06
HETHPR01,37.25073687,-122.22141352,2021-06-02
HETHPR02,37.25307593,-122.22072416,2021-06-02
HETHPR03,37.2537047,-122.22039067,2021-06-02
HETHPR04,37.25611617,-122.21838113,2021-06-03
HETHPR05,37.25440181,-122.22497297,2021-06-03
PRRP001,37.68360067,-121.95652304,2021-04-06
PRRP002,37.68305485,-121.95697297,2021-04-07
PRRP003,37.62980452,-121.93065535,2021-04-08
SPCCB-197,36.6662065,-121.81689198,2021-06-09
SPCCB-198,36.67083456,-121.81389352,2021-06-09
SCRUZ467,36.89884962,-121.79245761,2021-08-06
SCRUZ456,36.90152926,-121.7912269,2021-08-06
SCRUZ555,37.31584751,-121.66111283,2021-09-03
B_SCRUZ464,36.90432678,-121.79452568,2021-08-06
SCRUZ559,37.30775818,-121.67789871,2021-09-04
SCRUZ560,37.37650583,-122.18841712,2021-09-08
SCRUZ582,37.17987358,-121.83032287,2021-09-09
SCRUZ584,37.18729332,-121.85474987,2021-09-09
SPCCB-218,36.52301347,-121.93092658,2021-06-16
SPCCB-219,36.52203994,-121.93315831,2021-06-16
PWPOF001,38.018607,-122.803295,2020-11-30
PWPOF003,38.006979,-122.797915,2020-11-30
B_SCRUZ573,37.09941813,-121.85665446,2021-09-01
B_SMAT0291,37.38327603,-122.28816688,2019-07-30
B_SCRUZ317,37.07043112,-122.06697458,2021-07-06
B_SCRUZ489,37.16020476,-121.8969744,2021-08-13
B_SCRUZ463,36.90358092,-121.79387549,2021-08-06
SPCCA-157,36.89186611,-121.83588343,2021-06-01
SPCCA-190,36.5589436,-121.90789716,2021-06-16
SPCCB-229,36.52055763,-121.93665288,2021-06-18
SPCCA-020,37.86550828,-121.95419262,2021-05-19
SPCCA-193,36.50735945,-121.94058496,2021-06-17
SPCCA-194,36.50783638,-121.93917231,2021-06-17
SPCCA-159,36.89194533,-121.83555204,2021-06-02
SPCCA-218,36.01147931,-121.51403819,2021-07-01
SCRUZ917,37.07667736,-121.92584215,2021-08-27
SPCCB-066,37.88440614,-121.9591131,2021-05-19
SPCCB-023,37.8393998,-121.90284468,2021-05-18
SCRUZ956,37.14904257,-122.11372725,2021-09-16
SCRUZ957,37.15080743,-122.1131486,2021-09-16
SCRUZ955,37.14963464,-122.11132138,2021-09-16
SPCCB-222,36.52129149,-121.93738619,2021-06-16
SPCCB-223,36.51626481,-121.94879259,2021-06-17
SPCCB-224,36.51778406,-121.95058922,2021-06-17
CVPA8058,36.57129987,-120.77352796,2021-03-17
CVPA8009,36.58945291,-120.76874807,2021-03-17
SPCCA-185,36.60458638,-121.86254821,2021-06-10
SPCCA-186,36.60575552,-121.86271993,2021-06-10
SPCCA-187,36.60801445,-121.86221721,2021-06-10
SPCCB-173,36.81646112,-121.79018833,2021-06-03
SPCCB-175,36.81763211,-121.79121855,2021-06-03
SPCCB-176,36.81554201,-121.79119714,2021-06-04
SCRUZ473,36.91078773,-121.78033824,2021-08-06
SCRUZ474,36.90957952,-121.78179551,2021-08-06
SCRUZ585,37.18965697,-121.85495787,2021-09-09
SCRUZ586,37.19358041,-121.8599375,2021-09-09
SCRUZ587,37.19801109,-121.86973746,2021-09-09
SCRUZ588,37.20214693,-121.88294859,2021-09-09
SCRUZ219,36.96269641,-121.99702852,2021-06-23
B_R0727210152,37.19888382,-121.980167,2021-07-27
B_R0730211452,37.18330052,-121.98299255,2021-07-30
SCRUZ536,36.96260345,-122.11217176,2021-08-03
EDGW01,37.46216656,-122.28946882,2018-04-15
EDGW02,37.4615151,-122.28905661,2018-04-15
EDGW03,37.46086637,-122.28909667,2018-04-15
EDGW04,37.46052982,-122.28859103,2018-04-15
EDGW05,37.4602096,-122.28780256,2018-04-15
EDGW06,37.45934619,-122.28811604,2018-04-15
EDGW07,37.45898458,-122.28495349,2018-04-15
EDGW08,37.4593328,-122.28440743,2018-04-15
EDGW09,37.46121974,-122.28492089,2018-04-15
SPCCA-214,36.17072007,-121.68303943,2021-06-30
SPCCB-203,36.67439475,-121.81567978,2021-06-10
SPCCB-204,36.67319018,-121.81704683,2021-06-10
SPCCB-205,36.63111584,-121.93732897,2021-06-11
SCRUZ472,36.90974909,-121.77919785,2021-08-06
SCRUZ476,37.00896001,-121.71116662,2021-08-11
SCRUZ488,37.15963717,-121.8970227,2021-08-13
B_SCRUZ510,37.23726454,-122.06535244,2021-08-20
SCRUZ489,37.16033905,-121.89687418,2021-08-13
SCRUZ490,37.15957076,-121.89729904,2021-08-13
SCRUZ510,37.23742442,-122.065758,2021-08-20
SCRUZ493,37.15915792,-121.90029222,2021-08-13
EDGW17,37.46421763,-122.28135298,2018-04-15
SPCCB-225,36.51697034,-121.9510945,2021-06-17
SPCCB-226,36.52069155,-121.9507676,2021-06-17
EDGW49,37.4628173,-122.27934231,2018-04-15
EDGW50,37.46281346,-122.28019042,2018-04-15
EDGW51,37.46296173,-122.28085616,2018-04-15
EDGW52,37.46323459,-122.28126062,2018-04-15
EDGW53,37.46280767,-122.28220324,2018-04-15
EDGW54,37.46253927,-122.28253373,2018-04-15
EDGW55,37.4627767,-122.2830403,2018-04-15
SPCCA-191,36.55878647,-121.90857398,2021-06-16
SCRUZ500,37.22811131,-122.10272711,2021-08-19
SCRUZ501,37.22739071,-122.10521661,2021-08-19
SCRUZ505,37.2282584,-122.10850242,2021-08-19
SCRUZ507,37.22057032,-122.05298727,2021-08-20
B_SCRUZ537,36.92136078,-121.80283591,2021-08-05
SPCCB-234,36.28268091,-121.83773619,2021-06-23
SPCCB-235,36.28279212,-121.83564664,2021-06-23
SPCCB-236,36.27593686,-121.82654846,2021-06-23
SPCCA-162,36.88228576,-121.82792929,2021-06-02
SPCCA-163,36.89012636,-121.83240151,2021-06-02
SPCCA-164,36.80026979,-121.78935801,2021-06-03
SCRUZ462,36.90351872,-121.79385949,2021-08-06
SCRUZ463,36.90366657,-121.79381745,2021-08-06
SCRUZ465,36.90481067,-121.79513865,2021-08-06
SCRUZ400,36.96026855,-121.86748469,2021-07-29
B_SCRUZ401,36.95806518,-121.86536356,2021-07-29
SCRUZ477,37.01142237,-121.70970286,2021-08-11
SCRUZ508,37.22008732,-122.05553635,2021-08-20
SCRUZ509,37.22034116,-122.05515488,2021-08-20
EDGW70,37.4583792,-122.2847105,2019-04-15
EDGW71,37.45857988,-122.28510433,2019-04-15
EDGW73,37.46348236,-122.28644851,2019-04-15
EDGW74,37.46338369,-122.2865286,2019-04-15
EDGW79,37.46573884,-122.28995519,2019-04-15
EDGW80,37.46648556,-122.28972196,2019-04-15
EDGW81,37.46674422,-122.28926718,2019-04-15
EDGW82,37.46685231,-122.28925485,2019-04-15
EDGW83,37.46677072,-122.28917646,2019-04-15
EDGW84,37.46684248,-122.28911924,2019-04-15
EDGW85,37.46732782,-122.28888848,2019-04-15
SPCCB-227,36.52160886,-121.95272693,2021-06-17
SPCCB-228,36.51860508,-121.9395068,2021-06-18
SPCCA-195,36.51318275,-121.94247338,2021-06-17
SPCCA-196,36.50843938,-121.93882069,2021-06-17
SPCCA-197,36.28570987,-121.84537583,2021-06-22
EDGW86,37.46739003,-122.28874088,2019-04-15
EDGW90,37.45848996,-122.28513911,2020-04-15
EDGW91,37.46486791,-122.28602825,2020-04-15
EDGW92,37.46500454,-122.28626442,2020-04-15
EDGW93,37.47034002,-122.284687,2020-04-15
EDGW94,37.45981313,-122.28335128,2020-04-15
EDGW95,37.45923126,-122.28401265,2020-04-15
EDGW96,37.4591157,-122.28279258,2020-04-15
SPCCB-231,36.2951635,-121.83390161,2021-06-22
SPCCB-084,37.88366451,-121.98139261,2021-05-19
SPCCB-086,37.87857229,-121.97399047,2021-05-19
SCRUZ523,37.11252617,-121.84381197,2021-08-25
SCRUZ925,37.00296909,-122.00072984,2021-08-31
SCRUZ888,37.32928336,-121.68150566,2021-08-25
SCRUZ522,37.11312105,-121.84565159,2021-08-25
SCRUZ524,37.11797004,-121.83310621,2021-08-25
SCRUZ399,36.95307385,-121.87016324,2021-07-29
SCRUZ526,37.11730464,-121.85789116,2021-08-25
B_SCRUZ400,36.9603596,-121.86741872,2021-07-29
SPCCB-230,36.29086086,-121.83352477,2021-06-22
SPCCB-232,36.29116973,-121.83590286,2021-06-22
SPCCB-233,36.29184379,-121.84798379,2021-06-22
SPCCB-237,36.24663792,-121.7834315,2021-06-24
SPCCB-033,37.89363363,-121.90297283,2021-05-20
SPCCA-167,36.79522469,-121.79197173,2021-06-03
SPCCA-168,36.79321354,-121.79247007,2021-06-03
SPCCA-178,36.69509604,-121.80986219,2021-06-08
SPCCB-165,36.86744273,-121.81908099,2021-06-02
SPCCB-166,36.86862938,-121.81827583,2021-06-02
SPCCB-167,36.83678371,-121.80208553,2021-06-02
SPCCB-168,36.84037728,-121.80441051,2021-06-02
SPCCB-169,36.83380291,-121.80086195,2021-06-03
SPCCB-170,36.82733889,-121.79823205,2021-06-03
SPCCA-054B,37.9024004,-121.95942364,2021-05-18
SPCCA-057B,37.9161867,-121.9472263,2021-05-18
CVPA8204,36.39803436,-120.51090978,2021-04-20
SPCCB-162,36.87371631,-121.82397428,2021-06-02
SPCCB-163,36.87619054,-121.82556557,2021-06-02
SPCCB-164,36.87947338,-121.82663566,2021-06-02
SCRUZ906,37.07398893,-121.92462825,2021-08-25
SCRUZ907,37.0787621,-121.92056004,2021-08-25
SCRUZ908,37.07918814,-121.91800669,2021-08-25
CVPA8112,36.58907837,-120.76703766,2021-03-18
SPCCB-238,36.24544539,-121.78648021,2021-06-24
SPCCB-239,36.25636288,-121.7905644,2021-06-24
SPCCB-240,36.2592365,-121.7895475,2021-06-24
SPCCB-241,36.27858313,-121.84573473,2021-06-29
SPCCB-242,36.2757687,-121.83998869,2021-06-29
SPCCA-016,37.86133036,-121.91636647,2021-05-18
SPCCA-192,36.56004225,-121.9082422,2021-06-16
SPCCA-160,36.89109083,-121.83523063,2021-06-02
SPCCA-161,36.88628108,-121.8318346,2021-06-02
SPCCA-165,36.798266,-121.7905965,2021-06-03
SPCCA-166,36.7963662,-121.79068257,2021-06-03
SPCCA-179,36.61170151,-121.85692201,2021-06-09
SPCCA-180,36.61231572,-121.85604063,2021-06-09
SPCCA-181,36.61357285,-121.85425883,2021-06-09
SPCCA-182,36.61426501,-121.85497871,2021-06-09
SPCCA-183,36.61412381,-121.85564713,2021-06-09
SPCCA-184,36.61419119,-121.85531098,2021-06-09
SPCCA-171,36.69340995,-121.81032829,2021-06-07
SPCCA-172,36.69304199,-121.8099725,2021-06-07
SPCCA-173,36.69439905,-121.80954073,2021-06-07
SPCCA-175,36.68068734,-121.80999486,2021-06-08
SPCCA-176,36.68366427,-121.80978463,2021-06-08
SPCCA-177,36.69697301,-121.80867445,2021-06-08
SPCCA-198,36.28126423,-121.85772985,2021-06-22
SPCCA-203,36.25623062,-121.78414745,2021-06-23
SPCCA-204,36.25646406,-121.78282682,2021-06-23
SPCCA-205,36.25442322,-121.78237701,2021-06-23
SPCCA-206,36.24704224,-121.7742791,2021-06-24
SPCCA-207,36.24581767,-121.7734695,2021-06-24
SPCCA-208,36.24431044,-121.77842783,2021-06-24
SPCCA-209,36.2526239,-121.78334893,2021-06-24
SPCCA-210,36.24764148,-121.77099422,2021-06-29
SPCCA-211,36.24658501,-121.77105569,2021-06-29
SPCCA-215,36.17047528,-121.68364593,2021-06-30
SPCCA-216,36.01370175,-121.51951236,2021-07-01
SPCCA-217,36.01301866,-121.51788454,2021-07-01
SCRUZ518,37.32376565,-121.71651907,2021-08-24
T0824210141,37.32374066,-121.71700729,2021-08-24
B_SCRUZ399,36.95311943,-121.87005969,2021-07-29
SCRUZ528,37.10988417,-121.84693312,2021-08-25
SPCCB-065,37.88292067,-121.96116619,2021-05-19
SPCCB-070B,37.89900202,-121.87748824,2021-05-18
SCRUZ589,37.18083278,-121.84389259,2021-09-09
SCRUZ577,37.19720191,-122.08003641,2021-09-08
SPCCA-220,36.53646828,-121.92684024,2021-07-07
SPCCA-221,36.53610081,-121.92726827,2021-07-07
SPCCA-222,36.5387231,-121.92720066,2021-07-07
SPCCA-222B,36.53870951,-121.92748843,2021-07-07
SPCCA-223,36.52878981,-121.92564663,2021-07-07
SPCCA-224,36.5278467,-121.92525108,2021-07-07
SPCCA-225,36.53319433,-121.92151774,2021-07-07
SPCCA-226,36.55100283,-121.90692342,2021-07-08
SPCCA-227,36.55024324,-121.90715224,2021-07-08
SPCCA-228,36.54721301,-121.90720307,2021-07-08
SPCCA-229,36.53876859,-121.91019169,2021-07-08
SPCCB-020,37.88025798,-121.93323983,2021-05-17
SPCCB-171,36.82660779,-121.79685844,2021-06-03
SPCCB-172,36.82630909,-121.79700446,2021-06-03
SPCCB-177,36.81196992,-121.78905838,2021-06-04
SPCCB-183,36.75606902,-121.80259447,2021-06-07
SPCCB-184,36.75584372,-121.80288472,2021-06-07
SPCCB-185,36.62890046,-121.84122248,2021-06-07
SPCCB-186,36.62865008,-121.83939653,2021-06-07
SPCCB-187,36.63012278,-121.84046457,2021-06-07
SPCCB-188,36.65789581,-121.81962789,2021-06-08
SPCCB-189,36.65073169,-121.81855072,2021-06-08
SPCCB-190,36.64766328,-121.82388379,2021-06-08
SPCCB-199,36.65739223,-121.82196845,2021-06-09
SPCCB-200,36.67736601,-121.80972714,2021-06-10
SPCCB-201,36.67880436,-121.81097926,2021-06-10
SPCCB-202,36.67426427,-121.81458867,2021-06-10
SPCCB-206,36.63101771,-121.93755053,2021-06-11
SPCCB-207,36.63020608,-121.9375181,2021-06-11
SPCCB-208,36.62971998,-121.93746497,2021-06-11
SPCCB-209,36.62893546,-121.93749176,2021-06-11
SPCCB-210,36.62694402,-121.93826044,2021-06-11
SCRUZ537,36.92143238,-121.80276439,2021-08-05
SCRUZ900,37.07652116,-121.93193837,2021-08-24
SCRUZ916,37.07279809,-121.92854749,2021-08-27
SCRUZ172,37.0042111,-122.05709893,2021-08-08
SCRUZ911,37.08417008,-121.90504094,2021-08-25
SCRUZ901,37.07874438,-121.93062914,2021-08-24
SCRUZ902,37.08793061,-121.93335078,2021-08-24
SCRUZ590,37.10662267,-121.90161259,2021-09-14
SCRUZ591,37.10455418,-121.89922751,2021-09-14
SCRUZ592,37.10356176,-121.89735575,2021-09-14
CVPA8108,36.57248525,-120.73314387,2021-03-17
CVPA8107,36.54605142,-120.73037534,2021-03-17
CVPA8105,36.5028686,-120.72983963,2021-03-16
CVPA8054,36.50556054,-120.72968285,2021-03-16
CVPA8005,36.55922645,-120.72743142,2021-03-17
SPCCB-248,36.15744804,-121.67193433,2021-06-30
SPCCB-249,36.16625491,-121.66882483,2021-07-01
SPCCB-250,36.16526617,-121.6706428,2021-07-01
SPCCB-251,36.16651865,-121.67075671,2021-07-01
SPCCB-256,36.30597401,-121.90049668,2021-07-06
SPCCB-257,36.01878869,-121.52537222,2021-07-07
SPCCB-258,36.17855409,-121.68007437,2021-07-08
SCRUZ458,36.90225704,-121.79179527,2021-08-06
SPCCB-259,36.17812457,-121.67892173,2021-07-08
SPCCB-260,36.18159739,-121.68092731,2021-07-08
PAPR0026,36.59219521,-120.76550598,2020-04-15
SPCCB-091,37.85831964,-121.93711564,2021-05-20
X2105181324,37.91971369,-121.92254647,2021-05-18
SCRUZ904,37.07559052,-121.92578239,2021-08-25
SCRUZ905,37.07428751,-121.92464647,2021-08-25
SCRUZ909,37.08272522,-121.91430462,2021-08-25
SCRUZ910,37.08313045,-121.91096377,2021-08-25
SCRUZ912,37.08192805,-121.91530413,2021-08-26
SCRUZ913,37.08373194,-121.90068688,2021-08-26
SCRUZ914,37.08373008,-121.90075538,2021-08-26
SCRUZ915,37.08607938,-121.89930436,2021-08-26
CVPA8052,36.51038936,-120.75383729,2021-03-16
CVPA8055,36.54794754,-120.73624031,2021-03-17
CVPA8106,36.49993663,-120.7235508,2021-03-17
CVPA8100,36.54217993,-120.83674782,2021-03-16
CVPA8050,36.54305923,-120.83603076,2021-03-15
CVPA8000,36.53566803,-120.83501938,2021-03-15
CVPA8001,36.5419074,-120.83464429,2021-03-15
CVPA8207,36.42746052,-120.56328069,2021-04-20
CVPA8225,36.47470242,-120.55914575,2021-04-21
CVPA8200,36.41842191,-120.57307558,2021-04-19
CVPA8216,36.48561111,-120.56724128,2021-04-21
CVPA8215,36.48449348,-120.5659146,2021-04-21
SCRUZ933,37.25755384,-122.12059403,2021-08-30
SCRUZ923,37.25429786,-122.13492215,2021-08-30
SCRUZ924,36.99593517,-122.00944065,2021-08-31
SCRUZ543,37.3855095,-121.76347428,2021-09-01
SPCCB-179,36.8100961,-121.78970497,2021-06-04
B_SCRUZ433,36.89789208,-121.80495268,2021-08-03
CVPA8213,36.48585602,-120.55717731,2021-04-21
CVPA8212,36.48474473,-120.55704481,2021-04-21
SPCCA-034,37.82579609,-121.85848007,2021-05-18
SPCCA-039,37.84290486,-121.94825074,2021-05-19
SPCCA-042,37.8437195,-121.9233342,2021-05-19
SCRUZ570,37.10514135,-121.89000694,2021-09-01
SCRUZ571,37.10461744,-121.88029322,2021-09-01
SCRUZ572,37.09936031,-121.85690291,2021-09-01
SCRUZ573,37.10117491,-121.856117,2021-09-01
SCRUZ574,37.09877244,-121.85276235,2021-09-01
SCRUZ575,37.09932317,-121.84378068,2021-09-01
SCRUZ576,37.10397999,-121.84636989,2021-09-01
SCRUZ579,37.19946308,-122.07837101,2021-09-08
SCRUZ580,37.19927957,-122.08035483,2021-09-08
CVPA8051,36.50809692,-120.75462928,2021-03-16
CVPA8003,36.50266812,-120.71039769,2021-03-16
CVPA8104,36.49720866,-120.71005615,2021-03-16
CVPA8069,36.61089854,-120.67793241,2021-03-19
CVPA8066,36.58071936,-120.66435395,2021-03-19
CVPA8067,36.60616131,-120.66198809,2021-03-19
CVPA8068,36.61502078,-120.65739378,2021-03-19
CVPA8070,36.61499548,-120.65519206,2021-03-19
CVPA8057,36.55974685,-120.82536474,2021-03-17
CVPA8008,36.55969431,-120.82446124,2021-03-17
CVPA8111,36.561694,-120.82143318,2021-03-17
CVPA8002,36.54112141,-120.80840595,2021-03-16
CVPA8053,36.54203099,-120.80689466,2021-03-16
B_SCRUZ413,37.0719018,-121.87002422,2021-07-29
SCRUZ583,37.18569815,-121.84412275,2021-09-09
SCRUZ413,37.07177561,-121.8698894,2021-07-29
SPCCA-174,36.68296398,-121.8136843,2021-06-08
SPCCB-174,36.81827078,-121.79289391,2021-06-03
PAPR0025,36.58976381,-120.76802381,2020-04-15
PAPR0029,36.59138802,-120.7671611,2020-04-15
CVPA8059,36.59144626,-120.76401869,2021-03-18
CVPA8006,36.55152883,-120.76409726,2021-03-17
CVPA8109,36.55220569,-120.76174295,2021-03-17
CVPA8101,36.50819136,-120.75869059,2021-03-16
CVPA8102,36.51174549,-120.75501512,2021-03-16
CVPA8211,36.41444234,-120.60810239,2021-04-20
CVPA8114,36.41565064,-120.59691403,2021-03-18
CVPA8113,36.41555089,-120.59688365,2021-03-18
CVPA8210,36.41527797,-120.59675824,2021-04-20
CVPA8202,36.41669024,-120.59438406,2021-04-19
CVPA8209,36.41895945,-120.59338844,2021-04-20
CVPA8201,36.42129739,-120.58820861,2021-04-19
CVPA8220,36.46624243,-120.58542156,2021-04-21
CVPA8217,36.47076667,-120.58096257,2021-04-21
CVPA8208,36.42733453,-120.58189882,2021-04-20
CVPA8219,36.48091095,-120.57188603,2021-04-21
CVPA8206,36.39549531,-120.54673201,2021-04-20
CVPA8010,36.39672027,-120.54669349,2021-03-18
CVPA8214,36.49445821,-120.54333344,2021-04-21
CVPA8203,36.40354298,-120.51013192,2021-04-20
CVPA8063,36.40289917,-120.50735401,2021-03-18
CVPA8064,36.40657053,-120.50362415,2021-03-18
SCRUZ346,36.98062477,-122.15452371,2021-07-15
SCRUZ227,36.95203469,-122.02882207,2021-06-23
CVPA8222,36.40261144,-120.50350559,2021-04-23
CVPA8223,36.41911108,-120.46829608,2021-04-23
CVPA8224,36.41748604,-120.46434557,2021-04-23
PAPR0028,36.59260112,-120.77033397,2020-04-15
PAPR0024,36.58967476,-120.76904346,2020-04-15
PAPR0023,36.5890423,-120.76896108,2020-04-09
PAPR0027,36.59277264,-120.75690527,2020-04-15
PAPR0043,36.60102333,-120.74707531,2020-04-27
PAPR0031,36.55737171,-120.7336862,2020-04-15
CVPA8103,36.54289982,-120.80317282,2021-03-16
CVPA8110,36.55755296,-120.79962968,2021-03-17
CVPA8007,36.55877674,-120.79854477,2021-03-17
CVPA8056,36.55864835,-120.79696194,2021-03-17
PAPR0039,36.58824411,-120.78608416,2020-04-22
SCRUZ228,36.95205006,-122.02849616,2021-06-23
B_SCRUZ439,36.91647523,-121.82277519,2021-08-04
B_SCRUZ453,36.90210415,-121.80751721,2021-08-06
SCRUZ453,36.90204761,-121.80768037,2021-08-06
B_SCRUZ492,37.15918354,-121.90168009,2021-08-13
SCRUZ492,37.15911968,-121.90158777,2021-08-13
B_SCRUZ402,36.95830041,-121.86823947,2021-07-29
B_SCRUZ578,37.19911043,-122.07901608,2021-09-08
B_SCRUZ596,37.03894659,-121.81764932,2021-09-14
B_SCRUZ380,37.24533675,-122.11022233,2021-07-27
SCRUZ402,36.95866868,-121.86796891,2021-07-29
SCRUZ596,37.03876967,-121.81746429,2021-09-14
RIZO0038,35.29694681,-120.05389146,2018-04-12
RIZO0039,35.29666743,-120.05611133,2018-04-12
RIZO0001,35.27075093,-120.05224735,2018-04-03
RIZO0002,35.27277624,-120.05103091,2018-04-03
PAPR0041,36.58754321,-120.78911065,2020-04-22
PAPR0057,36.5571483,-120.78945222,2021-05-06
PAPR0053,36.5571483,-120.78945222,2020-05-04
PAPR0042,36.5869385,-120.78858026,2020-04-22
PAPR0040,36.58763241,-120.78711869,2020-04-22
B_SCRUZ520,37.33002219,-121.7118146,2021-08-24
SCRUZ511,37.24097439,-122.06671759,2021-08-20
B_SCRUZ519,37.32095934,-121.70888767,2021-08-24
SCRUZ051,37.12986895,-122.05069064,2021-02-24
SCRUZ053,37.06692355,-122.05173301,2021-03-02
B_SCRUZ506,37.22656418,-122.05356167,2021-08-20
SCRUZ506,37.2268103,-122.05378269,2021-08-20
B_SCRUZ511,37.2408094,-122.06692726,2021-08-20
SCRUZ393,37.03710721,-122.22167747,2021-07-28
B_SCRUZ394,37.03716505,-122.22236518,2021-07-28
B_SCRUZ961,37.04244045,-122.22232991,2021-09-17
SCRUZ961,37.04240177,-122.22217443,2021-09-17
SCRUZ433,36.8967844,-121.80329545,2021-08-03
B_SCRUZ434,36.94784891,-121.842132,2021-08-04
SCRUZ439,36.91659536,-121.82295709,2021-08-04
B_SCRUZ448,36.91445338,-121.80549767,2021-08-05
SCRUZ448,36.91438495,-121.80560241,2021-08-05
SCRUZ031,36.96172498,-121.77484806,2021-01-19
B_SCRUZ475,37.00043358,-121.71147748,2021-08-11
SCRUZ475,37.00054798,-121.7115509,2021-08-11
B_SCRUZ478,37.01343798,-121.71092913,2021-08-11
SCRUZ478,37.01363079,-121.71107151,2021-08-11
B_SCRUZ502,37.22774061,-122.105774,2021-08-19
B_SCRUZ525,37.12526001,-121.86869189,2021-08-25
SCRUZ525,37.12525408,-121.86890334,2021-08-25
B_SCRUZ527,37.11902117,-121.85130508,2021-08-25
B_SCRUZ561,37.37428419,-122.18856098,2021-09-08
SCRUZ561,37.37395122,-122.18873246,2021-09-08
B_SCRUZ593,37.09895091,-121.88463479,2021-09-14
SCRUZ593,37.09906598,-121.88475445,2021-09-14
B_SCRUZ944,37.06478904,-121.6939587,2021-09-22
SCRUZ944,37.06429271,-121.69419806,2021-09-22
B_SCRUZ951,37.0867024,-121.54271141,2021-09-10
SCRUZ437,36.93333427,-121.82385625,2021-08-04
B_SCRUZ440,36.91639171,-121.82328716,2021-08-04
SCRUZ440,36.91608765,-121.8235711,2021-08-04
B_SCRUZ480,37.00706407,-121.71267416,2021-08-11
SCRUZ480,37.00711846,-121.7131596,2021-08-11
SCRUZ491,37.15938479,-121.89810399,2021-08-13
SCRUZ380,37.24157698,-122.11346495,2021-07-27
B_SCRUZ382,37.24641851,-122.11097824,2021-07-27
SCRUZ382,37.24520707,-122.11193413,2021-07-27
B_SCRUZ393,37.03726768,-122.22188666,2021-07-28
B_SCRUZ437,36.93366931,-121.82377461,2021-08-04
B_SCRUZ486,37.08452201,-121.78975412,2021-08-12
SCRUZ486,37.08443438,-121.78984342,2021-08-12
B_SCRUZ491,37.15988807,-121.898257,2021-08-13
B_SCRUZ540,37.39817917,-121.78498317,2021-08-31
B_SCRUZ546,37.39449685,-121.80817027,2021-09-01
B_SCRUZ547,37.39760797,-121.79953322,2021-09-01
B_SCRUZ556,37.31402854,-121.65769442,2021-09-03
SMAT0031,37.68940577,-122.43537572,2019-04-29
B_SMAT0205,37.22077509,-122.33795211,2019-06-13
B_SMAT0303,37.10804305,-122.29291491,2019-08-08
SMAT0664,37.16207882,-122.31056272,2019-04-17
B_SMAT0040,37.48549615,-122.37140959,2019-04-08
B_SMAT0176,37.2529817,-122.40544827,2019-06-05
SNF3414599,36.7246917,-119.05156257,2021-10-27
SNF3403769,36.80142756,-119.17549644,2021-10-27
SNF100677,37.33284343,-119.69326129,2020-06-07
SNF3412313,36.74304316,-119.03725357,2021-10-27
SNF3413164,36.69703482,-119.18423886,2021-10-27
SNF107544,37.27231086,-119.79809008,2020-06-08
SNF206083,37.01422377,-119.73016885,2020-06-26
B_SNF206112,37.02039822,-119.72955245,2020-06-26
SNF203984,37.0341634,-119.72049337,2020-06-26
SNF206790,37.1244642,-119.88688006,2020-06-26
SNF107287,37.30197189,-119.86547769,2020-06-04
SNF6A2220,34.8521624,-119.11756889,2020-08-31
SNF108210,37.21462929,-119.97046597,2020-06-03
SNF6A3499,34.8839654,-119.22566667,2020-08-30
SNF6A2055,34.8374236,-119.03841274,2020-08-31
SNF6A4382,34.82526898,-118.90406364,2020-09-01
SNF108120,37.34518922,-119.69201918,2020-06-07
SNF104075_2,37.21376822,-119.97416088,2020-06-03
B_SNF107624,37.39067681,-119.78491889,2020-06-04
SNF6A3196,34.82736855,-118.88628997,2020-09-01
SNF6A2347,34.90817197,-119.15805455,2020-08-31
B_SNF6A4125,35.17290144,-118.72882388,2020-08-31
SNF108996,37.43188439,-119.89178818,2020-07-21
SNF112861,37.3379926,-119.63945733,2020-06-11
SNF109298,37.24011002,-119.88508993,2020-06-10
SNF206079,36.97035738,-119.50597298,2020-06-30
SNF104075_1,37.21236543,-119.97390029,2020-06-03
SNF110111,37.18703213,-119.93167906,2020-06-03
SNF3409290,36.80566721,-119.17554145,2021-10-27
SNF107296,37.28286331,-119.77173509,2020-06-08
B_SNF206010,37.08449704,-119.45289109,2020-06-27
B_SNF200781,37.07552375,-119.44770596,2020-06-27
SNF3410195,36.78894632,-119.17806868,2021-10-27
SNF3412664,36.59842322,-119.28625927,2021-10-28
SNF3412665,36.52171296,-119.1315256,2021-10-28
SNF3412723,36.57901202,-119.16038943,2021-10-28
SNF3410375,36.94485587,-119.23638968,2021-10-28
SNF3405704,36.94842958,-119.23654282,2021-10-28
SNF3405979,36.96866689,-119.24332453,2021-10-28
SNF107361,37.38758356,-119.79197439,2020-06-04
B_SNF112276,37.34515097,-119.81125168,2020-06-04
SNF107243_1,37.44396703,-119.98605553,2020-06-05
SNF109929,37.45551222,-119.9726351,2020-06-05
SNF108195,37.45490143,-119.94964304,2020-06-05
SNF107676,37.41811308,-119.74995135,2020-06-05
SNF206160,37.1070521,-119.88733738,2020-06-06
SNF206073,37.10838155,-119.88522278,2020-06-06
B_SNF206131,37.1216563,-119.90536174,2020-06-06
SNF110107,37.20251153,-119.91348019,2020-06-06
SNF107817,37.20528255,-119.89528375,2020-06-06
SNF107155,37.21285884,-119.88011617,2020-06-06
SNF107159,37.21611128,-119.87890279,2020-06-06
SNF112311,37.4185201,-119.75081695,2020-06-05
SNF112882,37.43097548,-119.73430616,2020-06-05
SNF107381,37.43875712,-119.82106978,2020-06-05
SNF209055,37.10953363,-119.88576011,2020-06-06
B_SNF203114,37.10304986,-119.8686418,2020-06-06
SNF211813,37.12296849,-119.91119227,2020-06-06
SNF107656,37.33585434,-119.6941952,2020-06-07
SNF107255,37.33720909,-119.68564899,2020-06-07
SNF109734,37.34228049,-119.67938874,2020-06-07
SNF106793,37.34331867,-119.68017907,2020-06-07
SNF112253,37.33395051,-119.67602726,2020-06-07
SNF107573,37.28190806,-119.77224567,2020-06-08
SNF103361,37.23462783,-119.84585567,2020-06-08
SNF108109,37.23190984,-119.90033812,2020-06-10
SNF107796,37.14822746,-119.8567038,2020-06-26
B_SNF209163,36.98886747,-119.71525946,2020-06-26
SNF202659_APH,37.03759753,-119.64772209,2020-06-26
SNF207742_APH,37.00319851,-119.64023222,2020-06-26
SNF206535,37.04979367,-119.7156322,2020-06-26
SNF206147,36.96054691,-119.7629048,2020-06-27
SNF211546,36.90482455,-119.50142903,2020-06-27
SNF207086,37.01028926,-119.59566424,2020-06-26
SNF203026_APH,36.96988082,-119.62410928,2020-06-26
SNF202643,36.9965635,-119.6358657,2020-06-26
SNF206040,37.17842307,-119.43216019,2020-07-23
SNF3413821,36.92127365,-119.32656738,2021-11-08
SNF3414936,36.53014149,-118.89396664,2021-10-26
SNF211545,36.9956245,-119.70214464,2020-06-26
SNF212981,36.98961983,-119.68835163,2020-06-26
SNF206680,36.99350718,-119.66031501,2020-06-26
SNF207742_JJB,37.00363759,-119.63600255,2020-06-26
SNF202659_JJB,37.0377485,-119.64773762,2020-06-26
SNF202665,37.02497079,-119.65386907,2020-06-26
B_SNF203026,36.96936144,-119.62508671,2020-06-26
SNF107773,37.2333365,-119.89886295,2020-06-10
SNF208189,37.09881553,-119.74755115,2020-06-24
SNF205727,37.0889113,-119.71658371,2020-06-24
SNF212920,37.08918891,-119.7172774,2020-06-24
SNF101661,37.31037933,-119.60713141,2020-06-10
SNF106210,37.12610419,-119.75552041,2020-06-25
SNF202653,37.11770804,-119.74144753,2020-06-25
SNF207332,37.10586026,-119.73279296,2020-06-25
B_SNF107821,37.14226818,-119.64819828,2020-06-25
B_SNF206208,36.949742,-119.65876595,2020-06-26
SNF206101,36.99751587,-119.59253375,2020-06-26
SNF206135,37.0112831,-119.59180981,2020-06-26
B_SNF202700,37.02461234,-119.58394465,2020-06-26
SNF6A3933_JME,34.83885767,-118.96113134,2020-09-01
SNF6A1827,34.84647612,-119.0464891,2020-09-01
SNF6A2161_1,34.84388677,-118.98728966,2020-09-01
SNF6A3515_CJS,34.83162124,-118.96888468,2020-09-02
SNF107531,37.28286814,-119.78673573,2020-06-08
SNF112289,37.28213231,-119.78841236,2020-06-09
SNF108006,37.26918411,-119.78172154,2020-06-09
SNF103341,37.27450678,-119.77736404,2020-06-09
SNF107461,37.26196104,-119.70450462,2020-06-08
SNF107597,37.26878077,-119.72891003,2020-06-08
SNF104923,37.25259758,-119.72396907,2020-06-08
SNF101961,37.22322831,-119.70998462,2020-06-08
B_SNF107668,37.33236185,-119.73153591,2020-06-09
SNF107860,37.32651145,-119.72168893,2020-06-09
SNF107230,37.33088387,-119.65002434,2020-06-11
B_SNF112861,37.33798129,-119.63990839,2020-06-11
SNF106830,37.35848925,-119.73887862,2020-06-09
SNF107465,37.39210839,-119.75304528,2020-06-09
SNF110078,37.24541211,-119.84962115,2020-06-10
SNF206042,37.1892551,-119.41555172,2020-06-25
SNF206751,37.18984581,-119.41396821,2020-06-25
SNF101918,37.1894466,-119.67439452,2020-06-25
SNF108799,37.19227689,-119.68319478,2020-06-25
B_SNF107949,37.18438695,-119.68292156,2020-06-25
SNF101155,37.15992403,-119.67146929,2020-06-25
SNF206107_1,37.19848318,-119.6177132,2020-06-25
SNF200781,37.07480026,-119.44838945,2020-06-27
SNF206010,37.08341597,-119.45631853,2020-06-27
SNF206366,37.15179593,-119.52376167,2020-06-27
SNF3405864,36.53144623,-118.89354054,2021-10-26
SNF206814,37.10297986,-119.7505569,2020-06-25
SNF6A2772,34.95263721,-119.13888448,2020-09-01
SNF6A3993,34.93936138,-119.16860957,2020-09-01
SNF103283,37.12916648,-119.75674408,2020-06-24
SNF208007,36.90814575,-119.46766371,2020-06-27
SNF206683,36.99988571,-119.50596819,2020-06-30
SNF206294,37.01722462,-119.52171095,2020-06-30
SNF206104,36.99900174,-119.52538348,2020-06-30
SNF202808,37.16807081,-119.47997268,2020-07-22
SNF206364,37.15476894,-119.48657166,2020-07-22
SNF206675,37.14748691,-119.47087274,2020-07-22
B_SNF206040,37.1785442,-119.43231653,2020-07-23
SNF206743,37.2118973,-119.49961482,2020-06-25
SNF206412,37.22101782,-119.50681101,2020-06-25
SNF206370,37.22540503,-119.48809154,2020-06-25
SNF206369,37.20155265,-119.47103555,2020-06-25
SNF200863,37.19048464,-119.46457042,2020-06-25
SNF202202,37.18848853,-119.41657121,2020-06-25
SNF214008,37.19614812,-119.61776066,2020-06-25
SNF206139,37.19457362,-119.6178054,2020-06-25
SNF206694,37.18600746,-119.38374237,2020-07-23
SNF205986,37.18498697,-119.3874683,2020-07-23
SNF3413812,36.62869272,-118.98767765,2021-11-06
SNF3411859,36.96823334,-119.35477725,2021-11-08
SNF3411935,36.97500868,-119.33433949,2021-11-08
SNF101471,37.12910776,-119.76073286,2020-06-24
SNF105355,37.1412971,-119.65996186,2020-06-25
SNF213806,37.21295204,-119.50771307,2020-06-25
SNF206832,37.10901123,-119.76207371,2020-06-25
SNF207462,37.11453034,-119.74608884,2020-06-25
SNF212378,37.07707756,-119.72395853,2020-06-25
SNF206682,37.06866971,-119.65700205,2020-06-26
SNF202646,37.06000178,-119.64534945,2020-06-26
SNF206942,37.02515514,-119.58789797,2020-06-26
SNF202729,37.0222096,-119.5952718,2020-06-26
SNF206545,37.01217504,-119.58644762,2020-06-26
SNF201205,37.05748481,-119.53426293,2020-06-29
SNF206278,37.04221039,-119.56517371,2020-06-28
SNF209138,37.04267986,-119.5652426,2020-06-28
SNF206197,37.05022009,-119.52433792,2020-06-28
SNF107668,37.33356065,-119.72998845,2020-06-09
SNF107949,37.18561808,-119.68393663,2020-06-25
SNF203114,37.10226597,-119.86799515,2020-06-06
SNF107821,37.14220332,-119.64814017,2020-06-25
SNF206208,36.94969671,-119.65821507,2020-06-26
SNF209163,36.98924621,-119.71564001,2020-06-26
SNF203026_JJB,36.96967224,-119.62477845,2020-06-26
SNF202700,37.02533588,-119.58343288,2020-06-26
SNF3413774,36.93317293,-119.35674524,2021-10-29
SNF3405816,36.95955966,-119.34775951,2021-10-29
SNF6A2161_2,34.84381466,-118.98619174,2020-09-01
SNF6A3515_1,34.83210763,-118.96865409,2020-09-01
SNF6A3515_2,34.83226536,-118.97041768,2020-09-01
SNF106827,37.45659541,-119.90470246,2020-07-21
SNF201423,37.00124826,-119.40632355,2020-07-24
SNF202009,37.09774724,-119.69305967,2020-07-01
SNF206234,36.90217075,-119.467009,2020-06-27
B_SNF203645,36.88268882,-119.46692049,2020-06-27
B_SNF206562,36.90979707,-119.42182946,2020-06-27
B_SNF206241,36.95705659,-119.49927781,2020-06-27
SNF206952,37.12788889,-119.50986648,2020-06-27
SNF202278,37.13821879,-119.50319475,2020-06-25
SNF206384,37.14138821,-119.50492157,2020-06-24
B_SNF206366,37.1532509,-119.52425074,2020-06-28
SNF209006,37.08545018,-119.55360259,2020-06-26
SNF205295,37.08819686,-119.55161967,2020-06-28
SNF208534,37.07388873,-119.55042924,2020-06-28
SNF203645,36.88257542,-119.46524833,2020-06-27
SNF206131,37.12164822,-119.90500655,2020-06-06
SNF104528,37.40974829,-119.89129049,2020-07-22
SNF206578,36.91154493,-119.3918724,2020-07-24
SNF213908,37.18474606,-119.50732622,2020-07-22
SNF3409985,36.8617113,-119.35189263,2021-10-29
SNF3412766,36.8928978,-119.29906637,2021-10-29
SNF3401446,36.69061575,-119.08929957,2021-11-06
SNF207561,36.96610363,-119.4865602,2020-06-29
SNF206232,36.9670137,-119.46802119,2020-06-29
SNF208108,36.9921576,-119.41237524,2020-06-29
SNF202676,36.98625209,-119.39975873,2020-06-29
SNF202683,36.9783289,-119.40700554,2020-06-29
SNF211488,37.00973317,-119.46135984,2020-06-29
SNF208996,37.01284523,-119.45390973,2020-06-29
B_SNF201781,37.00641949,-119.44610209,2020-06-30
SNF202633,37.01475785,-119.44930205,2020-06-30
SNF112276,37.34451255,-119.81102858,2020-06-04
SNF112313,37.42505013,-119.73612404,2020-06-05
SNF6A1845_1,34.84801933,-118.99464883,2020-09-01
SNF6A1845_2,34.84969746,-118.99416267,2020-09-01
SNF6A3510,34.85895808,-119.10142438,2020-09-01
SNF5A2808,35.69207466,-118.52863954,2020-11-06
SNF6A2285,34.93186377,-119.00738031,2020-09-02
SNF6A2993,34.91025773,-119.07620944,2020-09-02
SNF6A1193,34.91240083,-119.16242278,2020-08-31
SNF6A3057,34.90737383,-119.15715543,2020-08-31
SNF6A2600_1,34.84924946,-118.92078072,2020-09-03
SNF6A2600_2,34.84826544,-118.91933368,2020-09-03
SNF5A5409,35.67189946,-118.5339271,2020-11-06
SNF6A2269,34.87119431,-119.20700755,2020-08-31
B_SNF206079,36.97036558,-119.50563573,2020-06-30
SNF6A1853,34.87001976,-119.2076662,2020-08-31
SNF206123,37.1148375,-119.68994412,2020-07-01
B_SNF208921,37.01091221,-119.4113731,2020-07-23
SNF206240,36.96938014,-119.44262867,2020-07-01
SNF3412259,36.66335729,-119.00414591,2021-10-28
SNF3414199,36.66666349,-119.00418321,2021-10-28
SNF3414638,36.835426,-119.47696394,2021-10-29
SNF206562,36.90982042,-119.42097649,2020-06-27
SNF6A1801,34.88085377,-119.21548876,2020-08-30
SNF200020,36.99036857,-119.52328064,2020-06-30
SNF206259,36.98856085,-119.5300315,2020-06-30
SNF3408980,36.61298003,-118.99540914,2021-10-28
SNF3414585,36.64124361,-118.99780709,2021-10-28
SNF6A0204,35.17306531,-118.72164872,2020-08-31
SNF6A0681,35.17545663,-118.72927256,2020-08-31
SNF206064,36.97581075,-119.54688377,2020-06-30
SNF206218,36.97022657,-119.58085232,2020-06-30
SNF203218,36.98840288,-119.4719568,2020-07-01
B_SNF206240,36.96937646,-119.44296292,2020-07-01
SNF213304,36.95662902,-119.44864073,2020-07-01
SNF209066,36.97108879,-119.75288308,2020-07-01
SNF206809,37.02814551,-119.66908544,2020-07-01
YUCCA20200701,37.02779437,-119.67005555,2020-07-01
B_SNF202009,37.09773321,-119.69379349,2020-07-01
SNF206241,36.95674364,-119.49896845,2020-06-27
SNF208921,37.01112741,-119.41165607,2020-07-23
SNF205560,37.01022784,-119.40416559,2020-07-23
SNF6A1843,34.88704798,-119.22286392,2020-08-30
SNF6A4111,34.93119176,-119.27482392,2020-08-30
SNF107322,37.45055637,-119.89010009,2020-07-21
SNF213523,37.01870876,-119.39913511,2020-07-23
B_SNF108996,37.43189109,-119.8915649,2020-07-21
SNF206376,37.00941053,-119.41329768,2020-07-23
SNF107518,37.25998679,-119.7507927,2020-07-24
SNF107613,37.27218644,-119.75154898,2020-07-24
SNF107161,37.15611725,-119.73743366,2020-07-24
SNF112258,37.15605719,-119.73761059,2020-07-24
SNF110123,37.21061357,-119.66931633,2020-07-24
SNF5A7731,35.7033559,-118.426753,2020-11-06
SNF5A7515_ALJ,35.75341297,-118.42565537,2020-11-06
SNF5A4077,35.68260118,-118.54457605,2020-11-06
SNF5A5185,35.68747748,-118.53169374,2020-11-06
SNF5A2117,35.55802467,-118.50218939,2020-11-10
SNF5A2106,35.49607143,-118.49999866,2020-11-10
SNF5A3616,35.49597318,-118.49760875,2020-11-10
SNF5A5867,35.70996612,-118.48953545,2020-11-11
SNF5A3759,35.70130744,-118.49634094,2020-11-11
SNF5A3740,35.64203653,-118.48151694,2020-11-04
SNF5A8078,35.67568011,-118.40171676,2020-11-05
SNF5A8227,35.67442802,-118.39811005,2020-11-05
SNF5A8074,35.67442261,-118.38857863,2020-11-05
SNF5A8029,35.69078707,-118.40611685,2020-11-05
SNF5A7792,35.76276844,-118.41900857,2020-11-07
SNF5A2079,35.58035155,-118.45035793,2020-11-09
SNF5A4030,35.57501996,-118.45527289,2020-11-09
SNF5A6745,35.64889524,-118.43787865,2020-11-09
SNF5A7515_APH,35.75372516,-118.42593744,2020-11-07
SNF3414554,36.96874169,-119.20253023,2021-10-28
SNF3414889,36.90808126,-119.1185074,2021-10-28
SNF3405222,36.91079695,-119.10442603,2021-10-28
SNF3414251,36.91368512,-119.10139203,2021-10-28
SNF3414871,36.88755073,-119.17019219,2021-10-28
SNF3412748,36.88809689,-119.16728259,2021-10-28
SNF3407096,36.88994762,-119.16685553,2021-10-28
SNF3413341,36.91558676,-119.12799351,2021-10-28
SNF3414349,36.57930409,-119.01209417,2021-10-28
SNF3400170,36.60539132,-119.01281632,2021-10-28
SNF3400013,36.6925228,-119.09987233,2021-11-06
SNF3412200_ALJ,36.67771486,-119.06772447,2021-11-06
SNF6A2926,34.91934043,-119.0584744,2020-09-02
SNF6A1803,34.87024367,-119.16848908,2020-08-31
SNF6A3034,34.91908624,-119.02514993,2020-09-02
SNF5A3690,35.7640787,-118.42565571,2020-11-07
SNF6A2472,34.86319092,-118.90112991,2020-09-02
SNF5A8092,35.70067219,-118.38783621,2020-11-06
SNF5A7949,35.70709887,-118.38943149,2020-11-06
SNF5A7856,35.71939355,-118.41808883,2020-11-06
SNF206112,37.02044519,-119.72963941,2020-06-26
SNF206504,36.91787823,-119.41125967,2020-07-23
SNF6A2668,34.86561457,-119.17272388,2020-08-31
SNF6A4045,34.91550302,-119.1905884,2020-08-31
SNF6A3989,34.91475845,-119.16418215,2020-08-31
SNF6A5659,34.94845969,-119.13285705,2020-09-01
SNF6A5656,34.94904814,-119.1438655,2020-09-01
SNF6A3006,34.93886677,-119.1699447,2020-09-01
SNF6A3092,34.95182058,-119.13143154,2020-09-01
SNF6A3007,34.95064242,-119.13249612,2020-09-01
SNF6A1848_1,34.86317486,-119.099911,2020-09-01
SNF6A3933_CJS,34.83871682,-118.96113159,2020-09-02
SNF6A2283,34.92185284,-119.01326718,2020-09-02
SNF6A1815,34.84731586,-119.08901468,2020-08-31
SNF6A1848_3,34.86150219,-119.1018695,2020-09-01
SNF6A2188_JME,34.8301379,-118.96519656,2020-09-01
SNF6A2188_CJS,34.83139552,-118.96557659,2020-09-02
SNF6A0174,35.17124271,-118.71772255,2020-08-31
SNF6A3977,34.84362598,-119.0711826,2020-08-31
SNF6A2710,34.82543691,-119.00148826,2020-08-31
SNF6A3937,34.82389313,-118.99927779,2020-08-31
SNF6A0419,34.89852246,-119.09367694,2020-09-02
SNF6A3724,34.93063244,-119.0786363,2020-09-02
SNF6A3067,34.93021405,-119.07588086,2020-09-02
SNF5A6976,35.60889587,-118.43406206,2020-11-05
SNF5A3610,35.61071639,-118.43452923,2020-11-05
SNF6A4113,34.81188504,-118.87834665,2020-09-01
SNF6A3049,34.81349001,-118.87244612,2020-09-01
B_SNF6A2055,34.83555547,-119.03975062,2020-08-31
SNF6A3579_M1,34.82128298,-118.99875549,2020-08-31
B_SNF6A2629,34.82446776,-118.94825487,2020-08-31
B_SNF6A1803,34.86937193,-119.16882595,2020-08-31
B_SNF6A4382,34.82507536,-118.90307457,2020-09-01
B_SNF6A3196,34.82669642,-118.8856895,2020-09-01
SNF5A4823,35.56814621,-118.41061272,2020-11-09
SNF5A3782,35.9074739,-118.48693051,2020-11-04
SNF5A7393,35.87408418,-118.4476587,2020-11-04
SNF6A3314,34.92491666,-119.0612664,2020-09-02
SNF6A2370,34.91353175,-119.07963438,2020-09-02
SNF6A3991,34.91729951,-119.19064465,2020-08-31
SNF6A2688,34.87152133,-119.21454095,2020-08-31
SNF6A3584,34.90403247,-119.09161176,2020-09-02
SNF6A4594,34.90254282,-119.09396334,2020-09-02
SNF6A4007,34.91654501,-119.16574897,2020-09-03
SNF6A4046,34.92354084,-119.17843791,2020-09-03
SNF6A4724,34.82768632,-118.94357838,2020-09-03
SNF6A2469,34.84599495,-118.91012421,2020-09-03
B_SNF6A2926,34.91954158,-119.05947195,2020-09-03
B_SNF6A2469,34.84520475,-118.91136687,2020-09-03
SNF6A4034,34.91291732,-119.16322066,2020-08-31
SNF6A3579,34.82129981,-118.99868997,2020-08-31
SNF6A3739,34.84376109,-119.07767388,2020-08-31
SNF5A7882,35.53492303,-118.51115803,2020-11-10
SNF6A1319,35.16986895,-118.7161667,2020-08-31
SNF6A4008,34.93186926,-119.01459076,2020-09-02
SNF6A2941,34.92871423,-119.01735218,2020-09-02
SNF6A4041,34.9226386,-119.01360245,2020-09-02
B_SNF6A2600_1,34.84452641,-118.91986771,2020-09-03
B_SNF6A2600_2,34.84463249,-118.91983049,2020-09-03
SNF5A7829,35.63636534,-118.40606304,2020-11-09
SNF6A3515_3,34.83260435,-118.96964572,2020-09-01
SNF6A0399,34.931519,-119.00816823,2020-09-02
SNF6A0451,34.9169338,-119.0218826,2020-09-02
SNF6A2334,34.91548268,-119.0239044,2020-09-02
SNF6A4042,34.9101036,-119.02407774,2020-09-02
SNF5A8012,35.6671421,-118.54026901,2020-11-05
SNF6A4675,34.90992748,-119.07466835,2020-09-02
B_SNF6A3034,34.91752411,-119.02346751,2020-09-02
B_SNF6A2370,34.91352728,-119.07974879,2020-09-02
Y20200902_M,34.91210841,-119.08224935,2020-09-02
B_SNF6A0419,34.89810651,-119.09236741,2020-09-02
B_SNF6A3724,34.92737576,-119.08197972,2020-09-02
B_SNF6A3067,34.9283406,-119.07628021,2020-09-03
B_SNF6A3314,34.92247274,-119.06291492,2020-09-03
SNF5A7762,35.64888565,-118.42667661,2020-11-09
SNF5A3808,35.55435673,-118.38683337,2020-11-08
SNF5A2137,35.56739583,-118.49350848,2020-11-10
SNF6A0928,34.81711795,-118.88006846,2020-09-01
SNF6A3550,34.8176279,-118.89091564,2020-09-01
SNF6A2044,34.83081712,-118.93527669,2020-09-01
SNF6A2523,34.83277606,-118.91962257,2020-09-01
SNF6A3828,34.91307968,-119.19062637,2020-08-31
SNF6A2352,34.85753251,-118.87924292,2020-09-01
SNF6A2424,34.86456291,-118.89794244,2020-09-01
SNF6A1861,34.87594784,-119.18565442,2020-08-31
SNF6A4006,34.91692875,-119.01485669,2020-09-02
SNF6A0096,35.13699052,-118.60426061,2020-08-30
SNF6A2629,34.82447275,-118.94809789,2020-08-31
SNF6A2058,34.82521416,-118.9493577,2020-08-31
SNF6A3747_1,34.82774734,-118.95794445,2020-08-31
SNF6A3747_2,34.82803292,-118.95771677,2020-08-31
SNF5A2801,35.66422837,-118.55415533,2020-11-06
SNF6A0587,34.88739459,-118.91991819,2020-09-01
SNF6A1848_2,34.86081106,-119.10136264,2020-09-01
SNF5A7732,35.69170615,-118.42836969,2020-11-06
SNF6A4750,35.14213977,-118.65931126,2020-08-31
SNF6A2805,34.91810739,-119.01412154,2020-09-02
SNF6A4431,34.86232042,-118.9019334,2020-09-02
SNF6A2116,34.84223009,-118.92518802,2020-09-03
SNF6A4125,35.17324597,-118.7287318,2020-08-31
SNF6AREC-01,34.82273644,-118.99967213,2020-08-31
SNF5A6361,35.87369585,-118.45074861,2020-11-04
SNF5A3665,35.86194836,-118.44852095,2020-11-04
SNF5A6538,35.85333604,-118.43665234,2020-11-04
SNF6A1848_M1,34.86121016,-119.10174964,2020-09-01
SNF6A1848_M2,34.86193218,-119.10187873,2020-09-01
SNF6A1845_M,34.84939913,-118.99458971,2020-09-01
I202009011646,34.84734533,-118.98985131,2020-09-01
I202009011930,34.83656809,-118.96307742,2020-09-02
SNF5A7962,35.5653485,-118.40479897,2020-11-09
SNF5A3872,35.84335055,-118.44971555,2020-11-04
SNF5A8122,35.91596457,-118.48738942,2020-11-04
SNF5A7740,35.58257972,-118.43196169,2020-11-10
SNF5A8056,35.58627354,-118.42936506,2020-11-10
SNF5A7878,35.58908475,-118.44378034,2020-11-10
SNF5A8990,35.70016851,-118.45186149,2020-11-03
SNF5A3855,35.91323245,-118.48742529,2020-11-04
SNF5A3993,35.89138854,-118.46216459,2020-11-04
B_SNF5A3999,35.89914972,-118.45875206,2020-11-05
B_SNF5A4099,35.89905701,-118.4586923,2020-11-05
SNF5A4002,35.90760756,-118.48987733,2020-11-04
SNF3414589,36.93585978,-119.20743122,2021-11-09
SNF5A8086,35.68487448,-118.40712944,2020-11-05
SNF5A8117,35.68789152,-118.38511763,2020-11-05
SNF5A7842,35.68162176,-118.42653661,2020-11-06
SNF5A4828,35.67054783,-118.49693223,2020-11-05
SNF5A5599,35.67364483,-118.50632295,2020-11-05
SNF5A4102,35.6652387,-118.51340477,2020-11-05
SNF5A7977,35.66755613,-118.52413343,2020-11-05
SNF5A8201,35.66376822,-118.52374661,2020-11-05
SNF5A8064,35.56010253,-118.61193755,2020-11-11
SNF5A6769,35.68175272,-118.41770501,2020-11-05
SNF5A3779,35.89602033,-118.46620743,2020-11-04
SNF5A7741,35.63364098,-118.48616527,2020-11-04
SNF5A8160,35.66486545,-118.55419412,2020-11-06
SNF5A6642,35.63409258,-118.48758226,2020-11-04
SNF5A7746,35.68634449,-118.4098721,2020-11-05
SNF5A1751,35.56981689,-118.41079245,2020-11-09
SNF5A3682,35.79261394,-118.44928849,2020-11-05
SNF5A2030,35.77419529,-118.43196838,2020-11-05
SNF5A3850_JJB,35.83019744,-118.45717296,2020-11-05
SNF5A3884,35.87422269,-118.45918935,2020-11-04
SNF5A6117,35.87536825,-118.46211614,2020-11-04
SNF5A3999,35.90084265,-118.45850026,2020-11-04
SNF5A4099,35.9001723,-118.45950735,2020-11-04
SNF5A3850_ALJ,35.82997494,-118.45767813,2020-11-05
SNF5B03197,35.47223787,-118.71553929,2020-11-02
SNF5B10633,35.61229635,-118.67640669,2020-11-03
SNF3414981,36.89877829,-119.20108386,2021-11-10
SNF5A3814,35.84963239,-118.43108552,2020-11-04
B_SNF5B10629,35.53667152,-118.71187254,2020-11-04
SNF3400290,36.69559744,-119.06506347,2021-11-11
SNF3412200_CJS,36.67865255,-119.06752918,2021-11-11
B_SNF5A3816,35.86486002,-118.44809917,2020-11-05
B_SNF5A3812,35.84836528,-118.45092346,2020-11-05
B_SNF5A3850_ALJ,35.82990879,-118.45759436,2020-11-05
SNF5A3899_ALJ,35.81561484,-118.45758875,2020-11-05
SNF5A8124,35.73543567,-118.42703407,2020-11-05
SNF5A2015,35.61739593,-118.4376996,2020-11-05
B_SNF5A6769,35.68206402,-118.41885985,2020-11-06
SNF5A7781,35.71849822,-118.43862571,2020-11-06
B_SNF5A7515_ALJ,35.75367702,-118.42540384,2020-11-06
SNF5A8125,35.7931031,-118.45068961,2020-11-06
B_SNF5A7515_APH,35.7536559,-118.42541985,2020-11-07
B_SNF5A7792,35.76281296,-118.41998846,2020-11-07
SNF3412605,36.98182299,-119.21131287,2021-11-09
SNF3414176,36.93982341,-119.18931148,2021-11-10
SNF3405879,36.92397341,-119.18547055,2021-11-10
SNF5A8146,35.77791345,-118.44026554,2020-11-07
SNF5A7788,35.7501055,-118.42818993,2020-11-07
SNF5A9013,35.73174766,-118.4224939,2020-11-07
SNF5A3744,35.73214882,-118.42254645,2020-11-07
SNF5A8989,35.71237747,-118.42834673,2020-11-07
SNF5A7872,35.70965904,-118.43959989,2020-11-08
SNF5A7747,35.67512961,-118.46744229,2020-11-08
SNF5A7810,35.61792896,-118.48686868,2020-11-08
SNF5A1961,35.59908801,-118.49695839,2020-11-08
SNF5A2111,35.58347144,-118.49119419,2020-11-08
SNF5A8222,35.57925651,-118.45500471,2020-11-09
SNF5A8132,35.60544003,-118.47637035,2020-11-09
SNF5A7847,35.61741973,-118.47803264,2020-11-09
SNF5A1853,35.64362856,-118.48669358,2020-11-09
SNF5A1844,35.6276429,-118.49854508,2020-11-09
SNF5A7444,35.605874,-118.50011267,2020-11-09
SNF5A1902,35.65376257,-118.43726248,2020-11-09
SNF5A3283,35.56805636,-118.40972644,2020-11-09
SNF5A3612,35.58510013,-118.41056591,2020-11-09
SNF5A5835,35.58066702,-118.40721765,2020-11-09
SNF5A7997,35.58793203,-118.44503385,2020-11-10
SNF5A3816,35.86476934,-118.44835838,2020-11-05
SNF5A3812,35.84844412,-118.45190114,2020-11-05
SNF5B10770,35.50502733,-118.77498701,2020-11-04
SNF5B03106,35.72619429,-118.67381458,2020-11-03
SNF5B08882,35.74580131,-118.59568436,2020-11-03
SNF5B03016,35.74789017,-118.58796303,2020-11-03
SNF5A8143,35.87085845,-118.45581748,2020-11-04
B_SNF5A3814,35.84963057,-118.43119204,2020-11-05
SNF5A7767,35.58880354,-118.44656908,2020-11-10
SNF5A3871,35.79948978,-118.45174095,2020-11-05
SNF5A7827,35.65748677,-118.43633343,2020-11-05
SNF5A3633,35.51198492,-118.49221969,2020-11-10
SNF5A2008,35.5704905,-118.5027432,2020-11-10
SNF5A7435_1,35.51038209,-118.51420073,2020-11-10
SNF5A6413,35.70066652,-118.49931236,2020-11-11
SNF5A8168,35.70585752,-118.51795086,2020-11-11
SNF5A8191,35.69278441,-118.52882411,2020-11-11
SNF5A1759,35.70864295,-118.48966831,2020-11-11
SNF5A3932,35.58071539,-118.53726897,2020-11-11
SNF5A3919,35.57822946,-118.55288625,2020-11-11
SNF5A3952,35.55806787,-118.60807702,2020-11-11
SNF5A6513,35.77833231,-118.44636698,2020-11-05
SNF5A1820,35.84895528,-118.43344887,2020-11-05
SNF5A4841,35.84837257,-118.43030993,2020-11-05
SNF5A3902,35.85140351,-118.4271062,2020-11-05
SNF3407899,36.66849402,-119.1537564,2021-10-25
SNF3413153,36.67462463,-119.16265018,2021-10-25
SNF3412688,36.67812898,-119.16660007,2021-10-25
SNF3414544,36.93631781,-119.21010597,2021-11-09
SNF3414355,36.9373855,-119.2102089,2021-11-09
SNF3400310,36.69831582,-119.07806237,2021-11-11
B_SNF3405864,36.53260925,-118.89105621,2021-10-26
B_SNF3414936,36.53106207,-118.8900239,2021-10-26
SNF5A8231,35.73427798,-118.42522791,2020-11-05
SNF5A8224,35.73731861,-118.42453454,2020-11-05
SNF5A6695,35.83258706,-118.45440949,2020-11-05
B_SNF5A3850_JJB,35.82990209,-118.45730208,2020-11-05
SNF5A3899_JJB,35.81530861,-118.45737543,2020-11-05
SNF5B10692,35.62220204,-118.64701597,2020-11-03
SNF5B09620,35.78812843,-118.79163654,2020-11-03
SNF5A8049,35.61153308,-118.43460232,2020-11-05
B_SNF5A2079,35.57896993,-118.45078971,2020-11-09
B_SNF5A4030,35.57641693,-118.45361374,2020-11-09
B_SNF5A6745,35.64934438,-118.43694942,2020-11-09
SNF5B09878,35.60984376,-118.66134299,2020-11-03
SNF5B08847,35.71959081,-118.61063558,2020-11-03
SNF5B10814,35.47124683,-118.71301491,2020-11-04
SNF5B10629,35.53832731,-118.71308955,2020-11-04
SNF3403435,36.66037846,-119.15135674,2021-10-25
SNF3413838,36.71185369,-119.13332157,2021-10-25
SNF5A3822,35.88284993,-118.45552,2020-11-05
SNF5B10719,35.74555853,-118.59853412,2020-11-03
B_SNF5B03203,35.49323357,-118.69878194,2020-11-03
B_SNF5B09414,35.49392134,-118.69832798,2020-11-03
B_SNF5B09422,35.45092194,-118.78225965,2020-11-02
B_SNF5B09600,35.47269936,-118.71442009,2020-11-02
B_SNF5B10713,35.73261734,-118.61851406,2020-11-03
B_SNF5B09376,35.48152099,-118.74357533,2020-11-04
B_SNF5B00001,35.49073207,-118.70589667,2020-11-04
B_SNF5B10782,35.53232801,-118.65962513,2020-11-04
SNF5B10804,35.49144173,-118.70747456,2020-11-04
SNF5B09391,35.52500194,-118.66765491,2020-11-04
SNF5B03059,35.51955521,-118.72430441,2020-11-04
SNF5B08722,35.5408742,-118.69895335,2020-11-04
SNF5B09534,35.87460287,-118.70181297,2020-11-05
SNF5B10743,35.86769153,-118.64205537,2020-11-05
SNF5B09149,35.86883457,-118.63849357,2020-11-05
SNF5B08810,35.87080767,-118.63591119,2020-11-05
SNF5B09469,35.80046466,-118.82028529,2020-11-05
SNF5B00001,35.49045091,-118.70588696,2020-11-04
SNF5B10782,35.53233112,-118.65909466,2020-11-04
SNF5B09414,35.49413129,-118.69871112,2020-11-02
SNF5B03203,35.49277579,-118.69829675,2020-11-02
SNF5B09422,35.45105982,-118.78279681,2020-11-02
SNF5B10713,35.73223878,-118.61850759,2020-11-03
SNF5B09376,35.48436565,-118.74558232,2020-11-04
SNF5B09600,35.47308681,-118.71447135,2020-11-02
SNF3413865,36.68868631,-119.12136439,2021-10-25
SNF3402003,36.69380238,-119.12030599,2021-10-25
SNF3405830,36.88865677,-119.24773602,2021-11-09
SNF3432400_TPR,36.43056304,-119.02535216,2021-10-26
SNF3416782,36.68248615,-119.18835068,2021-10-27
SNF3429179,36.49701605,-119.01952453,2021-10-27
SNF3438232,36.39043199,-118.95778513,2021-10-27
SNF3428453,36.38679001,-118.94668339,2021-10-27
SNF3438646,36.41663855,-118.92666061,2021-10-27
SNF3414591,36.9122219,-119.20546122,2021-11-10
SNF3414771,36.92366977,-119.2075577,2021-11-10
SNF3432657,36.41402088,-118.92878392,2021-10-27
SNF3422636,36.36712329,-118.83618855,2021-10-27
SNF3429924,36.45385285,-118.87169763,2021-10-27
SNF3423781,36.47373782,-118.84694269,2021-10-27
SNF3420636,36.47624652,-118.84647062,2021-10-27
SNF3432723,36.46308653,-119.02735466,2021-10-27
SNF3438703,36.48384494,-119.01637059,2021-10-28
SNF3432126,35.91082501,-118.67524854,2021-11-04
SNF3424113,35.90410188,-118.65769156,2021-11-04
SNF3432335,36.05272807,-118.92416938,2021-10-29
SNF3433809,35.89871986,-118.65309434,2021-11-04
SNF3433141,36.06584466,-118.87693988,2021-10-29
SNF3438231,36.07999197,-118.88126083,2021-10-29
SNF3433095,36.24864275,-118.77975624,2021-10-27
SNF3415112,36.78475931,-119.17521297,2021-10-27
SNF3433147,35.88773819,-118.64508711,2021-11-04
SNF3433093_ALJ,35.87940289,-118.67884865,2021-11-04
SNF3420767,35.87999352,-118.69655701,2021-10-28
SNF3433093_BLH,35.87957594,-118.67699491,2021-10-28
SNF3436839,35.89445506,-118.68349262,2021-10-28
SNF3432312,35.91720087,-118.65872312,2021-11-04
SNF3431444,35.91258646,-118.66952764,2021-11-04
SNF3438235,36.05580126,-118.92216443,2021-10-29
DOLO0205,39.98311414,-120.38157189,2019-07-23
SNF3420707,36.43941686,-118.83162108,2021-11-05
SNF3421745,36.46011979,-118.84092753,2021-11-05
SNF3432313,35.93642799,-118.65416118,2021-11-04
SNF3420740,35.88752312,-118.74546616,2021-10-28
SNF3420523,36.82855673,-119.33734241,2021-10-29
SNF3415016,36.86248248,-119.32144051,2021-10-29
SNF3431800,35.92620274,-118.64857942,2021-11-04
SNF3415008,36.81766701,-119.36523721,2021-10-27
SNF3438481,36.20989615,-118.75166362,2021-10-28
SNF3427817,36.24717408,-118.78120957,2021-10-27
SNF3433032,36.14287446,-118.80542833,2021-10-27
SNF3432400_TH,36.43055234,-119.02526514,2021-10-26
SNF3432317,36.4342017,-119.02674111,2021-10-26
SNF3420642,36.15671696,-118.75153522,2021-10-27
SNF3422563,36.15167839,-118.7447473,2021-10-27
SNF3436851,36.1779847,-118.79830288,2021-10-27
SNF3424407,35.89439083,-118.75612652,2021-10-28
SNF3416833,36.51168107,-119.13060293,2021-10-28
SNF3415054,36.52915064,-118.89732659,2021-10-26
SNF3433314,36.43203283,-118.83354119,2021-11-05
B_SNF3415054,36.53112598,-118.88987185,2021-10-26
B_SNF3418290,36.74371623,-119.07644248,2021-10-27
B_SNF3433159,36.15469684,-118.75135677,2021-10-27
B_SNF3432608,36.1470372,-118.7555297,2021-10-27
B_SNF3416833,36.51113135,-119.12954269,2021-10-28
B_SNF3418246,36.91642489,-119.12559871,2021-10-28
B_SNF3436839,35.89487199,-118.6828034,2021-10-28
B_SNF3420766B,35.8874092,-118.72727073,2021-10-28
B_SNF3433786,35.89483683,-118.76175949,2021-10-29
B_SNF3433314,36.43209422,-118.83369778,2021-11-05
SNF3436849,35.88090887,-118.70037908,2021-10-28
SNF3426918,35.87924628,-118.69427353,2021-10-28
SNF3420818,35.8813832,-118.71331797,2021-10-28
SNF3430499A,35.88479405,-118.72022298,2021-10-28
SNF3420766A,35.88745941,-118.72709119,2021-10-28
SNF3436922,36.05333203,-118.93057081,2021-10-29
SNF3433996,36.05708947,-118.92302601,2021-10-29
DOLO0206,39.98887433,-120.40215072,2019-07-23
DOLO0207,39.96967256,-120.40352218,2019-07-24
DOLO0256,39.17633246,-120.16603617,2019-08-14
DOLO0184,40.22315919,-120.79173037,2019-07-29
SNF3415084,36.87185527,-119.31068548,2021-10-29
DOLO0257,39.17579774,-120.17220359,2019-08-14
SNF3418246,36.91656243,-119.1252836,2021-10-28
SNF3420766B,35.88879062,-118.72687714,2021-10-28
SNF3432608,36.14674899,-118.75263277,2021-10-27
SNF3433159,36.1528811,-118.75493673,2021-10-27
SNF3433786,35.89471926,-118.76183845,2021-10-29
DOLO0245,40.27818291,-120.66698603,2019-08-07
DOLO0494,39.45748493,-120.35683255,2019-09-04
DOLO0185,40.20399341,-120.76426158,2019-07-30
DOLO0496,39.48514201,-120.37352623,2019-09-05
SNF3433212,36.46224068,-118.84098248,2021-11-05
SNF3436919,36.11129183,-118.85909757,2021-11-06
SNF3436821,36.13853415,-118.86843744,2021-11-06
SNF3417820,36.61831172,-119.01939313,2021-11-06
DOLO0028,39.93760052,-120.28165125,2019-07-17
DOLO0029,39.90046311,-120.28331918,2019-07-17
DOLO0194,40.22664672,-120.60524605,2019-07-31
DOLO0064,39.52377961,-120.0482105,2019-06-19
DOLO0397,39.42332882,-120.30293875,2019-09-05
DOLO0398,39.41750509,-120.28998089,2019-09-05
DOLO0399,39.4220963,-120.29216086,2019-09-05
DOLO0036,39.59450917,-120.08409796,2019-07-23
DOLO0037,39.55371963,-120.05410917,2019-07-23
DOLO0038,39.53693142,-120.08673161,2019-07-23
DOLO0243,40.29593554,-120.68839836,2019-08-07
DOLO0258,39.16570947,-120.16190325,2019-08-14
SNF3432421,36.10805611,-118.86162617,2021-11-06
SNF3436847,36.12291485,-118.85868568,2021-11-06
SNF3436923,36.0908319,-118.83655587,2021-11-06
SNF3436827,36.08402603,-118.82049573,2021-11-06
SNF3436853,36.10464067,-118.80824868,2021-11-06
SNF3415616,36.96825245,-119.35436487,2021-11-08
SNF3418290,36.74430456,-119.07696742,2021-10-27
DOLO0301,40.30234669,-120.75826777,2019-08-05
DOLO0302,40.29168208,-120.7611143,2019-08-05
DOLO0303,40.30957103,-120.66851799,2019-08-06
DOLO0058,39.61929368,-120.04184739,2019-06-17
DOLO0211,39.91741215,-120.70514838,2019-07-25
DOLO0004,40.30120646,-120.40165342,2019-06-04
DOLO0244,40.28230841,-120.65450571,2019-08-07
DOLO0059,39.62219257,-120.04850315,2019-06-17
DOLO0060,39.61026092,-120.04477106,2019-06-18
DOLO0061,39.61095033,-120.04956332,2019-06-18
DOLO0062,39.56672054,-120.06593085,2019-06-18
DOLO0063,39.53139557,-120.06757084,2019-06-18
DOLO0039,39.55235377,-120.08064019,2019-07-23
DOLO0056,40.11118232,-120.00426271,2019-06-13
DOLO0057,39.62219241,-120.02872444,2019-06-17
DOLO0081,39.73749129,-120.02962057,2019-06-10
DOLO0240,40.30789378,-120.70989991,2019-08-07
DOLO0241,40.3182697,-120.71346808,2019-08-07
DOLO0242,40.30350253,-120.69291724,2019-08-07
DOLO0202,39.86265468,-120.59740445,2019-07-22
DOLO0203,39.86392009,-120.59456636,2019-07-22
DOLO0204,39.96845989,-120.34328581,2019-07-23
DOLO0027,39.93975096,-120.28192887,2019-07-17
DOLO0195,40.25904232,-120.61976526,2019-07-31
DOLO0034,39.61743663,-120.07234972,2019-07-22
DOLO0035,39.60719532,-120.0716751,2019-07-23
DOLO0208,39.97554802,-120.39238708,2019-07-24
DOLO0209,39.97567872,-120.39059065,2019-07-24
DOLO0210,40.02288544,-120.32444291,2019-07-24
DOLO0002,40.35288978,-120.28972469,2019-06-04
DOLO0003,40.30794036,-120.38788767,2019-06-04
DOLO0212,39.92232674,-120.73700777,2019-07-25
DOLO0032,39.86705343,-120.41414279,2019-07-18
DOLO0040,39.56836376,-120.11388528,2019-07-24
DOLO0133,40.05215777,-120.25691739,2019-07-16
DOLO0250,39.1297254,-120.1825731,2019-08-12
DOLO0251,39.06826944,-120.20890759,2019-08-13
DOLO0055,40.11941114,-120.02470366,2019-06-13
DOLO0033,39.90600143,-120.43911335,2019-07-18
DOLO0495,39.50415585,-120.39296337,2019-09-05
DOLO0001,39.83438167,-120.04481972,2019-06-03
DOLO0319,39.07692777,-120.27015986,2019-08-13
DOLO0320,39.21814236,-120.16751631,2019-08-14
DOLO0381,40.13811528,-120.68724386,2019-08-28
DOLO0047,40.12541122,-120.09637121,2019-06-11
DOLO0041,39.89362289,-120.03833395,2019-06-10
DOLO0042,39.89374863,-120.05174182,2019-06-10
DOLO0129,39.72421743,-120.44431535,2019-07-15
DOLO0130,40.01642131,-120.27400189,2019-07-16
DOLO0131,40.01766463,-120.27515911,2019-07-16
DOLO0132,40.02877809,-120.26893979,2019-07-16
DOLO0247,40.31956934,-120.66491401,2019-08-08
DOLO0248,40.31942031,-120.649114,2019-08-08
DOLO0249,39.12670701,-120.1840467,2019-08-12
DOLO0214,40.20237805,-120.79037262,2019-07-29
DOLO0317,39.08175701,-120.30111376,2019-08-13
DOLO0318,39.08395569,-120.277125,2019-08-13
DOLO0213,40.20142906,-120.78832401,2019-07-29
DOLO0091,40.04034513,-120.21977106,2019-06-13
DOLO0092,40.04851341,-120.22419772,2019-06-13
DOLO0253,39.08165525,-120.229602,2019-08-13
DOLO0093,39.61437278,-120.0111578,2019-06-17
DOLO0094,39.58986196,-120.03117828,2019-06-17
DOLO0110,39.4440676,-120.09585942,2019-07-02
DOLO0111,39.42983018,-120.07557684,2019-07-02
DOLO0112,39.41739542,-120.06508682,2019-07-02
DOLO0170,39.47020897,-120.0450844,2019-07-31
DOLO0086,40.13981572,-120.35057427,2019-06-12
DOLO0087,40.07011328,-120.32985233,2019-06-12
DOLO0088,40.06389792,-120.29532227,2019-06-12
DOLO0166,39.50636485,-120.24015252,2019-07-30
DOLO0167,39.50423584,-120.06009691,2019-07-31
DOLO0084,40.00027031,-120.01990679,2019-06-11
DOLO0085,39.99171878,-120.03592463,2019-06-11
DOLO0005,40.30203613,-120.36705571,2019-06-04
DOLO0006,40.26583163,-120.09967151,2019-06-04
DOLO0164,39.55360519,-120.24051448,2019-07-30
DOLO0007,40.31568455,-120.37187949,2019-06-04
DOLO0008,40.34209193,-120.57104083,2019-06-05
DOLO0009,40.32148837,-120.57908826,2019-06-05
DOLO0010,40.34042202,-120.55506721,2019-06-04
DOLO0011,40.05994347,-120.05076292,2019-06-06
DOLO0012,40.07279315,-120.04741773,2019-06-06
DOLO0013,40.07146007,-120.04671324,2019-06-06
DOLO0015,39.90416326,-120.10864095,2019-07-10
DOLO0016,39.94305065,-120.12675767,2019-07-10
DOLO0017,39.94123008,-120.1245402,2019-07-10
DOLO0018,39.62419869,-120.34652436,2019-07-15
DOLO0019,39.64781727,-120.33896719,2019-07-15
DOLO0020,39.67676928,-120.33930133,2019-07-15
DOLO0021,39.92913748,-120.16310823,2019-07-16
DOLO0022,39.93549653,-120.1689771,2019-07-16
DOLO0023,39.91597863,-120.18682594,2019-07-16
DOLO0024,39.89786816,-120.19147338,2019-07-16
DOLO0025,39.86267905,-120.13719914,2019-07-16
DOLO0026,39.93882021,-120.28449343,2019-07-17
DOLO0030,39.86338644,-120.36174715,2019-07-18
DOLO0031,39.86683977,-120.4134494,2019-07-18
DOLO0043,40.07573062,-120.12764546,2019-06-11
DOLO0246,40.31946716,-120.67011924,2019-08-08
DOLO0222,40.15886368,-120.73472389,2019-07-31
DOLO0223,40.17180765,-120.73651281,2019-07-31
DOLO0224,40.17202009,-120.72988265,2019-07-31
PLU1801,39.93248765,-120.58218487,2018-06-28
DOLO0089,40.08291589,-120.32721755,2019-06-12
DOLO0090,40.12317272,-120.34798228,2019-06-12
DOLO0168,39.48672745,-120.04426853,2019-07-31
DOLO0169,39.47248228,-120.03954851,2019-07-31
DOLO0233,40.35087151,-120.56361426,2019-08-05
DOLO0226,40.16209294,-120.72988473,2019-07-31
DOLO0227,40.22352228,-120.73134835,2019-08-01
DOLO0228,40.22623193,-120.71432263,2019-08-01
DOLO0229,40.24586963,-120.73767912,2019-08-01
DOLO0230,40.34638301,-120.48774553,2019-08-05
DOLO0136,39.97718646,-120.29261081,2019-07-17
DOLO0137,39.97863065,-120.29543423,2019-07-17
DOLO0138,39.98192768,-120.22085399,2019-07-17
DOLO0237,40.31170965,-120.69656809,2019-08-06
DOLO0234,40.31206406,-120.69536754,2019-08-06
DOLO0048,40.14281067,-120.07264887,2019-06-11
DOLO0049,40.13557889,-120.07947282,2019-06-11
DOLO0050,39.8921624,-120.07053192,2019-06-12
DOLO0095,39.58382037,-120.04966738,2019-06-17
DOLO0096,39.6846621,-120.0448986,2019-06-18
DOLO0097,39.6576475,-120.05023424,2019-06-18
DOLO0098,39.66245856,-120.04353767,2019-06-18
DOLO0108,39.35063337,-120.11764938,2019-07-01
DOLO0109,39.41949591,-120.0310964,2019-07-01
DOLO0252,39.07307023,-120.21112231,2019-08-13
DOLO0051,39.90963357,-120.00623777,2019-06-12
DOLO0052,39.90516718,-120.00176561,2019-06-12
DOLO0053,39.92511772,-120.00832394,2019-06-12
DOLO0065,39.53346988,-120.05484963,2019-06-19
DOLO0165,39.55896958,-120.30049385,2019-07-30
DOLO0456,40.06954928,-120.52795637,2019-08-28
DOLO0457,40.17512656,-120.61122801,2019-08-29
DOLO0066,39.51899061,-120.0490531,2019-06-19
DOLO0067,39.52443085,-120.02184844,2019-06-20
DOLO0068,39.51123304,-120.16769124,2019-06-20
DOLO0069,39.52879763,-120.11853829,2019-07-01
DOLO0070,39.52045162,-120.12600186,2019-07-01
DOLO0071,39.94491065,-120.46255601,2019-07-08
DOLO0072,39.84796836,-120.36192878,2019-07-11
DOLO0073,39.84741892,-120.36351588,2019-07-11
DOLO0074,39.60207511,-120.10818828,2019-07-24
DOLO0075,39.59831537,-120.10660976,2019-07-24
DOLO0076,39.57358733,-120.1022611,2019-07-24
DOLO0077,39.55054534,-120.09509853,2019-07-25
DOLO0078,39.55809671,-120.10024132,2019-07-25
DOLO0079,39.58208835,-120.10503839,2019-07-25
DOLO0128,39.6951224,-120.43708655,2019-07-15
DOLO0134,40.04752629,-120.23640406,2019-07-16
DOLO0442,39.29269806,-120.03233603,2019-08-22
DOLO0443,39.29127391,-120.03301063,2019-08-22
DOLO0444,40.06911613,-120.69789362,2019-08-26
DOLO0481,40.17549743,-120.48918897,2019-08-27
DOLO0139,39.7356891,-120.38346255,2019-07-18
DOLO0140,39.73647854,-120.38651307,2019-07-18
DOLO0141,39.81715296,-120.39509295,2019-07-18
DOLO0142,39.87140427,-120.53021299,2019-07-22
DOLO0143,39.88147351,-120.5040335,2019-07-22
DOLO0144,39.90562389,-120.54190925,2019-07-22
DOLO0145,40.02561716,-120.45482094,2019-07-23
DOLO0146,40.03577028,-120.46883452,2019-07-23
DOLO0147,40.04359046,-120.49040411,2019-07-23
DOLO0148,40.03214079,-120.52640202,2019-07-23
DOLO0149,40.00604529,-120.42034748,2019-07-23
DOLO0150,40.03995494,-120.5354604,2019-07-24
DOLO0151,40.05483049,-120.57312845,2019-07-24
DOLO0152,40.04846173,-120.56112885,2019-07-24
DOLO0153,40.01365058,-120.56484111,2019-07-24
DOLO0113,39.40574658,-120.05045666,2019-07-02
DOLO0114,39.39977586,-120.04698121,2019-07-02
DOLO0115,39.39561888,-120.07353545,2019-07-03
DOLO0116,39.3914971,-120.07620388,2019-07-03
DOLO0263,39.06726845,-120.24406751,2019-08-13
DOLO0264,39.18478204,-120.22170031,2019-08-13
DOLO0265,39.14902839,-120.17909566,2019-08-14
DOLO0266,39.14976566,-120.18461981,2019-08-14
DOLO0267,39.15104186,-120.1927028,2019-08-14
DOLO0268,39.14536269,-120.19031392,2019-08-14
TAH1801,39.11152549,-120.36416984,2018-08-20
DOLO0499,39.50281443,-120.34092792,2019-09-05
DOLO0117,39.8108526,-120.39573975,2019-07-09
DOLO0118,39.99462187,-120.62676161,2019-07-09
DOLO0119,39.99275447,-120.62707223,2019-07-09
DOLO0120,39.98076459,-120.62929062,2019-07-09
DOLO0121,39.97762481,-120.60932905,2019-07-09
DOLO0122,39.96492707,-120.17901267,2019-07-10
DOLO0123,39.94930681,-120.17936232,2019-07-10
DOLO0124,39.94972515,-120.17989522,2019-07-10
DOLO0125,39.8101323,-120.39896745,2019-07-11
DOLO0126,39.87646265,-120.48767098,2019-07-11
DOLO0127,39.695466,-120.43918454,2019-07-15
DOLO0135,39.97470839,-120.29064797,2019-07-17
DOLO0154,40.03268137,-120.48915189,2019-07-24
DOLO0155,39.92654665,-120.50087534,2019-07-25
DOLO0156,39.92679798,-120.5741712,2019-07-25
DOLO0473,39.42034934,-120.11180438,2019-08-22
DOLO0474,39.41321972,-120.13165586,2019-08-22
DOLO0455,40.12028033,-120.56606117,2019-08-28
DOLO0238,40.31407328,-120.70263046,2019-08-06
DOLO0239,40.31684208,-120.70824413,2019-08-06
DOLO0171,39.48480697,-120.04632619,2019-07-31
DOLO0172,39.43312916,-120.1222077,2019-08-01
DOLO0386,40.20077487,-120.56294848,2019-08-29
DOLO0387,40.19457159,-120.61367012,2019-08-29
DOLO0173,39.42989605,-120.10194276,2019-08-01
DOLO0174,39.43204988,-120.1106588,2019-08-01
DOLO0175,39.43529949,-120.12072428,2019-08-01
DOLO0176,39.17299876,-120.20027819,2019-08-12
DOLO0177,39.17618041,-120.21348563,2019-08-12
DOLO0178,39.17555917,-120.21877648,2019-08-12
DOLO0179,39.08060321,-120.25366236,2019-08-13
DOLO0180,39.08395654,-120.25030718,2019-08-13
DOLO0181,40.23770133,-120.78198346,2019-07-29
DOLO0182,40.22825587,-120.78738075,2019-07-29
DOLO0186,40.21497923,-120.76823636,2019-07-30
DOLO0187,40.22518096,-120.76612683,2019-07-30
DOLO0188,40.23398053,-120.75952576,2019-07-30
DOLO0189,40.23241573,-120.7610583,2019-07-30
DOLO0190,40.22256266,-120.76395652,2019-07-30
DOLO0191,40.236881,-120.65498161,2019-07-31
DOLO0192,40.21189645,-120.63924087,2019-07-31
DOLO0215,40.19891724,-120.7804054,2019-07-29
DOLO0216,40.25119448,-120.75901671,2019-07-30
DOLO0217,40.24516418,-120.74537913,2019-07-30
DOLO0218,40.23915597,-120.72514885,2019-07-30
DOLO0219,40.2354009,-120.72018508,2019-07-30
DOLO0220,40.23497887,-120.7188828,2019-07-30
DOLO0221,40.22838251,-120.71922174,2019-07-30
DOLO0225,40.16754721,-120.74993499,2019-07-31
DOLO0231,40.33710407,-120.47777821,2019-08-05
DOLO0232,40.3494795,-120.56552462,2019-08-05
DOLO0235,40.31358806,-120.69273861,2019-08-06
DOLO0236,40.31369772,-120.69281725,2019-08-06
DOLO0261,39.08958693,-120.25144095,2019-08-13
DOLO0480,40.17949795,-120.49338672,2019-08-27
DOLO0484,40.25371992,-120.55292504,2019-08-28
DOLO0485,40.23773439,-120.57491715,2019-08-28
DOLO0486,40.25626904,-120.5195127,2019-08-29
DOLO0262,39.07553318,-120.25872496,2019-08-13
DOLO0388,39.44413703,-120.26928906,2019-09-03
DOLO0389,39.44725373,-120.27580192,2019-09-03
DOLO0468,39.28030818,-120.00724282,2019-08-20
DOLO0471,39.41605855,-120.3275046,2019-08-21
DOLO0441,39.28323706,-120.03190107,2019-08-22
DOLO0254,39.08093657,-120.22968792,2019-08-13
DOLO0255,39.17182532,-120.15521074,2019-08-14
DOLO0259,39.16841898,-120.1607064,2019-08-14
DOLO0260,39.21695586,-120.10283797,2019-08-15
DOLO0269,39.1440068,-120.17968961,2019-08-14
DOLO0270,39.11215566,-120.16613579,2019-08-14
DOLO0271,39.18632813,-120.13714603,2019-08-15
DOLO0272,39.20593893,-120.11920071,2019-08-15
DOLO0273,39.20709664,-120.12011446,2019-08-15
DOLO0274,39.13810538,-120.19308976,2019-08-19
DOLO0275,39.13727934,-120.22251692,2019-08-19
DOLO0285,39.23754393,-120.25039905,2019-08-21
DOLO0286,39.23983942,-120.24042739,2019-08-21
DOLO0287,39.22656205,-120.21101802,2019-08-21
DOLO0288,39.23339398,-120.22812315,2019-08-22
DOLO0289,39.23158921,-120.22913248,2019-08-22
DOLO0290,39.23180099,-120.20933937,2019-08-22
DOLO0291,39.85811973,-120.58336043,2019-08-26
DOLO0292,39.83772383,-120.60112523,2019-08-26
DOLO0293,39.82925111,-120.64218646,2019-08-26
DOLO0294,40.17905544,-120.71294769,2019-08-27
DOLO0295,40.17554253,-120.713876,2019-08-27
DOLO0296,40.1718753,-120.70927842,2019-08-27
DOLO0297,40.17263152,-120.71380933,2019-08-27
DOLO0298,40.17544179,-120.71561745,2019-08-27
DOLO0299,40.13832986,-120.70390345,2019-08-28
DOLO0300,40.15373641,-120.6990289,2019-08-28
DOLO0307,40.31309543,-120.68207051,2019-08-06
DOLO0308,40.31076201,-120.65169722,2019-08-07
DOLO0309,40.31322736,-120.6520001,2019-08-07
DOLO0310,40.31053415,-120.66178943,2019-08-07
DOLO0311,40.31147997,-120.66401609,2019-08-07
DOLO0312,40.30784091,-120.65868186,2019-08-07
DOLO0313,40.20088453,-120.05534927,2019-08-08
DOLO0314,40.17824391,-120.05622338,2019-08-08
DOLO0315,40.16442487,-120.02973511,2019-08-08
DOLO0316,39.08664704,-120.30999025,2019-08-13
DOLO0382,40.13516882,-120.68045438,2019-08-28
DOLO0383,40.12735014,-120.67778647,2019-08-28
DOLO0384,40.1233166,-120.70363438,2019-08-28
DOLO0385,40.20472221,-120.56859906,2019-08-29
DOLO0458,40.1733552,-120.61356832,2019-08-29
DOLO0475,39.42777898,-120.14378959,2019-08-22
DOLO0465,39.25792219,-120.00724553,2019-08-20
DOLO0479,40.19312935,-120.47319767,2019-08-27
DOLO0482,40.26034964,-120.5537678,2019-08-28
DOLO0483,40.25954544,-120.55450226,2019-08-28
DOLO0390,39.44756604,-120.27529011,2019-09-03
DOLO0394,39.44604619,-120.36050714,2019-09-04
DOLO0464,39.39968428,-120.01868904,2019-08-19
DOLO0472,39.41548667,-120.32574948,2019-08-21
DOLO0491,39.46018459,-120.34800247,2019-09-04
DOLO0492,39.46151621,-120.3483238,2019-09-04
DOLO0493,39.4627033,-120.3517886,2019-09-04
DOLO0497,39.50326807,-120.33988727,2019-09-05
DOLO0395,39.41415364,-120.31247921,2019-09-05
DOLO0396,39.42332194,-120.30574996,2019-09-05
DOLO0400,39.45894157,-120.27288231,2019-09-05
DOLO0401,39.45365959,-120.29163486,2019-09-06
DOLO0402,39.45394326,-120.29298346,2019-09-06
DOLO0421,39.22974551,-120.14501844,2019-08-14
DOLO0422,39.22213954,-120.14050878,2019-08-14
DOLO0423,39.22408829,-120.13842593,2019-08-14
DOLO0424,39.22405391,-120.1392265,2019-08-14
DOLO0425,39.22253795,-120.15382339,2019-08-14
DOLO0426,39.15058815,-120.24881331,2019-08-15
DOLO0427,39.14978601,-120.24956191,2019-08-15
DOLO0428,39.07253937,-120.25134006,2019-08-19
DOLO0429,39.06538345,-120.19414847,2019-08-19
DOLO0430,39.06535697,-120.19529359,2019-08-19
DOLO0431,39.24630794,-120.28332023,2019-08-20
DOLO0432,39.24598858,-120.28314718,2019-08-20
DOLO0433,39.24614098,-120.28581768,2019-08-20
DOLO0434,39.23993123,-120.26837839,2019-08-20
DOLO0435,39.05206372,-120.20220926,2019-08-21
DOLO0436,39.0505545,-120.21065692,2019-08-21
DOLO0437,39.05831159,-120.22727973,2019-08-21
DOLO0438,39.06979628,-120.24314858,2019-08-21
DOLO0439,39.25301594,-120.24218166,2019-08-21
DOLO0440,39.29002951,-120.02344115,2019-08-22
TAH1701,39.42065071,-120.65289616,2017-08-29
DOLO0466,39.26572221,-120.00684399,2019-08-20
DOLO0467,39.27894164,-120.00699965,2019-08-20
DOLO0459,40.14889914,-120.62589387,2019-08-29
DOLO0460,40.10798732,-120.63443887,2019-08-29
DOLO0461,39.22854713,-120.12232985,2019-08-15
DOLO0462,39.22346739,-120.11437213,2019-08-15
DOLO0463,39.36524189,-120.07136956,2019-08-19
DOLO0476,40.05249307,-120.1157869,2019-08-26
DOLO0477,40.13803817,-120.35044384,2019-08-26
DOLO0478,40.16136156,-120.47459958,2019-08-27
DOLO0487,40.25261215,-120.52120995,2019-08-29
DOLO0488,40.23743101,-120.48644296,2019-08-29
DOLO0489,39.42922604,-120.24440852,2019-09-03
DOLO0498,39.50212808,-120.34203556,2019-09-05
DOLO0500,39.47432083,-120.24468638,2019-09-06
DOLO0501,39.43713215,-120.31274597,2019-09-03
DOLO0502,39.4364073,-120.30167897,2019-09-03
DOLO0503,39.43794313,-120.3472666,2019-09-04
DOLO0504,39.43331074,-120.36500767,2019-09-04
DOLO0505,39.43365734,-120.36241556,2019-09-04
DOLO0506,39.43450804,-120.36377756,2019-09-04
DOLO0507,39.43476927,-120.36218773,2019-09-04
DOLO0508,39.43695942,-120.35985121,2019-09-04
DOLO0509,39.43859181,-120.19531394,2019-09-05
DOLO0510,39.43268304,-120.20245146,2019-09-05
DOLO0511,39.38659499,-120.22765169,2019-09-05
DOLO0512,39.45169798,-120.34759262,2019-09-06
DOLO0513,39.4515206,-120.34692538,2019-09-06
DOLO0514,39.45259777,-120.34596645,2019-09-06
DOLO0521,39.4747337,-120.240067,2019-09-06
DOLO0522,39.47628,-120.24069168,2019-09-06
DOLO0490,39.42367972,-120.25786871,2019-09-03
SNF3436862,36.41702088,-118.82955662,2021-11-05
DOLO0453,40.14521566,-120.56994842,2019-08-28
DOLO0454,40.13450239,-120.57541214,2019-08-28
WRAA1107,39.07925929,-122.47952394,2023-05-10
WRAA0672,39.05914748,-122.47725045,2023-05-11
WRAA1432,39.09742137,-122.4952703,2023-05-22
SNF3431554,36.40994253,-118.82752032,2021-11-05
DOLO0201,39.86128072,-120.59196995,2019-07-22
DOLO0044,40.07058321,-120.12603283,2019-06-11
DOLO0277,39.38391224,-120.25125414,2019-08-20
DOLO0278,39.38068296,-120.24118883,2019-08-20
DOLO0279,39.37654238,-120.23185694,2019-08-20
DOLO0280,39.36783047,-120.2295666,2019-08-20
DOLO0281,39.38071424,-120.22848816,2019-08-20
DOLO0282,39.23351975,-120.25662621,2019-08-21
WRAA5568,39.10166029,-122.50845521,2023-05-11
WRAA1549,39.1042329,-122.50047249,2023-05-11
WRAA0469,39.04280621,-122.46515294,2023-05-09
WRAA5766,39.141128,-122.4922421,2023-05-21
WRAA5552,39.10354948,-122.4987202,2023-05-22
WRAA4377,39.09973439,-122.50098164,2023-05-22
SNF3433377,36.41858314,-118.82933056,2021-11-05
SCRUZ042,37.0472666,-122.06908348,2021-02-12
B_SCRUZ457,36.90165639,-121.79157692,2021-08-06
SCRUZ457,36.90168547,-121.79146754,2021-08-06
B_SCRUZ459,36.90379617,-121.79175135,2021-08-06
SCRUZ296,37.1961213,-122.08396861,2021-07-12
B_SCRUZ389,37.22269247,-122.08629337,2021-07-27
SCRUZ389,37.22259444,-122.08625225,2021-07-27
SCRUZ394,37.03704765,-122.2222178,2021-07-28
SCRUZ064,36.99373749,-121.99035391,2021-03-23
DOLO0083,40.03661807,-120.01858161,2019-06-11
DOLO0183,40.22966943,-120.79725438,2019-07-29
DOLO0193,40.22336533,-120.59644206,2019-07-31
SMAT0097,37.36011581,-122.24349014,2019-05-06
B_SMAT0066,37.57074161,-122.44766537,2019-04-18
DOLO0450,40.18075214,-120.74200554,2019-08-27
WLKRREC401,39.01169351,-122.36019151,2023-03-21
WLKRREC75,39.03046348,-122.41477689,2023-05-26
WLKRREC76,39.01865695,-122.42341298,2023-05-26
SNF5A1925,35.7002834,-118.3898855,2020-11-06
SNF5A7946,35.69743685,-118.39658712,2020-11-06
SCRUZ068,36.97103384,-122.05644173,2021-03-24
WRAA2360,39.09374366,-122.48672968,2023-05-11
DOLO0200,40.29522993,-120.78207911,2019-08-05
SNF107972,37.25042764,-119.94936394,2020-06-04
SNF103404,37.24675402,-119.94619324,2020-06-05
SNF101672,37.45246939,-119.94345513,2020-06-05
B_SNF112313,37.42442213,-119.73602105,2020-06-05
SNF107028,37.41717929,-119.74883296,2020-06-05
SNF107695,37.43210831,-119.96883625,2020-06-05
SNF107700,37.32826792,-119.72228849,2020-06-09
SNF103336,37.3248098,-119.7239015,2020-06-09
SNF103393,37.32183863,-119.72308084,2020-06-08
SNF112949,37.31942094,-119.71948239,2020-06-09
SNF112301,37.27096827,-119.6423249,2020-06-10
DOLO_A20220719_06,40.35229881,-120.5471387,2022-07-19
DOLO_A20220719_07,40.35064812,-120.54961275,2022-07-19
DOLO_A20220720_01,40.23715891,-120.57089709,2022-07-20
DOLO_A20220720_02,40.2330953,-120.53185273,2022-07-20
DOLO_A20220720_03,40.23371468,-120.52765877,2022-07-20
DOLO_A20220720_04,40.22286584,-120.54228139,2022-07-20
WRAA4974,39.01790579,-122.42160045,2023-05-26
SNF202467,37.07359399,-119.55166258,2020-06-28
SNF206345,37.06800111,-119.5203275,2020-06-28
SNF208690,37.0367416,-119.46366104,2020-06-28
SNF201330,37.02900633,-119.43952335,2020-06-28
SNF206372,37.03189946,-119.43963589,2020-06-28
B_SNF201423,37.00144549,-119.40608979,2020-07-24
SNF213490,36.99353071,-119.41354097,2020-07-23
B_SNF206504,36.91858465,-119.41129341,2020-07-24
SNF5A1904,35.69580329,-118.42255496,2020-11-06
SNF5A7834,35.70371527,-118.41966275,2020-11-06
B_DOLO0007,40.31555085,-120.3718968,2019-06-04
B_DOLO0102,39.52788398,-120.09307918,2019-06-19
B_DOLO0124,39.94973689,-120.17961282,2019-07-10
B_DOLO0160,39.49461528,-120.23658265,2019-07-29
B_DOLO0243,40.2961968,-120.68854605,2019-08-07
DOLO0306,40.31013264,-120.67493519,2019-08-06
DOLO0445,40.07427638,-120.66184939,2019-08-26
DOLO0446,40.08576026,-120.66265261,2019-08-26
DOLO0447,40.09190151,-120.64608023,2019-08-26
DOLO0082,40.01353303,-120.00955949,2019-06-11
WRAA0239,39.02320496,-122.41569905,2023-05-26
WRAA4106,39.02467425,-122.4125879,2023-05-26
WRAA5624,39.059548,-122.47824608,2023-05-11
WRAA0016,39.00470979,-122.39543517,2023-05-12
WRAA0115,39.01328859,-122.38619154,2023-05-12
WRAA6176,39.14300155,-122.50496954,2023-05-21
SCRUZ033,36.99823623,-121.98697385,2021-01-29
WRAA0158,39.01291965,-122.41600429,2023-05-26
DOLO0448,40.1820072,-120.75419029,2019-08-27
DOLO0449,40.17929602,-120.74217128,2019-08-27
WRAA0318,39.02717843,-122.46077025,2023-06-23
WRAA4040,39.02669475,-122.46189343,2023-06-23
WRAA0305,39.02558775,-122.46287855,2023-06-23
WRAA4149,39.01029208,-122.42284994,2023-06-23
WRAA0118,39.01322113,-122.37887763,2023-06-23
WRAA6911,39.0442073,-122.46205204,2023-06-23
CARR2112,35.28081608,-119.91882432,2019-04-04
CARR2113,35.2823058,-119.91804463,2019-04-04
CARR2102,35.3306058,-119.94132745,2019-04-04
DOLO_A20220817_05,39.13654463,-120.16814349,2022-08-17
DOLO_A20220817_06,39.10751302,-120.16278547,2022-08-17
DOLO_A20220817_07,39.10929661,-120.17200507,2022-08-17
DOLO_B20220719_04,40.29649737,-120.65194774,2022-07-19
DOLOB-20210726-003,39.4549271,-120.24005184,2021-07-26
DOLOB-20210727-001,39.45755081,-120.36308207,2021-07-27
DOLO_A20220720_05,40.21124772,-120.54200208,2022-07-20
DOLO_A20220720_06,40.20096469,-120.54619173,2022-07-20
DOLO_A20220721_01,40.21089897,-120.55385464,2022-07-21
DOLO_B20220830_01,39.0664961,-120.19517443,2022-08-30
DOLO_B20220616_01,40.06514629,-120.07184819,2022-06-16
DOLO_B20220616_02,40.06542767,-120.07023974,2022-06-16
DOLO_B20220616_03,40.06553522,-120.06362313,2022-06-16
DOLO_B20220622_01,40.06688417,-120.05707903,2022-06-22
DOLO_B20220622_02,40.07342272,-120.04413818,2022-06-22
DOLO_A20220719_04,40.29801813,-120.50631613,2022-07-19
DOLO_A20220719_05,40.35319332,-120.54566119,2022-07-19
DOLO_A20220721_02,40.20093375,-120.55650327,2022-07-21
DOLO_A20220721_03,40.21386666,-120.57057477,2022-07-21
DOLO_A20220721_04,40.20797276,-120.58404146,2022-07-21
DOLO_C20220622_03,39.71804731,-120.39264114,2022-06-22
DOLO_C20220622_04B,39.66506272,-120.42551338,2022-06-22
DOLO_C20220622_04,39.66522057,-120.42553988,2022-06-22
DOLO_C20220622_05,39.67514355,-120.43946872,2022-06-22
DOLO_C20220622_06,39.70212562,-120.43635264,2022-06-22
DOLO_C20220622_07,39.69678426,-120.45392271,2022-06-22
DOLO_B20220728_03,40.1576403,-120.51745019,2022-07-28
DOLO_B20220728_04,40.15123704,-120.56366486,2022-07-28
DOLO_B20220728_05,40.14130503,-120.56239199,2022-07-28
DOLO_B20220728_06,40.14165059,-120.54013701,2022-07-28
DOLO_B20220822_01,39.22229008,-120.16111746,2022-08-22
DOLO_B20220822_02,39.22381333,-120.16172021,2022-08-22
DOLO_B20220822_03,39.22690265,-120.15326218,2022-08-22
DOLO_B20220822_04,39.21643272,-120.16350884,2022-08-22
DOLO_B20220822_05,39.21858148,-120.16145666,2022-08-22
DOLO0158,39.49950832,-120.171935,2019-07-29
DOLO0159,39.49669107,-120.1946996,2019-07-29
DOLO0160,39.49518628,-120.23716487,2019-07-29
DOLO0162,39.5319605,-120.17764428,2019-07-30
DOLO0163,39.5460216,-120.22545581,2019-07-30
DOLO0276,39.38145902,-120.24314329,2019-08-20
WRAA5203,39.11409505,-122.49299259,2023-05-22
WRAA5675,39.06290312,-122.49998416,2023-05-10
WRAA4005,39.05356454,-122.48685185,2023-06-23
WRAA3674,39.06895314,-122.49955781,2023-05-10
DOLO_B20220822_06,39.22226719,-120.14195627,2022-08-22
DOLO_B20220822_07,39.22407207,-120.14836721,2022-08-22
SNF5A7811,35.69859669,-118.39947427,2020-11-06
SCRUZ011,37.08848576,-122.06655426,2020-10-23
B_SMAT0110,37.19858234,-122.35984869,2019-05-09
B_SMAT0177,37.25223189,-122.40270677,2019-06-05
B_SMAT0178,37.25061225,-122.40149048,2019-06-05
B_SMAT0230,37.78369342,-122.50748884,2019-06-26
B_SMAT0269,37.25415755,-122.41467844,2019-07-17
B_SMAT0297,37.3099885,-122.38602264,2019-08-06
B_SMAT0333,37.5854625,-122.51148218,2019-08-22
SNF5A9015,35.71810142,-118.4323656,2020-11-05
SNF5A8226,35.71765751,-118.43308248,2020-11-05
SNF5A3661,35.70486799,-118.44947047,2020-11-05
SNF5A7748,35.71054346,-118.45427598,2020-11-05
SNF5A6249,35.79358016,-118.44944372,2020-11-05
SNF3405938,36.70116366,-119.11624152,2021-10-25
SNF3413212,36.52961909,-118.88881323,2021-10-26
SNF3404612,36.52930489,-118.88810704,2021-10-26
SNF3413881,36.70311832,-119.08036555,2021-10-27
SNF3412803,36.68957819,-119.05087719,2021-10-27
SNF3430499,35.88503608,-118.719936,2021-11-04
SNF3431447,35.89736992,-118.6545465,2021-11-04
SNF3431920,36.40686587,-118.8259514,2021-11-05
SNF3433906,36.40864725,-118.82762868,2021-11-05
SNF3432158,36.4252077,-118.82821305,2021-11-05
SNF3436865,36.43151809,-118.8266258,2021-11-05
SNF3433210,36.43511318,-118.82943776,2021-11-05
DOLO0470,39.41353115,-120.32220071,2019-08-21
DOLO0452,40.14180534,-120.54070245,2019-08-28
CARR2101,35.38443274,-119.96070448,2019-04-03
DOLO0196,40.15722343,-120.72733492,2019-08-01
DOLO0451,40.12532007,-120.51832034,2019-08-28
DOLO0469,39.41521413,-120.32134652,2019-08-21
WRAA5623,39.05971066,-122.48133462,2023-05-11
WRAA6734,39.08870735,-122.48642818,2023-05-11
SCRUZ015,36.95872094,-122.08412453,2020-11-10
SCRUZ017,36.98187433,-121.90487157,2020-11-04
DOLO0197,40.15345841,-120.72231843,2019-08-01
DOLO0198,40.15467012,-120.71341416,2019-08-01
DOLO0199,40.3112049,-120.79402966,2019-08-05
DOLO0304,40.30954893,-120.66608302,2019-08-06
DOLO0305,40.30979367,-120.6742055,2019-08-06
DOLO0045,40.05894581,-120.122431,2019-06-11
DOLO0046,40.10781003,-120.0899058,2019-06-11
DOLO0099,39.66660962,-120.02479306,2019-06-18
DOLO0100,39.66145338,-120.02500272,2019-06-18
DOLO0101,39.52456195,-120.08956373,2019-06-19
DOLO0102,39.5280584,-120.09320985,2019-06-19
DOLO0103,39.52998285,-120.09848066,2019-06-19
DOLO0104,39.53089605,-120.10222336,2019-06-19
DOLO0105,39.67217246,-120.02287567,2019-06-20
DOLO0106,39.67218054,-120.02564961,2019-06-20
DOLO0107,39.92199889,-120.0131277,2019-06-20
DOLO0157,39.91968867,-120.54288027,2019-07-25
DOLO0283,39.23439552,-120.25517883,2019-08-21
DOLO0284,39.23400823,-120.25556462,2019-08-21
DOLO0391,39.43880915,-120.36633397,2019-09-04
DOLO0392,39.44225441,-120.36253261,2019-09-04
DOLO0393,39.44514114,-120.35953046,2019-09-04
B_WRAA3674,39.06939112,-122.49997306,2023-05-10
WRAA0916,39.07108812,-122.50072515,2023-05-10
WRAA0977,39.07307658,-122.50191439,2023-05-10
WRAA5644,39.07148413,-122.50741004,2023-05-10
WRAA3669,39.07129891,-122.50774236,2023-05-10
WRAA3835,39.06573628,-122.49167998,2023-05-10
WRAA5680,39.05935861,-122.49133484,2023-05-10
B_DOLO0177,39.17634944,-120.21359257,2019-08-12
WRAA4344,39.09010503,-122.48936755,2023-05-11
WRAA0226,39.02214473,-122.41976164,2023-05-26
WRAA6214,39.13682016,-122.50218757,2023-05-21
WRAA6198,39.13743482,-122.50003363,2023-05-21
WRAA6718,39.08874735,-122.49195303,2023-05-11
WRAA5541,39.10576085,-122.50956575,2023-05-11
WRAA0096,39.01246702,-122.37098791,2023-05-12
B_WRAA6911,39.043212,-122.46223684,2023-06-23
WRAA4541,39.10451574,-122.5083781,2023-05-11
WRAA0699,39.0597744,-122.4973107,2023-05-10
WRAA6941,39.01193937,-122.36088035,2023-05-12
WRAA3655,39.06069646,-122.50075399,2023-05-10
WRAA0036,39.00835368,-122.36073446,2023-05-12
B_WRAA5675,39.06181656,-122.50087026,2023-05-10
WRAA0062,39.01031388,-122.35788163,2023-05-12
WRAA0796,39.06445458,-122.50596859,2023-05-10
WRAA5637,39.07128833,-122.51340339,2023-05-10
WRAA0880,39.06919178,-122.49031722,2023-05-10
WRAA4934,39.07123436,-122.48259086,2023-05-10
WRAA0679,39.05869458,-122.48112914,2023-05-11
WRAA3796,39.09460528,-122.48198336,2023-05-11
WRAA5246,39.10438909,-122.49406172,2023-05-11
WRAA5131,39.10779017,-122.49337626,2023-05-11
WRAA2405,39.10525148,-122.49337023,2023-05-11
WRAA0063,39.01007567,-122.40999857,2023-05-12
WRAA4179,39.03026184,-122.41521951,2023-05-26
WRAA0186,39.01880303,-122.42337434,2023-05-26
WRAA6399,39.15036264,-122.47490418,2023-05-21
WRAA6360_1,39.1542068,-122.47249374,2023-05-21
WRAA3446,39.08279269,-122.45365259,2023-06-22
B_WRAA4005,39.05328466,-122.48767977,2023-06-23
B_WRAA0527,39.04789644,-122.46412243,2023-06-23
WRAA4018,39.03639513,-122.46753593,2023-05-09
WRAA3990,39.04523531,-122.46787023,2023-05-09
WRAA6891,39.04479994,-122.46629755,2023-05-09
WRAA6360_2,39.1528225,-122.47204784,2023-05-21
WRAA2164,39.15251875,-122.48890371,2023-05-21
WRAA6161,39.15397718,-122.48610198,2023-05-21
WRAA4712,39.12453085,-122.50208314,2023-05-22
WRAA5172,39.12258392,-122.49803953,2023-05-22
WRAA4780,39.11756531,-122.49934417,2023-05-22
WRAA2448,39.10951521,-122.49374658,2023-05-22
WRAA4492,39.1128321,-122.49440605,2023-05-22
WRAA0533,39.05045797,-122.48532575,2023-06-22
WRAA0527,39.04911029,-122.46224597,2023-06-23
WRAA6328,39.14270279,-122.4685917,2023-05-21
WRAA6439,39.14139615,-122.46767659,2023-05-21
WRAA4368,39.0971562,-122.49617252,2023-05-22
WRAA4337,39.09550337,-122.49553486,2023-05-22
WRAA1374,39.09513468,-122.49710703,2023-05-22
WRAA3751,39.08542036,-122.4857262,2023-05-22
WRAA5619,39.08076549,-122.48745077,2023-05-22
WRAA7074,39.08022567,-122.48961482,2023-05-22
WRAA6461,39.14348898,-122.47609271,2023-05-21
WRAA6275,39.14506977,-122.47247525,2023-05-21
WRAA7041,39.14247964,-122.47123456,2023-05-21
WRAA2171_1,39.14246212,-122.48966913,2023-05-21
WRAA6164,39.14455709,-122.4871901,2023-05-21
WRAA6093,39.14468508,-122.49231538,2023-05-21
WRAA5758,39.14037963,-122.49069465,2023-05-21
WRAA1765,39.11840744,-122.50795886,2023-05-22
WRAA5101,39.11900473,-122.50301463,2023-05-22
WRAA4790,39.1152773,-122.49130653,2023-05-22
WRAA5191,39.11409642,-122.4930094,2023-05-22
B_WRAA0533,39.05071414,-122.48526033,2023-06-22
WRAA1146,39.08243151,-122.46537116,2023-06-22
WRAA1254,39.08850496,-122.46883775,2023-06-22
WRAA1242,39.08723581,-122.47640904,2023-06-22
WRAA1298,39.08923251,-122.4736265,2023-06-22
WRAA4893,39.08695166,-122.47287842,2023-06-22
WRAA3437,39.08562573,-122.46128482,2023-06-22
WRAA6575,39.08484969,-122.46140744,2023-06-22
WRAA3265,39.07957458,-122.44982307,2023-06-22
WRAA0235,39.02287419,-122.42447569,2023-05-26
WRAA0229,39.02265296,-122.42605744,2023-05-26
WRAA0364,39.02884049,-122.41597426,2023-05-26
WRAA0451,39.03958137,-122.46068899,2023-05-09
WRAA0479,39.04481654,-122.46898438,2023-05-09
CARR2131,35.29828958,-119.88508699,2019-04-03
DOLO_A20220823_05,39.25415451,-120.27543298,2022-08-23
DOLO_A20220824_01,39.04439899,-120.20773284,2022-08-24
DOLO_A20220824_02,39.06140455,-120.19506568,2022-08-24
DOLOB-20210714-001B,39.58408091,-120.40322295,2021-07-14
DOLOB-20210714-001,39.58373891,-120.4041118,2021-07-14
DOLO_A20220830_05,39.48698372,-120.36425001,2022-08-30
DOLO_A20220831_01,39.1639029,-120.16611295,2022-08-31
DOLO_A20220831_02,39.1695541,-120.14983283,2022-08-31
DOLOB-20210720-009,39.39990369,-120.13586232,2021-07-20
DOLO_C20220830_03,39.06172954,-120.2281719,2022-08-30
DOLO_C20220830_04,39.06466509,-120.23127774,2022-08-30
DOLOA-20210715-002,40.17679949,-120.44082489,2021-07-15
DOLOB-20210721-004,39.51311155,-120.24176364,2021-07-21
DOLOB-20210721-005,39.51202794,-120.24131457,2021-07-21
DOLOB-20210721-006,39.4849603,-120.37669981,2021-07-21
DOLOB-20210722-005,39.39465132,-120.18197091,2021-07-22
DOLOB-20210722-006,39.3921905,-120.16532398,2021-07-22
DOLOB-20210722-007,39.40470689,-120.18523516,2021-07-22
DOLOB-20210720-006,39.42550043,-120.11474167,2021-07-20
DOLOB-20210720-007,39.42260311,-120.10956169,2021-07-20
DOLOB-20210720-008,39.4036877,-120.11818218,2021-07-20
DOLOB-20210722-002B,39.3518586,-120.25600332,2021-07-22
DOLOB-20210722-002,39.35156783,-120.25634196,2021-07-22
DOLOB-20210722-003,39.34105409,-120.27129951,2021-07-22
DOLOB-20210722-004B,39.3648145,-120.23641492,2021-07-22
DOLOB-20210722-004,39.36521038,-120.235963,2021-07-22
DOLOB-20210804-001,39.26104675,-120.21070712,2021-08-04
DOLO_B20220711_02,40.39191371,-120.30856743,2022-07-11
DOLO_B20220711_03B,40.39145314,-120.30797891,2022-07-11
DOLO_B20220713_01,40.31189353,-120.67616151,2022-07-13
DOLO_B20220713_02,40.30863461,-120.67616547,2022-07-13
DOLO_B20220713_03,40.30675474,-120.67172997,2022-07-13
DOLOB-20210728-007,39.47414087,-120.31549257,2021-07-28
DOLOB-20210728-008,39.46161259,-120.30552301,2021-07-28
DOLOB-20210728-002,39.4831657,-120.3328861,2021-07-28
DOLOB-20210728-003,39.479718,-120.33162043,2021-07-28
DOLOB-20210713-006,39.66621111,-120.47241301,2021-07-13
DOLO_A20220822_01,39.34904674,-120.28689449,2022-08-22
DOLO_A20220822_02,39.34903997,-120.28957131,2022-08-22
DOLO_A20220822_03,39.3345457,-120.28316362,2022-08-22
DOLO_A20220822_04,39.3337514,-120.28422663,2022-08-22
DOLO_A20220823_01,39.24839615,-120.25476449,2022-08-23
DOLO_A20220823_02,39.24938387,-120.26459883,2022-08-23
DOLOB-20210728-009,39.47698764,-120.29311923,2021-07-28
DOLO_A20220711_01B,40.36962097,-120.6412593,2022-07-11
DOLO_A20220711_01,40.36955537,-120.64154694,2022-07-11
DOLO_A20220711_02B,40.35238544,-120.64455085,2022-07-11
DOLO_A20220711_02,40.35238959,-120.64469139,2022-07-11
DOLOB-20210721-001,39.50468231,-120.2452489,2021-07-21
DOLOB-20210721-002,39.50037148,-120.23213184,2021-07-21
DOLOB-20210721-003,39.50668183,-120.22462699,2021-07-21
DOLOA-20210713-002,40.16246264,-120.47832696,2021-07-13
DOLOA-20210713-005B,40.16052883,-120.46277924,2021-07-13
DOLOA-20210713-005,40.16126415,-120.45978049,2021-07-13
DOLO_A20220817_03B,39.14608294,-120.15970021,2022-08-17
DOLO_A20220817_03,39.14577409,-120.15993975,2022-08-17
DOLO_A20220817_04,39.13626968,-120.17262955,2022-08-17
DOLO_A20220817_05B,39.13619599,-120.16872679,2022-08-17
DOLOB-20210804-002,39.15236922,-120.24817787,2021-08-04
DOLO_B20220720_04,40.28849119,-120.60392827,2022-07-20
DOLO_B20220721_01,40.25871619,-120.52900757,2022-07-21
DOLO_A20220711_03B,40.39205791,-120.59210449,2022-07-11
DOLO_A20220712_03,40.05421509,-120.70878676,2022-07-12
DOLO_A20220713_02,40.27370841,-120.64957429,2022-07-13
DOLO_A20220817_08,39.10962585,-120.17281146,2022-08-19
DOLO_A20220818_01,39.3034478,-120.18508652,2022-08-18
DOLO_A20220818_05,39.2946194,-120.18773933,2022-08-18
DOLO_C20220713_05,39.30474135,-120.05104132,2022-07-13
DOLOB-20210803-004,39.38900826,-120.23219173,2021-08-03
DOLO_B20220713_05,40.30092234,-120.69591248,2022-07-13
DOLO_A20220712_04,40.12892151,-120.66429144,2022-07-12
DOLO_A20220712_05,40.16992614,-120.61123679,2022-07-12
DOLO_A20220713_01,40.27333628,-120.66980719,2022-07-13
DOLOA-20210714-004,40.12696815,-120.47879519,2021-07-14
DOLOA-20210715-001,40.16761799,-120.4468568,2021-07-15
DOLO_B20220815_03,39.22991357,-120.11472204,2022-08-15
DOLO_A20220825_01,39.21998297,-120.17233397,2022-08-25
DOLO_A20220825_02,39.21105492,-120.16997748,2022-08-25
DOLO_A20220825_03,39.194999,-120.16404736,2022-08-25
DOLO_B20220818_07,39.466426,-120.04833492,2022-08-18
DOLO_B20220711_01,40.37680258,-120.32777869,2022-07-11
DOLO_B20220725_01,40.23218264,-120.58970691,2022-07-25
DOLO_B20220725_02,40.26103009,-120.55732763,2022-07-25
DOLO_B20220725_03,40.25649409,-120.55122807,2022-07-25
DOLO_B20220725_04,40.25416486,-120.54068612,2022-07-25
DOLO_B20220831_06,39.47372105,-120.18128878,2022-08-31
DOLO_B20220831_07,39.46616232,-120.19064668,2022-08-31
DOLO_B20220831_08,39.46397571,-120.19471179,2022-08-31
DOLO_B20220531_01,41.20404193,-120.5050844,2022-05-31
DOLO_B20220531_03,41.30207829,-120.50608892,2022-05-31
DOLO_B20220531_02,41.30186596,-120.50692715,2022-05-31
DOLO_B20220622_05,39.86214612,-120.02398418,2022-06-22
DOLO_B20220622_06,39.8603501,-120.02592666,2022-06-22
DOLO_B20220623_01,39.84882324,-120.03798483,2022-06-23
DOLOB-20210714-008,39.67307787,-120.2401318,2021-07-14
DOLOB-20210715-001,39.73418971,-120.42839055,2021-07-15
DOLOB-20210715-002,39.73134853,-120.4281633,2021-07-15
DOLO_B20220719_03,40.27547729,-120.69631304,2022-07-19
DOLOB-20210728-004,39.48912463,-120.29462408,2021-07-28
DOLOB-20210729-004,39.43274229,-120.2477196,2021-07-29
DOLO_A20220727_01,39.93892588,-120.33939666,2022-07-27
DOLO_A20220727_02,39.91002909,-120.33053357,2022-07-27
DOLO_A20220727_03,39.98142858,-120.38013926,2022-07-27
DOLO_A20220727_04,39.98019745,-120.35744177,2022-07-27
DOLO_C20220831_02,39.07917039,-120.23791435,2022-08-31
DOLO_C20220831_03,39.08098095,-120.24103391,2022-08-31
DOLO_C20220831_04,39.0843177,-120.24798318,2022-08-31
B_MARIN022,38.00327794,-122.46844722,2018-06-25
B_MARIN100,38.21385809,-122.79148246,2018-07-25
B_MARIN318,37.88944212,-122.63006569,2019-06-12
B_MARIN223,38.21048346,-122.88747605,2019-05-01
B_MARIN231,38.2685927,-122.8591502,2019-05-03
B_MARIN247,37.9117231,-122.70718715,2019-05-09
B_MARIN259,38.20656015,-122.76409058,2019-05-13
B_MARIN270,38.24491547,-122.96644745,2019-05-21
B_MARIN277,38.01639289,-122.76909889,2019-05-23
B_MARIN296,38.21386851,-122.82548902,2019-05-30
B_MARIN314,38.12448849,-122.90155018,2019-06-07
DLAA56015,39.610993,-120.220863,2022-06-30
DLAA53509,39.648566,-120.368703,2022-06-30
DLAA49866_1,39.436215,-120.289532,2022-06-27
DLAA49866_2,39.436215,-120.25905,2022-06-27
DOLOB-20210719-001,39.46725261,-120.10223474,2021-07-19
DOLOB-20210719-002,39.46912823,-120.10368081,2021-07-19
DOLOB-20210719-003,39.47369176,-120.10303313,2021-07-19
DOLOB-20210719-004,39.46473788,-120.11015031,2021-07-19
DOLOB-20210719-005,39.4387091,-120.13869958,2021-07-19
DOLOB-20210720-001,39.45297546,-120.10437505,2021-07-20
DOLOB-20210720-002,39.43385984,-120.11566224,2021-07-20
DOLOB-20210720-003,39.43504618,-120.12617998,2021-07-20
DOLOB-20210720-004,39.43003689,-120.1162536,2021-07-20
DOLOB-20210720-005,39.43207111,-120.09685576,2021-07-20
DOLOB-20210727-002,39.45424993,-120.35858705,2021-07-27
DOLOB-20210727-003,39.44772037,-120.35026062,2021-07-27
DOLOB-20210727-004,39.46424802,-120.34689334,2021-07-27
DOLOB-20210728-001,39.49246479,-120.33937662,2021-07-28
DOLOB-20210721-007,39.48773861,-120.36076751,2021-07-21
DOLOB-20210721-008,39.48731898,-120.34866739,2021-07-21
DOLOB-20210726-001,39.43666634,-120.22601525,2021-07-26
DOLOB-20210726-002,39.42493174,-120.23719036,2021-07-26
DOLOB-20210728-005,39.49003344,-120.28378158,2021-07-28
DOLOB-20210728-006,39.48054207,-120.30627552,2021-07-28
DOLOB-20210728-010,39.47616328,-120.29258266,2021-07-28
DOLOB-20210729-001,39.48314039,-120.26943925,2021-07-29
DOLOB-20210729-002,39.4721613,-120.27963929,2021-07-29
DOLOB-20210729-003,39.43410922,-120.29089021,2021-07-29
DOLOB-20210802-003,39.24678734,-120.18594967,2021-08-02
DOLOB-20210802-004,39.22362259,-120.19707226,2021-08-02
DOLOB-20210803-001,39.38484698,-120.28282962,2021-08-03
DOLO_B20220711_07,40.32126201,-120.18670536,2022-07-11
DOLO_B20220712_01,40.21539253,-120.76358607,2022-07-12
DOLO_B20220712_02B,40.27709809,-120.73436074,2022-07-12
DOLO_C20220713_01B,39.33828467,-120.04576444,2022-07-13
DOLOB-20210803-002,39.37557967,-120.30231813,2021-08-03
DOLOB-20210803-003,39.38019659,-120.25110011,2021-08-03
DOLOB-20210805-004,39.18573892,-120.20034443,2021-08-05
DOLOB-20210805-005,39.18563509,-120.20082327,2021-08-05
DOLOB-20210805-006,39.18654868,-120.20067261,2021-08-05
DOLOA-20210720-002,40.17507563,-120.61015975,2021-07-20
DOLOA-20210721-001,40.18198064,-120.61766801,2021-07-21
DOLOA-20210721-002,40.17288879,-120.63507218,2021-07-21
DOLOB-20210714-005,39.64185323,-120.302909,2021-07-14
DOLOB-20210714-006,39.64283297,-120.30332726,2021-07-14
DOLOB-20210714-007,39.68265664,-120.26030877,2021-07-14
DOLOB-20210714-008B,39.67337404,-120.240357,2021-07-14
DOLOA-20210712-001,40.16886424,-120.36911409,2021-07-12
DOLOA-20210712-002,40.15756256,-120.34412141,2021-07-12
DOLOA-20210713-001,40.18004031,-120.4762525,2021-07-13
DOLOA-20210713-003,40.15621572,-120.475771,2021-07-13
DOLOA-20210713-004,40.15393039,-120.47002083,2021-07-13
DOLOA-20210714-005,40.15857838,-120.54397112,2021-07-14
DOLO_A20220726_06,39.91977433,-120.31285876,2022-07-26
DOLO_A20220727_01B,39.93868717,-120.33940294,2022-07-27
DOLO_A20220727_05,39.88283877,-120.33897417,2022-07-27
DOLO_B20220727_08,40.04344166,-120.23676564,2022-07-27
DOLO_B20220727_09B,40.08967456,-120.27418453,2022-07-27
DOLO_B20220727_09,40.08978171,-120.27418026,2022-07-27
DOLO_A20220818_02,39.27736369,-120.19641078,2022-08-18
DOLO_A20220818_03,39.27189036,-120.19097652,2022-08-18
DOLO_A20220818_04,39.29083888,-120.18438722,2022-08-18
DOLO_B20220831_03,39.50758788,-120.18322848,2022-08-31
DOLO_B20220831_02B,39.5083203,-120.18257272,2022-08-31
DOLO_B20220831_02,39.50814846,-120.18255438,2022-08-31
DOLO_B20220831_03B,39.50824462,-120.18308659,2022-08-31
DOLO_B20220831_04B,39.51260503,-120.16017305,2022-08-31
DOLO_B20220831_04,39.51223422,-120.16019727,2022-08-31
DOLO_B20220831_05,39.50233252,-120.13709913,2022-08-31
DOLO_C20220727_11,39.95594875,-120.53813497,2022-07-27
DOLO_C20220725_04B,39.75034991,-120.55425581,2022-07-25
DOLO_C20220725_04,39.75060427,-120.55475708,2022-07-25
DOLO_C20220725_05,39.74489355,-120.55661828,2022-07-25
DOLO_C20220830_02,39.06117357,-120.22803916,2022-08-30
DOLOA-20210714-001,40.11230325,-120.48866202,2021-07-14
DOLO_B20220815_04,39.22954239,-120.11254345,2022-08-15
DOLO_B20220815_05,39.22800758,-120.11287537,2022-08-15
DOLO_B20220815_06,39.22706599,-120.11639351,2022-08-15
DOLO_B20220816_06,39.27299629,-120.01540605,2022-08-16
DOLO_B20220816_07,39.27088342,-120.05423203,2022-08-16
DOLO_B20220615_02,40.14868032,-120.06867241,2022-06-15
DOLO_B20220615_03,40.15932368,-120.06101058,2022-06-15
DLAA30005,39.60488858,-120.10742369,2022-06-29
DOLO_C20220728_01,39.74649067,-120.45919108,2022-07-28
DOLO_C20220728_02,39.75558249,-120.48098698,2022-07-28
DOLO_C20220728_03,39.75898396,-120.47355177,2022-07-28
DOLO_C20220728_04,39.76954445,-120.47193972,2022-07-28
DOLO_C20220728_05,39.76971422,-120.45651093,2022-07-28
DOLO_C20220728_06B,39.78711119,-120.49133513,2022-07-28
DOLO_A20220713_03,40.26152688,-120.6526119,2022-07-13
DOLO_A20220713_04,40.25404875,-120.6655235,2022-07-13
DOLO_A20220713_05,40.26602833,-120.64754673,2022-07-13
DOLO_A20220714_01B,40.32150977,-120.50768305,2022-07-14
DOLOA-20210721-005,40.15039265,-120.67432872,2021-07-21
DOLOA-20210722-001,40.18302905,-120.7217022,2021-07-22
DOLOA-20210722-002,40.1809202,-120.7208621,2021-07-22
DOLO_A20220719_02B,40.29288746,-120.51319497,2022-07-19
DOLO_A20220719_02,40.29263116,-120.51326632,2022-07-19
DOLO_A20220719_03B,40.29734826,-120.52459551,2022-07-19
DOLO_A20220719_04B,40.29788616,-120.50673663,2022-07-19
DOLO_B20220816_01,39.29331587,-120.02795931,2022-08-16
DOLO_B20220816_02,39.29342647,-120.02893007,2022-08-16
DOLO_B20220816_03,39.29415672,-120.03401874,2022-08-16
DOLO_B20220816_04,39.28418847,-120.020586,2022-08-16
DOLO_B20220816_05,39.2847943,-120.00739762,2022-08-16
DOLO_B20220829_02,39.15191218,-120.18941245,2022-08-29
DOLO_B20220829_03,39.13852492,-120.20153027,2022-08-29
DOLO_B20220829_04,39.14308535,-120.21025664,2022-08-29
DOLO_B20220829_05,39.14465459,-120.20979528,2022-08-29
DOLO_A20220722_01,40.19639748,-120.54553429,2022-07-22
DOLO_A20220725_02,39.86593262,-120.3618722,2022-07-25
DOLO_A20220725_03,39.8652329,-120.3485153,2022-07-25
DOLO_A20220726_01,39.89991744,-120.28411896,2022-07-26
DOLO_A20220726_02,39.89593111,-120.31316114,2022-07-26
DOLO_A20220726_03B,39.89615204,-120.31351397,2022-07-26
DOLO_A20220726_03,39.8967004,-120.31700803,2022-07-26
DOLO_A20220726_05,39.90519225,-120.31064408,2022-07-26
DOLO_A20220726_06B,39.91985586,-120.31261998,2022-07-26
DOLO_A20220728_01,39.8738698,-120.33124679,2022-07-28
DOLO_A20220728_02,39.87370483,-120.33237244,2022-07-28
DOLO_A20220728_03,39.87615337,-120.33899001,2022-07-28
DOLO_A20220815_01,39.46575497,-120.28427415,2022-08-15
DOLO_A20220815_02,39.47758179,-120.29866155,2022-08-15
DOLO_A20220816_01,39.07654991,-120.20886074,2022-08-16
DOLO_A20220816_02,39.07723552,-120.20595994,2022-08-16
DOLO_A20220816_03,39.08098376,-120.2034101,2022-08-16
DOLO_A20220816_04,39.08327483,-120.20306813,2022-08-16
DOLO_A20220816_05,39.07221374,-120.22250089,2022-08-16
DOLO_A20220817_01,39.15199665,-120.15180787,2022-08-17
DOLO_A20220817_02,39.15343786,-120.1555969,2022-08-17
DOLO_A20220823_03,39.25008009,-120.2702436,2022-08-23
DOLO_A20220823_04,39.24901993,-120.27808409,2022-08-23
DOLO_A20220824_03,39.06155224,-120.19197306,2022-08-24
DOLO_A20220824_04,39.0621427,-120.18456546,2022-08-24
DOLO_A20220825_04,39.19457883,-120.16074986,2022-08-25
DOLO_A20220825_05,39.17888208,-120.17465061,2022-08-25
DOLO_A20220829_01,39.50240891,-120.33920352,2022-08-29
DOLO_A20220829_02,39.50080535,-120.33525572,2022-08-29
DOLO_A20220829_03,39.5010247,-120.33249662,2022-08-29
DOLO_A20220829_04,39.51340904,-120.34693911,2022-08-29
DOLO_A20220830_01,39.4636135,-120.33877106,2022-08-30
DOLO_A20220830_02,39.46394066,-120.34607385,2022-08-30
DOLO_A20220830_03,39.45250145,-120.34772469,2022-08-30
DOLO_A20220830_04,39.44687392,-120.34159039,2022-08-30
DOLO_A20220831_03,39.16753652,-120.15998285,2022-08-31
DOLO_A20220831_04,39.17957886,-120.15160744,2022-08-31
DOLO_A20220831_05,39.17834992,-120.15704918,2022-08-31
DOLO_A20220831_06,39.17587417,-120.13628394,2022-08-31
DOLO_A20220901_01,39.33202693,-120.22651347,2022-09-01
DOLO_B20220711_03,40.39135845,-120.30805749,2022-07-11
DOLO_B20220712_02,40.27697301,-120.73424858,2022-07-12
DOLO_B20220712_03,40.2833126,-120.71712575,2022-07-12
DOLO_B20220712_04,40.27845703,-120.7055624,2022-07-12
DOLO_B20220713_04,40.30751411,-120.6709826,2022-07-13
DOLO_B20220713_06,40.28963303,-120.69160998,2022-07-13
DOLO_B20220713_07,40.28076976,-120.69883232,2022-07-13
DOLO_B20220714_04,40.09169456,-120.13502097,2022-07-14
DOLO_B20220714_05,40.07915488,-120.1259377,2022-07-14
DOLO_B20220718_01B,40.22507482,-120.05608241,2022-07-18
DOLO_B20220718_05,40.26628097,-120.04512458,2022-07-18
DOLO_B20220718_06,40.27204238,-120.04218854,2022-07-18
DOLO_B20220718_07B,40.25811836,-120.02253619,2022-07-18
DOLO_B20220718_07,40.25829885,-120.02237273,2022-07-18
DOLO_B20220718_08B,40.2834274,-120.09275837,2022-07-18
DOLO_B20220718_08,40.28342566,-120.09231034,2022-07-18
DOLO_B20220719_01,40.30949167,-120.71629839,2022-07-19
DOLO_B20220719_02,40.26270216,-120.70667542,2022-07-19
DOLOB-20210802-001,39.26103211,-120.1997643,2021-08-02
DOLOB-20210802-002,39.25100245,-120.20127836,2021-08-02
DOLO_B20220711_04,40.36386845,-120.30800452,2022-07-11
DOLO_B20220711_05,40.35243051,-120.20177704,2022-07-11
DOLO_B20220711_06,40.35253951,-120.19316676,2022-07-11
DOLO_C20220713_01,39.33857123,-120.04576462,2022-07-13
DOLO_C20220713_02,39.33380879,-120.05941458,2022-07-13
DOLO_C20220713_03B,39.32564604,-120.04260799,2022-07-13
DOLO_C20220713_03,39.32585743,-120.04235088,2022-07-13
DOLO_C20220713_04B,39.31009161,-120.0490274,2022-07-13
DOLO_C20220713_04,39.31027227,-120.04973052,2022-07-13
DOLO_B20220721_02,40.26014385,-120.53083829,2022-07-21
DOLO_B20220721_03,40.26055058,-120.53470916,2022-07-21
DOLO_B20220721_04,40.20967765,-120.4949862,2022-07-21
DOLO_B20220721_05,40.2107299,-120.49873782,2022-07-21
DOLO_B20220815_01,39.22788355,-120.10854093,2022-08-15
DOLO_B20220815_02,39.24717924,-120.11193871,2022-08-15
DOLO_B20220817_01,39.08618498,-120.27406307,2022-08-17
DOLO_B20220817_02,39.07860891,-120.27053655,2022-08-17
DOLO_B20220817_03,39.07382983,-120.26404128,2022-08-17
DOLO_B20220817_04,39.0758646,-120.25531403,2022-08-17
DOLO_B20220817_05,39.07816364,-120.25876363,2022-08-17
DOLO_B20220817_06,39.0793984,-120.25998741,2022-08-17
DOLO_B20220817_06B,39.07816881,-120.25877507,2022-08-17
DOLO_B20220817_07,39.07830407,-120.25822988,2022-08-17
DOLO_B20220818_01,39.44377774,-120.07260309,2022-08-18
DOLO_B20220818_02,39.4409355,-120.06211861,2022-08-18
DOLO_B20220818_03,39.44266725,-120.06226443,2022-08-18
DOLO_B20220726_03,40.26237899,-120.59468548,2022-07-26
DOLO_B20220726_04,40.25552561,-120.62099007,2022-07-26
DOLO_B20220726_05,40.26135889,-120.61910035,2022-07-26
DOLO_B20220726_06,40.26235215,-120.62054933,2022-07-26
DOLO_B20220726_07,40.26622699,-120.63555951,2022-07-26
DOLO_B20220726_08,40.23066904,-120.65660025,2022-07-26
DOLO_B20220823_04,39.3995228,-120.04227277,2022-08-23
DOLO_B20220823_05,39.42417507,-120.06623016,2022-08-23
DOLO_B20220824_02,39.24148392,-120.00854336,2022-08-24
DOLO_C20220712_09,39.44815286,-120.10540215,2022-07-12
DOLO_C20220712_10,39.44006189,-120.09564621,2022-07-12
DOLO_C20220712_11,39.42332385,-120.08335119,2022-07-12
DOLO_C20220712_12,39.42277415,-120.08041891,2022-07-12
DOLO_C20220713_06B,39.35746803,-120.11885085,2022-07-13
DOLO_C20220713_06,39.3580679,-120.11921427,2022-07-13
DOLO_C20220713_07,39.35408134,-120.1225739,2022-07-13
DOLO_C20220713_08B,39.35028902,-120.13808182,2022-07-13
DOLO_C20220713_08,39.34966156,-120.13884709,2022-07-13
DOLO_C20220829_03,39.53753415,-120.26518931,2022-08-29
DOLO_C20220829_04,39.53978266,-120.25003356,2022-08-29
DOLO_C20220830_01,39.06068727,-120.22817076,2022-08-30
DOLO_B20220818_04,39.46912992,-120.04523619,2022-08-18
DOLO_B20220818_05,39.46616386,-120.04781719,2022-08-18
DOLOB-20210804-003,39.15498598,-120.24656322,2021-08-04
DOLOB-20210804-005,39.1588284,-120.23713032,2021-08-04
DOLOB-20210804-006,39.16571467,-120.23794371,2021-08-04
DOLOB-20210804-008,39.18550369,-120.2097893,2021-08-04
DOLOB-20210805-001,39.17494036,-120.21488958,2021-08-05
DOLOB-20210805-002,39.17322994,-120.21929688,2021-08-05
DOLOB-20210805-003,39.1839014,-120.2143783,2021-08-05
DOLO_C20220825_01,39.44421454,-120.05744709,2022-08-25
DOLO_C20220825_02,39.48023245,-120.04964906,2022-08-25
DOLO_C20220825_03,39.47905001,-120.04268453,2022-08-25
DOLO_C20220725_01,39.82787545,-120.64866982,2022-07-25
DOLO_C20220725_02,39.82485788,-120.6386914,2022-07-25
DOLO_C20220725_03,39.80721173,-120.63093903,2022-07-25
DOLO_C20220726_01,39.79621147,-120.53950937,2022-07-26
DOLO_C20220726_02,39.80436358,-120.5458185,2022-07-26
DOLO_C20220726_03,39.79589227,-120.55245807,2022-07-26
DLAA30586,39.5927085,-120.10551262,2022-06-29
DLAA30586_3,39.59186071,-120.10606675,2022-06-29
DLAA54630,39.52991445,-120.29521276,2022-06-27
DOLOB-20210809-001,39.20755224,-120.15975393,2021-08-09
DOLOB-20210809-002,39.1930466,-120.18310061,2021-08-09
DOLOA-20210720-001,40.18381974,-120.60910223,2021-07-20
DOLOA-20210722-003,40.16291689,-120.68893547,2021-07-22
DOLOB-20210712-001,39.67900504,-120.48873006,2021-07-12
DOLOB-20210712-002,39.70210732,-120.43485907,2021-07-12
DOLOB-20210712-003,39.74695291,-120.47188401,2021-07-12
DOLOB-20210713-001,39.73655931,-120.45838635,2021-07-13
DOLOB-20210713-002,39.72201738,-120.46391318,2021-07-13
DOLOB-20210713-003,39.74581984,-120.42945759,2021-07-13
DOLOB-20210713-004,39.74675547,-120.43064519,2021-07-13
DOLOB-20210713-005,39.67433578,-120.43611559,2021-07-13
DOLO_B20220818_06,39.46637305,-120.04690428,2022-08-18
DOLO_B20220725_05,40.25444195,-120.54240008,2022-07-25
DOLO_B20220726_01,40.28067018,-120.60002322,2022-07-26
DOLO_A20220609_01,40.43023149,-120.66813803,2022-06-09
DOLO_A20220613_01,40.3050622,-120.35487967,2022-06-13
DOLO_A20220613_02B,40.30660473,-120.34367012,2022-06-13
DOLO_A20220613_02,40.30650803,-120.34351967,2022-06-13
DOLO_A20220613_03,40.29511874,-120.35147118,2022-06-13
DOLO_A20220621_01,39.91786085,-120.73021368,2022-06-21
DOLO_A20220621_02,39.91811045,-120.72471619,2022-06-21
DOLO_A20220621_03,39.79884828,-120.61218194,2022-06-21
DOLO_B20220531_01B,41.2040502,-120.50577983,2022-05-31
DOLO_C20220728_06,39.78711289,-120.49090984,2022-07-28
DOLO_C20220815_01,39.30333831,-120.26971711,2022-08-15
DOLO_C20220815_02,39.30715681,-120.26817365,2022-08-15
DOLO_A20220608_03,40.31415551,-120.41174526,2022-06-08
DOLO_A20220608_04,40.29321611,-120.40258664,2022-06-08
DOLO_A20220608_05,40.28956991,-120.39336449,2022-06-08
DOLO_B20220623_05,39.82025156,-120.0758065,2022-06-23
DOLO_B20220623_06,39.82983873,-120.03261597,2022-06-23
DOLO_B20220623_07B,39.79373219,-120.00818852,2022-06-23
DOLO_B20220726_02,40.26577507,-120.59275491,2022-07-26
DOLO_B20220726_09,40.2187271,-120.64274407,2022-07-26
DOLO_B20220727_01,40.13921717,-120.34501307,2022-07-27
DOLOB-20210714-003,39.61010828,-120.35108526,2021-07-14
DOLOB-20210714-004,39.64900487,-120.30842039,2021-07-14
DOLOA-20210713-006,40.17652568,-120.46245558,2021-07-13
DOLOA-20210714-002,40.12180489,-120.48082934,2021-07-14
DOLOA-20210714-003,40.12878602,-120.47840456,2021-07-14
DOLO_A20220711_03,40.39174077,-120.59233097,2022-07-11
DOLO_A20220711_04,40.44264166,-120.45198013,2022-07-11
DOLO_A20220711_05,40.43273086,-120.4655547,2022-07-11
DOLO_A20220712_01B,40.06390967,-120.68244763,2022-07-12
DOLO_A20220712_01,40.06410325,-120.68148731,2022-07-12
DOLO_A20220712_02,40.05547946,-120.70176275,2022-07-12
DOLO_A20220714_01,40.32118676,-120.50796805,2022-07-14
DOLO_A20220714_02B,40.31051744,-120.49013855,2022-07-14
DOLO_A20220714_02,40.31081119,-120.49066011,2022-07-14
DOLO_A20220714_03,40.34233153,-120.56666037,2022-07-14
DOLO_A20220719_01,40.28991982,-120.5115985,2022-07-19
DOLOA-20210721-003,40.16173566,-120.6341832,2021-07-21
DOLOA-20210721-004,40.16104069,-120.65615531,2021-07-21
DOLO_A20220722_02,40.18908324,-120.55791283,2022-07-22
DOLO_A20220722_03,40.18526147,-120.55640687,2022-07-22
DOLO_A20220725_01,39.86628366,-120.36114133,2022-07-25
DOLO_B20220727_02,40.12842171,-120.34130439,2022-07-27
DOLO_B20220727_03,40.07672063,-120.3130581,2022-07-27
DOLO_B20220727_04,40.07594782,-120.31994133,2022-07-27
DOLO_B20220727_05,40.06519648,-120.29879057,2022-07-27
DOLO_B20220727_06,40.06929073,-120.26693097,2022-07-27
DOLO_B20220727_07,40.04361547,-120.23474898,2022-07-27
DOLO_B20220714_01,40.05999673,-120.12707603,2022-07-14
DOLO_B20220714_02,40.09285361,-120.13821917,2022-07-14
DOLO_B20220714_03,40.09228833,-120.13499105,2022-07-14
DOLO_B20220718_01,40.22507875,-120.05642425,2022-07-18
DOLO_B20220718_02,40.24253501,-120.06473515,2022-07-18
DOLO_B20220718_03B,40.25147519,-120.05587186,2022-07-18
DOLO_B20220718_03,40.25145176,-120.0561217,2022-07-18
DOLO_B20220718_04B,40.25496386,-120.05576408,2022-07-18
DOLO_B20220718_04,40.25494198,-120.05546642,2022-07-18
DOLO_B20220719_05,40.3005052,-120.65359678,2022-07-19
DOLO_B20220719_06,40.30499874,-120.65725412,2022-07-19
DOLO_B20220719_07,40.30576708,-120.65789814,2022-07-19
DOLO_B20220720_01,40.28303058,-120.63816273,2022-07-20
DOLO_B20220720_02,40.29472577,-120.63139236,2022-07-20
DOLO_B20220720_03,40.30057325,-120.62575631,2022-07-20
DOLO_B20220727_10,40.08400085,-120.28991122,2022-07-27
DOLO_B20220728_01,40.18733737,-120.51111808,2022-07-28
DOLO_B20220728_02,40.18510913,-120.50138345,2022-07-28
DOLO_C20220816_01,39.23232323,-120.26916084,2022-08-16
DOLO_C20220816_02,39.23911532,-120.25246513,2022-08-16
DOLO_C20220816_03,39.23624836,-120.25829273,2022-08-16
DOLO_C20220622_01,39.7512317,-120.37203842,2022-06-22
DOLO_C20220622_02B,39.73763904,-120.37775874,2022-06-22
DOLO_C20220622_02,39.7377242,-120.37832718,2022-06-22
DOLO_C20220622_03B,39.71789105,-120.39260579,2022-06-22
DOLO_B20220823_01,39.39050538,-120.07039195,2022-08-23
DOLO_B20220823_02,39.38896075,-120.06674134,2022-08-23
DOLO_B20220823_03,39.4051406,-120.05232761,2022-08-23
DOLO_B20220824_01,39.24252787,-120.01000435,2022-08-24
DOLO_B20220824_03,39.26823545,-120.0379464,2022-08-24
DOLO_B20220824_04,39.27016783,-120.02719936,2022-08-24
DOLO_B20220824_05B,39.26948957,-120.08102792,2022-08-24
DOLO_B20220824_05,39.26955718,-120.08104225,2022-08-24
DOLO_B20220824_06,39.24747122,-120.0474876,2022-08-24
DOLO_B20220825_01,39.21795843,-120.11818476,2022-08-25
DOLO_B20220825_02,39.22163473,-120.10174805,2022-08-25
DOLO_B20220825_03,39.22913499,-120.08781581,2022-08-25
DOLO_B20220825_04,39.25359726,-120.07214309,2022-08-25
DOLO_B20220829_01,39.15046026,-120.18079878,2022-08-29
DOLO_C20220726_06,39.81527051,-120.58219329,2022-07-26
DOLO_C20220726_07,39.8283322,-120.55362985,2022-07-26
DOLO_C20220726_08,39.83901386,-120.54187035,2022-07-26
DOLO_C20220726_09,39.87163456,-120.53569917,2022-07-26
DOLO_C20220727_01B,39.79760217,-120.52343462,2022-07-27
DOLO_C20220727_01,39.79714739,-120.52301432,2022-07-27
DOLO_C20220727_02B,39.80884108,-120.46843783,2022-07-27
DOLO_C20220727_02,39.80882827,-120.46882425,2022-07-27
DOLO_C20220727_03,39.8231056,-120.42186706,2022-07-27
DOLO_C20220727_03B,39.82306099,-120.42149959,2022-07-27
DOLO_C20220727_04,39.82021238,-120.42282944,2022-07-27
DOLO_C20220823_08,39.23026309,-120.14044994,2022-08-23
DOLO_C20220823_09,39.23198584,-120.13521289,2022-08-23
DOLO_C20220824_01,39.06694077,-120.22280135,2022-08-24
DOLO_B20220830_02,39.06786739,-120.19805498,2022-08-30
DOLO_B20220830_03,39.0685857,-120.20073129,2022-08-30
DOLO_B20220831_01,39.50745224,-120.18824263,2022-08-31
DOLO_C20220727_12,39.95629921,-120.53761832,2022-07-27
DOLO_C20220727_13,39.92943678,-120.50609731,2022-07-27
DOLO_C20220727_14,39.92583731,-120.50567493,2022-07-27
DOLO_C20220727_15,39.92407647,-120.50270564,2022-07-27
DOLO_C20220727_16,39.92940211,-120.49165417,2022-07-27
DOLO_C20220831_05,39.08683629,-120.25202919,2022-08-31
DOLO_C20220831_06,39.08490069,-120.25305552,2022-08-31
DOLO_C20220831_07,39.07978972,-120.24431529,2022-08-31
DOLO_B20220614_07,40.13132454,-120.01237511,2022-06-14
DOLO_B20220614_08,40.13275693,-120.00742486,2022-06-14
DOLO_B20220614_09,40.1038882,-120.07061834,2022-06-14
DOLO_B20220615_01,40.15145141,-120.04703249,2022-06-15
DLAA29918,39.60406128,-120.10331975,2022-06-29
DLAA30586_2,39.59295686,-120.10495958,2022-06-29
DOLO_B20220831_09,39.46316525,-120.19534168,2022-08-31
DOLO_B20220831_10,39.50306332,-120.10403308,2022-08-31
DOLO_B20220901_01,39.17252435,-120.22699063,2022-09-01
DOLO_C20220818_04,39.31475153,-120.26432175,2022-08-18
DOLO_C20220822_01,39.50297459,-120.29107684,2022-08-22
DOLO_C20220822_02,39.51017342,-120.3051538,2022-08-22
DOLO_C20220822_03,39.49886245,-120.30633459,2022-08-22
DOLO_C20220822_04,39.49162341,-120.29123614,2022-08-22
DOLO_C20220822_05,39.48824514,-120.29440704,2022-08-22
DOLO_C20220822_06,39.48793568,-120.31010585,2022-08-22
DOLO_C20220823_01,39.27576558,-120.20495592,2022-08-23
DOLO_C20220823_02B,39.26469099,-120.1966503,2022-08-23
CARR0508E,35.24713461,-119.86306528,2019-04-17
HUBB016,35.30779325,-120.09344075,2023-04-13
HUBB017,35.3127573,-120.09045993,2023-04-13
HUBB018,35.31061405,-120.05225083,2023-04-13
DOLO_B20220901_02,39.18600343,-120.21436234,2022-09-01
DOLO_B20220901_03,39.18756187,-120.21201573,2022-09-01
DOLO_C20220711_01,39.36814223,-120.15548337,2022-07-11
DOLO_C20220711_02,39.37191013,-120.13155957,2022-07-11
DOLO_C20220711_03,39.37358852,-120.12992357,2022-07-11
DOLO_C20220711_04,39.38241622,-120.1137372,2022-07-11
DOLO_C20220711_05,39.37251996,-120.18163881,2022-07-11
DOLO_C20220712_01,39.39359769,-120.10648203,2022-07-12
DOLO_C20220712_02,39.40704381,-120.12537302,2022-07-12
DOLO_C20220712_03,39.4067059,-120.12667618,2022-07-12
DOLO_C20220712_04,39.43500805,-120.13650268,2022-07-12
DOLO_C20220712_05,39.42326498,-120.1048087,2022-07-12
DOLO_C20220712_06,39.41873968,-120.09775254,2022-07-12
DOLO_C20220712_07,39.43538502,-120.1118986,2022-07-12
DOLO_C20220712_08,39.4399361,-120.11606441,2022-07-12
DOLO_C20220713_09,39.35683579,-120.14591079,2022-07-13
DOLO_C20220713_10,39.30816067,-120.1362584,2022-07-13
DOLO_C20220713_11,39.3082499,-120.1343304,2022-07-13
DOLO_C20220713_12,39.32189546,-120.11944724,2022-07-13
DOLO_C20220713_13,39.31942715,-120.11684021,2022-07-13
DOLO_C20220713_14,39.30098995,-120.13262412,2022-07-13
DOLO_C20220713_15,39.30376007,-120.11779048,2022-07-13
DOLO_C20220713_16B,39.29821772,-120.1058811,2022-07-13
DOLO_C20220713_16,39.29795915,-120.10624077,2022-07-13
DOLO_C20220713_17,39.28009887,-120.13257336,2022-07-13
DOLO_C20220713_17B,39.28050661,-120.13242775,2022-07-13
DOLO_C20220714_01,39.3081346,-120.11198276,2022-07-14
DOLO_C20220714_02,39.30610592,-120.10330607,2022-07-14
DOLO_C20220714_03,39.29755301,-120.12437191,2022-07-14
DOLO_C20220714_04,39.29416141,-120.13075693,2022-07-14
DOLO_C20220714_05,39.25193115,-120.08640089,2022-07-14
DOLO_C20220714_06,39.24799706,-120.11230471,2022-07-14
DOLO_C20220726_04,39.80126637,-120.57519522,2022-07-26
DOLO_C20220726_05,39.80759597,-120.57741331,2022-07-26
DOLO_C20220824_02,39.06551187,-120.21630799,2022-08-24
DOLO_C20220824_03,39.07666135,-120.22054567,2022-08-24
DOLO_C20220824_04,39.07894015,-120.22275443,2022-08-24
DOLO_C20220824_05,39.08713717,-120.2056978,2022-08-24
DOLO_C20220824_06,39.09387101,-120.19976889,2022-08-24
DOLO_C20220824_07,39.10196512,-120.19134207,2022-08-24
DOLO_C20220727_05,39.97264232,-120.52081996,2022-07-27
DOLO_C20220727_06,39.96289279,-120.5093278,2022-07-27
DOLO_A20220606_02,40.307414,-120.37561668,2022-06-06
DOLO_A20220606_03,40.2974427,-120.35493782,2022-06-06
DOLO_A20220607_01,40.397036,-120.49585105,2022-06-07
DOLO_A20220607_01B,40.39780727,-120.49455007,2022-06-07
HUBB007,35.31156389,-120.06721694,2023-04-12
HUBB008,35.27292374,-120.05564087,2023-04-12
HUBB009,35.27351935,-120.0579267,2023-04-12
DOLO_C20220727_07,39.95723822,-120.50467666,2022-07-27
DOLO_C20220727_08,39.97134261,-120.52731974,2022-07-27
DOLO_C20220727_09,39.96840965,-120.53193111,2022-07-27
DOLO_C20220727_10,39.96793169,-120.53652888,2022-07-27
DOLO_C20220727_17,39.90863765,-120.48817158,2022-07-27
DOLO_C20220815_03,39.2947272,-120.27747889,2022-08-15
DOLO_C20220815_04,39.30490337,-120.24835224,2022-08-15
DOLO_C20220815_05,39.30805717,-120.24480194,2022-08-15
DOLO_C20220816_04,39.23564681,-120.2586216,2022-08-16
DOLO_C20220816_05,39.22900301,-120.26302661,2022-08-16
DOLO_C20220816_06,39.23599037,-120.23298704,2022-08-16
DOLO_C20220816_07,39.23577493,-120.222976,2022-08-16
DOLO_C20220817_01,39.09795579,-120.20931567,2022-08-17
DOLO_C20220817_02,39.09554076,-120.21873781,2022-08-17
DOLO_C20220817_03,39.09491626,-120.22716941,2022-08-17
DOLO_C20220817_04,39.08243432,-120.22443822,2022-08-17
DOLO_C20220817_05,39.0838684,-120.22533733,2022-08-17
DOLO_C20220817_05B,39.0836709,-120.22498305,2022-08-17
DOLO_C20220817_06,39.08131414,-120.22947146,2022-08-17
DOLO_C20220817_07,39.08107868,-120.23148611,2022-08-17
DOLO_C20220817_08,39.10793589,-120.19954004,2022-08-17
DOLO_C20220818_01,39.30846444,-120.22105464,2022-08-18
DOLO_C20220818_02B,39.30591493,-120.24999211,2022-08-18
DOLO_C20220818_02,39.30599277,-120.25026684,2022-08-18
DOLO_C20220818_03,39.31051859,-120.28408939,2022-08-18
DOLO_C20220823_02,39.2647059,-120.19722695,2022-08-23
DOLO_C20220823_03,39.2615807,-120.19931488,2022-08-23
DOLO_C20220823_04,39.25224136,-120.19004011,2022-08-23
DOLO_C20220823_05,39.24791411,-120.18063284,2022-08-23
DOLO_C20220823_06,39.23544074,-120.18529857,2022-08-23
DOLO_C20220823_07,39.22926841,-120.16370496,2022-08-23
DOLO_C20220825_04,39.48459234,-120.05024088,2022-08-25
DOLO_C20220829_01,39.54341517,-120.31036494,2022-08-29
DOLO_C20220829_02,39.52850075,-120.28404508,2022-08-29
DOLO_C20220829_03B,39.53720708,-120.26503411,2022-08-29
DOLO_C20220830_05,39.0600784,-120.23500403,2022-08-30
DOLO_C20220830_06,39.07524939,-120.24121278,2022-08-30
DOLO_C20220830_07,39.06633926,-120.24312801,2022-08-30
DOLO_B20220608_09,40.15534942,-120.0139257,2022-06-08
DOLO_B20220609_01,40.10046661,-120.14458374,2022-06-09
DOLO_B20220609_02,40.09982036,-120.1446431,2022-06-09
DOLO_B20220609_03,40.08379645,-120.1281557,2022-06-09
DOLO_B20220609_04,40.06718172,-120.126831,2022-06-09
DOLO_B20220614_01,40.10947335,-120.04286461,2022-06-14
DOLO_B20220614_02,40.11558171,-120.03870581,2022-06-14
DOLO_B20220614_03,40.11594992,-120.03608943,2022-06-14
DL18380-1,39.29854088,-120.12326429,2021-07-12
DL18380-2,39.30034942,-120.12499698,2021-07-12
B-DL19572,39.35244977,-120.09682309,2021-07-12
DL19572-1,39.35234842,-120.09645251,2021-07-13
DL19572-2,39.35210576,-120.09675386,2021-07-12
DL18435,39.3716432,-120.1485621,2021-07-14
DOLO_C20220830_08,39.06673014,-120.24183323,2022-08-30
DOLO_C20220830_09,39.06835755,-120.23025394,2022-08-30
DOLO_C20220831_01,39.07895125,-120.23723275,2022-08-31
DOLO_C20220831_08,39.07735896,-120.23897552,2022-08-31
DOLO_C20220901_01,39.49885506,-120.38125143,2022-09-01
DOLO_A20220531_01B,41.42158746,-120.45137315,2022-05-31
DOLO_A20220531_01,41.42182026,-120.45136671,2022-05-31
DOLO_A20220531_02,41.42897364,-120.52649025,2022-05-31
DOLO_A20220606_01,40.3597656,-120.56170559,2022-06-06
DOLO_A20220607_02,40.39281057,-120.45244322,2022-06-07
DOLO_A20220607_03,40.39023691,-120.27711967,2022-06-07
DOLO_A20220607_04,40.36201624,-120.30565134,2022-06-07
DOLO_A20220607_05,40.36145608,-120.30564898,2022-06-07
DOLO_A20220608_01,40.3141793,-120.38527129,2022-06-08
DOLO_A20220608_02,40.31004209,-120.39848929,2022-06-08
DOLO_B20220531_04,41.30304709,-120.50741396,2022-05-31
DOLO_B20220606_01,40.12672394,-120.19548098,2022-06-06
DOLO_C20220623_04,39.62022367,-120.2598285,2022-06-23
DOLO_C20220623_05,39.61575014,-120.26472727,2022-06-23
DOLO_C20220623_06,39.61536454,-120.25986549,2022-06-23
DOLO_C20220623_07,39.619258,-120.27090641,2022-06-23
DOLO_C20220623_08,39.61872037,-120.27496957,2022-06-23
DOLO_C20220623_09,39.63429392,-120.29799819,2022-06-23
S17031025,36.55967228,-120.72755269,2021-03-17
S17031126,36.55089856,-120.76301074,2021-03-17
S17031140,36.55067293,-120.76348524,2021-03-17
DOLO_B20220606_02,40.12601478,-120.19354027,2022-06-06
DOLO_B20220606_03,40.14400365,-120.18539208,2022-06-06
DOLO_B20220606_04,40.17473652,-120.19342917,2022-06-06
DOLO_B20220607_02,40.11808814,-120.0928526,2022-06-07
DOLO_B20220607_03,40.11700508,-120.08702421,2022-06-07
DOLO_B20220607_04,40.11224125,-120.08661617,2022-06-07
DOLO_B20220607_05,40.10887297,-120.0552766,2022-06-07
DOLO_B20220607_06,40.11394039,-120.06847792,2022-06-07
DOLO_B20220607_07,40.09543416,-120.02529015,2022-06-07
DOLO_B20220608_01,40.20216669,-120.07468767,2022-06-08
DOLO_B20220608_03,40.17360902,-120.07524421,2022-06-08
DOLO_B20220608_04,40.17742446,-120.06837554,2022-06-08
DOLO_B20220608_05,40.17467871,-120.05939302,2022-06-08
DOLO_B20220608_06,40.16609758,-120.00594198,2022-06-08
DOLO_B20220608_07,40.17086098,-120.0184729,2022-06-08
DOLO_B20220608_08,40.16589221,-120.02619313,2022-06-08
DLAA30590,39.58615528,-120.10575461,2022-06-29
DLAA61384,39.63070711,-120.19808796,2022-06-30
DLAA50829,39.67655009,-120.33886417,2022-06-30
DOLO_B20220614_04,40.12686023,-120.03992965,2022-06-14
DOLO_B20220614_05,40.12599643,-120.0468945,2022-06-14
DOLO_B20220614_06,40.11946516,-120.02168234,2022-06-14
DOLO_B20220615_04,40.1307679,-120.05261586,2022-06-15
DOLO_B20220615_05,40.09474631,-120.08621071,2022-06-15
DOLO_B20220615_06,40.09508269,-120.08714927,2022-06-15
DOLO_B20220615_07,40.08466431,-120.09106586,2022-06-15
DOLO_B20220622_03,40.06854356,-120.04686842,2022-06-22
DOLO_B20220622_04,39.85160305,-120.02729183,2022-06-22
DOLO_B20220623_02,39.8398856,-120.05524082,2022-06-23
DOLO_B20220623_03,39.82152995,-120.05999558,2022-06-23
DOLO_B20220623_04,39.82183103,-120.05824097,2022-06-23
DOLO_B20220623_07,39.79371682,-120.00944047,2022-06-23
DOLO_B20220623_08,39.82918415,-120.00831646,2022-06-23
DOLO_B20220624_01,39.82260394,-120.17715355,2022-06-24
DLAA50817,39.64335285,-120.27034615,2022-06-29
DLAA52239,39.57326623,-120.32134132,2022-06-28
DLAA55031,39.601644,-120.29313676,2022-06-28
CARR1125B,35.0949144,-119.69983817,2021-04-08
CARR1126B,35.13193543,-119.68681856,2020-05-24
CARR1131B,35.12810321,-119.68809697,2021-04-08
HUBBAA162,35.30784855,-120.09260786,2023-04-24
HUBBAA166,35.31063605,-120.09008897,2023-04-24
DLAA54427,39.63827606,-120.26589553,2022-06-28
DLAA52319,39.67500539,-120.33957906,2022-06-30
DLAA52669,39.6792069,-120.25225817,2022-06-30
DLAA50401,39.67209074,-120.23165009,2022-06-30
DLAA63278,39.67549011,-120.22190797,2022-06-30
DLAA56011,39.62259014,-120.21802009,2022-06-30
DOLO_B20220624_02,39.89607941,-120.19070496,2022-06-24
DOLO_B20220624_03,39.89404964,-120.17579561,2022-06-24
DOLO_B20220624_04,39.90053345,-120.17469685,2022-06-24
DOLO_C20220531_01,41.21994008,-120.54121658,2022-05-31
DOLO_C20220531_02,41.23135357,-120.55214946,2022-05-31
DOLO_C20220531_03,41.20874164,-120.5010959,2022-05-31
DOLO_C20220621_01,39.89273549,-120.62376611,2022-06-21
DOLO_C20220621_01B,39.89325337,-120.6243686,2022-06-21
DOLO_C20220621_02,39.86798743,-120.64230033,2022-06-21
DOLO_C20220621_03,39.85939357,-120.65286825,2022-06-21
DOLO_C20220621_04,39.85544433,-120.65276073,2022-06-21
DOLO_C20220622_01B,39.75123331,-120.371508,2022-06-22
DOLO_C20220622_08,39.69794703,-120.45529524,2022-06-22
DOLO_C20220622_09,39.70064945,-120.4700797,2022-06-22
DOLO_C20220622_10,39.75470948,-120.43147417,2022-06-22
DOLO_C20220623_01,39.63156058,-120.21717619,2022-06-23
DOLO_C20220623_02,39.62824605,-120.2369335,2022-06-23
DOLO_C20220623_03,39.62510669,-120.25083698,2022-06-23
DOLO_C20220623_10,39.64444152,-120.30602578,2022-06-23
DOLO_C20220624_01,39.9823452,-120.41552871,2022-06-24
DOLO_C20220624_02,39.99699332,-120.43562339,2022-06-24
DOLO_C20220624_03,39.99309528,-120.43938211,2022-06-24
DOLO_C20220624_04,39.98796992,-120.43654701,2022-06-24
S17031000,36.54949405,-120.73643751,2021-03-17
CARR0508F,35.24713461,-119.86306528,2021-04-09
CARR0509E,35.2483554,-119.8636576,2019-04-17
CARR0509F,35.2483554,-119.8636576,2021-04-09
CARR0516C,35.21682387,-119.85501437,2021-04-08
CARR0520E,35.14953677,-119.80069752,2019-04-15
CARR0520F,35.14957254,-119.80070972,2021-04-09
CARR0521E,35.15299784,-119.77408167,2019-04-15
CARR0521F,35.15296181,-119.77408045,2021-04-08
CARR0556B,35.17284743,-119.77636996,2021-04-07
CARR0559C,35.20263194,-119.84948778,2021-04-07
CARR0560B,35.21740074,-119.89521105,2021-04-07
CARR0561B,35.20386011,-119.70930598,2020-05-25
CARR0612B,35.07895023,-119.76936703,2020-05-26
CARR0617B,35.1268625,-119.84000901,2020-05-25
CARR0625B,35.24359533,-119.9506799,2020-05-20
CARR0646B,35.10512851,-119.85927113,2020-05-21
DOLO_C20220624_05,39.96817478,-120.45819452,2022-06-24
DOLO_C20220624_06,39.9581787,-120.44253094,2022-06-24
DOLOA-20210712-001B,40.16910449,-120.36904258,2021-07-12
DL18809,39.30200619,-120.11813513,2021-07-12
DLAA55753,39.60141811,-120.29638797,2022-06-28
DLAA55818,39.59963243,-120.29145966,2022-06-28
DLAA60536,39.55761126,-120.24606581,2022-07-01
DLAA52370_B,39.62697139,-120.3603187,2022-06-30
DLAA53509_B,39.64856121,-120.36869009,2022-06-30
DLAA56015_B,39.61098785,-120.2208501,2022-06-30
DLAA55619,39.54624055,-120.3128435,2022-07-01
DLAA55623,39.54933288,-120.30990857,2022-07-01
DLAA55641,39.55016554,-120.33000577,2022-07-01
Q042020211508,36.41624623,-120.59630432,2021-04-20
Q042120210829,36.47959019,-120.55841644,2021-04-21
Q19030856,36.61666038,-120.65408757,2021-03-19
Q19031135,36.61061875,-120.67830549,2021-03-19
S16031800,36.50281125,-120.76706699,2021-03-17
CARR0658B,35.24900263,-119.94885433,2020-05-25
CARR0669B,35.06890068,-119.85096765,2020-05-21
CARR0743B,35.25322752,-119.73973868,2020-05-22
CARR0744B,35.24735159,-119.72133425,2020-05-23
CARR0752B,35.07039612,-119.50550021,2020-05-23
CARR0755B,35.00964785,-119.60310601,2020-05-24
CARR0756B,35.08968725,-119.81583228,2020-05-24
CARR0838B,35.02482387,-119.55368367,2021-04-09
CARR0844B,35.05824015,-119.59105472,2020-05-24
CARR0849B,35.06008812,-119.48821408,2020-05-23
CARR0858B,35.25859778,-119.72825999,2020-05-22
CARR0862B,35.20196293,-119.6827991,2020-05-23
CARR0866B,35.09251364,-119.5385967,2020-05-23
CARR0873B,35.04982868,-119.77441144,2020-05-21
CARR0901C,35.22830521,-119.74608423,2021-04-08
CARR0913B,34.99194276,-119.48449471,2021-04-09
CARR0925B,35.18695387,-119.77557645,2021-04-07
CARR0928B,35.22492996,-119.75617511,2020-05-23
CARR0931B,35.18617931,-119.70589685,2021-04-08
CARR0959B,35.01172041,-119.50335781,2020-05-24
CARR0962B,34.95990892,-119.52839894,2021-04-09
CARR0966B,34.97860817,-119.51174611,2021-04-09
CARR0969B,35.02340822,-119.55027549,2020-05-22
CARR0982D,35.13520393,-119.83791791,2019-04-15
CARR0989D,35.18992417,-119.86471147,2019-04-15
CARR1123B,35.10453884,-119.71406379,2021-04-08
CARR1150D,35.19048009,-119.86749785,2019-04-15
CARR2000A,35.1950211,-119.71799444,2020-05-24
CARR6671A,35.2474083,-119.94511591,2019-04-18
J0506163A,35.11628121,-119.76084549,2019-04-15
J05061740C,35.11526655,-119.77172615,2019-04-16
HUBB001,35.31354798,-120.09069285,2023-04-11
HUBB002,35.31092706,-120.0632812,2023-04-12
HUBB003,35.310146,-120.06394742,2023-04-12
HUBB004,35.31004148,-120.06482659,2023-04-12
HUBB005,35.31053277,-120.06533571,2023-04-12
HUBB006,35.31070113,-120.06582984,2023-04-12
HUBBAA181,35.30085654,-120.04127118,2023-04-25
HUBBAA182,35.30059433,-120.04197337,2023-04-25
HUBBAA183,35.30271291,-120.04420504,2023-04-25
HUBBAA187,35.30142625,-120.04576908,2023-04-25
HUBBAA200,35.30920255,-120.09644079,2023-04-25
HUBBAA222,35.31274131,-120.07202413,2023-04-24
HUBBAA227,35.30729389,-120.06389547,2023-04-24
HUBBAA321,35.3068633,-120.06731952,2023-04-24
HUBBAA375_1,35.30757034,-120.06915395,2023-04-24
HUBBAA375_2,35.30745343,-120.06842149,2023-04-24
HUBB010,35.26951006,-120.05695579,2023-04-12
HUBB011,35.27399219,-120.0435846,2023-04-12
HUBB012,35.27482564,-120.04433648,2023-04-12
HUBB013,35.31107163,-120.09448015,2023-04-13
HUBB014,35.31120996,-120.09505329,2023-04-13
HUBB015,35.30807561,-120.09392718,2023-04-13
HUBB019,35.30785008,-120.0484633,2023-04-13
HUBB020,35.30843603,-120.04691083,2023-04-13
HUBB021,35.30851035,-120.04208585,2023-04-13
HUBB022,35.30705615,-120.04201433,2023-04-13
HUBB023,35.30868304,-120.06150752,2023-04-14
HUBB024,35.3080128,-120.06108079,2023-04-14
HUBB025,35.3077653,-120.06090735,2023-04-14
HUBB026,35.30758196,-120.06080394,2023-04-14
HUBB027,35.30740093,-120.06048029,2023-04-14
HUBB028,35.30753819,-120.06013704,2023-04-14
HUBB029,35.3077174,-120.05958278,2023-04-14
HUBB030,35.30746991,-120.05879954,2023-04-14
HUBB031,35.30832574,-120.05782136,2023-04-14
HUBB032,35.31111951,-120.06653007,2023-04-12
HUBB101,35.31023731,-120.06361869,2023-04-12
HUBB102,35.31133024,-120.06580039,2023-04-12
HUBB103,35.27333605,-120.05578499,2023-04-12
HUBB104,35.27286515,-120.05773937,2023-04-12
HUBB105,35.28262363,-120.04408894,2023-04-12
HUBB106,35.30726778,-120.04156359,2023-04-13
HUBBAA109,35.30116888,-120.04925263,2023-04-25
HUBBAA157,35.30913919,-120.09717975,2023-04-25
HUBBAA389,35.30942736,-120.07176981,2023-04-24
HUBBAA390,35.31040928,-120.07249308,2023-04-24
HUBBAA457,35.30811987,-120.06877127,2023-04-24
HUBBAA633_1,35.30504157,-120.04286686,2023-04-23
HUBBAA633_2,35.30538712,-120.04262339,2023-04-23
