{
  "d2m": {
    "mean": -4.53467423,
    "std": 12.51564845
  },
  "e": {
    "mean": -0.00112198,
    "std": 0.00121721
  },
  "pev": {
    "mean": -0.00834321,
    "std": 0.00957517
  },
  "ro": {
    "mean": 0.00091739,
    "std": 0.00220943
  },
  "sp": {
    "mean": 94479.34979023,
    "std": 4852.98599929
  },
  "ssr": {
    "mean": 9075594.89242382,
    "std": 7488882.82982511
  },
  "ssrd": {
    "mean": 11654781.72080826,
    "std": 8471632.012075
  },
  "str": {
    "mean": -4500463.10594404,
    "std": 2226365.36681933
  },
  "swvl1": {
    "mean": 0.34399074,
    "std": 0.13658633
  },
  "swvl2": {
    "mean": 0.34002065,
    "std": 0.13478928
  },
  "t2m": {
    "mean": 0.16157731,
    "std": 13.64278631
  },
  "tp": {
    "mean": 0.00190445,
    "std": 0.00426817
  },
  "u10": {
    "mean": 0.39923426,
    "std": 1.77886309
  },
  "v10": {
    "mean": 0.10049819,
    "std": 1.67962054
  }
}
