{
  "d2m": {
    "mean": -3.30546649,
    "std": 9.1623422
  },
  "e": {
    "mean": -0.00115266,
    "std": 0.00105223
  },
  "pev": {
    "mean": -0.01093713,
    "std": 0.00964415
  },
  "ro": {
    "mean": 0.00134583,
    "std": 0.00316157
  },
  "sp": {
    "mean": 94582.0162208,
    "std": 4863.30295829
  },
  "ssr": {
    "mean": 12499732.41511201,
    "std": 6777222.05066305
  },
  "ssrd": {
    "mean": 17005837.31171564,
    "std": 7399997.35708814
  },
  "str": {
    "mean": -5072686.89569636,
    "std": 2194645.74649882
  },
  "swvl1": {
    "mean": 0.36648215,
    "std": 0.13852829
  },
  "swvl2": {
    "mean": 0.36040571,
    "std": 0.13592012
  },
  "t2m": {
    "mean": 2.29299751,
    "std": 10.18087003
  },
  "tp": {
    "mean": 0.00164887,
    "std": 0.00370383
  },
  "u10": {
    "mean": 0.08920109,
    "std": 1.81719633
  },
  "v10": {
    "mean": 0.07433319,
    "std": 1.71739672
  }
}
