{"type":"FeatureCollection","features":[{"type":"Feature","properties":{"name":"CONUS"},"geometry":{"type":"MultiPolygon","coordinates":[[[[-97.1663792359999,26.10284657300008],[-97.26036536399994,26.467962958000044],[-97.36339270699995,26.721177476000037],[-97.37022864499994,26.755926825000074],[-97.3570043609999,26.771551825000074],[-97.39753170499995,26.831000067000048],[-97.38540605399993,26.90037669500009],[-97.40501868399991,27.12523021000004],[-97.39159094999991,27.193101304000038],[-97.37706458199995,27.207831122000073],[-97.3762914699999,26.93162669500009],[-97.34288489499994,26.756740627000056],[-97.18267985699993,26.231154556000035],[-97.1663792359999,26.10284657300008]]],[[[-97.25935460499994,27.49617465500006],[-97.35164248799992,27.23517058100009],[-97.39753170499995,27.228908596000053],[-97.37025264099992,27.34836641800007],[-97.24510657499991,27.623195705000057],[-97.25413977799991,27.65965403900009],[-97.20571855399993,27.632961330000057],[-97.15103105399993,27.739894924000055],[-97.05260169199994,27.844183661000045],[-97.04401607999995,27.835272528000075],[-97.1780072169999,27.65284366900005],[-97.25935460499994,27.49617465500006]]],[[[-96.93822180899991,27.98305898600006],[-97.03441321499992,27.852036851000037],[-97.0430395169999,27.870306708000044],[-97.02977454299992,27.90058014500005],[-96.95303300699993,27.994208075000074],[-96.97256425699993,28.009914455000057],[-96.91405188699991,28.09910716400009],[-96.88023841099994,28.130113023000035],[-96.85484778599994,28.130682684000078],[-96.84264075399994,28.11277903900009],[-96.85008704299992,28.071193752000056],[-96.93822180899991,27.98305898600006]]],[[[-106.51718867999996,31.773823954000036],[-108.2151212169999,31.777751364000025],[-108.21481115799992,31.327442932000068],[-111.00626867799988,31.327184550000098],[-111.06711767599991,31.333644104000044],[-114.82210811499996,32.50023956300002],[-114.79554642799987,32.55222605400003],[-114.80267777499989,32.59449737500002],[-114.73947749899992,32.669066468],[-114.7242846279999,32.71283640500009],[-117.12512148894416,32.53166949000402],[-117.14981035099993,32.64630768400008],[-117.16637122299994,32.66950104400007],[-117.22397483599991,32.68471444100004],[-117.22618603199993,32.69720666100005],[-117.20581376199993,32.71340310900007],[-117.16805804599994,32.69880508600005],[-117.11508920699993,32.600261543000045],[-117.10231105899993,32.620468257000084],[-117.13320878799993,32.68984609600005],[-117.17734338499992,32.715030606000084],[-117.17463812499994,32.726732120000065],[-117.2378335699999,32.70722308400008],[-117.23656165299991,32.669623114000046],[-117.25527910099993,32.691392320000034],[-117.25755620799993,32.784244680000086],[-117.28359725099995,32.83765398500009],[-117.2598737639999,32.85406683900004],[-117.25364093999991,32.88508136300004],[-117.27476966099994,32.993475653000075],[-117.32216122299991,33.10850061600007],[-117.50884421199993,33.33520533700005],[-117.73521887899994,33.48476797100005],[-117.82457434799994,33.56167226800005],[-117.97850501199991,33.635972398000035],[-118.11738749199992,33.74360654600008],[-118.20720976399991,33.76383356900004],[-118.19286265999995,33.731728564000036],[-118.2215063139999,33.77090078300006],[-118.25455189899992,33.765400526000064],[-118.27677037199993,33.75661592800009],[-118.27220618399991,33.715277411000045],[-118.29130663299992,33.70320826500006],[-118.41204094599993,33.74167819000007],[-118.42756864599994,33.773730759000046],[-118.3957152779999,33.805653987000085],[-118.3913880589999,33.835940991000086],[-118.4446508449999,33.94940827000005],[-118.51406816299993,34.02216217700004],[-118.54405676999994,34.03888580900008],[-118.6665890509999,34.03894451800005],[-118.74839232099993,34.03188851200008],[-118.8069690559999,33.999406269000076],[-118.85260382799993,34.033656929000074],[-118.93680748999992,34.04320030900004],[-119.0896982029999,34.10048386400007],[-119.1286529329999,34.100546906000034],[-119.20832263599993,34.152321691000054],[-119.21708747399992,34.14550181900006],[-119.28115800699993,34.26870351800005],[-119.3914824279999,34.31844489700006],[-119.4602290929999,34.37404041000008],[-119.5631751219999,34.41479451300006],[-119.67806091499995,34.414385001000085],[-119.70787935499993,34.39544085600005],[-119.78764887499995,34.41721116300005],[-119.87863581699992,34.40661306000004],[-120.0099676609999,34.46101195700004],[-120.13341223899994,34.472723700000074],[-120.2932065579999,34.46848556300006],[-120.45410749899992,34.442811833000064],[-120.47268143299993,34.45027297200005],[-120.50998579399993,34.52137453900008],[-120.63662675699993,34.56289297100005],[-120.64783419299994,34.58567558900006],[-120.60305365599993,34.70478195000004],[-120.64024817599994,34.75853099200009],[-120.6155731899999,34.85800259800004],[-120.67283934599993,34.90752128400004],[-120.63369706899994,35.03510163000004],[-120.64488684799994,35.13939036700009],[-120.7063695949999,35.17422109600005],[-120.7496692339999,35.177396791000035],[-120.76553376899994,35.16024215500005],[-120.87668247399989,35.22379035600005],[-120.89765418399992,35.249765515000036],[-120.89559061699993,35.27351358100009],[-120.8622436469999,35.36190504100006],[-120.85558020699995,35.321519273000035],[-120.8314049729999,35.336087589000044],[-120.8667496079999,35.370992622000074],[-120.88731848899994,35.432928778000075],[-120.90818414799992,35.44824381800004],[-121.0053621639999,35.460656967000034],[-121.16940155799995,35.63691940400008],[-121.19503088999994,35.63233633500005],[-121.2883128019999,35.664829516000054],[-121.33723230499993,35.78652867000005],[-121.46320087599992,35.88673133800006],[-121.5066775869999,36.00326004200008],[-121.56673886899989,36.02011726300009],[-121.67792076799992,36.162675352000065],[-121.82485917899993,36.23920319200005],[-121.85220292899993,36.27944570500006],[-121.89966052299991,36.304399527000044],[-121.90416813099989,36.384536730000036],[-121.94226954099992,36.51190084500007],[-121.9569296219999,36.517617502000064],[-121.9275331529999,36.523851999000044],[-121.9325277779999,36.555128979000074],[-121.98111521899995,36.58371687600004],[-121.96721988899992,36.585212701000046],[-121.9376946669999,36.639249335000045],[-121.8874213609999,36.60199449300006],[-121.8700038909999,36.60721214900008],[-121.82706092899991,36.65620001900004],[-121.8053594129999,36.73773902700009],[-121.7637426419999,36.72207265800006],[-121.7702149559999,36.73908317000007],[-121.80320486499994,36.75045947400008],[-121.7898117549999,36.80619896700006],[-121.8042459379999,36.83601824100003],[-121.85993404899995,36.92747630400004],[-121.90560118999991,36.969126309000046],[-121.93724316299989,36.97830698000007],[-121.97423536999992,36.95519927400005],[-122.0212103749999,36.96266785000006],[-122.04679408099992,36.948156804000064],[-122.13499069199992,36.96572602700007],[-122.22211757699989,37.02429494200004],[-122.29765844299993,37.11122669700006],[-122.33929005699991,37.118581815000084],[-122.36935319999992,37.17401999300006],[-122.40445697799993,37.19452597500003],[-122.41836340499992,37.25230971900004],[-122.40033781799991,37.35974113600008],[-122.4444464419999,37.437519345000055],[-122.44916018899994,37.476655219000065],[-122.47926758099993,37.50278345000004],[-122.49926316999989,37.49306618500009],[-122.52047188699993,37.53142146000005],[-122.52242428099993,37.59321744200008],[-122.5032328829999,37.60146264800005],[-122.49474036399994,37.665228583000044],[-122.51517164699993,37.78112611800009],[-122.48593013199991,37.79081053200008],[-122.47644909199994,37.81067501600006],[-122.40863666199994,37.810391705000086],[-122.35454394099992,37.73000829500006],[-122.39245468799993,37.71033033900005],[-122.3749114769999,37.65516330200006],[-122.38372976999995,37.63145992300008],[-122.3541419039999,37.61350742800005],[-122.37410881599993,37.60418704600005],[-122.25096594999991,37.568060614000046],[-122.23957608199993,37.54688725300008],[-122.19929836699993,37.534961906000035],[-122.2073461579999,37.51748281500005],[-122.13414466099994,37.49778880400004],[-122.10016842399995,37.455064195000034],[-122.0589086579999,37.44741445500006],[-122.03213982099993,37.46336413000006],[-122.05223548099991,37.47138092700004],[-122.06236731699994,37.50169505400004],[-122.10903886599993,37.51797109600005],[-122.14630966699991,37.578968426000074],[-122.16277899099993,37.66443382600005],[-122.19186342299992,37.700313007000034],[-122.25176604899991,37.72277746300006],[-122.26235038499993,37.743003384000076],[-122.21245197999991,37.743483524000055],[-122.21729286399994,37.758486264000055],[-122.33150880499994,37.78238805400008],[-122.32500895399994,37.80375077200006],[-122.3406565709999,37.807115783000086],[-122.2955022839999,37.831292182000084],[-122.31390203799992,37.885829354000066],[-122.32875988899991,37.908057592000034],[-122.39108785399992,37.907674614000086],[-122.42969815399994,37.96426198100005],[-122.3977251469999,37.95611727000005],[-122.35956561899991,37.987648655000044],[-122.36630595799994,38.01233558700005],[-122.29904056399994,38.011198076000085],[-122.2755704949999,38.03910111600004],[-122.22704016799992,38.05841705900008],[-122.14793860599991,38.02362702000005],[-122.00398992599992,38.05613559600005],[-121.69004367999992,38.009118724000075],[-121.6814428219999,38.01745310400008],[-121.7206057009999,38.03211678000008],[-121.68150794199994,38.04832591400009],[-121.67113196499992,38.08388906500005],[-121.60667883999992,38.09935130400004],[-121.58205438999994,38.09200048400004],[-121.5765186399999,38.074307486000066],[-121.62062294099991,38.061825336000084],[-121.6322394259999,38.04422942600007],[-121.61276044699991,38.021491498000046],[-121.58424341499995,38.02871018600007],[-121.56930531199993,38.065844333000086],[-121.4453832669999,38.003892320000034],[-121.48656165299991,38.04474518400008],[-121.54864224099992,38.06420615500008],[-121.57127774299994,38.09713945200008],[-121.60407467399995,38.10578034100007],[-121.68028184199994,38.09269063900007],[-121.69933020699995,38.050848700000074],[-121.7420631359999,38.02944881600007],[-121.7787087769999,38.03601910500004],[-121.77984961599992,38.06137499100004],[-121.71666779499992,38.092807082000036],[-121.68260154199993,38.14719259100008],[-121.74697831899994,38.08771393400008],[-121.80308012799992,38.06288340300006],[-121.84611846299993,38.07251123100008],[-121.8981700789999,38.053220639000074],[-121.92882239499994,38.05841705900008],[-121.90831458199995,38.07884349200009],[-121.9712694349999,38.07491764400004],[-122.01495547399992,38.09851061100005],[-121.98599224499992,38.11070447900005],[-122.00029623299991,38.13731244500008],[-122.05516516799992,38.13373444200005],[-122.13029038299993,38.04214243300004],[-122.18430159799993,38.064789216000065],[-122.26088795499993,38.06943282900005],[-122.30067748099992,38.10819557000008],[-122.39651964899991,38.153231178000055],[-122.4341308139999,38.123345321000045],[-122.50231747099991,38.113520866000044],[-122.4824884759999,38.07688102900005],[-122.5060499729999,38.01717217700008],[-122.44533578999994,37.98512305600008],[-122.49254309799994,37.96979401200008],[-122.4803455839999,37.94182013800008],[-122.5035928229999,37.94049531200005],[-122.50343963699993,37.92481173200008],[-122.4388005049999,37.88208259000004],[-122.45900921299994,37.862484926000036],[-122.49902873899993,37.89359014900003],[-122.4703911979999,37.83183162000006],[-122.5284258129999,37.81637159300004],[-122.64519885399994,37.898815966000086],[-122.72773825799993,37.90303961500007],[-122.8214322479999,37.997669778000045],[-122.9211119449999,38.034871294000084],[-122.93269553999994,38.04951933800004],[-122.92014206499994,38.06531240400005],[-122.94847571499992,38.06073639500005],[-122.93608552599994,38.030770371000074],[-122.97906967199992,38.01451559100008],[-122.98033049999992,37.99803906200009],[-122.96250400899993,37.992047822000075],[-123.02745302699992,37.99448874500007],[-122.9496480059999,38.143990916000064],[-122.9962966899999,38.24272982400004],[-122.82567298099991,38.07208893400008],[-122.83226477799991,38.09589264500005],[-122.96881528499989,38.237093637000044],[-123.00228036399994,38.29485919500007],[-123.0295215569999,38.31269155800004],[-123.06243964399994,38.29590274800006],[-123.07093227399992,38.35995419400007],[-123.12872916099991,38.449310265000065],[-123.33697942599991,38.56725947100006],[-123.43360667699994,38.68679466900005],[-123.72624223399993,38.91857608600009],[-123.74260670099994,38.95562391100009],[-123.72524161299992,38.96037225100008],[-123.68907630099994,39.02789948100008],[-123.72164871299992,39.13301934200007],[-123.76785035099994,39.19400673300004],[-123.82492424799995,39.34729559200008],[-123.81650937299992,39.443998058000034],[-123.76944436899993,39.56372821100007],[-123.7868278329999,39.59677697900008],[-123.7905816899999,39.67737373700004],[-123.83001957099992,39.72651417800006],[-123.8540188039999,39.833514269000034],[-123.90772097799993,39.86586720400004],[-123.9306962689999,39.90801781000005],[-124.0334577989999,40.01212592600007],[-124.0760520049999,40.027217164000035],[-124.08744171699993,40.07751537300004],[-124.11579342399995,40.107123114000046],[-124.18531738099995,40.12955148000009],[-124.36350979499991,40.261480937000044],[-124.34828314299995,40.31890737800006],[-124.4092019709999,40.44381766500004],[-124.38583202399991,40.50951536000008],[-124.23973767299992,40.75870946500004],[-124.2308853969999,40.75008100900004],[-124.25949774499992,40.69841007300005],[-124.22576009799991,40.68612308000007],[-124.2138446909999,40.70140247100005],[-124.2204549359999,40.73723849300006],[-124.20289856699992,40.74518552700005],[-124.18274332099992,40.79990301300006],[-124.12186467299989,40.807383196000046],[-124.08739831299994,40.82515617000007],[-124.08248331899989,40.843501684000046],[-124.1549676979999,40.861727478000034],[-124.19974479099994,40.78485271000005],[-124.22328814199994,40.75709610600006],[-124.23284111899994,40.766642871000045],[-124.1765751229999,40.84775433800007],[-124.11041334599992,41.01525282500006],[-124.11141221899993,41.04166033300004],[-124.14687839499993,41.060165416000075],[-124.16405283299991,41.13222009000009],[-124.12426181199993,41.181808722000085],[-124.09093176999994,41.28945547100005],[-124.06215535799993,41.43587598600004],[-124.08202063699991,41.521470445000034],[-124.06834876199991,41.53925202000005],[-124.1030981109999,41.56655508000006],[-124.10277258999992,41.60260651200008],[-124.13988196499992,41.66429271000004],[-124.15945881399995,41.736674780000044],[-124.20110746299991,41.739305330000036],[-124.26289518399994,41.776427858000034],[-124.2188371339999,41.85000637200005],[-124.20368404899995,41.97117747600004],[-124.21696831799994,42.006177337000054],[-124.29311856899994,42.04647370300006],[-124.35955577699991,42.11300239900004],[-124.37905904899992,42.22027805400006],[-124.41246497299994,42.248928127000056],[-124.4094487729999,42.29624445600007],[-124.43281358699994,42.32931074000004],[-124.42498011599992,42.41988893900009],[-124.43978839699992,42.439191830000084],[-124.42354186799992,42.454090670000085],[-124.39443925699993,42.56655508000006],[-124.39989126299992,42.61572987200009],[-124.41454016799992,42.66242096600007],[-124.4544164699999,42.68691640800006],[-124.4729271729999,42.730308576000084],[-124.50548255099994,42.73651764500005],[-124.53888912699989,42.81622955900008],[-124.56676184799994,42.833970445000034],[-124.4924472699999,42.92983629400004],[-124.4448834239999,43.02999907000009],[-124.38661223899993,43.26309906700004],[-124.40132379099992,43.31009613200007],[-124.37650426599993,43.340228799000045],[-124.34212305799991,43.35210375500009],[-124.3165142179999,43.29983247100006],[-124.3087075489999,43.35491127800009],[-124.2328735719999,43.42408145100006],[-124.2179937919999,43.416376566000054],[-124.2128733219999,43.37468093200005],[-124.14003492599994,43.375348974000076],[-124.1866717289999,43.39132792300006],[-124.20861091599994,43.430959561000066],[-124.19762122299994,43.452460028000075],[-124.20869823999993,43.452189747000034],[-124.27702748299993,43.42145488500006],[-124.33522928399992,43.36531642400007],[-124.23790317399994,43.547115862000055],[-124.20978775599991,43.65663013400007],[-124.17468629199993,43.67299544900004],[-124.1398121659999,43.73310579900004],[-124.10901797299994,43.70611686600006],[-124.0702181669999,43.71166144500006],[-124.14881408899993,43.74758755700009],[-124.1715148539999,43.697602817000075],[-124.20294541599992,43.68077271000004],[-124.13988196499992,43.98200104400007],[-124.1194555329999,44.00649648600006],[-124.13354093999993,44.04425574600003],[-124.1140844389999,44.30735911700003],[-124.08442714099994,44.41166449900004],[-124.05355179999992,44.43297538200005],[-124.0178930329999,44.409816799000055],[-124.02761581899989,44.43921613900005],[-124.04961248399991,44.44869587800008],[-124.08343370599994,44.427752110000085],[-124.08435201399993,44.49806604000008],[-124.06319396599991,44.60951951900006],[-124.04566302899991,44.621499811000035],[-124.01202007199993,44.59983535100008],[-124.00475494699992,44.616291370000056],[-124.04829422599994,44.63255495400006],[-124.06813834499991,44.61775280300009],[-124.05784401799991,44.66358018300008],[-124.07799203999991,44.674916636000034],[-124.05842037699995,44.72614166900007],[-124.07337430199993,44.77765319200006],[-124.06518479399995,44.82331108200009],[-124.01768958199995,44.91657135600008],[-124.01414954299992,45.06427643400008],[-123.97109941299993,45.15371328300006],[-123.96035722599993,45.299994208000044],[-123.97191321499992,45.33144765800006],[-124.00177975199995,45.34446849200003],[-123.97276770699995,45.36200592700004],[-123.95787512899994,45.41498444200005],[-123.96080481699994,45.378607489000046],[-123.91844641799992,45.417669989000046],[-123.97109941299993,45.45197174700007],[-123.9488012359999,45.55719635600008],[-123.93919837099992,45.49982330900008],[-123.89053300699993,45.475490627000056],[-123.8960668609999,45.56028880400004],[-123.92520097599993,45.55426666900007],[-123.95787512899994,45.576157945000034],[-123.91822946999991,45.68956633600004],[-123.8874284659999,45.682923249000055],[-123.87108313699991,45.69790273600006],[-123.91743251899993,45.704483054000036],[-123.93787972599989,45.66060352300008],[-123.9416771889999,45.72695436100008],[-123.98113863999993,45.76029374800004],[-123.9566137359999,45.87323639500005],[-123.9905492829999,45.937933661000045],[-123.93399003799993,45.979681708000044],[-123.92332923099991,46.01398346600007],[-123.9506328139999,46.11999888000008],[-123.99046790299991,46.200506903000075],[-124.02266442699994,46.230841603000044],[-124.00271757999991,46.23771766900006],[-123.98485589899991,46.21011700000008],[-123.95100431999992,46.20501458400008],[-123.90069477599991,46.16861797700005],[-123.82511649499992,46.15694823500007],[-123.79873613199993,46.102443752000056],[-123.80064714999992,46.14355333300006],[-123.77830969999991,46.14337799700007],[-123.8654187969999,46.18646779800008],[-123.7667706879999,46.204106413000034],[-123.72718891499994,46.170422303000066],[-123.70595320799993,46.17080546500006],[-123.6140844389999,46.18646881700005],[-123.59947669199994,46.191839911000045],[-123.62059485599991,46.20482005400004],[-123.51927318599991,46.23526921600006],[-123.43715407399992,46.19832191900008],[-123.43014189899992,46.17672391900004],[-123.3855209219999,46.14618309900004],[-123.25643886799992,46.13332119700004],[-123.18009481332496,46.1791020951855],[-123.29793851599993,46.151544598000044],[-123.39336181399995,46.204137166000066],[-123.45567610599994,46.26704433800006],[-123.60317949099993,46.26007721600007],[-123.66266842399995,46.27024974200003],[-123.6929674619999,46.30520225100008],[-123.76451291799992,46.27326731000005],[-123.80658277799989,46.28339623000005],[-123.87303348899991,46.24017172100008],[-123.92517429899993,46.251540584000054],[-123.9850910969999,46.30909712000005],[-124.0093038089999,46.31345550600008],[-124.04869500599995,46.29641835100006],[-124.04143864499991,46.27282800200004],[-124.08017487799992,46.27168795400007],[-124.06206843599995,46.38770537700009],[-124.06287610599992,46.654940829000054],[-124.03576003699993,46.630818343000044],[-124.04409745999993,46.62360260600008],[-124.0178930329999,46.56854889500005],[-124.01425110899993,46.38511863700006],[-123.95811926999994,46.378241278000075],[-123.92686366099991,46.44009966500005],[-123.84654700399994,46.39663320500006],[-123.8406469389999,46.41575755400004],[-123.93582543199994,46.47231129000005],[-123.93517005099994,46.49469635600008],[-123.89635169199994,46.52122630400004],[-123.89635169199994,46.54441966400009],[-123.95641028599994,46.623114325000074],[-123.89492753799993,46.602728583000044],[-123.92251542899993,46.657863674000055],[-123.91100012899994,46.68203359600005],[-123.8772680329999,46.69208405200004],[-123.8264867829999,46.69236888200004],[-123.81187903599994,46.66258372600004],[-123.7639867829999,46.67841217700004],[-123.7957250639999,46.68195221600007],[-123.89999627299994,46.74740644900004],[-123.9130021659999,46.727768694000076],[-123.95178555399991,46.724833801000045],[-123.97612882699991,46.74105450800005],[-123.9726975669999,46.701262049000036],[-124.09337895899989,46.74322839000007],[-124.12682044199994,46.898504950000074],[-124.11178154599992,46.912325889000044],[-124.09087899299993,46.900013011000055],[-124.09756425699993,46.87787506700005],[-124.07249915299991,46.84292226800005],[-124.02131100199995,46.83234284100007],[-124.01471920499989,46.85114166900007],[-124.0315649079999,46.87026601800005],[-124.05704504099992,46.86208588300008],[-124.04692792999992,46.89113583300008],[-123.81305904899995,46.958970445000034],[-124.01288372699992,46.98372611700006],[-124.02769934799994,47.02814362200007],[-124.11686993799992,47.042916937000086],[-124.14818274599992,47.02440013200004],[-124.13659938599994,46.967942881000056],[-124.10576002099992,46.933421287000044],[-124.13802946399994,46.94459645500007],[-124.17846065799989,46.92550682800004],[-124.17189232099992,47.04194853700005],[-124.1998348439999,47.18747979800008],[-124.24293218799994,47.29007865600005],[-124.27598376899994,47.30262840800003],[-124.29925653999993,47.34820463300008],[-124.27171790299991,47.34259674700007],[-124.31780793299993,47.35735118300005],[-124.35081946499992,47.54682038000004],[-124.42275956899994,47.741888739000046],[-124.47656568999992,47.778254609000044],[-124.48346920499989,47.812933661000045],[-124.5416121799999,47.834331149000036],[-124.56798255099994,47.86969635600008],[-124.60950710599991,47.874855198000034],[-124.67198645699995,47.99070872600004],[-124.68944251199991,48.10016510600008],[-124.73460723799991,48.17040360400006],[-124.68944251199991,48.21344635600008],[-124.70551651199992,48.24597908000004],[-124.68247849099993,48.26349982100004],[-124.66148841099994,48.319525458000044],[-124.71825110599991,48.35736725500004],[-124.72752846799995,48.38772774000006],[-124.57489390699993,48.37040762500004],[-124.39921398699994,48.293579925000074],[-124.29634240099995,48.261545235000085],[-124.22765051999994,48.25853099200003],[-124.0501819189999,48.17726302600005],[-123.97099138599992,48.16559843600004],[-123.78888912699995,48.15314362200007],[-123.70034372899994,48.16491069600005],[-123.58459962099994,48.13541681000004],[-123.55239345699994,48.15136218500004],[-123.50548255099994,48.13263580900008],[-123.40502183599995,48.13899837100007],[-123.4534286299999,48.13154865000007],[-123.42173417099991,48.11782789800009],[-123.24692672299994,48.11533374600003],[-123.1500332949999,48.177102253000044],[-123.1082505149999,48.183837639000046],[-123.16128495999993,48.15192291900007],[-123.1118094069999,48.14902750300007],[-123.06302914799994,48.11760338500005],[-123.04045427199992,48.08511328700007],[-123.04527747299994,48.05971914300005],[-123.0078832669999,48.03856028900009],[-122.99681555899991,48.03864166900007],[-122.99913489499994,48.09174225500004],[-122.92747962099992,48.09511953300006],[-122.9187719389999,48.07021719000005],[-122.88695227799991,48.062567450000074],[-122.85728919199994,48.02952708500004],[-122.85338294199994,48.01044342700004],[-122.87328040299991,47.99371979400007],[-122.8413793609999,48.005560614000046],[-122.82485917899993,48.035223700000074],[-122.87706458199995,48.07965729400007],[-122.8777563139999,48.106634833000044],[-122.8562719389999,48.12457916900007],[-122.77017167899993,48.14109935100004],[-122.75039628799993,48.117173570000034],[-122.78453528599994,48.10293203300006],[-122.79198157499991,48.082912502000056],[-122.62010657499991,47.87763092700004],[-122.67642167899993,47.86212799700007],[-122.75039628799993,47.77456289300005],[-122.78107662699995,47.69204336100006],[-122.8003637359999,47.67987702000005],[-122.82921301999994,47.69407786700003],[-122.79979407499991,47.77728913000004],[-122.80565344999991,47.843451239000046],[-122.8216039699999,47.79242584800005],[-122.8391820949999,47.78204987200007],[-122.85643469999991,47.82607656500005],[-122.86636308499993,47.79352448100008],[-122.8391820949999,47.74664948100008],[-122.86192786399994,47.73334381700005],[-122.91002356699994,47.650091864000046],[-123.0210668609999,47.565659898000035],[-123.06509355399993,47.493394273000035],[-123.11937415299991,47.44953034100007],[-123.16128495999993,47.35683828300006],[-123.13023841099994,47.34064362200007],[-123.07412675699993,47.344631252000056],[-122.90514075399994,47.394964911000045],[-122.8391820949999,47.43195221600007],[-122.86774654899995,47.43626536700003],[-123.05223548099991,47.36701080900008],[-123.0918676419999,47.36737702000005],[-123.11351477799991,47.39101797100005],[-123.02261308499993,47.52289459800005],[-122.94904537699995,47.59707265800006],[-122.76353919199994,47.669134833000044],[-122.73375403599994,47.74258047100005],[-122.62364661399994,47.84715403900009],[-122.59569251199991,47.84723541900007],[-122.59215247299994,47.82298411700003],[-122.57095292899993,47.81976959800005],[-122.57144120999993,47.857082424000055],[-122.61318925699993,47.94594961100006],[-122.52806555899991,47.905503648000035],[-122.49006100199995,47.80385976800005],[-122.50401770699995,47.78823476800005],[-122.47516842399995,47.77606842700004],[-122.46837317599994,47.75653717700004],[-122.48289954299992,47.73700592700004],[-122.55797278599994,47.74042389500005],[-122.56468665299991,47.712551174000055],[-122.59585527299993,47.69196198100008],[-122.66104081899994,47.730454820000034],[-122.62840735599991,47.69293854400007],[-122.59215247299994,47.58274974200003],[-122.61693274599992,47.57412344000005],[-122.68150794199994,47.651678778000075],[-122.69692949099993,47.623114325000074],[-122.69001217399995,47.59662506700005],[-122.63914954299992,47.577053127000056],[-122.68150794199994,47.52753327000005],[-122.55313066299993,47.58340078300006],[-122.53408769399994,47.52753327000005],[-122.50792395699995,47.52033112200007],[-122.5562231109999,47.39199453300006],[-122.53750566299993,47.37055084800005],[-122.58592688699991,47.336371161000045],[-122.56065833199995,47.30133698100008],[-122.56851152299993,47.26406484600005],[-122.68626868399991,47.301214911000045],[-122.62791907499991,47.37995026200008],[-122.6331274079999,47.40460846600007],[-122.6536352199999,47.37653229400007],[-122.72594153599994,47.339056708000044],[-122.75308183499993,47.28119538000004],[-122.72447669199994,47.23261139500005],[-122.75039628799993,47.21283600500004],[-122.7429906889999,47.19171784100007],[-122.7727758449999,47.173081773000035],[-122.81484941299993,47.250881252000056],[-122.81493079299992,47.274318752000056],[-122.79556230399993,47.28066640800006],[-122.7840063139999,47.31525299700007],[-122.80565344999991,47.397772528000075],[-122.8460180329999,47.31586334800005],[-122.92048092399995,47.27802155200004],[-122.96507727799991,47.18113841400009],[-123.06834876199991,47.14594147300005],[-123.07876542899993,47.13027578300006],[-123.02163652299993,47.14443594000005],[-123.01793372299994,47.13027578300006],[-123.07876542899993,47.096136786000045],[-122.93024654899995,47.17446523600006],[-122.97907467399995,47.10150788000004],[-123.01048743399991,47.08250560100004],[-122.96458899599992,47.08999258000006],[-122.93541419199994,47.13027578300006],[-122.93541419199994,47.08930084800005],[-122.91820227799991,47.05613841400009],[-122.89329993399991,47.04726797100005],[-122.90807044199994,47.08250560100004],[-122.8958227199999,47.09259674700007],[-122.90123450399994,47.13027578300006],[-122.8528539699999,47.16502513200004],[-122.8596899079999,47.13027578300006],[-122.82095292899993,47.14207591400009],[-122.81712805899991,47.165716864000046],[-122.72248287699995,47.08930084800005],[-122.65233313699991,47.12807851800005],[-122.5716039699999,47.20929596600007],[-122.53709876199991,47.278550523000035],[-122.53750566299993,47.31586334800005],[-122.43309485599991,47.264878648000035],[-122.40038001199991,47.28107330900008],[-122.42760169199994,47.296535549000055],[-122.42202714799993,47.31586334800005],[-122.32848059799994,47.357123114000046],[-122.32526607999989,47.39101797100005],[-122.36681067599994,47.44220612200007],[-122.37022864499994,47.49713776200008],[-122.40904700399994,47.57493724200003],[-122.37791907499991,47.59617747600004],[-122.3457738919999,47.56232330900008],[-122.33999589799993,47.598944403000075],[-122.42878170499989,47.66038646000004],[-122.38109290299991,47.72016022300005],[-122.4043676419999,47.79759349200003],[-122.38219153599994,47.839056708000044],[-122.33971106699994,47.87278880400004],[-122.32042395699995,47.94208405200004],[-122.21279863199993,47.98680247600004],[-122.1917211579999,48.02631256700005],[-122.22158769399994,48.03815338700008],[-122.23810787699995,48.02631256700005],[-122.3401586579999,48.09003327000005],[-122.36229407499991,48.12250397300005],[-122.37559973899994,48.21320221600007],[-122.44420325399994,48.23236725500004],[-122.4461156889999,48.20221588700008],[-122.46947180899991,48.177069403000075],[-122.45787512899994,48.14362213700008],[-122.3841039699999,48.10146719000005],[-122.34801184799994,48.05426666900007],[-122.51036536399994,48.14744700700004],[-122.5332738919999,48.19611237200007],[-122.53395031699989,48.24967680000009],[-122.44591223899994,48.261053778000075],[-122.40078691299993,48.235256252000056],[-122.3753149079999,48.28074778900009],[-122.38585364499994,48.30377838700008],[-122.47862708199995,48.359808661000045],[-122.53376217399995,48.374660549000055],[-122.56704667899993,48.40989817900004],[-122.55894934799994,48.434027411000045],[-122.58446204299992,48.43781159100007],[-122.64659583199995,48.40375397300005],[-122.68346106699994,48.43016185100004],[-122.66331946499992,48.45490143400008],[-122.70238196499992,48.49799225500004],[-122.63304602799991,48.51626211100006],[-122.58071855399993,48.458319403000075],[-122.56834876199991,48.489488023000035],[-122.51427161399994,48.453192450000074],[-122.48888098899994,48.45490143400008],[-122.49425208199995,48.529364325000074],[-122.56700598899994,48.58535390800006],[-122.52513587099992,48.583197333000044],[-122.4680883449999,48.55451080900008],[-122.44029700399994,48.58071523600006],[-122.45787512899994,48.62343984600005],[-122.49258378799993,48.64325592700004],[-122.50255286399994,48.684881903000075],[-122.52513587099992,48.692287502000056],[-122.4988500639999,48.739488023000035],[-122.5086156889999,48.75568268400008],[-122.5745336579999,48.780462958000044],[-122.63971920499989,48.72239817900004],[-122.66734778599994,48.73187897300005],[-122.64964758999992,48.763657945000034],[-122.65819251199991,48.777329820000034],[-122.69595292899993,48.800767320000034],[-122.70490475199995,48.78790924700007],[-122.70384680899991,48.827378648000035],[-122.76821855399993,48.87400950700004],[-122.7683813139999,48.89740631700005],[-122.74583899599992,48.917669989000046],[-122.75885982999989,48.93593984600005],[-122.80809485599991,48.93451569200005],[-122.80101477799991,48.96230703300006],[-122.73155676999994,48.95921458500004],[-122.75301682799991,48.992514547000084],[-95.17710567299989,48.992669577000115],[-95.15932897999997,49.01178985600002],[-95.1605692143977,49.36949412145651],[-94.92608740299988,49.345567933],[-94.83914180499997,49.308877665000026],[-94.80612056599989,49.21089915000003],[-94.81118485599987,49.16656077100008],[-94.7112167969999,48.91458648700011],[-94.71090673899991,48.80751292000009],[-94.68889257899994,48.77883249900002],[-94.59285192899995,48.726432597000084],[-94.47949967499994,48.70069773400009],[-94.29258601899997,48.711911520000044],[-94.23215043199994,48.65201853500007],[-93.87488541799988,48.636205546000056],[-93.83574051999994,48.61713694300009],[-93.80938553899998,48.543575541000095],[-93.75677893099987,48.51654876700006],[-93.49175634799988,48.542309469000045],[-93.45992366599992,48.55739898700004],[-93.45147456899991,48.597422384000126],[-93.38571630899986,48.61486318000006],[-93.25773962499989,48.630314433000066],[-92.97972041799994,48.61767954600005],[-92.88419653299991,48.579878235000066],[-92.64860367899988,48.536263326000025],[-92.62746801899993,48.502776998000016],[-92.71064123599984,48.48288157200001],[-92.71890946499988,48.45978220700003],[-92.65705277599997,48.43823313400007],[-92.52693151899993,48.44562286400007],[-92.49062882499996,48.433117168000095],[-92.46758113699991,48.394282329000035],[-92.46246516999992,48.32929921500006],[-92.37185054599988,48.22258738200007],[-92.29102860599991,48.24956248000011],[-92.30309505299991,48.31092824299999],[-92.28159765699988,48.33177968400004],[-92.07049943099992,48.34671417300011],[-92.04342097999995,48.3345960490001],[-92.00799678599992,48.26248158800003],[-91.97549230999991,48.23656585700009],[-91.74413692299993,48.1795925900001],[-91.6955093999999,48.13757965100008],[-91.7164383549999,48.112051494000056],[-91.58967606599987,48.088332012000095],[-91.57484492999993,48.04820526200011],[-91.4870983489999,48.05347625800003],[-91.42792883399991,48.0364488740001],[-91.27636185799994,48.0647675580001],[-91.07110306899995,48.17085927400002],[-90.87380244999986,48.23434377100007],[-90.84067785699995,48.22010691400003],[-90.84972123299991,48.189566142000004],[-90.81230749599985,48.160989075000046],[-90.78646927899993,48.1004501340001],[-90.7503474529999,48.08399119100004],[-90.5868432209999,48.10481679300007],[-90.5420139169999,48.08373280900007],[-90.12038590599985,48.115358786000044],[-90.07325699899994,48.101199443],[-89.99532893899996,48.018594666000055],[-89.92044978899992,47.98745961499999],[-89.76330175899992,48.0173027550001],[-89.36363623099993,47.97960479700005],[-88.64272416299985,48.25659047500004],[-88.37646134499991,48.3051146450001],[-86.84655472899993,47.70874277800006],[-84.87869034799985,46.897913717000066],[-84.77332210299991,46.6334337360001],[-84.56656469699993,46.4611961880001],[-84.49217647399993,46.456881206000034],[-84.42324011199989,46.511580709],[-84.38970210799988,46.52026235000004],[-84.35246923799988,46.522742818000026],[-84.30534033199987,46.501607158000084],[-84.1972849119999,46.54635894800005],[-84.1104426679999,46.526463521000025],[-84.15881180899996,46.43334259100003],[-84.10543005399984,46.347740580000064],[-84.11909847099986,46.314228414000056],[-84.09677425099989,46.224828187000085],[-84.08680070099987,46.20121205700006],[-84.02104243999992,46.151602681000085],[-84.01416947499985,46.1159976200001],[-83.96458593799989,46.06318430700007],[-83.93073787499989,46.06695668600007],[-83.83929642799984,46.11920155899999],[-83.76653601099986,46.10648915700004],[-83.61388382999988,46.11563588500012],[-83.46280778099992,46.00778717100009],[-83.636867,45.773944],[-83.48397399999999,45.771937],[-82.58877844299985,45.3718053190001],[-82.54828995799994,45.334598287000105],[-82.14565303599994,43.57641103100009],[-82.41108902999989,43.05127512700001],[-82.41460302799993,42.98324310400001],[-82.48232499199995,42.83511261000008],[-82.47098201599994,42.79056752500007],[-82.48341019799992,42.7192540490001],[-82.52622412199986,42.61990610800008],[-82.57583349699985,42.57179534900003],[-82.64433060699986,42.557816874000125],[-82.83282039499997,42.39800750800002],[-83.04035294699986,42.331861674000024],[-83.07996293099993,42.305067444000045],[-83.12851293999992,42.23995514000005],[-83.15949296099993,42.046323548000046],[-83.15701249299985,42.000434876000085],[-83.12344864999994,41.920336405000015],[-83.06841324999988,41.847731018999994],[-82.6669132079999,41.66908559200006],[-82.42486079999992,41.676811219000044],[-81.27666215099995,42.20866506000006],[-80.24659582599989,42.365477194000064],[-79.01938391099992,42.802685649000054],[-78.91895076599994,42.88924367300008],[-78.90905472799994,42.93022308400002],[-78.91525590099994,42.94761220300005],[-79.03196712299984,43.01342214000003],[-79.02325964399998,43.058070578000056],[-79.06527258299991,43.10589711600004],[-79.04860693399988,43.17062184700002],[-79.05842545599992,43.27779876700005],[-79.17430985599992,43.46453155500008],[-78.75082149299996,43.617054546000034],[-78.68808630399991,43.63180816700013],[-76.84153234899989,43.62550364200003],[-76.79719397099984,43.64526987699999],[-76.45463090099989,44.08423533200006],[-76.35008947799986,44.151724752000106],[-76.3277652589999,44.18149037700009],[-76.18575842299992,44.225673727000085],[-76.16932531799995,44.24236521400003],[-76.17867875199988,44.27864207000009],[-76.06726436399993,44.34799184200004],[-75.87032548099992,44.4086082970001],[-75.8309480389999,44.46431549100005],[-75.69968990099994,44.581672668000024],[-75.27023290999995,44.863774313000064],[-74.90374365199997,45.005212708],[-71.50408036399998,45.01373931900012],[-71.50475215699996,45.05296173100008],[-71.40656693499997,45.20494211900008],[-71.44904496299992,45.22690460300005],[-71.3948880619999,45.241529033000106],[-71.33432328399994,45.28870961600002],[-71.29339554899994,45.29232696600012],[-71.16032873599997,45.24576650000007],[-71.09524226999989,45.30090525300004],[-70.99315547799995,45.3478274540001],[-70.95160762599997,45.33201446599999],[-70.89241227299988,45.23460439000003],[-70.87435135999996,45.24566314800005],[-70.87024308299996,45.28312856100011],[-70.83525813799994,45.30979359900006],[-70.83383703699988,45.393096008],[-70.81298559599989,45.423430074000024],[-70.77187699399994,45.43004465800003],[-70.69673946199993,45.38865183600008],[-70.64131648799986,45.40849558500007],[-70.73200862699989,45.491591289000056],[-70.68679174899992,45.5727232870001],[-70.57240596599993,45.662278544000046],[-70.41931453499984,45.71690053300007],[-70.40244217999995,45.749663391000084],[-70.41523209699992,45.80438873300004],[-70.28317297399994,45.89048166900004],[-70.26252823899992,45.92303782100008],[-70.25593949399985,45.948876037999995],[-70.31629756699994,45.98298248300007],[-70.29200964399985,46.04866322900001],[-70.31262854099995,46.079565735000116],[-70.26444026699994,46.106592510000056],[-70.24400223899991,46.1410090130001],[-70.26332922399985,46.18322865900008],[-70.28480078199988,46.19185862200003],[-70.28089921099993,46.211857401000046],[-70.23617325899997,46.288338522000046],[-70.20188594599995,46.305495097000104],[-70.1883983969999,46.35841176400008],[-70.0743226729999,46.419544982999994],[-70.00776342799992,46.70407541900009],[-69.23726782299988,47.458809713000065],[-69.06965531399993,47.431886292000044],[-69.05402319399988,47.41839874300008],[-69.06619299399998,47.329670309000065],[-69.05748551499991,47.26946726500002],[-69.0401997479999,47.249055074000054],[-68.90622859699991,47.19022145700008],[-68.76181880799987,47.237040304000104],[-68.64420324699992,47.24528269400004],[-68.51800939899994,47.304762268000005],[-68.43532710799988,47.29127472000003],[-68.38561438099987,47.30171335900006],[-68.38204870599989,47.32780995700007],[-68.34783890799991,47.35850575800002],[-68.29972814899992,47.36783335400004],[-68.19704707899993,47.341400859000046],[-67.99318355299994,47.22321685900006],[-67.94341914899991,47.16453827000002],[-67.81355627499994,47.08190765400006],[-67.78456579699986,45.96014150000006],[-67.7578490809999,45.91947214800011],[-67.79924190299994,45.875650534],[-67.77283524599997,45.82805654000008],[-67.81112748299998,45.76650990800006],[-67.80704504399995,45.712869772000076],[-67.76177648899997,45.680106913000074],[-67.72798010299988,45.692250875000084],[-67.69077307099988,45.65380360900012],[-67.60752233899987,45.620058900000046],[-67.44996089699993,45.610808817000034],[-67.43130570499997,45.597941386000045],[-67.42618973799998,45.53344919900003],[-67.4932140709999,45.493141581000074],[-67.48231034399993,45.455521139000055],[-67.4288252369999,45.387049866000055],[-67.47130326399994,45.26628204400005],[-67.35627152599989,45.165926412000076],[-67.31921952299993,45.1538858040001],[-67.25498571899996,45.205045472000094],[-67.17601477799994,45.17865631700006],[-67.21031653599994,45.171087958000044],[-67.2038874989999,45.157497463000084],[-67.17239335799991,45.155137437000064],[-67.11347408799992,45.08694082200009],[-67.1045222649999,45.037949937000064],[-67.0400691399999,44.973171291000085],[-67.06273352799991,44.93142324400009],[-67.08348548099991,44.92540110900006],[-67.11729895699995,44.94835032800006],[-67.12169348899994,44.89455801000008],[-67.19648189999992,44.91856517100007],[-67.2033992179999,44.90489329600007],[-67.16295325399994,44.86672597900008],[-67.14867102799991,44.81553782800006],[-67.14183508999992,44.86330801000008],[-67.10029049399992,44.84963613500008],[-67.1076960929999,44.88316478100006],[-67.08849036399994,44.88812897300005],[-67.06615149599992,44.82229238500008],[-67.04364986899992,44.833970445000034],[-67.05931555899991,44.89744700700004],[-66.99140377499992,44.85565827000005],[-66.9773249989999,44.81553782800006],[-67.03258216099994,44.76711660400008],[-67.07359778599994,44.76711660400008],[-67.11322994699992,44.71625397300005],[-67.2038874989999,44.65725332200009],[-67.19648189999992,44.644232489000046],[-67.2619929679999,44.65770091400009],[-67.25853430899991,44.62990957200009],[-67.2805476549999,44.631374416000085],[-67.32685299399992,44.65725332200009],[-67.31098385299993,44.68239980700008],[-67.33202063699991,44.709499416000085],[-67.36095130099994,44.69883860900006],[-67.34736080599993,44.692653713000084],[-67.36078854099992,44.68557363500008],[-67.39574133999992,44.69883860900006],[-67.37132727799991,44.65770091400009],[-67.38206946499992,44.63739655200004],[-67.3672175769999,44.627468166000085],[-67.40941321499992,44.595811265000066],[-67.43468176999994,44.65920644700009],[-67.45714270699995,44.66474030200004],[-67.43671627499992,44.609483140000066],[-67.45433508999992,44.60460032800006],[-67.50560462099992,44.609483140000066],[-67.50572669199994,44.63357168200008],[-67.53290768099993,44.62376536700003],[-67.53905188699991,44.64622630400004],[-67.55439205599993,44.64406972900008],[-67.59373938699991,44.61631907800006],[-67.56586666599992,44.609808661000045],[-67.56904049399992,44.53868235900006],[-67.60346432199992,44.52810293200008],[-67.6387019519999,44.531683661000045],[-67.64374752499992,44.56391022300005],[-67.6592097649999,44.56667715100008],[-67.7141414049999,44.50075918200008],[-67.72801673099991,44.503200588000084],[-67.7519832019999,44.53807200700004],[-67.74457760299993,44.595811265000066],[-67.78612219999991,44.52753327000005],[-67.80052649599992,44.54120514500005],[-67.78266354099992,44.60150788000004],[-67.80663001199991,44.575384833000044],[-67.82835852799991,44.58425527600008],[-67.84593665299991,44.551296291000085],[-67.87486731699994,44.54177480700008],[-67.84760494699992,44.49709707200009],[-67.8635554679999,44.479356187000064],[-67.88914954299992,44.48655833500004],[-67.90221106699994,44.39720286700003],[-67.92125403599994,44.411363023000035],[-67.92345130099994,44.43777090100008],[-67.90221106699994,44.48655833500004],[-67.9280085929999,44.46828847900008],[-67.93700110599991,44.408636786000045],[-67.96283932199992,44.42674388200004],[-67.96772213399993,44.50075918200008],[-67.97789466099994,44.49913157800006],[-67.98875891799992,44.466498114000046],[-68.02879798099991,44.46853261900009],[-67.98473059799994,44.44558340100008],[-67.97472083199995,44.39529043200008],[-67.98473059799994,44.38353099200003],[-68.01500403599994,44.393744208000044],[-68.06053626199991,44.32831452000005],[-68.07640540299991,44.34935130400004],[-68.06663977799991,44.37669505400004],[-68.08840898299991,44.369248765000066],[-68.09752356699994,44.38572825700004],[-68.11152096299992,44.48008860900006],[-68.1491999989999,44.50075918200008],[-68.15815182199992,44.461045640000066],[-68.18158932199992,44.459092515000066],[-68.20201575399994,44.525091864000046],[-68.22211666599992,44.46629466400009],[-68.25426184799994,44.49351634300007],[-68.25849361899992,44.520697333000044],[-68.3081355459999,44.52903880400004],[-68.31371008999992,44.51048411700003],[-68.2698054679999,44.48607005400004],[-68.2864070299999,44.466091213000084],[-68.2727351549999,44.45184967700004],[-68.35468502499992,44.466091213000084],[-68.3825984369999,44.41083405200004],[-68.40929114499994,44.40464915600006],[-68.42670650899993,44.417222398000035],[-68.43187415299991,44.48659902600008],[-68.47822018099993,44.493394273000035],[-68.44969641799992,44.41872793200008],[-68.46479244699992,44.389837958000044],[-68.47822018099993,44.387233791000085],[-68.48505611899992,44.43191152600008],[-68.52599036399994,44.40562571800007],[-68.57441158799992,44.41083405200004],[-68.54308020699995,44.36615631700005],[-68.55585689999992,44.30617910400008],[-68.52086341099994,44.28001536700003],[-68.5320124989999,44.26662832200009],[-68.54649817599994,44.274278062000064],[-68.51292883999992,44.24636465100008],[-68.54137122299994,44.23733144700009],[-68.63349361899992,44.29625071800007],[-68.68370520699995,44.29446035400008],[-68.73204505099994,44.32831452000005],[-68.82079016799992,44.31464264500005],[-68.80394446499992,44.369248765000066],[-68.76280676999994,44.36306386900009],[-68.76622473899994,44.39720286700003],[-68.7419734369999,44.41425202000005],[-68.69933020699995,44.40969472900008],[-68.71837317599994,44.44558340100008],[-68.79584713399993,44.392564195000034],[-68.8161921869999,44.40208567900004],[-68.74262447799993,44.53729889500005],[-68.74620520699995,44.55487702000005],[-68.80162512899994,44.56028880400004],[-68.82762610599991,44.47911204600007],[-68.80711829299992,44.47292715100008],[-68.8452449209999,44.45380280200004],[-68.86274166599992,44.47536855700008],[-68.9866023429999,44.421169338000084],[-68.93748938699991,44.33197663000004],[-68.99897213399993,44.29478587400007],[-69.08832760299993,44.13650136900009],[-69.08690344999991,44.08669668200008],[-69.05357825399994,44.08930084800005],[-69.0652156239999,44.067613023000035],[-69.11876380099994,44.04087962400007],[-69.14203854099992,43.99872467700004],[-69.17027747299994,44.00743235900006],[-69.17589270699995,43.991400458000044],[-69.19139563699991,43.99310944200005],[-69.20364335799991,43.97032298400006],[-69.19139563699991,43.95217519700009],[-69.26341712099992,43.92991771000004],[-69.21947180899991,44.00849030200004],[-69.23851477799991,44.00743235900006],[-69.31053626199991,43.94163646000004],[-69.30317135299993,43.98122793200008],[-69.36949622299994,43.972642320000034],[-69.34715735599991,44.00775788000004],[-69.3694148429999,44.01585521000004],[-69.34727942599994,44.050767320000034],[-69.3642878899999,44.060532945000034],[-69.40221106699994,44.026597398000035],[-69.39488684799994,44.00242747600004],[-69.44090735599991,43.98139069200005],[-69.4787898429999,43.88031647300005],[-69.51292883999992,43.83490631700005],[-69.54023189999992,43.89756907800006],[-69.5476374989999,43.83490631700005],[-69.56908118399991,43.868394273000035],[-69.55382239499994,43.92084381700005],[-69.56749426999994,43.94163646000004],[-69.52904212099992,44.00438060100004],[-69.5339656239999,44.02102285400008],[-69.58580481699994,43.948472398000035],[-69.5947566399999,43.883246161000045],[-69.57603919199994,43.83897532800006],[-69.59239661399994,43.80772532800006],[-69.5947566399999,43.84910716400009],[-69.62446041599992,43.838405666000085],[-69.67011471299992,43.873561916000085],[-69.64940344999991,43.89756907800006],[-69.64940344999991,43.924261786000045],[-69.62279212099992,43.91742584800005],[-69.65693111899992,43.95526764500005],[-69.61510169199994,44.025905666000085],[-69.62958736899992,44.02728913000004],[-69.75922604099992,43.886419989000046],[-69.7319636709999,43.869574286000045],[-69.74628658799992,43.81439850500004],[-69.72240149599992,43.84422435100004],[-69.70470130099994,43.84202708500004],[-69.7307429679999,43.775905666000085],[-69.75800533799992,43.75950755400004],[-69.80728105399993,43.98314036700003],[-69.7747289699999,44.05996328300006],[-69.88280188699991,43.976629950000074],[-69.8723852199999,43.95840078300006],[-69.8255102199999,43.97011953300006],[-69.78038489499994,43.76345449400009],[-69.8281550769999,43.69826894700009],[-69.85789954299992,43.75425853100006],[-69.84125729099992,43.818060614000046],[-69.86913001199991,43.869574286000045],[-69.90392005099994,43.85655345300006],[-69.87535559799994,43.83230215100008],[-69.89476477799991,43.78933340100008],[-69.91014563699991,43.801296291000085],[-69.99266516799992,43.72561269700009],[-69.92629960799991,43.828558661000045],[-69.93065344999991,43.84910716400009],[-69.9934382799999,43.75181712400007],[-70.02745520699995,43.739935614000046],[-69.95112057199992,43.84910716400009],[-70.02000891799992,43.828640041000085],[-69.98582923099991,43.86277903900009],[-69.99937903599994,43.86151764500005],[-70.18260657499991,43.757066148000035],[-70.20868893099993,43.715277411000045],[-70.23912512899994,43.700059312000064],[-70.23228919199994,43.664170640000066],[-70.28685462099992,43.650498765000066],[-70.21088619699992,43.63503652600008],[-70.19810950399994,43.60956452000005],[-70.20494544199994,43.56114329600007],[-70.26020260299993,43.54747142100007],[-70.2527156239999,43.56114329600007],[-70.2715144519999,43.55691152600008],[-70.30797278599994,43.52696360900006],[-70.31053626199991,43.54836660400008],[-70.34373938699991,43.539496161000045],[-70.36738033799992,43.50531647300005],[-70.36839758999992,43.467230536000045],[-70.3625789049999,43.44505442900004],[-70.32164466099994,43.45250071800007],[-70.3762507799999,43.39724355700008],[-70.45445716099994,43.35061269700009],[-70.51952063699991,43.339544989000046],[-70.57054602799991,43.298488674000055],[-70.58311926999994,43.250881252000056],[-70.56891842399995,43.22898997600004],[-70.59679114499994,43.19546133000006],[-70.58259029899995,43.18862539300005],[-70.61172441299993,43.17300039300005],[-70.66014563699991,43.09414297100005],[-70.6719457669999,43.085598049000055],[-70.71467037699995,43.121934312000064],[-70.73338782499991,43.120428778000075],[-70.75450598899994,43.05898672100005],[-70.70954342399995,43.06517161700003],[-70.70848548099991,43.04523346600007],[-70.80329342399995,42.91388580900008],[-70.80915279899995,42.826239325000074],[-70.86375891799992,42.826239325000074],[-70.80577551999994,42.80125560100004],[-70.77509518099993,42.71633535400008],[-70.78262285099993,42.70892975500004],[-70.82359778599994,42.74986399900007],[-70.8196101549999,42.718736070000034],[-70.74160722599993,42.681626695000034],[-70.77509518099993,42.67479075700004],[-70.7571101549999,42.65721263200004],[-70.70132402299993,42.65330638200004],[-70.68228105399993,42.63218821800007],[-70.67955481699994,42.667954820000034],[-70.63174394399994,42.694606838000084],[-70.6299128899999,42.67206452000005],[-70.59805253799993,42.66498444200005],[-70.59703528599994,42.634466864000046],[-70.64732825399994,42.60451894700009],[-70.67475338399993,42.61229075700004],[-70.70889238199993,42.58181386900009],[-70.87800045499995,42.537543036000045],[-70.89167232999995,42.50275299700007],[-70.85411536399994,42.52366771000004],[-70.83820553299995,42.49917226800005],[-70.92210852799991,42.46556224200003],[-70.91755123599995,42.44277578300006],[-70.89167232999995,42.42829010600008],[-70.91637122299994,42.42243073100008],[-70.94367428299995,42.446966864000046],[-70.96304277299993,42.43829987200007],[-70.97435462099992,42.416449286000045],[-70.95250403599994,42.359442450000074],[-70.99718176999994,42.380560614000046],[-71.00584876199991,42.370794989000046],[-70.98721269399994,42.359442450000074],[-71.03685462099992,42.37246328300006],[-71.04869544199994,42.359442450000074],[-71.01455644399994,42.33893463700008],[-71.04678300699993,42.321519273000035],[-71.02721106699994,42.300482489000046],[-70.9934789699999,42.310980536000045],[-70.99889075399994,42.28375885600008],[-70.96288001199991,42.28021881700005],[-70.95531165299991,42.24331289300005],[-70.86733964799993,42.264837958000044],[-70.8985082669999,42.318426825000074],[-70.83141028599994,42.26968008000006],[-70.74181067599994,42.235663153000075],[-70.71629798099991,42.21185944200005],[-70.71312415299991,42.17243073100008],[-70.63097083199995,42.09251536700003],[-70.62775631399995,42.05914948100008],[-70.59080969999991,42.01732005400004],[-70.6067602199999,42.00458405200004],[-70.63780676999994,42.010646877000056],[-70.61729895699995,42.016791083000044],[-70.64834550699993,42.06525299700007],[-70.66510982999995,42.010646877000056],[-70.71483313699991,42.00267161700003],[-70.65493730399993,41.957098700000074],[-70.56582597599993,41.95538971600007],[-70.5449926419999,41.940619208000044],[-70.52391516799992,41.868394273000035],[-70.53311113199993,41.81622955900008],[-70.50426184799994,41.79002513200004],[-70.40086829299992,41.745021877000056],[-70.2747289699999,41.73627350500004],[-70.33519446499992,41.71922435100004],[-70.2747289699999,41.71515534100007],[-70.07024135499995,41.77345836300009],[-70.02147376199991,41.79092031500005],[-70.00011145699995,41.81631094000005],[-70.00182044199994,41.88190338700008],[-70.02147376199991,41.90692780200004],[-69.98668372299994,41.921210028000075],[-70.03791256399995,41.94163646000004],[-70.06867428299995,41.89329661700003],[-70.07979003299994,41.995005957000046],[-70.09985152999991,42.03739025200008],[-70.16561855899994,42.063835382000036],[-70.18979396599991,42.04938290900009],[-70.17080783599994,42.027879022000036],[-70.18927424799995,42.017859987000065],[-70.24681974999993,42.06146809100005],[-70.22937675999992,42.08061614800005],[-70.19221990999995,42.086062010000035],[-70.08119777499991,42.058353658000044],[-70.01401152999995,41.99894051900009],[-69.92467200399994,41.83808014500005],[-69.97203528599994,41.839178778000075],[-69.97984778599994,41.79706452000005],[-69.95665442599994,41.807806708000044],[-69.93423417899993,41.792954820000034],[-69.93887285099993,41.67422109600005],[-70.18529212099992,41.66054922100005],[-70.23989824099993,41.64325592700004],[-70.2727758449999,41.610581773000035],[-70.2610570949999,41.64622630400004],[-70.39159094999991,41.619208075000074],[-70.41808020699995,41.64004140800006],[-70.47984778599994,41.573879299000055],[-70.59605872299994,41.55304596600007],[-70.65868167499991,41.52134910800004],[-70.6856176419999,41.53082916900007],[-70.65249589799993,41.57802969000005],[-70.6582738919999,41.684475002000056],[-70.62360592399995,41.72943756700005],[-70.64000403599994,41.74095286700003],[-70.6582738919999,41.721991278000075],[-70.71043860599991,41.748032945000034],[-70.72329667899993,41.713771877000056],[-70.71288001199991,41.68781159100007],[-70.73932857999995,41.69013092700004],[-70.77432206899994,41.64622630400004],[-70.79784094999991,41.65888092700004],[-70.80500240799995,41.642564195000034],[-70.85008704299992,41.62954336100006],[-70.84520423099991,41.59247467700004],[-70.90538489499994,41.64004140800006],[-70.93163001199991,41.58026764500005],[-70.92516028599994,41.55072663000004],[-70.94762122299994,41.536444403000075],[-71.04015051999994,41.507147528000075],[-71.06981360599991,41.51715729400007],[-71.04385331899994,41.53685130400004],[-71.06236731699994,41.56435781500005],[-71.06212317599994,41.543850002000056],[-71.11074785099993,41.543850002000056],[-71.09715735599991,41.52338288000004],[-71.18590247299994,41.468736070000034],[-71.20201575399994,41.50263092700004],[-71.20693925699993,41.64622630400004],[-71.11074785099993,41.79706452000005],[-71.17625891799992,41.726629950000074],[-71.22687740799995,41.72573476800005],[-71.26040605399993,41.65110911700003],[-71.30882727799991,41.670803127000056],[-71.28302975199995,41.74884674700007],[-71.29881751199991,41.75608958500004],[-71.30882727799991,41.721991278000075],[-71.33706620999993,41.73379140800006],[-71.39134680899991,41.818793036000045],[-71.39134680899991,41.74249909100007],[-71.36400305899991,41.71206289300005],[-71.38442949099993,41.67422109600005],[-71.41860917899993,41.694647528000075],[-71.44676673099991,41.67723216400009],[-71.42332923099991,41.66815827000005],[-71.41026770699995,41.63296133000006],[-71.44277910099993,41.574652411000045],[-71.42463131399995,41.53888580900008],[-71.42609615799995,41.468736070000034],[-71.4547918099999,41.40613190000005],[-71.49771074099993,41.36627838700008],[-71.59888448999993,41.36752249300008],[-71.87147467499994,41.30257508800008],[-71.87791399799994,41.311512218000075],[-71.85653400399991,41.322501385000066],[-71.88536536399994,41.344631252000056],[-71.97288977799991,41.34369538000004],[-72.03624426999994,41.31785716400009],[-72.08340410099993,41.35203685100004],[-72.11070716099994,41.31110260600008],[-72.19432532499991,41.32379791900007],[-72.20006262899994,41.29743073100008],[-72.22691809799994,41.31069570500006],[-72.28795325399994,41.28294505400004],[-72.34715735599991,41.30731842700004],[-72.34837805899991,41.34833405200004],[-72.39183508999992,41.36627838700008],[-72.35435950399994,41.32123444200005],[-72.3645727199999,41.29743073100008],[-72.3509008449999,41.28998444200005],[-72.36978105399993,41.276597398000035],[-72.45262610599991,41.28790924700007],[-72.50792395699995,41.25641510600008],[-72.6048070949999,41.28375885600008],[-72.68667558499993,41.25641510600008],[-72.77944902299993,41.27016836100006],[-72.89242669499993,41.24497474300006],[-72.90998287699995,41.305121161000045],[-73.01382776799994,41.206723785000065],[-73.05353756399995,41.21173737200007],[-73.09447180899991,41.19131094000005],[-73.10848508099991,41.14870869300006],[-73.18406770099995,41.17410875000007],[-73.20891485599992,41.15672282400004],[-73.22109941299993,41.16714101800005],[-73.24446240399993,41.127966256000036],[-73.27152124199995,41.11762203700005],[-73.28645231199994,41.13449237300006],[-73.30193349599995,41.116990281000085],[-73.37975012899994,41.10016510600008],[-73.48521887899994,41.05385976800005],[-73.52321102899992,41.02149067800008],[-73.60392333899995,41.02281571100008],[-73.65025794199994,40.99656810100004],[-73.67699133999992,40.954779364000046],[-73.72036699099993,40.94700755400004],[-73.78815670499995,40.87177155200004],[-73.81167558499993,40.87103913000004],[-73.81991030099994,40.83912980200006],[-73.79768506399995,40.813193685000044],[-73.89383263199994,40.80385336200004],[-73.92682857999995,40.804795640000066],[-73.93228105399993,40.82558828300006],[-73.90884355399993,40.86855703300006],[-73.92186438699991,40.886786200000074],[-73.87539628799993,41.013332424000055],[-73.87531490799995,41.15326569200005],[-73.89574133999992,41.203192450000074],[-73.95702063699991,41.25775788000004],[-73.9473363919999,41.31110260600008],[-73.97594153599994,41.292181708000044],[-73.98497473899994,41.269598700000074],[-73.97020423099991,41.21906159100007],[-73.91787675699993,41.16351959800005],[-73.90636145699995,41.01626211100006],[-73.91808020699995,40.93146393400008],[-74.03192941299994,40.71418089700006],[-74.09600579999994,40.65475792700005],[-74.14208542299991,40.646322963000046],[-74.10556796999992,40.705192639000074],[-74.11243542099993,40.71789346700007],[-74.15001813899994,40.66418304800004],[-74.20964677299992,40.634230638000076],[-74.22166907499991,40.57208893400008],[-74.26048758299993,40.55181959200007],[-74.26393032199991,40.513289788000066],[-74.2826874459999,40.497318766000035],[-74.25633704299992,40.46002838700008],[-74.20592200399994,40.44293854400007],[-74.11994381399995,40.44525788000004],[-73.99299068899995,40.402411200000074],[-74.01821855399993,40.480536200000074],[-73.97915605399993,40.449286200000074],[-73.97988801999992,40.28015775100005],[-74.09301263299994,39.77633706000006],[-74.08073969799995,39.92287877000007],[-74.05132529999992,40.03539395000007],[-74.06069902299993,40.062160549000055],[-74.08048026999995,40.05126549300007],[-74.06350300299994,40.03075185700004],[-74.12205969999991,39.997300523000035],[-74.12608801999994,39.98159414300005],[-74.10582434799994,39.985541083000044],[-74.10228430899991,39.97093333500004],[-74.1328832669999,39.93378327000005],[-74.10999225899991,39.921740818000046],[-74.1367998369999,39.89096734000009],[-74.12726803299995,39.84845612200007],[-74.18651889499995,39.772110756000075],[-74.19019686199994,39.74416324300006],[-74.16331946499992,39.73517487200007],[-74.16755123599995,39.69936758000006],[-74.21090882199991,39.650965306000046],[-74.24362247099992,39.643485902000066],[-74.25641842399995,39.61163971600007],[-74.3284908999999,39.57618483500005],[-74.29019120999993,39.523138739000046],[-74.29735266799992,39.50861237200007],[-74.35879472599993,39.55019765800006],[-74.40721594999991,39.55703359600005],[-74.38369706899994,39.47109609600005],[-74.39635169199994,39.44717031500005],[-74.44815019399994,39.44717031500005],[-74.46865800699993,39.39935944200005],[-74.43439693899995,39.39500560100004],[-74.41344153599994,39.357123114000046],[-74.53014075399994,39.310614325000074],[-74.4817602199999,39.36465078300006],[-74.50963294199994,39.37885163000004],[-74.55524654899995,39.329291083000044],[-74.55064856699994,39.310614325000074],[-74.64207923099991,39.306708075000074],[-74.66047115799995,39.289496161000045],[-74.60521399599992,39.27521393400008],[-74.55064856699994,39.28266022300005],[-74.64305579299992,39.21381256700005],[-74.70148678299995,39.12441640800006],[-74.72280839799993,39.13182200700004],[-74.74242102799991,39.11815013200004],[-74.71637936099995,39.114935614000046],[-74.7083227199999,39.097723700000074],[-74.74571692599994,39.05451080900008],[-74.78807532499991,39.039048570000034],[-74.78335527299993,39.01512278900009],[-74.80329342399995,38.987616278000075],[-74.87511145699995,38.944525458000044],[-74.95470130099994,38.92641836100006],[-74.96933377999994,38.94599687300007],[-74.95256603899992,39.00754816400007],[-74.89443925699993,39.10761139500005],[-74.88727779899995,39.14679596600007],[-74.9063207669999,39.17963288000004],[-74.93858801999994,39.19253164300005],[-75.02220618399991,39.18927643400008],[-75.04027258999992,39.214544989000046],[-75.14647376199991,39.18707916900007],[-75.16698157499991,39.20758698100008],[-75.16698157499991,39.23427969000005],[-75.23420162699995,39.27338288000004],[-75.24209550699993,39.292629299000055],[-75.30361894399994,39.30329010600008],[-75.33141028599994,39.34414297100005],[-75.36717688699991,39.34259674700007],[-75.53160559799994,39.47797272300005],[-75.54133053299995,39.50885651200008],[-75.52383378799993,39.49494049700007],[-75.51040605399993,39.55963776200008],[-75.55821692599994,39.61347077000005],[-75.51024329299992,39.65265534100007],[-75.50112870999993,39.68829987200007],[-75.46519934799994,39.71466705900008],[-75.46182206899994,39.74823639500005],[-75.40611731699994,39.80292389500005],[-75.31090247299994,39.84320709800005],[-75.14415442599994,39.87490469000005],[-75.09870357999995,39.90643952000005],[-75.11595618399991,39.95258209800005],[-75.07876542899993,39.95359935100004],[-75.02358964824367,40.01630280233246],[-75.11969967399995,39.97418854400007],[-75.1477758449999,39.90257396000004],[-75.39171301999994,39.83958567900004],[-75.47671464799993,39.77212148600006],[-75.48766028599994,39.731675523000035],[-75.54576575399994,39.67023346600007],[-75.59215247299994,39.64923737200007],[-75.60269120999993,39.60789622600004],[-75.56550045499995,39.57684967700004],[-75.55459550699993,39.54116445500006],[-75.58793816799994,39.46277063900004],[-75.48851477799991,39.347316799000055],[-75.43441061999994,39.31487386300006],[-75.39801998599995,39.249335028000075],[-75.40611640599991,39.15199886600004],[-75.39378989099993,39.05555102500006],[-75.31484941299993,38.984076239000046],[-75.31032587399994,38.92781826400005],[-75.19548272799994,38.81549086500007],[-75.13041423499993,38.782771825000054],[-75.09992621999993,38.788048410000044],[-75.09247476299993,38.80759157700004],[-75.08434048499993,38.795966511000074],[-75.06480713799994,38.63260897200007],[-75.08641065699993,38.69334481900006],[-75.13918852099994,38.68805248000007],[-75.11978105399993,38.65888092700004],[-75.15330969999991,38.65888092700004],[-75.09870357999995,38.63841380400004],[-75.19005286399994,38.606675523000035],[-75.20791581899994,38.569525458000044],[-75.12604732999995,38.59003327000005],[-75.09557044199994,38.566392320000034],[-75.06009108599994,38.61254062000006],[-75.04474850199995,38.425034898000035],[-75.07876542899993,38.33673737200007],[-75.06273352799991,38.45734284100007],[-75.08503170499995,38.46088288000004],[-75.08988220099991,38.43220136700006],[-75.11819626099992,38.43748120400005],[-75.10404529899995,38.395242014000075],[-75.16536758599995,38.41687531600007],[-75.1795099819999,38.40842047800004],[-75.13234149699991,38.39418458200004],[-75.12604732999995,38.371527411000045],[-75.13963782499991,38.36408112200007],[-75.10073808499993,38.36212799700007],[-75.10440019399994,38.31622955900008],[-75.16388912699995,38.233710028000075],[-75.19749915299991,38.23257070500006],[-75.18740800699993,38.26166413000004],[-75.23306230399993,38.23895905200004],[-75.29043535099993,38.11082591400009],[-75.33389238199993,38.11155833500004],[-75.35602779899995,38.09031810100004],[-75.37828528599994,38.01166413000004],[-75.42145748599995,37.987941799000055],[-75.43434422299993,37.96183299300009],[-75.41915157299991,37.94327864300004],[-75.43542411099992,37.93370459700009],[-75.41965455999991,37.91992312800005],[-75.44792046299995,37.89363537200006],[-75.41710077899995,37.886091984000075],[-75.42489525199994,37.875113328000054],[-75.49228479599992,37.83108400000009],[-75.77147376199991,37.490301825000074],[-75.81870712299991,37.45423785300005],[-75.82167723099991,37.419019681000066],[-75.79587438499993,37.40568291400007],[-75.8201692589999,37.39172923400008],[-75.85500507299992,37.39743783700004],[-75.8873085109999,37.35696729400007],[-75.92349188799994,37.244441581000046],[-75.93592555799995,37.13501634700009],[-75.94911108199994,37.12495191000005],[-76.0007780869999,37.194365245000085],[-75.99620520699995,37.23997630400004],[-76.01695716099994,37.257798570000034],[-76.0149633449999,37.28156159100007],[-75.98253333199995,37.31635163000004],[-76.01056881399995,37.31635163000004],[-75.98997962099992,37.38458893400008],[-75.95588131399995,37.41592031500005],[-75.97569739499994,37.41815827000005],[-75.96564693899995,37.45294830900008],[-75.92617753799993,37.47842031500005],[-75.93415279899995,37.49506256700005],[-75.95531165299991,37.48700592700004],[-75.95177161399994,37.51593659100007],[-75.89378821499992,37.56273021000004],[-75.93472245999993,37.57640208500004],[-75.91104081899994,37.59487539300005],[-75.92174231699994,37.610541083000044],[-75.87144934799994,37.62954336100006],[-75.88634192599994,37.64468008000006],[-75.87572180899991,37.66071198100008],[-75.81867428299995,37.67259349200009],[-75.82384192599994,37.696519273000035],[-75.78868567599994,37.72748444200005],[-75.81187903599994,37.74091217700004],[-75.77745520699995,37.76642487200007],[-75.79820716099994,37.796128648000035],[-75.78685462099992,37.80939362200007],[-75.75348873599995,37.796128648000035],[-75.69456946499992,37.80231354400007],[-75.70848548099991,37.82168203300006],[-75.70201575399994,37.84332916900007],[-75.66104081899994,37.84332916900007],[-75.67096920499995,37.892564195000034],[-75.74299068899995,37.912176825000074],[-75.63312740799995,37.96002838700008],[-75.76317298099991,37.978216864000046],[-75.85802161399994,37.93113841400009],[-75.87498938699991,37.95111725500004],[-75.84536699099993,37.99408600500004],[-75.88634192599994,37.987941799000055],[-75.8528539699999,38.03196849200009],[-75.81187903599994,38.04596588700008],[-75.74299068899995,38.11082591400009],[-75.79450436099995,38.09031810100004],[-75.8528539699999,38.09031810100004],[-75.82485917899993,38.131293036000045],[-75.77647864499994,38.144964911000045],[-75.79401607999995,38.15888092700004],[-75.89346269399994,38.15607330900008],[-75.91429602799991,38.15180084800005],[-75.92275956899994,38.12787506700005],[-75.94050045499995,38.13540273600006],[-75.92845618399991,38.19354889500005],[-75.81867428299995,38.233710028000075],[-75.87873287699995,38.24286530200004],[-75.90664628799993,38.27098216400009],[-75.84325110599991,38.404364325000074],[-75.86314856699994,38.40176015800006],[-75.87336178299995,38.371527411000045],[-75.93130449099993,38.31688060100004],[-75.96271725199995,38.24799225500004],[-75.96825110599991,38.282131252000056],[-75.99620520699995,38.31317780200004],[-75.95531165299991,38.35101959800005],[-75.96483313699991,38.373480536000045],[-75.99046790299991,38.36204661700009],[-76.0371801419999,38.309475002000056],[-76.01732337099992,38.26780833500004],[-76.03791256399995,38.232489325000074],[-76.20970618399991,38.39203522300005],[-76.22085527299993,38.38361237200007],[-76.20653235599991,38.33856842700004],[-76.21593176999994,38.31688060100004],[-76.22109941299993,38.34389883000006],[-76.31895911399994,38.473944403000075],[-76.31981360599991,38.495021877000056],[-76.28636633999992,38.50014883000006],[-76.2637426419999,38.46552155200004],[-76.24233964799993,38.521185614000046],[-76.18179277299993,38.54279205900008],[-76.17198645699995,38.56622955900008],[-76.19884192599994,38.58380768400008],[-76.23021399599992,38.55951569200005],[-76.28604081899994,38.56281159100007],[-76.25625566299993,38.59739817900004],[-76.2774145169999,38.62474192900004],[-76.21593176999994,38.61790599200009],[-76.16128495999993,38.63100820500006],[-76.18179277299993,38.61790599200009],[-76.05358612099991,38.568038512000044],[-76.01166511699995,38.56565509400008],[-75.97020423099991,38.60659414300005],[-75.96271725199995,38.65888092700004],[-75.99992697899995,38.602595207000036],[-76.02424381599991,38.59284635400007],[-76.10502883399994,38.62491012600009],[-76.09239661399994,38.65888092700004],[-76.15444902299993,38.65265534100007],[-76.10606848899994,38.68622467700004],[-76.16612708199995,38.68146393400008],[-76.16812089799993,38.727728583000044],[-76.19864906599992,38.67505635800006],[-76.2364674019999,38.71515457000004],[-76.22781567699991,38.735726853000074],[-76.2018378169999,38.73230585400006],[-76.23385045299995,38.75744934900007],[-76.2736571559999,38.71452670300005],[-76.29194240099991,38.72131458900009],[-76.28803819799992,38.77552608800005],[-76.30983262399991,38.76123794100005],[-76.32582151799994,38.67753413200006],[-76.34129295299994,38.673172934000036],[-76.34032141799992,38.72842031500005],[-76.30467688699991,38.82273997600004],[-76.2531688869999,38.855002778000085],[-76.2595594899999,38.83921520300004],[-76.17311053799995,38.75661244400004],[-76.13145911399994,38.77289459800005],[-76.10903886599993,38.80072663000004],[-76.11290442599994,38.81655508000006],[-76.17696703599995,38.785550698000065],[-76.19437640599995,38.813917755000034],[-76.18816738499993,38.846690832000036],[-76.10606848899994,38.87799713700008],[-76.15444902299993,38.89533112200007],[-76.14834550699993,38.92495351800005],[-76.16128495999993,38.92641836100006],[-76.19788293499994,38.878455907000045],[-76.19690550099995,38.935648094000044],[-76.24718176999994,38.951157945000034],[-76.27375240799995,38.92788320500006],[-76.32884680899991,38.91648997600004],[-76.3283639839999,38.86515618100009],[-76.37474792699993,38.84157322300007],[-76.35628535199993,38.94863930900004],[-76.31529700399994,39.029364325000074],[-76.29503333199995,39.02765534100007],[-76.28514470899995,38.98942810700004],[-76.19756143099994,38.979339881000044],[-76.15099036399994,39.009100653000075],[-76.14704342399995,39.02948639500005],[-76.16812089799993,39.056708075000074],[-76.13341223899994,39.062933661000045],[-76.14085852799991,39.06976959800005],[-76.06509355399993,39.146144924000055],[-76.13052324099993,39.11782461100006],[-76.15444902299993,39.12441640800006],[-76.14085852799991,39.138657945000034],[-76.1751195949999,39.12409088700008],[-76.21246106599995,39.05179149800006],[-76.20420624399992,39.01453323800007],[-76.24261805099991,39.03325963900005],[-76.23571756699994,39.09820819300006],[-76.2726280409999,39.16799207200006],[-76.18057206899994,39.28807200700004],[-76.17495683499993,39.31622955900008],[-76.13341223899994,39.33047109600005],[-76.10536229399992,39.37204781500009],[-75.8391820949999,39.37148672100005],[-76.03426463199992,39.39287729700004],[-75.93472245999993,39.47451406500005],[-75.8391820949999,39.46076080900008],[-75.89378821499992,39.50861237200007],[-75.85130774599992,39.538397528000075],[-75.83169511599993,39.58437734600005],[-76.0007129729999,39.45279012300006],[-75.99966386599993,39.48550039300005],[-75.93472245999993,39.60419342700004],[-76.00835039299994,39.54868700800006],[-76.08299719999991,39.557806708000044],[-76.12035071499992,39.49494049700007],[-76.06509355399993,39.470770575000074],[-76.06753495999993,39.45783112200007],[-76.20970618399991,39.36465078300006],[-76.22960364499994,39.39752838700008],[-76.21580969999991,39.46759674700007],[-76.2324926419999,39.47451406500005],[-76.25316321499992,39.454006252000056],[-76.26683508999992,39.37885163000004],[-76.24665279899995,39.34414297100005],[-76.28416907499991,39.310614325000074],[-76.31151282499991,39.402777411000045],[-76.40147864499994,39.39252350500004],[-76.33665930899991,39.369208075000074],[-76.33263098899994,39.35097890800006],[-76.37360592399995,39.33047109600005],[-76.36913001199991,39.31317780200004],[-76.43081620999993,39.31810130400004],[-76.39049231699994,39.271551825000074],[-76.40147864499994,39.25600820500006],[-76.44249426999994,39.296942450000074],[-76.48346920499995,39.310614325000074],[-76.44774329299992,39.256740627000056],[-76.3968650459999,39.23798145100005],[-76.44917786799994,39.19495688600006],[-76.44523877699993,39.21790485000008],[-76.49731559799994,39.20855739500007],[-76.4924677969999,39.227464775000044],[-76.57081758399994,39.273637551000036],[-76.62319902299993,39.25971100500004],[-76.57027626799993,39.24469226300005],[-76.56359011899991,39.215819648000036],[-76.53652017099995,39.21144388300007],[-76.51756215499995,39.176663129000076],[-76.4332827149999,39.13121841600008],[-76.41950640099992,39.089620823000075],[-76.43299394699994,39.067224002000046],[-76.45592200399994,39.090725002000056],[-76.51927602399991,39.085708683000064],[-76.5164765689999,39.07563585500009],[-76.39419511599993,39.02456289300005],[-76.45556993399993,38.988734830000055],[-76.51194242699995,39.02196327300004],[-76.55166581899994,39.07721588700008],[-76.56916256399995,39.066392320000034],[-76.5711872519999,39.03864362000007],[-76.48615753599995,38.98652514000008],[-76.45242672599994,38.94386071100007],[-76.46519340399993,38.93293528700008],[-76.4596123789999,38.91213660300008],[-76.52529264599991,38.95105849500004],[-76.56860769999992,38.95254183000009],[-76.49310077199993,38.89895001900004],[-76.49619730199993,38.88006341100004],[-76.53746497299994,38.89166901200008],[-76.52368451899991,38.87030178900005],[-76.53899144499991,38.85664141700005],[-76.53172223099995,38.83922899800007],[-76.4929157219999,38.844419789000085],[-76.4942878679999,38.82554643100008],[-76.55166581899994,38.77558014500005],[-76.52152766199993,38.72489274800006],[-76.5295344669999,38.675760092000075],[-76.50914869799993,38.62813940500007],[-76.51197731899993,38.52773391000005],[-76.38190497699992,38.38457465100004],[-76.39276441299995,38.35356984800006],[-76.41935918799993,38.321705733000044],[-76.4535625659999,38.324052805000065],[-76.47130391399992,38.335501598000064],[-76.48346920499995,38.39203522300005],[-76.54283606699994,38.40961334800005],[-76.63647493999991,38.47416340600006],[-76.68146725199995,38.679388739000046],[-76.67364396999994,38.48605786400009],[-76.65705066599992,38.450487181000085],[-76.61974036399994,38.42332591400009],[-76.51073157499991,38.36782461100006],[-76.49380449099993,38.32982005400004],[-76.45063396799992,38.293140520000065],[-76.40636145699995,38.308294989000046],[-76.37338215299991,38.298892537000086],[-76.39645510699995,38.26707625700004],[-76.39329993399991,38.24599844000005],[-76.32050662699993,38.138776121000035],[-76.34030484999994,38.120726740000066],[-76.32389659699993,38.04384208700009],[-76.41525725499991,38.10829877800006],[-76.43408626799993,38.13214256100008],[-76.43358313699991,38.190334377000056],[-76.45612545499995,38.207017320000034],[-76.44871985599991,38.17597077000005],[-76.46886145699995,38.139105536000045],[-76.50389563699991,38.166001695000034],[-76.51716061099995,38.13178131700005],[-76.56296942599994,38.19861049100007],[-76.61674290499991,38.22330649500009],[-76.69736408199992,38.238002953000034],[-76.75472485099993,38.227602311000055],[-76.80420984699992,38.25362257300009],[-76.82762610599991,38.36286041900007],[-76.88068600199995,38.398871161000045],[-76.84609941299993,38.33087799700007],[-76.8392156569999,38.25721682600005],[-76.92217430599993,38.29159319300004],[-76.92363959599993,38.31488059900005],[-76.97337678199995,38.34426377700004],[-77.03156490799995,38.48139069200005],[-77.06012936099995,38.42853424700007],[-77.0946371679999,38.408720077000055],[-77.10521984099995,38.411281588000065],[-77.09976152299993,38.46088288000004],[-77.13394120999993,38.45343659100007],[-77.11343339799993,38.432928778000075],[-77.13394120999993,38.398871161000045],[-77.20365121999993,38.36429539200009],[-77.25525856999991,38.39352192100006],[-77.26704148199991,38.49407954000009],[-77.22752844999991,38.55687083500004],[-77.18637350599994,38.55681508400005],[-77.16808020699995,38.57697174700007],[-77.20592691799993,38.566058663000035],[-77.18443762899994,38.60496653900009],[-77.12645423099991,38.61790599200009],[-77.08869381399995,38.68919505400004],[-77.0124668919999,38.69735546900006],[-77.03467768399992,38.70825992400006],[-77.01116146499993,38.74382480600008],[-77.02806124499995,38.76530808700005],[-77.0159321829999,38.854279484000074],[-77.06833279112539,38.901937596243044],[-77.0330392429999,38.853970477000075],[-77.03835368999995,38.796282775000066],[-77.05261709799993,38.783655209000074],[-77.04777148799991,38.71572353400006],[-77.1172582669999,38.706244208000044],[-77.13103570699991,38.67719140600008],[-77.16778581699992,38.688958693000075],[-77.1348651429999,38.63628307500005],[-77.18716395199993,38.62079952800008],[-77.20928749399991,38.63105833600008],[-77.20177161399994,38.66502513200004],[-77.22988847599993,38.656683661000045],[-77.27171790299991,38.58380768400008],[-77.25804602799991,38.569525458000044],[-77.28477942599994,38.55646393400008],[-77.32659247499993,38.450933675000044],[-77.31425003899994,38.406128623000086],[-77.35871623999992,38.42926496400008],[-77.2907799809999,38.35378462600005],[-77.34307049299991,38.34869104200004],[-77.24897884699993,38.32988472900007],[-77.08564958099993,38.368411500000036],[-77.0408410579999,38.395909955000036],[-77.01478062799993,38.372328363000065],[-77.01447506399995,38.330511786000045],[-77.0527383079999,38.31684240300007],[-76.96544348899994,38.267238674000055],[-76.95417122099991,38.21016771800004],[-76.88177320699992,38.17702667600008],[-76.75641842399995,38.16095612200007],[-76.73932857999995,38.136704820000034],[-76.68146725199995,38.15924713700008],[-76.61461341099994,38.150376695000034],[-76.60715299099991,38.112956789000066],[-76.53442335799991,38.075170823000065],[-76.52074133999992,38.052801825000074],[-76.53062903599994,38.02513255400004],[-76.46307132399994,38.01491766200007],[-76.4544164699999,38.00617096600007],[-76.46914628799993,38.00096263200004],[-76.24790889899992,37.90347101300006],[-76.23582923099991,37.85960521000004],[-76.2500707669999,37.82282135600008],[-76.31525631399995,37.85761139500005],[-76.32485917899993,37.84870026200008],[-76.29385331899994,37.78066640800006],[-76.30467688699991,37.747748114000046],[-76.32518469999991,37.74433014500005],[-76.28416907499991,37.699286200000074],[-76.32518469999991,37.699286200000074],[-76.31973222599993,37.68549225500004],[-76.33885657499991,37.66889069200005],[-76.30467688699991,37.637884833000044],[-76.32111568899995,37.62400950700004],[-76.40465247299994,37.64468008000006],[-76.43862870999993,37.66290924700007],[-76.46890214799993,37.708644924000055],[-76.48961341099994,37.65835195500006],[-76.50499426999994,37.65692780200004],[-76.53551184799994,37.71552155200004],[-76.62193762899994,37.81391022300005],[-76.65782630099994,37.81899648600006],[-76.66152910099993,37.84332916900007],[-76.70091712099992,37.83690013200004],[-76.7695282819999,37.914496255000074],[-76.8322619349999,37.94297216100006],[-76.85029535699994,37.98195834100005],[-76.88006845599995,37.99095692700007],[-76.93496660099993,38.09369538000004],[-77.01720130099994,38.11701080900008],[-77.0625707669999,38.166001695000034],[-77.12588456899994,38.17601146000004],[-77.13394120999993,38.166001695000034],[-77.1094457669999,38.14899323100008],[-77.05549068899995,38.149644273000035],[-77.03156490799995,38.103949286000045],[-76.96056067599994,38.08958567900004],[-76.92589270699995,38.05882396000004],[-76.92261368099992,37.98083340900007],[-76.88023841099994,37.96967194200005],[-76.86592043299993,37.94197723600007],[-76.79528641399992,37.89195732400009],[-76.7162445379999,37.788097022000045],[-76.67520097599993,37.788723049000055],[-76.66865875499991,37.75550154600006],[-76.6134005209999,37.739539010000044],[-76.55198222899992,37.626757636000036],[-76.52222111899994,37.61488081300007],[-76.42821204299992,37.624212958000044],[-76.40428626199991,37.594183661000045],[-76.28416907499991,37.569566148000035],[-76.39338131399995,37.53314850500004],[-76.30125891799992,37.493841864000046],[-76.28981346799992,37.519404105000035],[-76.27006169999993,37.51735554800007],[-76.2774145169999,37.45970286700009],[-76.24453691299993,37.44953034100007],[-76.25764013199995,37.33551034800007],[-76.28070376499994,37.32135135800007],[-76.32164466099994,37.38629791900007],[-76.36611894399994,37.38458893400008],[-76.41515051999994,37.442694403000075],[-76.42821204299992,37.41815827000005],[-76.40147864499994,37.39081452000005],[-76.43317623599995,37.39671458500004],[-76.44758053299995,37.37986888200004],[-76.40147864499994,37.339911200000074],[-76.43504798099991,37.323146877000056],[-76.39403235599991,37.323146877000056],[-76.37189693899995,37.28803131700005],[-76.37850494799994,37.27233238800005],[-76.49602940799991,37.24911484000006],[-76.64248613199993,37.40900299700007],[-76.68089758999992,37.42747630400004],[-76.72984778599994,37.49445221600007],[-76.78107662699995,37.53546784100007],[-76.7981664699999,37.50438060100004],[-76.69078528599994,37.41107819200005],[-76.60622363699991,37.29578910100008],[-76.46807337699994,37.21396628600007],[-76.38560950399994,37.232489325000074],[-76.37315833199995,37.17597077000005],[-76.29820716099994,37.144598700000074],[-76.29165605399993,37.130113023000035],[-76.33861243399991,37.10171133000006],[-76.27037512899994,37.097642320000034],[-76.27452551999994,37.048041083000044],[-76.2962133449999,37.01357656500005],[-76.42918860599991,36.97630442900004],[-76.45299231699994,37.030178127000056],[-76.52394065099992,37.05766985000008],[-76.54606356799991,37.08940744800009],[-76.56319125899995,37.08575712800007],[-76.61118758299995,37.119442192000065],[-76.61082923099991,37.17255280200004],[-76.63402258999992,37.220689195000034],[-76.65477454299992,37.23383209800005],[-76.72984778599994,37.22016022300005],[-76.74376380099994,37.19749583500004],[-76.76667232999995,37.230129299000055],[-76.85558020699995,37.26243724200009],[-76.86021887899994,37.323146877000056],[-76.87816321499992,37.26898834800005],[-76.93146725199995,37.24526601800005],[-77.00357011599993,37.323146877000056],[-77.05549068899995,37.287176825000074],[-77.09105383999992,37.327826239000046],[-77.14443925699993,37.31635163000004],[-77.22008216099994,37.32851797100005],[-77.25059973899994,37.34983958500004],[-77.27794348899994,37.329331773000035],[-77.27432206899994,37.31635163000004],[-77.17491614499994,37.288397528000075],[-77.08922278599994,37.288397528000075],[-77.06712805899991,37.266506252000056],[-77.01720130099994,37.29523346600007],[-76.99518795499995,37.28807200700004],[-76.97321529899995,37.23997630400004],[-76.89370683499993,37.20648834800005],[-76.80186926999994,37.20648834800005],[-76.76280842099993,37.16425538500005],[-76.71799497799992,37.15001382100007],[-76.68911699099993,37.18862539300005],[-76.66997219299992,37.18500734700007],[-76.6553371249999,37.10512134700008],[-76.6731485439999,37.06713812700008],[-76.65974336199992,37.04331010800007],[-76.5716039699999,37.02773672100005],[-76.58584550699993,37.007879950000074],[-76.49472187499993,36.95398598100007],[-76.47598222599993,36.907904364000046],[-76.52440344999991,36.86322663000004],[-76.43504798099991,36.89801666900007],[-76.38068600199995,36.90062083500004],[-76.29165605399993,36.84955475500004],[-76.31773841099994,36.88353099200009],[-76.30101477799991,36.91160716400009],[-76.32836609999993,36.929285965000076],[-76.33042585399994,36.94978747500005],[-76.31001452599992,36.95961205200007],[-76.26890134799993,36.961415367000086],[-76.07811438699991,36.91160716400009],[-76.03546916199991,36.934849333000045],[-76.00459196599991,36.932358398000076],[-75.86343339799993,36.59056224200009],[-75.78636633999992,36.28196849200009],[-75.71426347599993,36.12982819200005],[-75.56395423099991,35.89533112200007],[-75.52383378799993,35.79437897300005],[-75.55797278599994,35.808661200000074],[-75.60700436099995,35.923814195000034],[-75.67536373599995,35.99990469000005],[-75.69448808499993,35.99355703300006],[-75.71947180899991,36.00999583500004],[-75.71568762899994,36.02716705900008],[-75.67536373599995,36.02094147300005],[-75.67979895699995,36.03668854400007],[-75.72354081899994,36.05882396000004],[-75.77367102799991,36.234035549000055],[-75.81847083199995,36.29677969000005],[-75.82485917899993,36.39427317900004],[-75.88084876199991,36.54254791900007],[-75.88011633999992,36.59634023600006],[-75.92788652299993,36.70620351800005],[-75.94688880099994,36.718451239000046],[-75.96271725199995,36.70929596600007],[-75.96825110599991,36.551662502000056],[-75.94981848899994,36.54336172100005],[-75.94904537699995,36.56159088700008],[-75.91429602799991,36.575873114000046],[-75.90111243399991,36.49603913000004],[-75.97288977799991,36.499701239000046],[-75.97842363199993,36.52789948100008],[-76.04458574099993,36.589504299000055],[-76.03091386599993,36.54791901200008],[-76.0371801419999,36.50079987200007],[-76.01170813699991,36.460598049000055],[-75.96825110599991,36.432521877000056],[-75.98582923099991,36.42527903900009],[-75.97370357999995,36.40106842700004],[-75.92788652299993,36.36359284100007],[-75.94904537699995,36.397691148000035],[-75.91856848899994,36.429348049000055],[-75.92174231699994,36.356756903000075],[-75.88044186099995,36.30068594000005],[-75.78551184799994,36.08161041900007],[-75.82115637899994,36.08266836100006],[-75.86339270699995,36.12710195500006],[-75.86807206899994,36.18301015800006],[-75.90807044199994,36.219631252000056],[-75.91429602799991,36.24689362200007],[-75.94298255099994,36.26044342700004],[-75.93472245999993,36.28782786700009],[-75.96174068899995,36.30695221600007],[-75.99620520699995,36.31517161700009],[-75.96666419199994,36.284369208000044],[-75.94969641799992,36.21206289300005],[-75.96271725199995,36.205959377000056],[-75.90807044199994,36.16498444200005],[-76.02041581899994,36.191473700000074],[-76.13341223899994,36.281683661000045],[-76.20225989499994,36.30149974200009],[-76.18614661399994,36.312933661000045],[-76.19884192599994,36.32265859600005],[-76.21934973899994,36.28782786700009],[-76.15485592399995,36.25918203300006],[-76.06346594999991,36.16201406500005],[-76.13341223899994,36.14447663000004],[-76.12657630099994,36.13080475500004],[-76.16812089799993,36.13080475500004],[-76.29198157499991,36.21271393400008],[-76.27912350199995,36.18146393400008],[-76.19542395699995,36.10976797100005],[-76.22012285099993,36.09951406500005],[-76.34943600199995,36.14199453300006],[-76.46300208199995,36.205959377000056],[-76.43504798099991,36.16498444200005],[-76.31151282499991,36.09609609600005],[-76.41173255099994,36.08295319200005],[-76.46764075399994,36.030910549000055],[-76.57725989499994,36.01239655200004],[-76.62682044199994,36.06195709800005],[-76.64366614499994,36.038397528000075],[-76.68700110599991,36.05609772300005],[-76.72984778599994,36.181708075000074],[-76.67955481699994,36.287543036000045],[-76.72984778599994,36.32265859600005],[-76.70197506399995,36.28473541900007],[-76.75230872299994,36.21401601800005],[-76.75719153599994,36.12710195500006],[-76.70396887899994,36.00885651200008],[-76.68887285099993,36.00665924700007],[-76.72984778599994,35.94525788000004],[-76.5579320949999,35.93842194200005],[-76.42023678299995,35.98126862200007],[-76.38727779899995,35.97313060100004],[-76.3801977199999,35.93203359600005],[-76.35313880099994,35.94525788000004],[-76.2637426419999,35.92475006700005],[-76.30679277299993,35.95783112200007],[-76.19542395699995,35.99363841400009],[-76.09984290299991,35.99990469000005],[-76.04832923099991,35.983710028000075],[-76.03091386599993,35.95270416900007],[-76.05308997299994,35.96263255400004],[-76.07192949099993,35.91852448100008],[-76.02354895699995,35.93158600500004],[-76.04588782499991,35.88861725500004],[-76.08556067599994,35.87010325700004],[-76.05113684799994,35.819240627000056],[-76.05630449099993,35.793402411000045],[-76.12417558499993,35.794582424000055],[-76.05825761599993,35.76776764500005],[-76.04246985599991,35.73769765800006],[-76.05825761599993,35.72646719000005],[-76.0371801419999,35.69879791900007],[-76.05426998599995,35.68390534100007],[-76.14085852799991,35.69879791900007],[-76.12360592399995,35.673529364000046],[-76.04458574099993,35.671535549000055],[-76.0371801419999,35.65102773600006],[-75.99486243399991,35.73029205900008],[-75.98997962099992,35.88690827000005],[-75.93492591099994,35.92487213700008],[-75.90062415299991,35.89004140800006],[-75.86143958199995,35.88068268400008],[-75.90807044199994,35.93842194200005],[-75.82485917899993,35.93158600500004],[-75.86709550699993,35.94525788000004],[-75.8528539699999,35.97996653900009],[-75.79051673099991,35.932521877000056],[-75.72183183499993,35.82916901200008],[-75.74299068899995,35.76776764500005],[-75.72085527299993,35.70502350500004],[-75.77342688699991,35.696926174000055],[-75.73961341099994,35.63263580900008],[-75.78233801999994,35.59918854400007],[-75.78392493399991,35.57591380400004],[-75.8391820949999,35.56850820500006],[-75.82262122299994,35.592678127000056],[-75.86644446499992,35.59564850500004],[-75.88634192599994,35.63735586100006],[-75.89720618399991,35.57904694200005],[-75.97789466099994,35.52521393400008],[-75.97321529899995,35.49713776200008],[-76.01056881399995,35.47907135600008],[-76.00332597599993,35.46503327000005],[-76.02822831899994,35.41933828300006],[-76.05614173099991,35.441473700000074],[-76.07599850199995,35.40485260600008],[-76.06509355399993,35.38418203300006],[-76.11827551999994,35.37278880400004],[-76.15038001199991,35.34715403900009],[-76.23574785099993,35.353216864000046],[-76.25348873599995,35.37372467700004],[-76.28018144399994,35.35073476800005],[-76.35533606699994,35.41347890800006],[-76.35240637899994,35.36359284100007],[-76.37360592399995,35.34316640800006],[-76.42076575399994,35.37669505400004],[-76.37975012899994,35.37669505400004],[-76.39403235599991,35.44122955900008],[-76.41832434799994,35.464504299000055],[-76.44249426999994,35.403998114000046],[-76.46556555899991,35.41128164300005],[-76.48346920499995,35.397772528000075],[-76.46300208199995,35.37669505400004],[-76.49836178299995,35.39134349200009],[-76.52440344999991,35.417669989000046],[-76.50389563699991,35.431341864000046],[-76.56012936099995,35.45587799700007],[-76.54491126199991,35.47223541900007],[-76.57518469999991,35.49746328300006],[-76.54491126199991,35.51325104400007],[-76.49469967399995,35.50678131700005],[-76.46300208199995,35.54116445500006],[-76.58495032499991,35.549709377000056],[-76.64732825399994,35.520697333000044],[-76.60631262899994,35.49274323100008],[-76.61998450399994,35.466050523000035],[-76.59268144399994,35.44432200700004],[-76.60631262899994,35.42450592700004],[-76.57900956899994,35.403998114000046],[-76.59976152299993,35.39508698100008],[-76.65001380099994,35.415350653000075],[-76.64732825399994,35.43817780200004],[-76.75841223899994,35.418850002000056],[-76.82184811099995,35.45302969000005],[-76.99404863199993,35.49705638200004],[-77.05199133999992,35.534369208000044],[-77.02550208199995,35.491522528000075],[-76.99449622299994,35.48159414300005],[-76.97630774599992,35.43817780200004],[-76.94513912699995,35.452460028000075],[-76.90392005099994,35.44391510600008],[-76.69408118399991,35.35366445500006],[-76.49705969999991,35.31150950700004],[-76.47036699099993,35.27057526200008],[-76.49282792899993,35.230169989000046],[-76.56533769399994,35.239488023000035],[-76.52961178299995,35.217678127000056],[-76.53026282499991,35.19993724200009],[-76.58828691299993,35.20913320500006],[-76.67520097599993,35.17059967700004],[-76.58731035099993,35.149725653000075],[-76.5716039699999,35.15696849200009],[-76.58584550699993,35.16445547100005],[-76.5716039699999,35.17804596600007],[-76.55483964799993,35.149725653000075],[-76.56053626199991,35.12441640800006],[-76.72594153599994,35.00055573100008],[-76.76447506399995,34.98920319200005],[-76.87364661399994,35.008693752000056],[-76.94627844999991,35.06858958500004],[-76.99624589799993,35.08763255400004],[-77.04336503799993,35.14362213700008],[-77.07933508999992,35.15696849200009],[-76.94025631399995,34.979803778000075],[-76.80557206899994,34.94472890800006],[-76.75719153599994,34.90989817900004],[-76.63182532499991,34.98704661700009],[-76.53986568899995,34.932074286000045],[-76.56859290299991,34.99323151200008],[-76.51829993399991,34.997300523000035],[-76.48961341099994,34.97260163000004],[-76.48346920499995,35.02724844000005],[-76.45376542899993,35.07339101800005],[-76.43504798099991,35.05117422100005],[-76.44249426999994,35.01666901200008],[-76.41885331899994,34.98651764500005],[-76.46434485599991,34.968451239000046],[-76.46182206899994,34.94057851800005],[-76.38727779899995,34.94806549700007],[-76.37755286399994,34.96580638200004],[-76.32518469999991,34.97573476800005],[-76.35313880099994,35.02724844000005],[-76.32217363199993,35.01992422100005],[-76.26988684799994,34.97260163000004],[-76.30467688699991,34.93789297100005],[-76.34040279899995,34.93968333500004],[-76.34626217399995,34.883246161000045],[-76.39403235599991,34.86273834800005],[-76.40778561099995,34.883246161000045],[-76.42064368399991,34.839544989000046],[-76.49718176999994,34.774603583000044],[-76.51276607999995,34.734361070000034],[-76.58356686099995,34.751288153000075],[-76.58824622299994,34.76658763200004],[-76.5716039699999,34.78082916900007],[-76.61595618399991,34.816066799000055],[-76.63296464799993,34.70917389500005],[-76.65819251199991,34.721869208000044],[-76.6712133449999,34.79083893400008],[-76.68521074099993,34.80072663000004],[-76.73460852799991,34.78587474200009],[-76.7708227199999,34.75348541900007],[-76.72984778599994,34.76654694200005],[-76.70197506399995,34.72557200700004],[-76.89610755099994,34.73920319200005],[-77.09325110599991,34.676988023000035],[-77.10269120999993,34.69432200700004],[-77.08551998599995,34.705145575000074],[-77.11343339799993,34.75971100500004],[-77.13170325399994,34.76239655200004],[-77.12026933499993,34.72557200700004],[-77.13687089799993,34.68235911700009],[-77.17491614499994,34.691473700000074],[-77.16698157499991,34.66714101800005],[-77.25357011599993,34.59438711100006],[-77.33653723899994,34.56110260600008],[-77.40147864499994,34.589056708000044],[-77.33315995999993,34.64984772300005],[-77.3946020169999,34.71190013200004],[-77.37804114499994,34.71865469000005],[-77.38190670499995,34.73232656500005],[-77.4356176419999,34.75348541900007],[-77.42198645699995,34.68455638200004],[-77.39679928299995,34.68378327000005],[-77.38243567599994,34.632025458000044],[-77.44981848899994,34.60887278900009],[-77.42650305899991,34.57916901200008],[-77.38320878799993,34.56224192900004],[-77.37889563699991,34.52716705900008],[-77.53587805899991,34.46857330900008],[-77.73045813699991,34.31586334800005],[-77.83267167899993,34.207017320000034],[-77.87441972599993,34.122259833000044],[-77.91112219999991,33.95815664300005],[-77.94204667899993,33.93048737200007],[-77.92125403599994,34.00104401200008],[-77.92162024599992,34.108587958000044],[-77.96255449099993,34.19114817900004],[-77.94204667899993,34.067613023000035],[-77.94945227799991,34.00275299700007],[-78.01781165299991,33.89630768400008],[-78.25251217399995,33.925116278000075],[-78.33348548099991,33.91010163000004],[-78.3672582669999,33.91681549700007],[-78.37466386599993,33.95091380400004],[-78.38491777299993,33.92259349200009],[-78.4082738919999,33.91054922100005],[-78.55899003799993,33.86904531500005],[-78.54539954299992,33.889553127000056],[-78.60000566299993,33.875881252000056],[-78.57331295499995,33.84796784100007],[-78.65697180899991,33.83193594000005],[-78.76333574099993,33.778550523000035],[-78.93797766799992,33.64207591400009],[-79.13312740799995,33.41742584800005],[-79.15611731699994,33.37555573100008],[-79.18346106699994,33.21792226800005],[-79.21369381399995,33.30068594000005],[-79.27204342399995,33.317287502000056],[-79.23717200399994,33.38654205900008],[-79.18960527299993,33.43699778900009],[-79.27708899599992,33.35911692900004],[-79.29637610599991,33.31777578300006],[-79.29141191299993,33.27773672100005],[-79.21401933499993,33.24249909100007],[-79.20295162699995,33.19293854400007],[-79.18346106699994,33.18378327000005],[-79.23058020699995,33.142238674000055],[-79.24722245999993,33.16681549700007],[-79.26891028599994,33.166083075000074],[-79.25169837099992,33.135972398000035],[-79.27220618399991,33.122300523000035],[-79.29727128799993,33.14911530200004],[-79.34044348899994,33.15582916900007],[-79.28986568899995,33.13003164300005],[-79.29263261599993,33.108710028000075],[-79.37149003799993,33.06403229400007],[-79.38703365799995,33.01732005400004],[-79.49132239499994,32.991400458000044],[-79.52000891799992,33.04120514500005],[-79.58482825399994,33.01382070500006],[-79.62450110599991,32.94383372600004],[-79.60741126199991,32.91624583500004],[-79.57384192599994,32.936753648000035],[-79.58873450399994,32.914129950000074],[-79.69302324099993,32.86009349200009],[-79.74453691299993,32.79962799700007],[-79.82872473899994,32.76276276200008],[-79.85098222599993,32.75861237200007],[-79.90623938699991,32.800441799000055],[-79.87486731699994,32.84121328300006],[-79.89232337099992,32.854803778000075],[-79.90282141799992,32.83437734600005],[-79.94375566299993,32.85146719000005],[-79.93407141799992,32.78343333500004],[-79.97166907499991,32.79962799700007],[-79.96764075399994,32.785223700000074],[-79.8789770169999,32.73139069200005],[-79.86803137899994,32.73810455900008],[-79.88731848899994,32.68813711100006],[-79.95592200399994,32.64935944200005],[-80.02570553299995,32.64874909100007],[-79.99547278599994,32.61904531500005],[-80.00511633999992,32.61155833500004],[-80.17711341099994,32.56704336100006],[-80.23232988199993,32.612982489000046],[-80.26593990799995,32.62140534100007],[-80.20445716099994,32.560614325000074],[-80.32323157499991,32.48843008000006],[-80.34447180899991,32.49481842700004],[-80.36896725199995,32.53335195500006],[-80.37816321499992,32.48411692900004],[-80.40933183499993,32.48110586100006],[-80.48786373599995,32.51235586100006],[-80.53966223899994,32.560614325000074],[-80.53282630099994,32.51902903900009],[-80.66978919199994,32.521144924000055],[-80.67747962099992,32.49795156500005],[-80.52940833199995,32.49795156500005],[-80.47817949099993,32.47809479400007],[-80.58747311099995,32.45693594000005],[-80.49522864499994,32.45075104400007],[-80.45836341099994,32.423163153000075],[-80.46349036399994,32.40412018400008],[-80.53038489499994,32.37352122600004],[-80.54710852799991,32.34711334800005],[-80.47691809799994,32.371527411000045],[-80.42979895699995,32.409816799000055],[-80.45164954299992,32.350043036000045],[-80.47817949099993,32.34711334800005],[-80.45986894399994,32.33730703300006],[-80.4707738919999,32.32273997600004],[-80.55329342399995,32.27879466400009],[-80.63683020699995,32.266791083000044],[-80.62901770699995,32.38190338700008],[-80.6699926419999,32.37360260600008],[-80.65729732999995,32.46271393400008],[-80.6836645169999,32.46442291900007],[-80.66315670499995,32.45075104400007],[-80.67690995999993,32.42568594000005],[-80.66746985599991,32.30536530200004],[-80.75934811099995,32.36078522300005],[-80.79600989499994,32.45327383000006],[-80.78555253799993,32.49673086100006],[-80.81403561099995,32.50535716400009],[-80.83592688699991,32.54010651200008],[-80.85496985599991,32.539496161000045],[-80.82079016799992,32.48484935100004],[-80.8289281889999,32.45526764500005],[-80.78734290299991,32.35765208500004],[-80.79893958199995,32.31972890800006],[-80.74510657499991,32.258978583000044],[-80.70018469999991,32.25446198100008],[-80.67784583199995,32.21474844000005],[-80.7371313139999,32.15208567900004],[-80.82079016799992,32.10814036700009],[-80.77721106699994,32.20726146000004],[-80.77985592399995,32.24469635600008],[-80.78799394399994,32.23582591400009],[-80.79352779899995,32.196926174000055],[-80.82823645699995,32.159084377000056],[-80.84190833199995,32.11595286700009],[-80.89452063699991,32.05882396000004],[-80.88939368399991,32.03042226800005],[-80.84813391799992,32.02216217700004],[-80.83568274599992,32.00291575700004],[-80.90339107999995,31.950506903000075],[-80.93736731699994,31.97646719000005],[-80.96475175699993,31.94879791900007],[-80.96312415299991,31.93065013200004],[-80.92381751199991,31.90888092700004],[-80.95815995999993,31.879339911000045],[-80.99522864499994,31.864488023000035],[-81.07469641799992,31.888413804000038],[-81.09532630099994,31.916001695000034],[-81.11823482999995,31.90766022300005],[-81.09032141799992,31.87571849200009],[-81.14297441299993,31.85492584800005],[-81.03990637899994,31.826971747000073],[-81.1055395169999,31.742661851000037],[-81.17137610599991,31.73663971600007],[-81.25316321499992,31.77024974200009],[-81.27330481699994,31.76552969000005],[-81.19627844999991,31.717596747000073],[-81.30093339799993,31.570786851000037],[-81.33109136399992,31.552431020000085],[-81.32019641999995,31.52244691900006],[-81.33143251899992,31.46723435000007],[-81.36527667299993,31.437886972000058],[-81.32565726799993,31.34892851400008],[-81.49242102799991,31.367661851000037],[-81.42650305899991,31.332953192000048],[-81.32827714799993,31.315252997000073],[-81.26988684799994,31.27484772300005],[-81.26768958199995,31.258734442000048],[-81.28856360599991,31.22093333500004],[-81.30748450399994,31.230454820000034],[-81.38597571499992,31.141750393000052],[-81.41795813699991,31.148993231000077],[-81.42300370999993,31.219631252000056],[-81.45482337099992,31.206000067000048],[-81.45173092399995,31.11709219000005],[-81.48729407499991,31.133612372000073],[-81.49258378799993,31.113674221000053],[-81.43028723899994,31.073431708000044],[-81.42491614499994,31.104722398000035],[-81.40367591099994,31.12128327000005],[-81.40538489499994,31.09479401200008],[-81.42414303299995,31.025051174000055],[-81.51353919199994,31.09332916900007],[-81.45079505099994,31.021918036000045],[-81.45677649599992,31.001654364000046],[-81.51968339799993,30.976629950000074],[-81.45079505099994,30.96356842700004],[-81.49925696499992,30.905585028000075],[-81.49242102799991,30.846869208000044],[-81.53335527299993,30.85370514500005],[-81.49242102799991,30.77179596600007],[-81.49925696499992,30.704331773000035],[-81.4402563139999,30.70075104400007],[-81.42857825399994,30.681708075000074],[-81.43781490799995,30.52411530200004],[-81.48900305899991,30.62099844000005],[-81.50031490799995,30.551255601000037],[-81.40982011599993,30.45648834800005],[-81.40982011599993,30.411444403000075],[-81.38939368399991,30.38422272300005],[-81.39492753799993,30.298570054000038],[-81.28766842399995,29.926174221000053],[-81.29381262899994,29.89411041900007],[-81.2737610019999,29.889873650000084],[-81.25013011399994,29.76959159900008],[-81.17829342399995,29.58551666900007],[-80.96266758099995,29.152056322000078],[-80.91454985199994,29.08745048700007],[-80.92210852799991,29.068304755000042],[-80.89175370999993,29.04555898600006],[-80.62706458199995,28.650864976000037],[-80.52822831899994,28.472601630000042],[-80.59406490799995,28.401597398000035],[-80.59219316299993,28.207912502000056],[-80.55329342399995,28.06159088700008],[-80.45189368399991,27.909409898000035],[-80.45091712099992,27.866359768000052],[-80.58063717399995,28.08543528900009],[-80.6199438139999,28.206976630000042],[-80.61790930899991,28.379339911000045],[-80.58788001199991,28.50576406500005],[-80.6004125639999,28.60028717700004],[-80.65664628799993,28.620754299000055],[-80.67503821499992,28.59560781500005],[-80.76593990799995,28.61229075700004],[-80.78425045499995,28.661281643000052],[-80.75234941299993,28.741929429000038],[-80.84813391799992,28.79059479400007],[-80.82823645699995,28.661444403000075],[-80.79747473899994,28.608303127000056],[-80.73827063699991,28.373480536000045],[-80.38097083199995,27.666083075000074],[-80.34536699099993,27.514593817000048],[-80.19782467399995,27.19599030200004],[-80.19701087099992,27.180487372000073],[-80.21715247299994,27.209418036000045],[-80.31432044199994,27.242580471000053],[-80.26016191299993,27.196966864000046],[-80.22126217399995,27.201605536000045],[-80.14879309799994,27.13825104400007],[-80.07555091099994,26.973211981000077],[-80.08128821499992,26.950425523000035],[-80.11510169199994,26.934719143000052],[-80.07070878799993,26.91697825700004],[-80.03823808499993,26.81118398600006],[-80.05361894399994,26.762152411000045],[-80.03453528599994,26.715318101000037],[-80.03237870999993,26.58734772300005],[-80.03807532499991,26.558539130000042],[-80.05361894399994,26.556708075000074],[-80.10265051999994,26.139960028000075],[-80.12877356699994,26.09861888200004],[-80.11278235599991,26.068833726000037],[-80.12877356699994,25.77529531500005],[-80.12926184799994,25.887884833000044],[-80.14061438699991,25.900824286000045],[-80.1765844389999,25.85838450700004],[-80.19619706899994,25.75381094000005],[-80.25161699099993,25.72060781500005],[-80.27757727799991,25.644232489000046],[-80.30687415299991,25.61823151200008],[-80.3113500639999,25.54979075700004],[-80.34430904899995,25.47524648600006],[-80.32567298099991,25.438666083000044],[-80.34105383999992,25.405951239000046],[-80.31432044199994,25.371161200000074],[-80.42300370999993,25.252386786000045],[-80.42690995999993,25.22174713700008],[-80.40249589799993,25.18622467700004],[-80.45079505099994,25.242987372000073],[-80.49864661399994,25.220363674000055],[-80.45872962099992,25.20917389500005],[-80.4434301419999,25.173163153000075],[-80.46914628799993,25.20807526200008],[-80.50617428299995,25.200506903000075],[-80.52599036399994,25.220363674000055],[-80.50617428299995,25.23460521000004],[-80.51231848899994,25.24827708500004],[-80.56550045499995,25.24599844000005],[-80.60651607999995,25.188666083000044],[-80.62222245999993,25.19367096600007],[-80.61473548099991,25.200506903000075],[-80.65135657499991,25.193060614000046],[-80.65697180899991,25.159491278000075],[-80.67813066299993,25.16787344000005],[-80.71092688699991,25.14524974200009],[-80.76561438699991,25.159491278000075],[-80.77301998599995,25.14524974200009],[-80.79352779899995,25.159491278000075],[-80.80524654899995,25.14911530200004],[-80.81053626199991,25.167792059000078],[-80.85496985599991,25.18622467700004],[-80.9102270169999,25.14524974200009],[-81.10195878799993,25.124741929000038],[-81.14915930899991,25.165716864000046],[-81.17711341099994,25.227769273000035],[-81.1648656889999,25.298081773000035],[-81.12995357999995,25.34446849200009],[-81.13609778599994,25.330226955000057],[-81.10191809799994,25.311712958000044],[-81.07787024599992,25.27285390800006],[-80.98525956899994,25.23460521000004],[-81.00576738199993,25.214178778000075],[-80.9446508449999,25.21230703300006],[-80.91722571499992,25.245754299000055],[-80.98078365799995,25.318304755000042],[-81.09512285099993,25.351304429000038],[-81.14134680899991,25.38475169500009],[-81.17088782499991,25.47483958500004],[-81.21467037699995,25.52757396000004],[-81.18765214799993,25.560207424000055],[-81.23167883999992,25.563625393000052],[-81.27953040299991,25.70416901200008],[-81.32168535099993,25.707586981000077],[-81.35724850199995,25.75348541900007],[-81.32168535099993,25.78270091400009],[-81.3484594389999,25.816839911000045],[-81.39614824099993,25.851629950000074],[-81.45079505099994,25.86587148600006],[-81.48558508999992,25.89940013200004],[-81.49876868399991,25.88670482000009],[-81.56407630099994,25.920477606000077],[-81.58800208199995,25.90688711100006],[-81.58800208199995,25.92609284100007],[-81.62271074099993,25.94717031500005],[-81.65005449099993,25.920477606000077],[-81.69102942599994,25.933539130000042],[-81.70531165299991,25.90688711100006],[-81.73200436099995,25.920477606000077],[-81.74254309799994,25.957464911000045],[-81.69444739499994,25.940375067000048],[-81.66437740799995,25.981350002000056],[-81.71149654899995,25.981350002000056],[-81.73167883999992,26.00063711100006],[-81.72573808499993,26.022284247000073],[-81.77009029899995,26.06777578300006],[-81.78722083199995,26.139593817000048],[-81.80089270699995,26.09861888200004],[-81.82754472599993,26.248846747000073],[-81.82140051999994,26.289618231000077],[-81.8555395169999,26.358710028000075],[-81.8418676419999,26.35187409100007],[-81.85594641799992,26.448879299000055],[-81.88280188699991,26.495835679000038],[-81.88731848899994,26.44476959800005],[-82.00865637899994,26.484523830000057],[-82.00011145699995,26.523179429000038],[-81.97447669199994,26.51044342700004],[-81.91177324099993,26.558661200000074],[-81.89305579299992,26.58612702000005],[-81.89708411399994,26.611273505000042],[-81.78038489499994,26.714992580000057],[-81.85460364499994,26.688421942000048],[-81.90672766799992,26.642645575000074],[-81.95173092399995,26.54364655200004],[-82.03905188699991,26.527899481000077],[-82.06309973899994,26.560980536000045],[-82.0547582669999,26.611273505000042],[-82.0821020169999,26.680243231000077],[-82.05703691299993,26.865790106000077],[-82.0969945949999,26.909369208000044],[-81.99640865799995,26.958238023000035],[-81.97838294199994,26.996161200000074],[-82.01683508999992,26.97296784100007],[-82.11558997299994,26.961371161000045],[-82.15518144399994,26.92763906500005],[-82.18443762899994,26.955145575000074],[-82.18073482999995,26.972357489000046],[-82.22232011599993,26.96515534100007],[-82.27383378799993,27.016017971000053],[-82.23021399599992,26.956854559000078],[-82.20128333199995,26.944159247000073],[-82.15990149599992,26.862250067000048],[-82.15025794199994,26.803168036000045],[-82.16559811099995,26.78579336100006],[-82.17764238199993,26.82485586100006],[-82.19810950399994,26.803127346000053],[-82.31383216099994,26.849351304000038],[-82.34292558499993,26.934881903000075],[-82.37002519399994,26.961371161000045],[-82.3489477199999,26.906805731000077],[-82.37002519399994,26.920396226000037],[-82.46715247299994,27.102036851000037],[-82.50088456899994,27.179022528000075],[-82.49632727799991,27.211493231000077],[-82.51341712099992,27.228908596000053],[-82.52086341099994,27.215277411000045],[-82.5618383449999,27.276271877000056],[-82.56187903599994,27.297796942000048],[-82.54076087099992,27.28351471600007],[-82.54190019399994,27.308539130000042],[-82.57363847599993,27.395086981000077],[-82.64541581899994,27.44293854400007],[-82.69839433499993,27.454820054000038],[-82.72915605399993,27.51471588700008],[-82.72569739499994,27.530585028000075],[-82.70523027299993,27.489569403000075],[-82.65746008999992,27.46165599200009],[-82.64439856699994,27.495835679000038],[-82.67788652299993,27.503241278000075],[-82.66075598899994,27.520331122000073],[-82.5891820949999,27.503241278000075],[-82.63695227799991,27.52374909100007],[-82.57860266799992,27.547308661000045],[-82.57241777299993,27.559515692000048],[-82.62267005099994,27.544175523000035],[-82.5891820949999,27.56468333500004],[-82.59601803299995,27.57770416900007],[-82.54417883999992,27.650051174000055],[-82.3899633449999,27.811102606000077],[-82.42174231699994,27.917181708000044],[-82.45116126199991,27.93073151200008],[-82.47183183499993,27.920355536000045],[-82.48273678299995,27.82135651200008],[-82.52708899599992,27.824774481000077],[-82.53962154899995,27.84398021000004],[-82.54112708199995,27.94277578300006],[-82.61644446499992,27.961330471000053],[-82.59601803299995,27.98305898600006],[-82.64439856699994,28.016546942000048],[-82.65062415299991,28.00291575700004],[-82.69098873599995,28.037665106000077],[-82.67788652299993,28.006293036000045],[-82.69033769399994,27.970851955000057],[-82.64439856699994,27.96873607000009],[-82.71886145699995,27.927801825000074],[-82.60472571499992,27.88149648600006],[-82.56187903599994,27.88617584800005],[-82.6028539699999,27.862982489000046],[-82.59601803299995,27.81793854400007],[-82.63011633999992,27.75031159100007],[-82.62657630099994,27.71580638200004],[-82.65404212099992,27.695054429000038],[-82.68472245999993,27.701239325000074],[-82.68785559799994,27.736029364000046],[-82.7215063139999,27.74510325700004],[-82.81509355399993,27.83222077000005],[-82.81069902299993,27.804429429000038],[-82.73936926999994,27.728583075000074],[-82.71886145699995,27.65965403900009],[-82.74254309799994,27.679754950000074],[-82.76748613199993,27.75153229400007],[-82.84239661399994,27.828517971000053],[-82.85228430899991,27.90818919500009],[-82.82188880099994,27.94830963700008],[-82.83556067599994,27.88617584800005],[-82.76732337099992,28.105902411000045],[-82.78734290299991,28.193752346000053],[-82.75991777299993,28.214667059000078],[-82.71678626199991,28.29832591400009],[-82.71886145699995,28.311428127000056],[-82.73253333199995,28.30459219000005],[-82.66421464799993,28.44794342700004],[-82.63194739499994,28.69529857000009],[-82.64020748599995,28.75495026200008],[-82.68472245999993,28.804836330000057],[-82.67100989499994,28.82021719000005],[-82.63011633999992,28.784369208000044],[-82.6336156889999,28.887640692000048],[-82.68517005099994,28.91307200700004],[-82.72716223899994,28.95917389500005],[-82.72569739499994,28.996649481000077],[-82.75511633999992,29.010158596000053],[-82.74620520699995,29.064886786000045],[-82.79474850199995,29.10805898600006],[-82.7735082669999,29.119533596000053],[-82.79849199099993,29.139064846000053],[-82.8008520169999,29.174750067000048],[-82.82872473899994,29.16111888200004],[-82.84923255099994,29.182196356000077],[-82.86888587099992,29.169623114000046],[-82.93175208199995,29.188421942000048],[-83.04067949099993,29.180121161000045],[-83.04605058499993,29.203558661000045],[-83.07371985599991,29.21824778900009],[-83.06151282499991,29.236802476000037],[-83.0847875639999,29.27220286700009],[-83.15770423099991,29.305121161000045],[-83.16515051999994,29.342678127000056],[-83.21568762899994,29.410589911000045],[-83.25328528599994,29.442287502000056],[-83.27818762899994,29.43854401200008],[-83.35631262899994,29.510565497000073],[-83.40477454299992,29.531683661000045],[-83.41152910099993,29.57949453300006],[-83.39297441299993,29.633734442000048],[-83.40892493399991,29.667303778000075],[-83.46617591099994,29.68183014500005],[-83.54381262899994,29.72809479400007],[-83.57677161399994,29.764960028000075],[-83.59337317599994,29.826157945000034],[-83.68057206899994,29.92129140800006],[-83.78770911399994,29.98969147300005],[-83.85643469999991,30.002386786000045],[-84.02403723899994,30.106594143000052],[-84.17833411399994,30.072821356000077],[-84.2031957669999,30.105902411000045],[-84.26065019399994,30.099554755000042],[-84.2852270169999,30.066066799000055],[-84.32852128799993,30.06598541900007],[-84.36436926999994,30.048529364000046],[-84.37051347599993,30.02448151200008],[-84.39102128799993,30.02448151200008],[-84.3836156889999,29.98969147300005],[-84.37051347599993,30.004055080000057],[-84.34630286399994,29.969875393000052],[-84.45352128799993,30.005194403000075],[-84.4661352199999,29.98969147300005],[-84.44994055899991,29.988836981000077],[-84.43569902299993,29.963039455000057],[-84.34300696499992,29.94676341400009],[-84.34898841099994,29.902044989000046],[-84.37734941299993,29.88735586100006],[-84.36367753799993,29.90778229400007],[-84.50837154899995,29.92206452000005],[-84.60435950399994,29.86469147300005],[-84.65318762899994,29.852769273000035],[-84.73363196499992,29.79169342700004],[-84.87535559799994,29.733221747000073],[-84.89126542899993,29.747381903000075],[-84.85716712099992,29.79791901200008],[-84.87328040299991,29.804632880000042],[-85.00426184799994,29.716009833000044],[-85.12425696499992,29.721828518000052],[-85.24071204299992,29.688706773000035],[-85.30785071499992,29.693426825000074],[-85.34609941299993,29.67837148600006],[-85.39159094999991,29.716009833000044],[-85.41348222599993,29.851385809000078],[-85.39842688699991,29.873602606000077],[-85.39586341099994,29.771877346000053],[-85.37779700399994,29.728176174000055],[-85.35147050699993,29.693426825000074],[-85.32054602799991,29.693304755000042],[-85.30186926999994,29.711859442000048],[-85.30215410099993,29.79791901200008],[-85.35651607999995,29.888739325000074],[-85.40518144399994,29.93512604400007],[-85.54918372299994,30.004055080000057],[-85.56285559799994,30.03192780200004],[-85.52342688699991,29.996893622000073],[-85.48033606699994,29.983547268000052],[-85.67955481699994,30.13434479400007],[-85.6106664699999,30.126898505000042],[-85.61143958199995,30.10846588700008],[-85.54600989499994,30.091009833000044],[-85.51268469999991,30.05532461100006],[-85.44237219999991,30.02016836100006],[-85.39049231699994,30.044745184000078],[-85.39500891799992,30.055568752000056],[-85.4309789699999,30.07050202000005],[-85.46206620999993,30.034898179000038],[-85.48591061099995,30.05817291900007],[-85.48778235599991,30.107082424000055],[-85.51268469999991,30.108343817000048],[-85.49461829299992,30.140570380000042],[-85.56285559799994,30.13434479400007],[-85.56969153599994,30.11391836100006],[-85.64541581899994,30.140570380000042],[-85.72052975199995,30.195786851000037],[-85.65729732999995,30.252101955000057],[-85.61807206899994,30.245835679000038],[-85.57921301999994,30.28611888200004],[-85.5554906889999,30.285142320000034],[-85.5769750639999,30.321193752000056],[-85.63857988199993,30.271470445000034],[-85.65489661399994,30.283596096000053],[-85.70864824099993,30.247015692000048],[-85.7547094389999,30.319281317000048],[-85.77757727799991,30.29441966400009],[-85.82555091099994,30.287176825000074],[-85.85435950399994,30.264837958000044],[-85.83177649599992,30.23590729400007],[-85.78571529899995,30.244208075000074],[-85.75597083199995,30.231594143000052],[-85.73420162699995,30.209418036000045],[-85.74913489499994,30.19049713700008],[-85.74136308499993,30.17837148600006],[-85.70628821499992,30.154852606000077],[-85.71373450399994,30.140570380000042],[-85.7344457669999,30.150213934000078],[-85.72052975199995,30.13434479400007],[-86.06598873599995,30.30605703300006],[-86.51089433499993,30.40761953300006],[-86.34715735599991,30.395005601000037],[-86.31167558499993,30.436468817000048],[-86.2871801419999,30.404689846000053],[-86.24193274599992,30.395005601000037],[-86.22630774599992,30.412054755000042],[-86.25845292899993,30.423041083000044],[-86.24815833199995,30.435980536000045],[-86.11742102799991,30.379339911000045],[-86.10777747299994,30.386704820000034],[-86.15147864499994,30.45726146000004],[-86.13825436099995,30.48314036700009],[-86.18203691299993,30.468817450000074],[-86.20714270699995,30.50486888200004],[-86.22325598899994,30.492254950000074],[-86.36790930899991,30.48314036700009],[-86.40835527299993,30.461411851000037],[-86.43980872299994,30.47614166900007],[-86.41266842399995,30.517971096000053],[-86.44640051999994,30.51634349200009],[-86.46043860599991,30.50023021000004],[-86.4883520169999,30.52411530200004],[-86.48460852799991,30.48004791900007],[-86.55406653599994,30.44550202000005],[-86.5899145169999,30.44521719000005],[-86.60228430899991,30.41828034100007],[-86.7825414699999,30.422308661000045],[-87.19408118399991,30.360296942000048],[-87.13809160099993,30.392645575000074],[-87.00523841099994,30.410223700000074],[-86.94017493399991,30.45648834800005],[-86.89378821499992,30.43891022300005],[-86.89240475199995,30.449652411000045],[-87.01353919199994,30.51129791900007],[-87.00934811099995,30.53538646000004],[-86.96068274599992,30.559515692000048],[-86.96812903599994,30.573187567000048],[-86.98721269399994,30.562567450000074],[-87.02961178299995,30.60732656500005],[-87.02122962099992,30.57965729400007],[-87.06753495999993,30.460598049000055],[-87.09292558499993,30.448919989000046],[-87.10960852799991,30.535956122000073],[-87.13133704299992,30.538397528000075],[-87.12511145699995,30.559515692000048],[-87.15440833199995,30.580552476000037],[-87.18057206899994,30.58466217700004],[-87.15680904899995,30.47451406500005],[-87.20238196499992,30.41893138200004],[-87.26292883999992,30.401271877000056],[-87.26602128799993,30.357163804000038],[-87.31012936099995,30.346625067000048],[-87.30654863199993,30.328558661000045],[-87.52920488199993,30.277736721000053],[-87.49571692599994,30.30565013200004],[-87.4473363919999,30.31313711100006],[-87.48204505099994,30.326117255000042],[-87.42145748599995,30.34003327000005],[-87.42682857999995,30.37457916900007],[-87.34561113199993,30.427679755000042],[-87.35850989499994,30.463324286000045],[-87.42682857999995,30.48314036700009],[-87.39207923099991,30.449652411000045],[-87.47370357999995,30.359198309000078],[-87.55719967399995,30.319281317000048],[-87.61180579299992,30.360296942000048],[-87.60558020699995,30.30565013200004],[-87.56456458199995,30.31313711100006],[-87.59015865799995,30.275376695000034],[-87.65453040299991,30.252101955000057],[-88.03014075399994,30.223781643000052],[-87.93578040299991,30.264593817000048],[-87.8750707669999,30.241522528000075],[-87.76423092399995,30.27952708500004],[-87.77623450399994,30.31313711100006],[-87.8308813139999,30.36399974200009],[-87.82127844999991,30.404689846000053],[-87.83446204299992,30.412502346000053],[-87.86563066299993,30.387600002000056],[-87.91136633999992,30.41356028900009],[-87.9407445949999,30.48314036700009],[-87.91030839799993,30.548976955000057],[-87.91246497299994,30.583726304000038],[-87.94253495999993,30.65973541900007],[-88.00625566299993,30.68781159100007],[-88.00987708199995,30.726629950000074],[-88.03014075399994,30.73769765800006],[-88.02301998599995,30.709377346000053],[-88.04381262899994,30.689195054000038],[-88.06289628799993,30.60447825700004],[-88.08458411399994,30.576157945000034],[-88.12010657499991,30.338324286000045],[-88.13768469999991,30.31976959800005],[-88.19408118399991,30.337103583000044],[-88.18712317599994,30.367743231000077],[-88.30382239499994,30.401271877000056],[-88.31749426999994,30.38076406500005],[-88.33543860599991,30.40387604400007],[-88.4031469389999,30.387600002000056],[-88.4075414699999,30.359320380000042],[-88.47057044199994,30.323879299000055],[-88.56773841099994,30.353583075000074],[-88.59121660099993,30.395005601000037],[-88.66222083199995,30.35455963700008],[-88.74205481699994,30.354071356000077],[-88.84585527299993,30.42259349200009],[-88.92764238199993,30.442206122000073],[-88.98228919199994,30.422308661000045],[-88.85936438699991,30.40810781500005],[-88.87608801999994,30.39520905200004],[-88.96861731699994,30.395005601000037],[-89.25348873599995,30.319281317000048],[-89.27334550699993,30.33079661700009],[-89.24974524599992,30.346625067000048],[-89.30016028599994,30.37653229400007],[-89.33193925699993,30.37714264500005],[-89.35558020699995,30.35032786700009],[-89.31867428299995,30.34320709800005],[-89.32054602799991,30.31207916900007],[-89.42105058499993,30.257798570000034],[-89.41380774599992,30.244696356000077],[-89.44253495999993,30.18976471600007],[-89.45518958199995,30.18154531500005],[-89.46825110599991,30.203273830000057],[-89.49107825399994,30.188666083000044],[-89.5235082669999,30.195786851000037],[-89.59593665299991,30.155910549000055],[-89.61290442599994,30.168524481000077],[-89.58556067599994,30.17527903900009],[-89.59601803299995,30.18699778900009],[-89.64329993399991,30.17527903900009],[-89.73607337099992,30.18496328300006],[-89.75145423099991,30.23737213700008],[-89.8262426419999,30.231594143000052],[-89.88377844999991,30.26471588700008],[-89.96914628799993,30.26471588700008],[-90.00389563699991,30.322699286000045],[-90.05850175699993,30.360296942000048],[-90.14346269399994,30.38507721600007],[-90.22240149599992,30.387600002000056],[-90.42845618399991,30.18895091400009],[-90.43297278599994,30.14329661700009],[-90.37999426999994,30.08038971600007],[-90.14517167899993,30.023830471000053],[-89.99644934799994,30.052435614000046],[-89.92731686099995,30.095526434000078],[-89.88044186099995,30.154852606000077],[-89.78880774599992,30.098863023000035],[-89.7363988919999,30.17527903900009],[-89.72891191299993,30.16168854400007],[-89.75690670499995,30.11391836100006],[-89.74323482999995,30.099554755000042],[-89.72891191299993,30.126898505000042],[-89.68342037699995,30.14004140800006],[-89.68358313699991,30.154242255000042],[-89.71198482999995,30.154771226000037],[-89.68114173099991,30.168524481000077],[-89.63955644399994,30.140570380000042],[-89.68114173099991,30.07636139500005],[-89.71898352799991,30.062323309000078],[-89.71792558499993,30.033270575000074],[-89.72891191299993,30.02448151200008],[-89.80044511599993,30.051214911000045],[-89.84040279899995,30.011419989000046],[-89.81114661399994,29.94717031500005],[-89.70840410099993,29.956203518000052],[-89.72891191299993,29.92206452000005],[-89.66454016799992,29.875474351000037],[-89.60240637899994,29.890773830000057],[-89.57559160099993,29.93105703300006],[-89.56558183499993,30.000921942000048],[-89.50308183499993,30.03074778900009],[-89.48623613199993,30.07636139500005],[-89.42731686099995,30.058661200000074],[-89.42731686099995,30.03807200700004],[-89.38634192599994,30.058661200000074],[-89.3660375639999,30.048651434000078],[-89.38011633999992,30.03192780200004],[-89.43472245999993,30.02448151200008],[-89.43472245999993,29.98969147300005],[-89.45470130099994,29.976385809000078],[-89.38634192599994,29.969875393000052],[-89.37022864499994,29.95075104400007],[-89.38174394399994,29.935532945000034],[-89.40078691299993,29.932114976000037],[-89.40746008999992,29.94879791900007],[-89.43472245999993,29.928900458000044],[-89.41364498599995,29.901556708000044],[-89.36953691299993,29.91864655200004],[-89.39378821499992,29.87986888200004],[-89.36644446499992,29.89411041900007],[-89.33169511599993,29.87986888200004],[-89.38011633999992,29.833319403000075],[-89.34532630099994,29.79169342700004],[-89.38634192599994,29.79791901200008],[-89.41364498599995,29.76439036700009],[-89.40746008999992,29.79169342700004],[-89.48253333199995,29.833319403000075],[-89.47809811099995,29.815659898000035],[-89.5325414699999,29.75584544500009],[-89.58556067599994,29.750799872000073],[-89.60147050699993,29.734849351000037],[-89.58556067599994,29.688706773000035],[-89.52212480399993,29.687323309000078],[-89.51048743399991,29.675034898000035],[-89.53091386599993,29.675034898000035],[-89.48253333199995,29.634100653000075],[-89.70225989499994,29.709784247000073],[-89.61969967399995,29.62726471600007],[-89.75690670499995,29.634100653000075],[-89.72276770699995,29.623195705000057],[-89.67804928299995,29.527899481000077],[-89.5235082669999,29.469631252000056],[-89.53742428299995,29.43500397300005],[-89.51667232999995,29.434800523000035],[-89.51895097599993,29.41815827000005],[-89.54458574099993,29.408148505000042],[-89.5398656889999,29.397772528000075],[-89.33678137899994,29.390570380000042],[-89.3809301419999,29.362941799000055],[-89.34227454299992,29.346096096000053],[-89.28136145699995,29.35761139500005],[-89.24445553299995,29.31598541900007],[-89.19709225199995,29.353461005000042],[-89.18834387899994,29.318793036000045],[-89.17406165299991,29.32562897300005],[-89.15355383999992,29.290838934000078],[-89.13988196499992,29.29828522300005],[-89.1126195949999,29.264146226000037],[-89.14736894399994,29.236802476000037],[-89.07135982999995,29.202826239000046],[-89.05797278599994,29.202093817000048],[-89.06480872299994,29.21637604400007],[-89.03246008999992,29.216620184000078],[-89.01016191299993,29.195868231000077],[-89.03062903599994,29.188421942000048],[-89.01016191299993,29.174750067000048],[-89.05113684799994,29.167914130000042],[-89.05113684799994,29.188421942000048],[-89.0969945949999,29.15961334800005],[-89.0989477199999,29.147406317000048],[-89.02318274599992,29.147406317000048],[-89.06480872299994,29.086004950000074],[-89.07152258999992,29.112494208000044],[-89.0989477199999,29.119533596000053],[-89.08462480399993,29.078558661000045],[-89.10578365799995,29.099676825000074],[-89.15050208199995,29.048163153000075],[-89.13365637899994,28.996242580000057],[-89.15778561099995,28.99746328300006],[-89.24767005099994,29.105902411000045],[-89.24974524599992,29.064886786000045],[-89.30955969999991,29.05019765800006],[-89.37401282499991,28.94745514500005],[-89.41364498599995,28.92837148600006],[-89.40746008999992,28.969305731000077],[-89.35558020699995,29.02049388200004],[-89.35216223899994,29.05805084800005],[-89.3118383449999,29.072333075000074],[-89.2761938139999,29.160101630000042],[-89.29067949099993,29.16111888200004],[-89.30435136599993,29.12693919500009],[-89.32176673099991,29.18195221600007],[-89.32485917899993,29.119533596000053],[-89.38365637899994,29.087836005000042],[-89.40489661399994,29.122870184000078],[-89.3985082669999,29.141913153000075],[-89.42731686099995,29.15493398600006],[-89.48253333199995,29.243068752000056],[-89.45518958199995,29.250474351000037],[-89.49510657499991,29.259507554000038],[-89.50609290299991,29.250148830000057],[-89.49620520699995,29.229396877000056],[-89.6082250639999,29.25604889500005],[-89.62267005099994,29.28514232000009],[-89.6620041509999,29.300930209000057],[-89.81814592099994,29.31615996000005],[-89.7577051049999,29.343163106000077],[-89.7438055799999,29.369842817000062],[-89.75009984499991,29.39219522800005],[-89.77733313699991,29.380194403000075],[-89.77550208199995,29.420803127000056],[-89.81981360599991,29.41705963700008],[-89.83193925699993,29.442287502000056],[-89.81631425699993,29.474351304000038],[-89.85171464799993,29.48004791900007],[-89.86025956899994,29.443752346000053],[-89.90770423099991,29.477036851000037],[-89.94163977799991,29.46442291900007],[-90.09947669199994,29.544663804000038],[-90.1297094389999,29.544663804000038],[-90.12743079299992,29.524237372000073],[-90.18203691299993,29.57949453300006],[-90.20933997299994,29.53847890800006],[-90.18203691299993,29.531683661000045],[-90.21556555899991,29.524237372000073],[-90.2102758449999,29.51512278900009],[-90.02375240799995,29.428615627000056],[-90.05052649599992,29.40729401200008],[-90.03742428299995,29.33926015800006],[-90.05850175699993,29.359767971000053],[-90.04751542899993,29.325018622000073],[-90.01756751199991,29.29828522300005],[-90.03742428299995,29.290838934000078],[-90.06745357999995,29.31012604400007],[-90.06476803299995,29.28461334800005],[-90.0950414699999,29.28384023600006],[-90.09996497299994,29.253851630000042],[-90.08385169199994,29.225409247000073],[-90.05109615799995,29.229396877000056],[-90.08023027299993,29.174709377000056],[-90.13076738199993,29.132025458000044],[-90.22923743399991,29.08665599200009],[-90.24404863199993,29.091498114000046],[-90.23973548099991,29.13182200700004],[-90.27131100199995,29.16742584800005],[-90.25035559799994,29.236802476000037],[-90.26081295499995,29.269476630000042],[-90.28746497299994,29.235174872000073],[-90.33910071499992,29.31126536700009],[-90.35985266799992,29.30337148600006],[-90.39370683499993,29.243068752000056],[-90.39370683499993,29.29828522300005],[-90.43443762899994,29.357245184000078],[-90.48306230399993,29.290838934000078],[-90.49644934799994,29.30613841400009],[-90.52745520699995,29.290838934000078],[-90.56200110599991,29.300726630000042],[-90.56932532499991,29.320705471000053],[-90.60277258999992,29.307562567000048],[-90.60724850199995,29.290838934000078],[-90.57925370999993,29.28461334800005],[-90.59821529899995,29.24433014500005],[-90.58551998599995,29.229396877000056],[-90.59528561099995,29.218573309000078],[-90.6270238919999,29.23574453300006],[-90.64073645699995,29.14061107000009],[-90.66368567599994,29.164618231000077],[-90.69786536399994,29.12177155200004],[-90.74323482999995,29.13084544500009],[-90.75796464799993,29.11591217700004],[-90.80524654899995,29.12693919500009],[-90.76984615799995,29.14911530200004],[-90.77725175699993,29.167914130000042],[-90.79531816299993,29.160630601000037],[-90.84618079299992,29.182196356000077],[-90.84414628799993,29.15729401200008],[-90.88402258999992,29.13377513200004],[-90.95518958199995,29.18573639500005],[-91.01065019399994,29.182196356000077],[-90.99014238199993,29.208929755000042],[-90.99925696499992,29.218085028000075],[-91.03099524599992,29.224310614000046],[-91.0501195949999,29.197007554000038],[-91.07957923099991,29.195868231000077],[-91.12393144399994,29.223211981000077],[-91.28514563699991,29.260891018000052],[-91.32799231699994,29.294867255000042],[-91.33967037699995,29.33926015800006],[-91.32949785099993,29.323919989000046],[-91.29312089799993,29.32322825700004],[-91.24657141799992,29.378119208000044],[-91.22297115799995,29.380194403000075],[-91.2149145169999,29.34332916900007],[-91.19131425699993,29.33144765800006],[-91.16148841099994,29.33926015800006],[-91.17577063699991,29.277777411000045],[-91.15404212099992,29.250474351000037],[-91.11310787699995,29.27098216400009],[-91.12734941299993,29.28461334800005],[-91.10985266799992,29.316555080000057],[-91.12157141799992,29.33812083500004],[-91.21983801999994,29.404445705000057],[-91.22297115799995,29.434800523000035],[-91.26256262899994,29.46906159100007],[-91.26329505099994,29.522284247000073],[-91.22008216099994,29.56940338700008],[-91.22838294199994,29.60805898600006],[-91.25767981699994,29.61359284100007],[-91.24779212099992,29.59052155200004],[-91.28189042899993,29.555568752000056],[-91.27818762899994,29.524237372000073],[-91.29865475199995,29.48383209800005],[-91.4238988919999,29.521185614000046],[-91.41515051999994,29.55683014500005],[-91.4290258449999,29.56582265800006],[-91.49323482999995,29.539618231000077],[-91.55931555899991,29.53847890800006],[-91.54124915299991,29.56903717700004],[-91.56078040299991,29.64248281500005],[-91.6133520169999,29.634100653000075],[-91.64415442599994,29.64516836100006],[-91.63792883999992,29.74209219000005],[-91.77843176999994,29.748480536000045],[-91.85846920499995,29.71906159100007],[-91.87441972599993,29.778143622000073],[-91.8535863919999,29.80536530200004],[-91.82945716099994,29.784409898000035],[-91.82628333199995,29.801703192000048],[-91.84752356699994,29.831244208000044],[-91.90672766799992,29.837103583000044],[-91.93350175699993,29.81940338700008],[-91.9844457669999,29.831976630000042],[-92.00047766799992,29.798895575000074],[-92.08641516799992,29.771470445000034],[-92.13463294199994,29.736151434000078],[-92.14899654899995,29.736476955000057],[-92.13646399599992,29.745306708000044],[-92.14146887899994,29.766913153000075],[-92.15831458199995,29.771226304000038],[-92.17568925699993,29.750799872000073],[-92.20238196499992,29.76439036700009],[-92.17227128799993,29.69550202000005],[-92.09996497299994,29.709784247000073],[-92.14150956899994,29.688706773000035],[-92.10741126199991,29.620428778000075],[-92.06017005099994,29.63694896000004],[-92.02489173099991,29.62726471600007],[-92.06737219999991,29.616156317000048],[-92.07331295499995,29.60614655200004],[-92.0528051419999,29.59992096600007],[-92.06590735599991,29.587836005000042],[-92.13686501599994,29.586862460000077],[-92.27649313299992,29.533836437000048],[-92.31430732699994,29.53436857400004],[-92.6830579459999,29.604132864000064],[-93.02684485599991,29.732855536000045],[-93.1995929499999,29.77281118800005],[-93.55851309299993,29.76312099100005],[-93.73937984299994,29.737247514000046],[-93.8310278269999,29.700134882000043],[-93.8791551839999,29.749883544000056],[-93.89369709399995,29.79081447300007],[-93.8882383909999,29.807175275000077],[-93.82066781899994,29.82421374800009],[-93.78194133199992,29.85651491100009],[-93.75995235399995,29.960576139000068],[-93.78890095999992,29.98506584900008],[-93.85407467399995,29.98655833500004],[-93.92439858799992,29.865621589000057],[-93.93811194999995,29.80590269000004],[-93.9327117119999,29.776194375000046],[-93.85993404899995,29.692572333000044],[-93.8758031889999,29.675034898000035],[-94.03758704299992,29.684027411000045],[-94.10195878799993,29.67059967700004],[-94.65428626199991,29.45189036700009],[-94.76276607999995,29.366522528000075],[-94.79063880099994,29.380031643000052],[-94.70099850199995,29.46279531500005],[-94.63003495999993,29.485663153000075],[-94.5808813139999,29.524237372000073],[-94.50446529899995,29.52602773600006],[-94.48595130099994,29.566107489000046],[-94.51012122299994,29.54901764500005],[-94.56143144399994,29.574611721000053],[-94.6054481779999,29.552650016000086],[-94.77905017199993,29.529876915000045],[-94.78508043599993,29.54693368800008],[-94.7612740749999,29.543918331000043],[-94.71613838999991,29.61140815600004],[-94.69274089399994,29.696340139000085],[-94.70353180799992,29.75136155200005],[-94.73405499899991,29.782240880000074],[-94.7947923609999,29.771705170000075],[-94.80674323599993,29.781989296000063],[-94.87607624399993,29.665842342000076],[-94.91959650099994,29.655327353000075],[-94.9383167599999,29.68965262100005],[-95.05228023199993,29.74974817000009],[-95.06407630099994,29.71287669500009],[-94.9858013839999,29.674985390000074],[-95.0157232649999,29.64452245700005],[-94.98451850799995,29.60612019000007],[-95.02391516799992,29.542181708000044],[-94.98391111199993,29.513819470000044],[-94.90779828199993,29.496309994000057],[-94.92350621799994,29.475557837000053],[-94.96507727799991,29.469631252000056],[-94.9429418609999,29.422023830000057],[-94.9173070949999,29.421128648000035],[-94.9173070949999,29.442287502000056],[-94.88955644399994,29.400824286000045],[-94.8211156889999,29.373968817000048],[-94.88882402299993,29.37596263200004],[-94.9129125639999,29.315578518000052],[-94.95079505099994,29.318793036000045],[-94.99917558499993,29.28461334800005],[-95.06517493399991,29.20416901200008],[-95.11587480399993,29.174750067000048],[-95.12425696499992,29.19354889500005],[-95.17052161399994,29.208929755000042],[-95.15001380099994,29.174750067000048],[-95.15892493399991,29.045721747000073],[-95.25999915299991,28.981756903000075],[-95.36774654899995,28.887152411000045],[-95.41917883999992,28.872300523000035],[-95.60191809799994,28.76386139500005],[-95.68887285099993,28.73631419500009],[-95.81737219999991,28.732489325000074],[-95.9519750639999,28.688706773000035],[-95.95592200399994,28.632635809000078],[-95.94017493399991,28.62571849200009],[-95.79344641799992,28.69944896000004],[-95.71922766799992,28.71548086100006],[-95.83714758999992,28.64647044500009],[-96.00511633999992,28.596502997000073],[-96.06627356699994,28.553859768000052],[-96.21886145699995,28.489488023000035],[-96.16087805899991,28.537258205000057],[-95.98493404899995,28.613104559000078],[-95.98778235599991,28.64484284100007],[-96.02643795499995,28.65102773600006],[-96.22647050699993,28.587144273000035],[-96.20474199099993,28.610581773000035],[-96.13687089799993,28.626654364000046],[-96.21544348899994,28.629380601000037],[-96.18805904899995,28.69086334800005],[-96.23082434799994,28.69281647300005],[-96.26667232999995,28.675116278000075],[-96.26040605399993,28.688706773000035],[-96.3457738919999,28.635321356000077],[-96.3902074859999,28.688706773000035],[-96.38329016799992,28.73004791900007],[-96.39761308499993,28.743394273000035],[-96.41685950399994,28.729722398000035],[-96.44481360599991,28.76386139500005],[-96.42430579299992,28.708644924000055],[-96.39761308499993,28.712062893000052],[-96.41685950399994,28.688706773000035],[-96.4168188139999,28.643703518000052],[-96.36969967399995,28.626654364000046],[-96.42764238199993,28.595404364000046],[-96.49323482999995,28.578924872000073],[-96.44481360599991,28.597357489000046],[-96.44713294199994,28.635646877000056],[-96.48468990799995,28.612616278000075],[-96.4973852199999,28.64476146000004],[-96.55467688699991,28.64716217700004],[-96.57852128799993,28.712062893000052],[-96.65086829299992,28.729722398000035],[-96.64565995999993,28.68707916900007],[-96.60488847599993,28.630560614000046],[-96.60863196499992,28.578924872000073],[-96.52037512899994,28.549221096000053],[-96.49323482999995,28.510646877000056],[-96.55467688699991,28.486070054000038],[-96.54759680899991,28.469305731000077],[-96.47350012899994,28.49355703300006],[-96.40680904899995,28.458726304000038],[-96.40379798099991,28.434881903000075],[-96.65371660099993,28.319484768000052],[-96.69831295499995,28.335882880000042],[-96.70921790299991,28.39984772300005],[-96.7417699859999,28.410589911000045],[-96.74644934799994,28.434881903000075],[-96.79332434799994,28.479722398000035],[-96.8133031889999,28.45799388200004],[-96.77745520699995,28.43740469000005],[-96.76695716099994,28.410711981000077],[-96.77513587099992,28.400458075000074],[-96.82835852799991,28.42869700700004],[-96.84447180899991,28.41559479400007],[-96.78115800699993,28.331854559000078],[-96.80125891799992,28.279120184000078],[-96.78233801999994,28.24160390800006],[-96.88023841099994,28.15062083500004],[-96.94505774599992,28.12645091400009],[-96.91030839799993,28.195257880000042],[-96.92471269399994,28.214097398000035],[-96.91030839799993,28.263617255000042],[-96.95933997299994,28.215765692000048],[-96.9434301419999,28.191351630000042],[-96.97301184799994,28.133937893000052],[-97.02017167899993,28.14008209800005],[-97.00649980399993,28.15375397300005],[-97.01398678299995,28.20897044500009],[-97.11021887899994,28.153631903000075],[-97.1375219389999,28.14752838700008],[-97.13084876199991,28.15778229400007],[-97.15265865799995,28.169256903000075],[-97.17324785099993,28.159002997000073],[-97.17320716099994,28.138373114000046],[-97.15733801999994,28.13385651200008],[-97.21751868399991,28.074774481000077],[-97.15428626199991,28.044623114000046],[-97.14907792899993,28.005519924000055],[-97.10610917899993,28.07094961100006],[-97.0574438139999,28.088812567000048],[-97.03441321499992,28.119574286000045],[-97.0210668609999,28.10032786700009],[-97.02749589799993,28.03668854400007],[-97.18407141799992,27.83661530200004],[-97.2324926419999,27.824774481000077],[-97.21198482999995,27.83222077000005],[-97.26720130099994,27.879380601000037],[-97.35594641799992,27.85956452000005],[-97.34227454299992,27.879380601000037],[-97.45213782499991,27.873195705000057],[-97.46580969999991,27.85956452000005],[-97.50059973899994,27.879380601000037],[-97.5210668609999,27.873195705000057],[-97.48704993399991,27.835272528000075],[-97.40982011599993,27.83234284100007],[-97.39073645699995,27.84589264500005],[-97.39403235599991,27.801703192000048],[-97.37181555899991,27.75531647300005],[-97.25959225199995,27.695054429000038],[-97.41120357999995,27.33502838700008],[-97.50841223899994,27.282416083000044],[-97.54157467399995,27.290350653000075],[-97.49315344999991,27.317694403000075],[-97.50674394399994,27.331284898000035],[-97.46129309799994,27.34365469000005],[-97.48936926999994,27.35065338700008],[-97.48692786399994,27.400213934000078],[-97.54157467399995,27.36546458500004],[-97.53408769399994,27.35175202000005],[-97.56883704299992,27.331284898000035],[-97.58470618399991,27.34178294500009],[-97.60619055899991,27.299709377000056],[-97.63023841099994,27.30023834800005],[-97.71764075399994,27.427435614000046],[-97.77428137899994,27.468491929000038],[-97.7259008449999,27.393377997000073],[-97.74014238199993,27.393377997000073],[-97.69176184799994,27.34048086100006],[-97.7122289699999,27.331284898000035],[-97.70665442599994,27.317694403000075],[-97.6870824859999,27.325140692000048],[-97.66763261599993,27.31085846600007],[-97.70069803299992,27.285942942000077],[-97.77428137899994,27.297796942000048],[-97.7605688139999,27.279120184000078],[-97.65888531899992,27.27412188900007],[-97.62952235699993,27.24466093500007],[-97.52112737399995,27.232190847000084],[-97.44011763799995,27.272232046000056],[-97.42609615799995,27.26365794500009],[-97.45836341099994,27.17479075700004],[-97.44595292899993,27.13271719000005],[-97.49819902299993,27.100734768000052],[-97.48155676999994,27.074286200000074],[-97.49315344999991,27.063788153000075],[-97.48070227799991,27.021958726000037],[-97.55020097599993,27.00918203300006],[-97.56281490799995,26.99371979400007],[-97.54552161399994,26.91864655200004],[-97.48131262899994,26.87763092700004],[-97.49315344999991,26.858343817000048],[-97.5484106109999,26.89988841400009],[-97.56200110599991,26.83787669500009],[-97.49303137899994,26.79173411700009],[-97.41860917899993,26.502020575000074],[-97.4317113919999,26.523179429000038],[-97.47264563699991,26.495835679000038],[-97.43854732999995,26.485296942000048],[-97.44786536399994,26.42015208500004],[-97.41706295499995,26.415187893000052],[-97.40501868399991,26.378566799000055],[-97.37022864499994,26.372300523000035],[-97.37706458199995,26.337591864000046],[-97.35191809799994,26.35382721600007],[-97.34019934799994,26.341620184000078],[-97.36107337099992,26.28579336100006],[-97.31578528599994,26.264878648000035],[-97.32925370999993,26.242010809000078],[-97.30874589799993,26.20107656500005],[-97.31053626199991,26.12327708500004],[-97.27623450399994,26.10065338700008],[-97.21198482999995,26.09121328300006],[-97.22215735599991,26.06708405200004],[-97.24669348899994,26.070705471000053],[-97.25560462099992,25.998928127000056],[-97.23623613199993,25.984198309000078],[-97.19261633999992,26.011542059000078],[-97.1753637359999,26.070868231000077],[-97.15184485599991,26.075018622000073],[-97.1375219389999,25.97451406500005],[-97.26635799199994,25.960638733000067],[-97.26920019499994,25.944360657000047],[-97.31098059099989,25.92208811400009],[-97.32844722499993,25.933301900000046],[-97.35511226399987,25.91278635700006],[-97.34573299199991,25.852221578000112],[-97.36599015299993,25.843901673000047],[-97.38989050399991,25.865657451000047],[-97.42541805099987,25.8548570760001],[-97.44825903299997,25.892322490000097],[-97.52027014199984,25.91278635700006],[-97.65987402399989,26.030660299000075],[-97.76694759099988,26.039651998000025],[-97.80201005099991,26.063733215000084],[-98.01305659999994,26.063681539000058],[-98.06545650299998,26.04218414300003],[-98.08331071099994,26.07091624000013],[-98.22265620999988,26.07541208900004],[-98.30042924099993,26.111430562000024],[-98.33926407899989,26.15985138000009],[-98.37727209499991,26.16357208300009],[-98.36933976299994,26.19400950200007],[-98.4288451749999,26.217728984000118],[-98.45654374199984,26.225945536000054],[-98.47238256899993,26.207652079000084],[-98.49294978899994,26.230596415000022],[-98.58162654599991,26.262274068000025],[-98.6536634929999,26.24429067000004],[-98.7022393389999,26.27162750300006],[-98.69146480399988,26.290231019000103],[-98.70141251699997,26.299119365000124],[-98.73991145899993,26.30325347900005],[-98.7463968509999,26.332140605000106],[-98.80132889899991,26.37213816300006],[-98.89302872799993,26.36784902000001],[-98.92989986199986,26.392240295000036],[-98.94537695399995,26.378287659000037],[-98.9628435879999,26.399526673000096],[-99.01051509599995,26.392602031000123],[-99.10642655499991,26.423039450000104],[-99.09149206599996,26.484017639000072],[-99.11510819499996,26.525617167000078],[-99.1648725999999,26.540448303000105],[-99.24827836199987,26.827097472999995],[-99.38617692099993,26.962231344000102],[-99.3993285729999,27.012667542000102],[-99.42465002499998,27.017886862000026],[-99.46172786499994,27.05695424400004],[-99.43940364599989,27.09834706700009],[-99.45245194599993,27.125012106000028],[-99.43198807799988,27.20759104400007],[-99.45183182799987,27.261179504000026],[-99.52136246799995,27.311253967000127],[-99.4975913089999,27.338797506000034],[-99.4729158129999,27.42664744100007],[-99.48040889499993,27.4907778930001],[-99.50950272699993,27.500027974000105],[-99.51500626599993,27.5886013800001],[-99.60016902699996,27.64642730700011],[-99.64486914099992,27.63273305200009],[-99.66473872999991,27.659398092000018],[-99.7003696299999,27.659191386000074],[-99.74044470299988,27.722159119000068],[-99.83291967799991,27.77675526900002],[-99.86335709699998,27.804660543000082],[-99.86335709699998,27.845665792000133],[-99.88800675499988,27.86481191000003],[-99.88134049599996,27.90646311500005],[-99.92991634199987,27.946331482000076],[-99.93968318799992,27.961085104000105],[-99.92828853399992,27.975761210000073],[-99.9911270759999,28.007800599000078],[-100.01019567899988,28.06888214100009],[-100.04507727099985,28.095288799000073],[-100.05649776199995,28.137921855000045],[-100.18920283999991,28.201328838000066],[-100.20594600499996,28.242876689000056],[-100.27508907199986,28.277241516000103],[-100.2785513919999,28.33108835900002],[-100.32263138899987,28.3868989060001],[-100.33632564399988,28.458574117000055],[-100.3555492759999,28.478185323000005],[-100.35162186799994,28.49671132500002],[-100.32263138899987,28.51040557900005],[-100.3842296959999,28.53717397100003],[-100.40143794799988,28.602260437000027],[-100.44618973899993,28.626496684000088],[-100.49393876199991,28.708377991000035],[-100.53445308499992,28.83023101800005],[-100.56623409099986,28.842504171000073],[-100.56623409099986,28.869789326999992],[-100.62431839999994,28.924721375000033],[-100.63279333499993,29.00515574200007],[-100.66896683799987,29.116208394000054],[-100.70203975499994,29.12364980000008],[-100.76250118099998,29.17377594],[-100.76208776899996,29.20865753200006],[-100.79614253799993,29.257672628000094],[-101.00806758599991,29.380585022999995],[-101.03778153599988,29.460063375000075],[-101.13477819799994,29.487658590000066],[-101.21286128799994,29.531583558000094],[-101.22647802799995,29.554450378000027],[-101.21901078299992,29.610286764000094],[-101.23391943399987,29.622663269000057],[-101.31215755199993,29.597858581000125],[-101.30107295799992,29.649509176000052],[-101.3576844899999,29.667440898000038],[-101.40654455599987,29.752887879000056],[-101.40509761599988,29.77844187400008],[-101.44610286499992,29.77105214400008],[-101.47090755299986,29.79151601200003],[-101.52180883899989,29.765936178000075],[-101.54289282299992,29.77105214400008],[-101.52860428999993,29.801437887000034],[-101.54645849699989,29.820144755000015],[-101.5649069829999,29.78647756000008],[-101.63221553599989,29.77565134700002],[-101.79453120999989,29.795856832000098],[-101.8059775399999,29.811928202999994],[-101.9296134039999,29.797717183000103],[-101.97224646099997,29.81818105100008],[-101.98793025699985,29.80518442800006],[-102.10934403499992,29.802109681000033],[-102.32101070199994,29.893938700000078],[-102.37072342999994,29.857765198000052],[-102.38005102599989,29.811385600000037],[-102.40609594799986,29.777279155000073],[-102.51528824899992,29.7847205610001],[-102.54657832899993,29.757874654000105],[-102.5667579759999,29.77105214400008],[-102.69103979499988,29.736816508000075],[-102.73126989799991,29.65059438100006],[-102.77966487699986,29.59230336600011],[-102.78075008199995,29.55824859700006],[-102.8390669359999,29.45195017500008],[-102.83767167199991,29.36632232700002],[-102.88306941799995,29.343765564000066],[-102.89970922899997,29.26389963800007],[-102.85878149399986,29.22914723700005],[-102.8968928629999,29.220284730000046],[-102.94753576699988,29.182018331000037],[-102.9697566329999,29.192844543000078],[-102.98838598699987,29.1771349080001],[-103.02427526899992,29.116156718000028],[-103.10468379799997,29.057865702000086],[-103.12277054899988,28.996474101000032],[-103.14798864799994,28.985105286000035],[-103.30154516699986,29.002365214000022],[-103.31624711199994,29.010065002000104],[-103.30999426299987,29.031174825000036],[-103.33048396899991,29.02373341900004],[-103.34260209199991,29.04122589200007],[-103.38663041199987,29.028797710000006],[-103.47853694699985,29.082050273000064],[-103.55023799699993,29.154655660000103],[-103.67312455299992,29.173569235000045],[-103.77076717199995,29.229844869000132],[-103.78366044199994,29.27480336500004],[-103.92812190799991,29.293019308000098],[-104.05731298899991,29.3390371710001],[-104.16164770599995,29.41675852500002],[-104.21229060899991,29.484661357000064],[-104.26717097999992,29.52657094300004],[-104.33848445699991,29.524012960000064],[-104.44400773199987,29.589202779000075],[-104.45522151799992,29.613387350000053],[-104.53082413799987,29.667905986000065],[-104.57027909399997,29.787511089000063],[-104.6196817629999,29.83306386400004],[-104.63758764699988,29.88799591100006],[-104.68047908599992,29.942307841000016],[-104.70158890799986,30.055324199000026],[-104.68156429099992,30.192938538000092],[-104.85325923699988,30.41214996400008],[-104.8592537039999,30.497261048],[-104.9343395599999,30.610535787000074],[-104.98276037599994,30.620716044000048],[-105.00849523999995,30.676991679000125],[-105.08704341699989,30.70980621400004],[-105.20491735899992,30.802410381000087],[-105.2490490329999,30.798844706000025],[-105.36377071199988,30.850366109000035],[-105.5559553639999,31.002604879000003],[-105.5909403079999,31.0714378870001],[-105.76819047099987,31.180010071000098],[-105.86198319499994,31.288375550000055],[-105.9280515139999,31.3264610800001],[-105.9612019459999,31.371006164999997],[-106.2092488199999,31.477304586000074],[-106.28629838099994,31.580140687000025],[-106.33130855399988,31.68214996300013],[-106.39176997999989,31.74591868100005],[-106.51718867999996,31.773823954000036]]],[[[-118.42904342299994,32.802872774000036],[-118.49914971899994,32.85062791900009],[-118.60721528699992,33.03085635200006],[-118.56436711299995,33.02376211100005],[-118.50442405699994,32.94132922400007],[-118.35094153599994,32.81867096600007],[-118.38418070099993,32.82439135700008],[-118.42904342299994,32.802872774000036]]],[[[-119.45658263299993,33.21598048700008],[-119.54418833299991,33.231319744000075],[-119.5778941289999,33.27930804400006],[-119.53210348999994,33.28627825800004],[-119.46220396799993,33.256544526000084],[-119.43446258299991,33.231317053000055],[-119.45658263299993,33.21598048700008]]],[[[-118.56673559899991,33.43685601400006],[-118.6039133679999,33.47658899900006],[-118.5358608379999,33.47727816200006],[-118.49877032099994,33.44266571300005],[-118.47690071499994,33.447445403000074],[-118.3692064839999,33.40839266200004],[-118.3682894609999,33.389002583000035],[-118.30866539599992,33.33642000100008],[-118.3043401139999,33.30904002300008],[-118.3260349069999,33.29863279700004],[-118.37479615899991,33.31951177900004],[-118.46358558599991,33.323514310000064],[-118.48958155899993,33.35849893900007],[-118.47487230999991,33.382370955000056],[-118.48634580099991,33.41596784400008],[-118.56673559899991,33.43685601400006]]],[[[-118.2613263419999,33.725000144000035],[-118.24432006199993,33.73429096000007],[-118.24899386399994,33.74942726000006],[-118.26861511099992,33.72893144600005],[-118.26750609599992,33.747028786000044],[-118.22657762499995,33.76544958300008],[-118.2438782299999,33.750844216000075],[-118.23634610999994,33.728046034000045],[-118.2455714969999,33.71487945800004],[-118.2613263419999,33.725000144000035]]],[[[-119.98040727299991,33.98346712400007],[-119.96883015999992,33.94111657900004],[-120.12420565499991,33.89508637700004],[-120.17560998499994,33.922231553000074],[-120.24851670499993,34.00112715800009],[-120.04413872999993,34.03727270500008],[-120.04700351399993,34.00381258200008],[-120.0083373889999,33.97902667000005],[-119.98040727299991,33.98346712400007]]],[[[-119.64545736799994,33.98621247500006],[-119.7195120419999,33.959134293000034],[-119.85076733199992,33.967383031000054],[-119.88126199699991,33.99134937100007],[-119.8772218019999,34.032482766000044],[-119.93301909299993,34.06022914600004],[-119.91722485799994,34.078820327000074],[-119.80699622299994,34.051947333000044],[-119.75926250499992,34.055808821000085],[-119.6853598209999,34.01987128900004],[-119.63318266599993,34.01363500700006],[-119.61007932599995,34.03964593900008],[-119.56493079299992,34.05532461100006],[-119.5214942259999,34.03429132900004],[-119.55952121899992,33.99430864900006],[-119.64545736799994,33.98621247500006]]],[[[-120.30655653399992,34.02639704400008],[-120.42376955399993,34.024945950000074],[-120.44920267599991,34.03586596300005],[-120.36906802899995,34.076225100000045],[-120.3560177739999,34.04708095600006],[-120.3303011409999,34.04717481300008],[-120.30655653399992,34.02639704400008]]],[[[-123.31566112899992,46.148536334000084],[-123.41104639299994,46.175079562000064],[-123.41708489099994,46.20484238700004],[-123.31566112899992,46.148536334000084]]],[[[-123.4778060189999,46.23609268000007],[-123.48074680299993,46.255943786000046],[-123.43668424799989,46.220399101000055],[-123.44084031199992,46.21324806000007],[-123.4778060189999,46.23609268000007]]],[[[-123.97471625899993,46.440181221000046],[-123.9977626189999,46.45339725700006],[-123.98110917899993,46.49746328300006],[-123.94818019999991,46.46419014800006],[-123.9455307959999,46.41764703400008],[-123.96412107099991,46.40679058000006],[-123.97471625899993,46.440181221000046]]],[[[-122.70677649599992,47.12396881700005],[-122.7464086579999,47.15371328300006],[-122.7180883449999,47.18060944200005],[-122.67560787699995,47.17633698100008],[-122.6770727199999,47.139553127000056],[-122.70677649599992,47.12396881700005]]],[[[-122.8596899079999,47.177720445000034],[-122.87946529899995,47.17206452000005],[-122.9219457669999,47.237209377000056],[-122.90493730399993,47.27826569200005],[-122.84691321499992,47.298041083000044],[-122.86815344999991,47.26829661700003],[-122.86953691299993,47.24286530200004],[-122.84829667899993,47.22020091400009],[-122.8596899079999,47.177720445000034]]],[[[-122.46922766799992,47.336371161000045],[-122.47378495999993,47.36286041900007],[-122.44225012899994,47.382513739000046],[-122.44640051999994,47.40058014500005],[-122.48542232999989,47.37982819200005],[-122.50340735599991,47.33152903900009],[-122.53148352799991,47.35691966400009],[-122.51024329299992,47.45579661700003],[-122.45563717399995,47.500881252000056],[-122.46206620999993,47.486761786000045],[-122.42243404899995,47.40884023600006],[-122.36681067599994,47.38353099200003],[-122.46922766799992,47.336371161000045]]],[[[-122.54234778599994,47.59552643400008],[-122.57787024599992,47.601548570000034],[-122.5676977199999,47.62958405200004],[-122.5789281889999,47.66937897300005],[-122.54792232999989,47.71698639500005],[-122.51097571499992,47.69586823100008],[-122.48985755099994,47.64126211100006],[-122.51097571499992,47.62759023600006],[-122.48037675699993,47.58685944200005],[-122.52086341099994,47.57396067900004],[-122.54234778599994,47.59552643400008]]],[[[-122.70018469999991,48.00775788000004],[-122.74087480399993,48.07436758000006],[-122.7293188139999,48.08299388200004],[-122.71629798099991,48.04828522300005],[-122.7019750639999,48.04922109600005],[-122.7293188139999,48.09674713700008],[-122.71890214799993,48.10224030200004],[-122.70116126199991,48.09760163000004],[-122.67711341099994,48.04865143400008],[-122.68150794199994,48.00726959800005],[-122.70018469999991,48.00775788000004]]],[[[-122.38670813699991,47.90493398600006],[-122.40038001199991,47.919175523000035],[-122.44131425699993,47.91547272300005],[-122.44969641799992,47.95945872600004],[-122.47606360599991,47.98688385600008],[-122.51768958199995,47.96629466400009],[-122.56200110599991,47.98737213700008],[-122.61485755099994,48.07489655200004],[-122.60724850199995,48.15375397300005],[-122.62295488199993,48.163316148000035],[-122.66844641799992,48.15058014500005],[-122.74413001199991,48.20587799700007],[-122.75121008999992,48.24994538000004],[-122.6565649079999,48.38507721600007],[-122.5957738919999,48.40192291900007],[-122.5777074859999,48.356675523000035],[-122.51598059799994,48.321966864000046],[-122.51756751199991,48.29401276200008],[-122.54637610599991,48.28139883000006],[-122.59398352799991,48.307928778000075],[-122.62743079299992,48.267279364000046],[-122.64126542899993,48.287990627000056],[-122.65135657499991,48.24994538000004],[-122.72370357999989,48.23379140800006],[-122.71007239499994,48.22142161700003],[-122.6519262359999,48.22406647300005],[-122.58063717399995,48.18846263200004],[-122.53551184799994,48.005926825000074],[-122.51024329299992,48.035223700000074],[-122.52285722599993,48.057074286000045],[-122.51402747299994,48.09076569200005],[-122.38109290299991,48.01581452000005],[-122.34679114499994,47.95058828300006],[-122.38670813699991,47.90493398600006]]],[[[-122.82774817599994,48.41738515800006],[-122.88988196499992,48.42413971600007],[-122.88345292899993,48.441473700000074],[-122.93761145699995,48.458319403000075],[-122.93700110599991,48.49323151200008],[-122.91030839799993,48.51357656500005],[-122.91698157499991,48.533636786000045],[-122.88707434799994,48.563666083000044],[-122.86074785099993,48.53961823100008],[-122.85846920499989,48.47284577000005],[-122.83629309799994,48.45994700700004],[-122.82095292899993,48.47260163000004],[-122.80833899599992,48.458197333000044],[-122.82774817599994,48.41738515800006]]],[[[-122.96495520699995,48.45148346600007],[-123.03001868399991,48.45380280200004],[-123.06541907499991,48.478501695000034],[-123.13931230399993,48.49583567900004],[-123.17756100199995,48.598822333000044],[-123.12913977799991,48.62006256700005],[-122.97765051999994,48.531317450000074],[-123.02017167899993,48.499335028000075],[-122.96495520699995,48.45148346600007]]],[[[-122.71434485599991,48.54193756700005],[-122.73704993399991,48.57713450700004],[-122.71548417899993,48.60602448100008],[-122.67454993399991,48.568793036000045],[-122.68805904899995,48.54702383000006],[-122.71434485599991,48.54193756700005]]],[[[-122.82095292899993,48.60911692900004],[-122.89635169199994,48.69977448100008],[-122.91030839799993,48.657538153000075],[-122.86192786399994,48.60171133000006],[-122.87437903599994,48.593736070000034],[-122.93333899599992,48.59275950700004],[-122.98009192599994,48.63861725500004],[-122.99705969999991,48.59715403900009],[-123.02635657499991,48.63646067900004],[-122.92931067599994,48.70844147300005],[-122.85781816299993,48.708685614000046],[-122.74583899599992,48.66437409100007],[-122.82095292899993,48.60911692900004]]],[[[-122.70311438699991,48.707912502000056],[-122.7151586579999,48.73908112200007],[-122.63516191299993,48.683294989000046],[-122.61314856699994,48.648423570000034],[-122.70311438699991,48.707912502000056]]],[[[-123.08849036399994,48.97223541900007],[-123.09050609499992,48.992514547000084],[-123.03530839799993,48.99249909100007],[-123.04527747299994,48.984361070000034],[-123.08849036399994,48.97223541900007]]],[[[-96.40672766799992,28.34442780200004],[-96.70262610599991,28.18553294500009],[-96.83580481699994,28.071193752000056],[-96.80166581899994,28.13385651200008],[-96.80776933499993,28.187648830000057],[-96.71035722599993,28.213364976000037],[-96.5149633449999,28.336818752000056],[-96.44322669199994,28.34137604400007],[-96.43146725199995,28.38898346600007],[-96.41234290299991,28.39752838700008],[-96.40672766799992,28.34442780200004]]],[[[-96.23253333199995,28.489488023000035],[-96.35008704299992,28.40888092700004],[-96.36969967399995,28.40692780200004],[-96.31289628799993,28.45856354400007],[-96.23253333199995,28.489488023000035]]],[[[-90.94371497299994,29.06077708500004],[-90.90318762899994,29.057196356000077],[-90.87962805899991,29.051255601000037],[-90.91510982999995,29.051255601000037],[-90.94371497299994,29.06077708500004]]],[[[-90.76520748599995,29.040961005000042],[-90.71410071499992,29.06541575700004],[-90.64220130099994,29.07294342700004],[-90.67275956899994,29.05727773600006],[-90.76520748599995,29.040961005000042]]],[[[-90.51097571499992,29.08030833500004],[-90.4134008449999,29.048570054000038],[-90.51235917899993,29.07485586100006],[-90.51097571499992,29.08030833500004]]],[[[-90.34654700399994,29.05805084800005],[-90.30256100199995,29.084906317000048],[-90.28384355399993,29.086004950000074],[-90.34654700399994,29.05805084800005]]],[[[-95.08128077599991,29.136083932000076],[-94.82803300699993,29.317613023000035],[-94.83409583199995,29.359767971000053],[-94.72440897099995,29.333154895000064],[-95.11654359099992,29.088992912000037],[-95.08128077599991,29.136083932000076]]],[[[-90.02428137899994,29.23847077000005],[-89.9766332669999,29.25690338700008],[-89.95547441299993,29.27098216400009],[-89.95547441299993,29.25731028900009],[-90.03062903599994,29.21637604400007],[-90.02428137899994,29.23847077000005]]],[[[-90.43455969999991,29.264471747000073],[-90.45254472599993,29.22402578300006],[-90.44627844999991,29.260321356000077],[-90.43455969999991,29.264471747000073]]],[[[-89.93382727799991,29.28457265800006],[-89.91315670499995,29.290228583000044],[-89.93895423099991,29.27724844000005],[-89.93382727799991,29.28457265800006]]],[[[-90.02131100199995,29.44830963700008],[-90.05882727799991,29.47801341400009],[-90.10179602799991,29.478338934000078],[-90.11986243399991,29.505519924000055],[-90.08177649599992,29.51129791900007],[-90.02041581899994,29.48663971600007],[-90.0281469389999,29.471909898000035],[-89.99571692599994,29.46474844000005],[-89.99168860599991,29.44863515800006],[-90.02131100199995,29.44830963700008]]],[[[-89.22183183499993,29.469631252000056],[-89.18781490799995,29.48037344000005],[-89.16161048099991,29.503159898000035],[-89.18260657499991,29.473130601000037],[-89.22183183499993,29.469631252000056]]],[[[-89.05703691299993,29.56207916900007],[-89.04991614499994,29.565008856000077],[-89.09850012899994,29.52094147300005],[-89.05703691299993,29.56207916900007]]],[[[-92.03538977799991,29.596177476000037],[-91.91710364499994,29.648138739000046],[-91.71397864499994,29.57371653900009],[-91.77310136599993,29.530991929000038],[-91.7808324859999,29.493353583000044],[-91.84048417899993,29.48383209800005],[-92.02049719999991,29.568752346000053],[-92.03538977799991,29.596177476000037]]],[[[-88.96450761599993,29.64276764500005],[-88.97826087099992,29.631659247000073],[-88.97960364499994,29.632879950000074],[-88.96450761599993,29.64276764500005]]],[[[-88.88955644399994,29.72532786700009],[-88.93883216099994,29.67328522300005],[-88.87409420499995,29.74746328300006],[-88.88955644399994,29.72532786700009]]],[[[-89.42731686099995,29.743963934000078],[-89.46690833199995,29.766424872000073],[-89.48997962099992,29.736476955000057],[-89.49404863199993,29.77879466400009],[-89.47569739499994,29.80536530200004],[-89.44131425699993,29.78461334800005],[-89.42731686099995,29.743963934000078]]],[[[-89.33702551999994,29.806626695000034],[-89.27717037699995,29.81207916900007],[-89.29067949099993,29.771226304000038],[-89.33702551999994,29.806626695000034]]],[[[-88.85456295499995,29.769191799000055],[-88.85936438699991,29.79169342700004],[-88.82396399599992,29.860663153000075],[-88.81777910099993,29.93512604400007],[-88.84801184799994,30.03310781500005],[-88.87242591099994,30.058661200000074],[-88.85045325399994,30.046820380000042],[-88.81777910099993,29.983547268000052],[-88.81094316299993,29.915228583000044],[-88.82103430899991,29.83266836100006],[-88.85456295499995,29.769191799000055]]],[[[-89.29393469999991,29.920070705000057],[-89.27904212099992,29.937201239000046],[-89.23436438699991,29.948431708000044],[-89.23550370999993,29.931626695000034],[-89.29393469999991,29.920070705000057]]],[[[-89.32787024599992,29.91592031500005],[-89.27806555899991,29.982123114000046],[-89.27293860599991,29.982082424000055],[-89.29580644399994,29.942206122000073],[-89.32787024599992,29.91592031500005]]],[[[-89.22207597599993,30.033758856000077],[-89.26036536399994,30.07290273600006],[-89.3321020169999,30.048976955000057],[-89.34532630099994,30.066066799000055],[-89.28490149599992,30.083970445000034],[-89.28392493399991,30.107082424000055],[-89.18081620999993,30.168524481000077],[-89.24990800699993,30.101996161000045],[-89.21861731699994,30.086737372000073],[-89.2156469389999,30.058661200000074],[-89.18834387899994,30.079738674000055],[-89.19176184799994,30.04913971600007],[-89.22207597599993,30.033758856000077]]],[[[-89.42491614499994,30.142564195000034],[-89.43936113199993,30.136542059000078],[-89.42642167899993,30.148382880000042],[-89.42491614499994,30.142564195000034]]],[[[-88.94273841099994,30.213812567000048],[-88.96930904899995,30.210638739000046],[-88.92784583199995,30.217596747000073],[-88.94273841099994,30.213812567000048]]],[[[-88.42735755099994,30.21625397300005],[-88.50304114499994,30.21625397300005],[-88.50304114499994,30.223781643000052],[-88.42735755099994,30.21625397300005]]],[[[-89.09251868399991,30.197658596000053],[-89.09215247299994,30.223781643000052],[-89.15355383999992,30.236761786000045],[-89.10130774599992,30.23505280200004],[-89.05797278599994,30.257798570000034],[-89.09251868399991,30.197658596000053]]],[[[-88.75633704299992,30.250433661000045],[-88.69782467399995,30.257879950000074],[-88.62120520699995,30.23151276200008],[-88.5379125639999,30.224432684000078],[-88.55626380099994,30.216742255000042],[-88.75633704299992,30.250433661000045]]],[[[-88.31126868399991,30.236761786000045],[-88.10903886599993,30.27610911700009],[-88.0711156889999,30.250433661000045],[-88.31126868399991,30.236761786000045]]],[[[-86.52183997299994,30.401271877000056],[-87.24120032499991,30.326117255000042],[-87.29649817599994,30.33234284100007],[-86.70059160099993,30.414943752000056],[-86.52183997299994,30.401271877000056]]],[[[-82.11880449099993,24.553615627000056],[-82.12877356699994,24.550848700000074],[-82.11375891799992,24.55731842700004],[-82.11880449099993,24.553615627000056]]],[[[-81.74624589799993,24.56989166900007],[-81.76939856699994,24.55019765800006],[-81.81456458199995,24.54254791900007],[-81.81029212099992,24.55817291900007],[-81.78038489499994,24.55621979400007],[-81.75251217399995,24.576117255000042],[-81.73200436099995,24.55621979400007],[-81.74624589799993,24.56989166900007]]],[[[-81.72573808499993,24.55621979400007],[-81.71149654899995,24.597805080000057],[-81.65684973899994,24.597805080000057],[-81.65005449099993,24.576117255000042],[-81.72573808499993,24.55621979400007]]],[[[-82.10960852799991,24.58612702000005],[-82.11046301999994,24.56549713700008],[-82.14574133999992,24.592718817000048],[-82.13174394399994,24.598089911000045],[-82.10960852799991,24.58612702000005]]],[[[-81.61693274599992,24.60545482000009],[-81.55451412699995,24.631333726000037],[-81.58116614499994,24.65180084800005],[-81.52717037699995,24.62449778900009],[-81.52570553299995,24.64789459800005],[-81.55451412699995,24.65180084800005],[-81.55052649599992,24.668768622000073],[-81.56749426999994,24.672308661000045],[-81.55451412699995,24.693426825000074],[-81.50601152299993,24.631333726000037],[-81.63646399599992,24.58356354400007],[-81.61693274599992,24.60545482000009]]],[[[-81.41063391799992,24.655422268000052],[-81.42174231699994,24.65176015800006],[-81.42446855399993,24.65497467700004],[-81.41063391799992,24.655422268000052]]],[[[-81.26520748599995,24.67129140800006],[-81.26634680899991,24.66038646000004],[-81.27749589799993,24.65761953300006],[-81.26520748599995,24.67129140800006]]],[[[-81.46068274599992,24.66437409100007],[-81.4480688139999,24.680568752000056],[-81.44139563699991,24.650539455000057],[-81.46068274599992,24.66437409100007]]],[[[-81.47842363199993,24.654120184000078],[-81.52017167899993,24.67405833500004],[-81.51162675699993,24.698431708000044],[-81.48241126199991,24.683254299000055],[-81.47842363199993,24.654120184000078]]],[[[-81.33690344999991,24.70380280200004],[-81.32066809799994,24.694484768000052],[-81.31777910099993,24.674953518000052],[-81.33788001199991,24.693304755000042],[-81.33690344999991,24.70380280200004]]],[[[-81.36266028599994,24.631333726000037],[-81.36424719999991,24.66120026200008],[-81.43028723899994,24.754828192000048],[-81.35545813699991,24.68618398600006],[-81.34056555899991,24.64671458500004],[-81.36266028599994,24.631333726000037]]],[[[-81.03990637899994,24.73436107000009],[-81.08771725199995,24.685939846000053],[-81.10391191299993,24.706773179000038],[-81.13609778599994,24.70701732000009],[-81.03990637899994,24.73436107000009]]],[[[-80.92381751199991,24.76911041900007],[-80.95889238199993,24.749335028000075],[-81.03307044199994,24.72068919500009],[-80.95555579299992,24.768744208000044],[-80.92381751199991,24.76911041900007]]],[[[-80.78844153599994,24.82294342700004],[-80.80215410099993,24.809881903000075],[-80.85496985599991,24.803290106000077],[-80.80036373599995,24.843573309000078],[-80.80231686099995,24.82689036700009],[-80.78844153599994,24.82294342700004]]],[[[-80.72105872299994,24.86668528900009],[-80.70083574099993,24.881008205000057],[-80.7383520169999,24.850734768000052],[-80.72105872299994,24.86668528900009]]],[[[-81.07835852799991,25.301703192000048],[-81.05980383999992,25.311712958000044],[-81.03978430899991,25.296698309000078],[-81.05874589799993,25.273993231000077],[-81.07835852799991,25.301703192000048]]],[[[-81.12222245999993,25.33657461100006],[-81.08901933499993,25.33885325700004],[-81.09072831899994,25.31281159100007],[-81.12222245999993,25.33657461100006]]],[[[-81.3997289699999,25.791815497000073],[-81.42516028599994,25.811468817000048],[-81.43956458199995,25.803900458000044],[-81.42951412699995,25.850897528000075],[-81.37319902299993,25.816107489000046],[-81.3997289699999,25.791815497000073]]],[[[-81.50283769399994,25.85545482000009],[-81.51203365799995,25.83612702000005],[-81.5169164699999,25.859767971000053],[-81.47435462099992,25.87246328300006],[-81.45335852799991,25.825506903000075],[-81.50283769399994,25.85545482000009]]],[[[-81.54576575399994,25.853664455000057],[-81.55833899599992,25.90338776200008],[-81.54588782499991,25.902411200000074],[-81.53355872299994,25.878648179000038],[-81.54576575399994,25.853664455000057]]],[[[-81.67739824099993,25.861476955000057],[-81.70840410099993,25.89866771000004],[-81.6634008449999,25.896918036000045],[-81.67739824099993,25.861476955000057]]],[[[-82.1035863919999,26.42255280200004],[-82.18407141799992,26.47333405200004],[-82.20494544199994,26.550482489000046],[-82.14879309799994,26.468573309000078],[-82.09626217399995,26.45453522300005],[-82.0684301419999,26.467962958000044],[-82.02684485599991,26.44745514500005],[-82.1035863919999,26.42255280200004]]],[[[-82.11363684799994,26.654364325000074],[-82.12319902299993,26.61871979400007],[-82.08824622299994,26.56045156500005],[-82.08202063699991,26.491522528000075],[-82.10850989499994,26.51630280200004],[-82.13670813699991,26.58466217700004],[-82.13243567599994,26.609808661000045],[-82.17764238199993,26.701320705000057],[-82.14391028599994,26.694647528000075],[-82.11363684799994,26.654364325000074]]],[[[-82.22545325399994,26.611273505000042],[-82.24767005099994,26.654364325000074],[-82.26016191299993,26.701320705000057],[-82.24596106699994,26.694525458000044],[-82.22545325399994,26.611273505000042]]],[[[-82.28750566299993,26.803127346000053],[-82.25796464799993,26.75853099200009],[-82.2664281889999,26.714992580000057],[-82.28750566299993,26.803127346000053]]],[[[-82.5891820949999,27.32444896000004],[-82.64903723899994,27.381333726000037],[-82.6809789699999,27.434068101000037],[-82.65428626199991,27.419663804000038],[-82.5891820949999,27.32444896000004]]],[[[-80.65819251199991,28.43748607000009],[-80.6699926419999,28.287502346000053],[-80.64976966099994,28.225165106000077],[-80.71471106699994,28.36977773600006],[-80.73989824099993,28.51748281500005],[-80.73228919199994,28.544623114000046],[-80.71092688699991,28.544134833000044],[-80.69863847599993,28.56777578300006],[-80.62901770699995,28.598781643000052],[-80.61217200399994,28.568833726000037],[-80.65819251199991,28.43748607000009]]],[[[-82.69587154899995,28.728949286000045],[-82.68321692599994,28.73773834800005],[-82.66600501199991,28.734442450000074],[-82.67373613199993,28.71442291900007],[-82.69587154899995,28.728949286000045]]],[[[-82.67349199099993,28.777085679000038],[-82.68219967399995,28.760321356000077],[-82.69737708199995,28.761460679000038],[-82.69493567599994,28.787583726000037],[-82.67349199099993,28.777085679000038]]],[[[-83.05752519399994,29.150091864000046],[-83.02965247299994,29.139797268000052],[-83.05817623599995,29.13617584800005],[-83.05752519399994,29.150091864000046]]],[[[-85.21279863199993,29.688706773000035],[-85.13829505099994,29.69550202000005],[-85.08364824099993,29.675034898000035],[-85.12035071499992,29.633978583000044],[-85.21279863199993,29.688706773000035]]],[[[-84.6926977199999,29.76439036700009],[-84.78823808499993,29.69550202000005],[-84.96947180899991,29.611761786000045],[-85.04918372299994,29.605861721000053],[-85.09732011599993,29.62726471600007],[-85.0540258449999,29.609442450000074],[-84.98745683499993,29.620428778000075],[-84.77456620999993,29.709784247000073],[-84.6926977199999,29.76439036700009]]],[[[-84.66470292899993,29.77871328300006],[-84.59341386599993,29.81854889500005],[-84.57640540299991,29.81976959800005],[-84.6087133449999,29.78925202000005],[-84.66470292899993,29.77871328300006]]],[[[-81.42414303299995,30.970404364000046],[-81.41942298099991,30.92527903900009],[-81.45702063699991,30.799750067000048],[-81.46165930899991,30.725816148000035],[-81.49242102799991,30.874212958000044],[-81.48216712099992,30.904364325000074],[-81.43268795499995,30.938788153000075],[-81.42414303299995,30.970404364000046]]],[[[-81.17465025799993,31.521421082000074],[-81.26171836599991,31.387792473000047],[-81.29121018299992,31.39521708600006],[-81.2890763659999,31.43995590500009],[-81.23485087599994,31.526501102000054],[-81.18496334999992,31.530085360000044],[-81.17465025799993,31.521421082000074]]],[[[-81.13828311299994,31.61217242200007],[-81.16095992399994,31.56731375000004],[-81.17507115399991,31.570502761000057],[-81.17948452999991,31.635942425000053],[-81.14925805099995,31.698338704000037],[-81.13125953399992,31.69297829800007],[-81.13828311299994,31.61217242200007]]],[[[-80.62547766799992,24.93622467700004],[-80.62621008999992,24.92413971600007],[-80.65713456899994,24.90110911700009],[-80.62547766799992,24.93622467700004]]],[[[-80.47126217399995,25.07298411700009],[-80.5559789699999,24.97093333500004],[-80.59801184799994,24.950100002000056],[-80.60350501199991,24.96112702000005],[-80.56761633999992,24.973944403000075],[-80.55565344999991,25.009019273000035],[-80.4876195949999,25.06659577000005],[-80.4844457669999,25.09125397300005],[-80.43724524599992,25.11859772300005],[-80.43903561099995,25.139797268000052],[-80.46450761599993,25.138413804000038],[-80.45856686099995,25.156195380000042],[-80.4134008449999,25.147406317000048],[-80.35732988199993,25.227362372000073],[-80.35024980399993,25.262844143000052],[-80.36896725199995,25.28611888200004],[-80.31745357999995,25.30695221600007],[-80.27342688699991,25.35260651200008],[-80.25161699099993,25.34446849200009],[-80.35334225199995,25.205552476000037],[-80.36148027299993,25.159491278000075],[-80.47126217399995,25.07298411700009]]],[[[-80.23802649599992,25.405951239000046],[-80.19994055899991,25.48981354400007],[-80.18822180899991,25.49835846600007],[-80.20348059799994,25.43659088700008],[-80.21690833199995,25.41547272300005],[-80.23802649599992,25.405951239000046]]],[[[-80.18333899599992,25.707586981000077],[-80.15607662699995,25.734930731000077],[-80.1629125639999,25.67283763200004],[-80.18179277299993,25.681301174000055],[-80.16974850199995,25.70075104400007],[-80.18333899599992,25.707586981000077]]],[[[-80.43724524599992,27.85956452000005],[-80.36148027299993,27.701239325000074],[-80.33763587099992,27.606634833000044],[-80.1629125639999,27.173651434000078],[-80.29259192599994,27.417303778000075],[-80.34780839799993,27.612494208000044],[-80.45091712099992,27.852036851000037],[-80.43724524599992,27.85956452000005]]],[[[-80.63646399599992,28.18105703300006],[-80.64858964799993,28.222723700000074],[-80.62901770699995,28.18105703300006],[-80.63646399599992,28.18105703300006]]],[[[-79.33556067599994,33.06468333500004],[-79.36095130099994,33.00568268400008],[-79.36839758999992,33.00568268400008],[-79.36310787699995,33.043036200000074],[-79.33556067599994,33.06468333500004]]],[[[-78.01227779899995,33.86562734600005],[-78.01008053299995,33.89203522300005],[-77.96996008999992,33.889553127000056],[-77.94204667899993,33.91681549700007],[-77.96996008999992,33.84796784100007],[-78.01227779899995,33.86562734600005]]],[[[-77.82599850199995,34.17064036700009],[-77.84593665299991,34.12376536700009],[-77.87441972599993,34.08812083500004],[-77.84422766799992,34.16665273600006],[-77.82599850199995,34.17064036700009]]],[[[-77.35301673099991,34.52757396000004],[-77.51455644399994,34.45376211100006],[-77.63418535099993,34.362494208000044],[-77.57872473899994,34.42536041900007],[-77.44981848899994,34.49567291900007],[-77.35301673099991,34.52757396000004]]],[[[-76.53770911399994,34.64215729400007],[-76.65477454299992,34.691473700000074],[-76.56533769399994,34.67096588700008],[-76.53770911399994,34.64215729400007]]],[[[-77.05443274599992,34.67487213700008],[-76.73355058499993,34.71759674700007],[-76.68146725199995,34.705145575000074],[-76.82750403599994,34.70294830900008],[-77.09976152299993,34.64984772300005],[-77.05443274599992,34.67487213700008]]],[[[-76.20225989499994,34.94472890800006],[-76.39598548099991,34.78758372600004],[-76.53062903599994,34.589056708000044],[-76.53921464799993,34.60822174700007],[-76.52505449099993,34.63784414300005],[-76.40778561099995,34.79441966400009],[-76.30467688699991,34.883246161000045],[-76.20225989499994,34.94472890800006]]],[[[-76.0371801419999,35.06134674700007],[-76.14704342399995,34.99249909100007],[-76.07249915299991,35.07477448100008],[-76.0371801419999,35.06134674700007]]],[[[-75.77025305899991,35.19794342700004],[-75.90807044199994,35.13646067900004],[-76.01732337099992,35.07501862200007],[-75.98997962099992,35.12343984600005],[-75.93984941299993,35.12689850500004],[-75.77025305899991,35.19794342700004]]],[[[-75.54377193899995,35.233303127000056],[-75.73574785099993,35.18768952000005],[-75.69033769399994,35.231350002000056],[-75.67536373599995,35.225816148000035],[-75.51634680899991,35.291001695000034],[-75.48452714799993,35.456691799000055],[-75.48912512899994,35.520697333000044],[-75.46861731699994,35.56509023600006],[-75.51707923099991,35.78074778900009],[-75.48668372299994,35.743801174000055],[-75.45181230399993,35.58250560100004],[-75.49083411399994,35.33641185100004],[-75.51561438699991,35.260199286000045],[-75.54377193899995,35.233303127000056]]],[[[-75.69522050699993,35.94245026200008],[-75.66104081899994,35.92475006700005],[-75.6126195949999,35.863267320000034],[-75.62535559799994,35.830145575000074],[-75.65929114499994,35.836004950000074],[-75.67845618399991,35.88690827000005],[-75.72988847599993,35.93939850500004],[-75.69522050699993,35.94245026200008]]],[[[-75.87397053399991,37.290379804000054],[-75.85175154899991,37.27077289600004],[-75.87666617499991,37.240672164000046],[-75.8771394179999,37.205592522000074],[-75.8107792909999,37.200169376000076],[-75.88652022399992,37.123105777000035],[-75.92860193899992,37.112221513000065],[-75.89281625599995,37.14067425400009],[-75.90541986799991,37.23442645600005],[-75.87397053399991,37.290379804000054]]],[[[-75.67032944699992,37.462843914000075],[-75.65612742099995,37.46150550100003],[-75.66043040099993,37.443184451000036],[-75.7192143119999,37.368297608000034],[-75.67032944699992,37.462843914000075]]],[[[-75.67437474699994,37.48583466200006],[-75.6342270049999,37.55835401600007],[-75.59980591999994,37.575130510000065],[-75.6595747099999,37.48297574900005],[-75.67437474699994,37.48583466200006]]],[[[-76.02949590499992,37.91496244700005],[-76.02745345499994,37.95079047000007],[-76.0436132769999,37.94919218000007],[-76.05142167899993,37.99408600500004],[-76.00304114499994,38.00096263200004],[-76.03945878799993,38.021144924000055],[-76.01735392199993,38.03869281400006],[-75.98720732999993,38.01879612000005],[-75.9812909719999,37.99283625400005],[-75.99565052899993,37.94514658200006],[-76.02135902399993,37.96113966900003],[-76.02949590499992,37.91496244700005]]],[[[-75.40012654299994,37.874113272000045],[-75.35827561299993,37.874211754000044],[-75.34995672999992,37.889319871000055],[-75.37449969499994,37.89775756900008],[-75.36796543999992,37.909090647000085],[-75.33047441299993,37.92243073100008],[-75.19981848899994,38.10382721600007],[-75.17931067599994,38.16819896000004],[-75.09243730399993,38.30263906500005],[-75.18969471899993,38.08977971400009],[-75.32603919199994,37.892279364000046],[-75.37853520999994,37.85577259900003],[-75.40012654299994,37.874113272000045]]],[[[-76.02381862399994,38.178457834000085],[-76.03323029799992,38.148551101000066],[-76.08360776299992,38.16066637300008],[-76.07900940199994,38.182843810000065],[-76.04860768499992,38.200407545000076],[-76.02381862399994,38.178457834000085]]],[[[-74.35924231699994,39.401556708000044],[-74.42552649599992,39.393744208000044],[-74.44815019399994,39.41986725500004],[-74.43089758999992,39.42536041900007],[-74.39976966099994,39.39935944200005],[-74.35879472599993,39.44717031500005],[-74.36754309799994,39.46503327000005],[-74.30211341099994,39.46474844000005],[-74.35924231699994,39.401556708000044]]],[[[-74.09813391799992,39.75568268400008],[-74.25641842399995,39.52220286700009],[-74.24007209699994,39.575387884000065],[-74.09813391799992,39.75568268400008]]],[[[-74.08353630699992,40.64951799000005],[-74.05356873199992,40.60270386700006],[-74.10210265499995,40.55457049200004],[-74.1923614449999,40.51148853400008],[-74.25083095699995,40.50139666600006],[-74.2416034609999,40.539165454000056],[-74.2014873839999,40.56985629600007],[-74.18241904899992,40.63742243100006],[-74.12608801999994,40.63349030200004],[-74.08353630699992,40.64951799000005]]],[[[-73.35760061099995,40.64032780900004],[-73.24840160199994,40.64772029100004],[-73.57412003499991,40.57509300600009],[-73.56639295699995,40.590320242000075],[-73.35760061099995,40.64032780900004]]],[[[-72.9915258449999,40.68817780200004],[-73.2457830489999,40.623806097000056],[-73.3050460849999,40.62992183000006],[-73.04034297099992,40.681995243000074],[-72.7570827479999,40.76880210300004],[-72.9915258449999,40.68817780200004]]],[[[-74.0169164699999,40.699286200000074],[-73.92804928299995,40.87750885600008],[-73.91795813699991,40.875067450000074],[-73.9387914699999,40.828192450000074],[-73.9333796869999,40.79718659100007],[-73.97580563699995,40.714012798000056],[-74.0169164699999,40.699286200000074]]],[[[-71.88496960299994,41.045397036000054],[-72.40665794899991,40.86207213500006],[-72.46076412699995,40.85260651200008],[-72.44741777299993,40.87909577000005],[-72.49657141799992,40.884100653000075],[-72.49079342399995,40.846869208000044],[-72.50230872299994,40.839056708000044],[-72.72395471999994,40.770419324000045],[-72.73790442599994,40.77378978100006],[-72.65051644899995,40.79745521800004],[-72.72696057899992,40.80778945700007],[-72.76517069099992,40.78314791400004],[-72.8280089029999,40.78970843600007],[-72.81794186099995,40.768418687000064],[-72.85279214499991,40.74942314800006],[-72.87907469899994,40.74568580200008],[-72.8892573839999,40.76563846800008],[-72.94681688299994,40.74189162300007],[-73.01219641799992,40.74957916900007],[-73.0334214049999,40.731434457000034],[-73.09909990199992,40.72039401100005],[-73.12938354799991,40.73013512400007],[-73.15802980099994,40.69974143200005],[-73.23332336899995,40.71450467100004],[-73.2750033289999,40.686929889000055],[-73.37221703599994,40.662365485000066],[-73.56112082499993,40.63804890500006],[-73.65286478999991,40.60135117900006],[-73.6679503709999,40.626014131000034],[-73.71092515099991,40.61021160300004],[-73.71044687299991,40.59511485000007],[-73.57548050199995,40.593206284000075],[-73.58180078799995,40.58448644500004],[-73.76805021099995,40.58964326600005],[-73.93947018499995,40.54195887100008],[-73.93947888899993,40.55547703700006],[-73.76880590199994,40.61854566900007],[-73.82955911499994,40.648818970000036],[-73.86884869699992,40.640104301000065],[-73.89293572399993,40.614289357000075],[-73.87776110499993,40.582095511000034],[-73.98812544599991,40.569370426000035],[-74.00381696399995,40.57055083700004],[-74.01167382599994,40.57928827400008],[-73.99808697299994,40.58963233900005],[-74.03998974599995,40.61978573400006],[-74.01547925799991,40.677803734000065],[-73.96933548499993,40.708749400000045],[-73.95679623599995,40.743171457000074],[-73.90859985299994,40.78867740900006],[-73.86086004999993,40.776351255000066],[-73.82305398699992,40.79738222000009],[-73.7789890379999,40.792176561000076],[-73.75752241799995,40.77111113500007],[-73.75552324099993,40.83279043200008],[-73.73981686099995,40.83433665600006],[-73.71458899599992,40.804795640000066],[-73.69688880099994,40.82188548400006],[-73.73306230399993,40.84369538000004],[-73.72020423099991,40.86623769700009],[-73.67435113999994,40.85675517800007],[-73.65330969999991,40.823919989000046],[-73.65336053399994,40.86778553700009],[-73.63265498699991,40.89958567600007],[-73.5204634779999,40.91760186000005],[-73.51528886599993,40.90041738500008],[-73.54909795099991,40.890985467000064],[-73.51134759699994,40.87734938500006],[-73.5075714809999,40.89363795400004],[-73.49339404299991,40.89199148700004],[-73.47982825399993,40.877244456000085],[-73.46812903599994,40.89362213700008],[-73.49409534199992,40.92705250900008],[-73.48568717099994,40.945625696000036],[-73.43130449099993,40.933294989000046],[-73.44082597599993,40.91465892100007],[-73.42031816299993,40.90041738500008],[-73.35826575399994,40.90041738500008],[-73.36063686499995,40.925092679000045],[-73.39956884899993,40.92541819300004],[-73.40193050099992,40.954404294000085],[-73.3740645439999,40.93607343800005],[-73.23534094999991,40.90782298400006],[-73.17870032499991,40.91901276200008],[-73.14810136599993,40.94562409100007],[-73.15282141799992,40.96246979400007],[-73.11314856699994,40.97345612200007],[-73.09129798099991,40.94835032800006],[-73.07622268499995,40.971944765000046],[-72.7811209109999,40.965079675000084],[-72.62832597599993,40.983587958000044],[-72.47165172099994,41.055953110000075],[-72.4451765849999,41.085848868000085],[-72.41292310599994,41.08981182000008],[-72.34341386599993,41.14065176000008],[-72.27554277299993,41.162624416000085],[-72.24722245999993,41.15570709800005],[-72.24689693899995,41.13544342700004],[-72.28945878799993,41.113348700000074],[-72.30443274599992,41.13194407800006],[-72.41234290299991,41.064886786000045],[-72.41530487799992,41.054447018000076],[-72.38508053299995,41.04446035400008],[-72.3905429369999,41.03147059400004],[-72.43740800699993,41.02570221600007],[-72.43773352799991,40.98419830900008],[-72.45494544199994,41.00372955900008],[-72.52065995999993,40.98517487200007],[-72.5800440779999,40.93287817200007],[-72.61593725699993,40.92771872700007],[-72.62462317599994,40.90782298400006],[-72.48084681199992,40.89793746000004],[-72.36718444699994,40.994600253000044],[-72.32653878899993,40.99922422900005],[-72.32152258999992,41.03583405200004],[-72.30668324399994,41.03552480900004],[-72.29845625899992,41.006000018000066],[-72.27010426299995,41.002427612000076],[-72.23370918199993,41.04406575100006],[-72.18675224399993,41.00916334400006],[-72.18004309799994,41.04706452000005],[-72.15538489499994,41.05499909100007],[-72.10899817599994,41.00141022300005],[-71.99274654899995,41.04962799700007],[-71.95875262999994,41.04628274700008],[-71.95806781699991,41.06971829000008],[-71.91893469999991,41.058661200000074],[-71.9309044009999,41.07879058000009],[-71.85741126199991,41.07172272300005],[-71.88496960299994,41.045397036000054]]],[[[-72.28048150099994,41.07889484600008],[-72.27552668699991,41.03183321700004],[-72.35879771099991,41.04583065700007],[-72.37239126599991,41.06861794300005],[-72.32784494799995,41.10505563300006],[-72.28048150099994,41.07889484600008]]],[[[-72.0784307159999,41.099964284000066],[-72.10082292899995,41.05424624400007],[-72.10813839499991,41.09050581200006],[-72.14152082999993,41.096849278000036],[-72.1310218719999,41.12047220800008],[-72.0784307159999,41.099964284000066]]],[[[-71.61374760699994,41.15518087400005],[-71.5791999299999,41.22557152200005],[-71.55354112299995,41.214571842000055],[-71.56615149599992,41.19375234600005],[-71.54909458299994,41.152042072000086],[-71.61374760699994,41.15518087400005]]],[[[-70.83228243899993,41.25669179800008],[-70.81402061699993,41.26316742900008],[-70.8017562949999,41.24807623400005],[-70.82310823699993,41.25075996500004],[-70.83228243899993,41.25669179800008]]],[[[-72.02212989299994,41.276858134000065],[-71.99400380799995,41.283080978000044],[-71.92073232999991,41.29139648900008],[-71.9987335269999,41.25166610000008],[-72.0387976799999,41.24944682600005],[-72.02212989299994,41.276858134000065]]],[[[-69.9671492459999,41.24945285400008],[-70.1377452289999,41.24715236600008],[-70.2781123979999,41.30790660900004],[-70.08193925699993,41.29254791900007],[-70.03140214799993,41.31753164300005],[-70.01402747299994,41.344631252000056],[-70.07607988199993,41.31110260600008],[-70.04430091099994,41.35097890800006],[-70.03722083199995,41.37287018400008],[-70.05414940499992,41.39268601900005],[-70.0397457759999,41.394359283000085],[-69.95775981999992,41.275747900000056],[-69.9671492459999,41.24945285400008]]],[[[-70.7239477199999,41.34271881700005],[-70.7864070299999,41.30414459800005],[-70.84622148299991,41.35407135600008],[-70.78197180899991,41.35423411700003],[-70.71532141799992,41.420355536000045],[-70.60513261599993,41.47402578300006],[-70.59300696499992,41.47166575700004],[-70.60366777299993,41.44822825700004],[-70.57042395699995,41.473944403000075],[-70.55589758999992,41.468736070000034],[-70.54625403599994,41.44428131700005],[-70.57640540299991,41.427801825000074],[-70.51740475199995,41.41351959800005],[-70.50743567599994,41.362616278000075],[-70.7239477199999,41.34271881700005]]],[[[-70.46548417899993,41.360256252000056],[-70.50059973899994,41.39362213700008],[-70.45571855399993,41.42963288000004],[-70.44668535099993,41.36741771000004],[-70.46548417899993,41.360256252000056]]],[[[-70.84859848799994,41.43433214200007],[-70.9485034089999,41.414123560000064],[-70.85946451599995,41.44826505300006],[-70.84859848799994,41.43433214200007]]],[[[-70.6791940139999,41.51044955600008],[-70.79081634399995,41.44919885200005],[-70.8398605889999,41.45053076500005],[-70.71063815799994,41.51921397600006],[-70.6791940139999,41.51044955600008]]],[[[-71.39879309799994,41.46190013200004],[-71.39879309799994,41.50287506700005],[-71.38442949099993,41.51715729400007],[-71.39268958199995,41.542669989000046],[-71.36839758999992,41.576239325000074],[-71.36042232999995,41.514553127000056],[-71.37144934799994,41.48236725500004],[-71.39879309799994,41.46190013200004]]],[[[-71.22061113199993,41.66054922100005],[-71.23363196499992,41.48920319200005],[-71.26480058499993,41.496079820000034],[-71.30321204299992,41.46637604400007],[-71.35456295499995,41.458319403000075],[-71.35130774599992,41.477850653000075],[-71.30882727799991,41.495428778000075],[-71.32555091099994,41.519964911000045],[-71.26781165299991,41.63263580900008],[-71.22061113199993,41.66054922100005]]],[[[-70.02147376199991,41.55072663000004],[-69.97301184799994,41.65371328300006],[-69.96507727799991,41.65135325700004],[-69.95938066299993,41.63263580900008],[-70.00210527299993,41.55377838700008],[-70.02147376199991,41.55072663000004]]],[[[-71.3567602199999,41.63157786700003],[-71.34373938699991,41.67064036700003],[-71.30337480399993,41.62636953300006],[-71.31509355399993,41.58079661700003],[-71.3372289699999,41.582098700000074],[-71.33071855399993,41.61074453300006],[-71.3567602199999,41.63157786700003]]],[[[-69.6848852199999,43.81126536700003],[-69.6731664699999,43.85293203300006],[-69.64712480399993,43.83730703300006],[-69.65233313699991,43.79043203300006],[-69.6848852199999,43.81126536700003]]],[[[-69.6692602199999,43.94277578300006],[-69.71483313699991,43.859442450000074],[-69.73045813699991,43.890692450000074],[-69.67837480399993,43.96751536700003],[-69.6692602199999,43.94277578300006]]],[[[-68.6536352199999,44.05215078300006],[-68.6262914699999,44.09121328300006],[-68.6067602199999,44.08860911700003],[-68.60806230399993,44.023504950000074],[-68.65623938699991,44.01048411700003],[-68.6536352199999,44.05215078300006]]],[[[-68.8154597649999,44.03192780200004],[-68.86925208199995,44.04836660400008],[-68.86803137899994,44.079372463000084],[-68.9101863269999,44.09552643400008],[-68.90156002499992,44.11404043200008],[-68.7729792959999,44.08189524900007],[-68.77464758999992,44.06187571800007],[-68.8154597649999,44.03192780200004]]],[[[-68.93748938699991,44.105536200000074],[-68.92837480399993,44.14199453300006],[-68.8567602199999,44.18105703300006],[-68.81118730399993,44.16933828300006],[-68.81118730399993,44.148504950000074],[-68.85155188699991,44.125067450000074],[-68.90103105399993,44.13418203300006],[-68.93748938699991,44.105536200000074]]],[[[-68.50259355399993,44.148504950000074],[-68.50649980399993,44.160223700000074],[-68.45962480399993,44.18496328300006],[-68.41665605399993,44.18235911700003],[-68.39061438699991,44.16282786700003],[-68.4036352199999,44.13418203300006],[-68.43228105399993,44.128973700000074],[-68.4544164699999,44.15110911700003],[-68.50259355399993,44.148504950000074]]],[[[-68.65636145699995,44.19916413000004],[-68.62279212099992,44.17133209800005],[-68.68199622299994,44.15261465100008],[-68.72020423099991,44.17214590100008],[-68.71088619699992,44.19045644700009],[-68.72459876199991,44.21906159100007],[-68.6904597649999,44.21906159100007],[-68.69530188699991,44.250433661000045],[-68.67894446499992,44.269639390000066],[-68.6164851549999,44.23708730700008],[-68.60850989499994,44.21283600500004],[-68.65636145699995,44.19916413000004]]],[[[-68.90103105399993,44.31126536700003],[-68.88540605399993,44.29954661700003],[-68.93358313699991,44.23574453300006],[-68.92446855399993,44.281317450000074],[-68.9426977199999,44.29043203300006],[-68.90103105399993,44.31126536700003]]],[[[-68.30687415299991,44.30841705900008],[-68.3200984369999,44.28493886900009],[-68.29633541599992,44.250067450000074],[-68.34129798099991,44.22357819200005],[-68.34784908799992,44.24017975500004],[-68.36835689999992,44.23273346600007],[-68.41405188699991,44.25861237200007],[-68.42357337099992,44.274278062000064],[-68.40546627499992,44.285264390000066],[-68.43480383999992,44.299994208000044],[-68.41010494699992,44.36005280200004],[-68.3674617179999,44.386419989000046],[-68.3757624989999,44.40407949400009],[-68.35496985599991,44.42328522300005],[-68.27403723899994,44.43927643400008],[-68.18529212099992,44.35700104400007],[-68.1765437489999,44.32831452000005],[-68.24083411399994,44.29454173400006],[-68.28331458199995,44.29242584800005],[-68.30687415299991,44.30841705900008]]],[[[-68.52993730399993,44.34511953300006],[-68.50259355399993,44.38027578300006],[-68.47524980399993,44.324286200000074],[-68.48436438699991,44.31386953300006],[-68.52212480399993,44.32298411700003],[-68.52993730399993,44.34511953300006]]],[[[-68.91665605399993,44.34511953300006],[-68.8841039699999,44.39199453300006],[-68.85936438699991,44.35814036700003],[-68.9036352199999,44.31907786700003],[-68.91665605399993,44.34511953300006]]],[[[-67.58202063699991,44.51439036700003],[-67.56639563699991,44.461004950000074],[-67.58462480399993,44.44407786700003],[-67.6145727199999,44.51439036700003],[-67.58202063699991,44.51439036700003]]],[[[-67.2708227199999,44.613348700000074],[-67.3020727199999,44.59642161700003],[-67.3216039699999,44.60293203300006],[-67.30337480399993,44.625067450000074],[-67.2708227199999,44.613348700000074]]],[[[-66.9895727199999,44.89760976800005],[-67.04511471299992,44.92715078300006],[-67.03815670499995,44.95490143400008],[-66.98607337099992,44.90977610900006],[-66.9895727199999,44.89760976800005]]]]}}]}