{"type":"FeatureCollection","features":[{"type":"Feature","properties":{"name":"Sahara"},"geometry":{"type":"MultiPolygon","coordinates":[[[[-16.373339843749932,19.70644531250008],[-16.43754882812499,19.609277343750023],[-16.44975204574851,19.62521281693544],[-16.355452975295186,19.802704907210696],[-16.373339843749932,19.70644531250008]]],[[[18.458872917583733,29.555182196087827],[19.252696159771233,29.5816714539003],[20.218394401958733,29.938849188275327],[22.07044518320876,30.335699774212856],[26.899180534771233,30.256354071087856],[31.026621941021205,30.071112371869077],[31.25147545664626,30.137274481244134],[31.71448815195876,30.5076968445253],[32.296641472271205,30.626776434369106],[32.56116783945876,30.071112371869077],[32.32300865977126,29.6213443054628],[32.60084069102126,29.1980044617128],[32.635511838808675,29.103949266331778],[32.63183593750006,28.992236328125045],[32.65888671875007,28.927734375000057],[32.72987098042933,28.847973676612416],[32.786143425396205,28.695318914837884],[33.50049889414626,27.87506744999405],[33.554590793570306,27.771769113931907],[33.54980468750006,27.60737304687501],[33.69726562500006,27.341113281250102],[33.80166015625002,27.268164062499977],[33.849316406250125,27.18491210937509],[33.89306640625,27.049462890625023],[33.95908203125009,26.649023437499977],[34.04951171875007,26.55073242187501],[34.32929687500001,26.024365234375068],[34.565136718750125,25.691162109375057],[34.67929687500009,25.442529296875023],[34.85322265625001,25.139794921874966],[35.19414062499999,24.475146484375102],[35.37842839886022,24.28881895170887],[35.477832031250045,24.154785156250057],[35.624707031249955,24.06601562500009],[35.78388671875007,23.937792968750045],[35.498057487896205,23.985724188275327],[35.484873894146205,23.61530182499405],[35.51758717706742,23.537303049994932],[35.52275390625016,23.44252929687508],[35.564355468750136,23.271093749999977],[35.69785156249998,22.946191406250023],[35.84580078125009,22.78569335937499],[35.94534644196229,22.728446476081906],[35.961070183208705,22.702460028119077],[36.8561951298411,22.04435493675851],[36.870577377539625,22.01251066922931],[36.8826171875001,21.768798828124943],[36.92695312500007,21.586523437499977],[37.11586589566456,21.28875440799728],[37.14848539694775,21.076712599133067],[37.14111328125,20.981787109375034],[37.172656250000045,20.731982421874932],[37.2275390625,20.55673828124992],[37.187890625000136,20.394921875000023],[37.1931640625001,20.12070312499992],[37.26259765625008,19.79189453125008],[37.24843750000002,19.58188476562492],[37.361523437500125,19.091992187499955],[37.47128906249992,18.82011718749999],[37.50064157675544,18.78753494675693],[37.50892174570876,18.733710028119134],[37.85291588633376,18.257513739056606],[37.70728600352126,17.807684637494106],[38.329112175396205,16.20697662968155],[38.46143639414626,15.161871649212827],[38.23646080820876,15.122198797650327],[37.879283073833705,14.57977936405662],[38.01160729258376,13.852179266400327],[37.73377526133376,13.481756903119063],[37.15174401133376,13.944769598431563],[36.992930534771205,14.460699774212813],[36.979746941021205,14.857611395306549],[36.62256920664626,15.254461981244077],[36.066905144146205,15.003119207806606],[35.842051628521205,14.381354071087813],[35.12769615977126,12.820318914837841],[33.751841667583705,12.105902410931577],[33.447520378521205,11.404791571087856],[33.55335533945876,9.962836004681606],[32.13782799570876,9.460089422650384],[30.70911705820876,9.47333405155662],[29.769786003521205,9.579169012494091],[29.43909752695876,9.341009832806577],[27.38856041758379,9.777594305462813],[26.713877800396233,9.764349676556577],[26.237681511333705,10.267096258587799],[25.673228386333733,9.984869696087856],[23.92701256602129,10.178900457806563],[23.468394401958705,10.35529205936912],[22.16309655039629,10.055426336712841],[21.29883873789626,10.637518621869063],[20.646128776958733,10.51398346561912],[21.051890495708733,10.249457098431549],[19.99354088633376,9.949591375775356],[19.746592644146205,10.284735418744134],[19.88770592539629,10.778570867962813],[20.099375847271233,10.93732330936912],[19.870005730083733,11.113714910931591],[18.00037682383376,11.537054754681591],[17.13599694102129,11.537054754681591],[18.035533073833733,10.461127020306591],[17.612193230083733,10.196478582806591],[17.04786217539629,10.725653387494077],[16.81849205820876,11.148993231244077],[16.20118248789629,11.554754949994049],[15.636729362896205,11.148993231244077],[15.777842644146261,10.055426336712841],[14.772471550396261,9.949591375775356],[14.349131706646261,10.231817938275299],[13.94336998789629,11.025580145306577],[13.55530846445879,11.842474676556549],[13.330210808208761,12.423224188275356],[12.56751549570879,12.859991766400341],[11.032969597271233,12.895270086712827],[9.957041862896233,13.230414129681606],[8.422373894146205,14.094732977337856],[5.370860222271261,14.112372137494106],[4.824107292583761,13.900702215619063],[3.130747917583733,14.147650457806591],[0.7495223316462329,13.918341375775299],[-0.43236243397876706,13.865423895306563],[-1.7375992503849602,14.130011297650356],[-2.61955725819746,14.764960028119106],[-2.8841446605412386,15.135382391400356],[-3.801319953510017,14.923773504681606],[-3.48387610585371,15.594000555462856],[-2.6724747386662955,15.699835516400327],[-2.0727432933537386,16.176092840619077],[-2.9370621410099886,16.211371160931577],[-2.901722785541267,16.493597723431606],[-1.367176887103767,16.899298407025356],[-0.23827063710373864,16.70526764530655],[-0.22069251210371021,16.9168765320253],[-1.2260636058537102,17.16388580936905],[-2.17857825429121,16.9168765320253],[-3.148732062885017,16.634711004681577],[-4.242359992572489,16.070257879681606],[-4.91258704335371,15.664557196087827],[-4.52452551991621,15.558722235150356],[-4.859669562884989,14.747320867962856],[-8.158192512103767,15.241217352337827],[-12.585499641009989,14.835577703900299],[-13.978993293353739,14.923773504681606],[-16.483754035541267,15.770392157025327],[-16.483754035541267,16.44669745832764],[-16.44443769914952,16.654816095158996],[-16.3466796875,16.926416015625023],[-16.207470703124898,17.192578125000068],[-16.09423722617427,17.503722904999503],[-16.00743567616621,17.62250397343155],[-16.042775031635017,18.733710028119134],[-16.195780308073903,18.92497544750146],[-16.213085937499955,19.003320312500023],[-16.305908203124943,19.153808593750114],[-16.47617187499992,19.285058593750023],[-16.51445312499999,19.36196289062508],[-16.474804687499898,19.390625000000057],[-16.371289062499955,19.410253906249977],[-16.30527343749992,19.512646484375068],[-16.444873046874932,19.47314453125],[-16.283398437499898,19.78715820312499],[-16.23483476899662,20.029735539201724],[-16.122120734760017,20.241888739056577],[-16.330370101341664,20.41073185664678],[-16.429785156249977,20.652343750000057],[-16.530419921874966,20.70952148437499],[-16.534912109375,20.654003906250068],[-16.562695312499955,20.604150390625023],[-16.638990367476843,20.66095306375583],[-16.876074218749977,21.086132812499955],[-16.927929687499955,21.114794921874932],[-16.998242187499955,21.03969726562508],[-17.01414626544241,20.965119613861464],[-17.072166378294046,21.012160797695994],[-17.049488461068815,21.144477626895082],[-16.38670813710371,22.543768621869077],[-15.05999814215411,24.538948180763256],[-14.904296875,24.719775390625045],[-14.85605468749992,24.871582031250057],[-14.845847154460824,25.142442145872057],[-14.602294921875,25.808544921874955],[-14.522753906249932,25.925244140625125],[-14.459198750377034,26.181203864061064],[-13.635060187885045,26.644781805462856],[-12.615697401675291,27.99540810380003],[-12.468896484375023,28.009423828125023],[-12.263141616428861,28.06050879988959],[-10.72465979725996,28.1264712585878],[-8.237538215228767,28.840826727337856],[-5.24779212147871,30.216681219525356],[-2.4431656566349886,31.222052313275356],[2.372202995708733,33.17999909061908],[5.626597526958733,34.60871002811908],[8.695811394146233,34.21185944218155],[12.082408073833733,31.804144598431577],[14.913462761333705,30.9310366882753],[17.903330925396205,29.555182196087827],[18.458872917583733,29.555182196087827]]]]}},{"type":"Feature","properties":{"name":"Arabian Peninsula"},"geometry":{"type":"MultiPolygon","coordinates":[[[[50.72756803301874,24.86736951237459],[50.80439453125001,24.789257812499955],[50.84677734374998,24.888574218750136],[50.83351139571392,24.94376504053728],[50.88074791758376,25.043890692181634],[50.876109245708705,25.454779364056577],[50.890147331646205,25.629217840619106],[51.000376823833705,25.951666571087856],[51.10810546875007,26.08056640625],[51.259013469408515,26.15171967191836],[51.389062500000136,26.011132812500023],[51.543066406250034,25.902392578125102],[51.57226562499994,25.781005859375057],[51.52695312499998,25.68212890625],[51.4853515625,25.524707031250045],[51.601953125000136,25.147949218750057],[51.60888671874994,25.052880859375023],[51.586914062500114,24.964843750000057],[51.53339843750001,24.890869140625057],[51.42792968750007,24.668261718750045],[51.39648437500006,24.64511718750009],[51.267968750000136,24.607226562500045],[51.33847656249992,24.564355468749966],[51.411230468750034,24.570800781250057],[51.41835937500002,24.530957031250125],[51.3699218750001,24.47690429687492],[51.30986328125016,24.34038085937499],[51.53476562499998,24.28632812500001],[51.56835937500006,24.28618164062499],[51.59607926291727,24.32520832492955],[51.667491081646205,24.208990789837827],[51.78339136356774,24.13662751770634],[51.79169921875007,24.074755859375102],[51.84316406250008,24.010888671875023],[51.9060546875001,23.9853515625],[52.11855468750008,23.97109375000008],[52.25087890625002,23.995214843750034],[52.55643792093831,24.12636348199545],[52.99732506602126,24.11493561405655],[53.461436394146205,24.054144598431606],[53.90381920664626,24.07916901249405],[54.14794921874994,24.17119140624999],[54.304296875000034,24.25429687500008],[54.39707031250009,24.278173828124977],[54.458398437500136,24.35825195312509],[54.53466796875006,24.530957031250125],[55.30351562499999,25.236816406250057],[55.321679687499966,25.299804687500057],[55.43339843749999,25.39448242187501],[55.522851562500136,25.498144531249977],[55.9412109375001,25.793994140625045],[56.02519531250016,25.916015625],[56.07460937500008,26.05278320312499],[56.16445312500008,26.20703125],[56.197265625,26.229199218750068],[56.228417968750136,26.219775390625102],[56.30556640625008,26.235205078125034],[56.36430355213099,26.337246955950146],[56.39185631602126,26.335516668744106],[56.42458402606246,26.275651105473127],[56.41640625000008,26.108740234375034],[56.388691488594894,25.911668032556644],[56.307226562500034,25.709326171875034],[56.29420006602126,25.46991608280655],[56.37004145028639,25.183492455437964],[56.3728515625001,25.018310546875114],[56.48984374999992,24.716357421875045],[56.640625000000114,24.470312500000034],[56.774121093750125,24.33457031250009],[56.997569206646205,24.04694244999405],[57.12427819102126,23.921698309369134],[57.28382408945876,23.841253973431577],[58.1204101562501,23.716552734375114],[58.32451171875016,23.623828125000045],[58.39316406250009,23.618164062499943],[58.5,23.64565429687508],[58.57802734375008,23.643457031250136],[58.773046875000034,23.517187499999977],[58.83037109375016,23.397460937500114],[58.91152343750002,23.33417968750001],[58.98339843750006,23.234716796874977],[59.02988281249998,23.130566406250125],[59.141870437094575,23.022758414564077],[59.25513756602126,22.786688543744077],[59.348765495708705,22.64960358280655],[59.48243248789626,22.5360171570253],[59.637461784771205,22.460699774212827],[59.795542839458705,22.438299871869077],[59.80677330820876,22.279181219525384],[59.751458624483476,22.15224246536582],[59.370005730083705,21.61640045780655],[59.12084276234318,21.321388497510437],[59.06875000000008,21.289062500000114],[58.895703124999955,21.112792968750057],[58.605479362896205,20.660650946087827],[58.48658287852126,20.525702215619077],[58.35670006602126,20.443609930462827],[58.23484530355978,20.411044145095257],[58.20898437500006,20.42397460937508],[58.245019531250136,20.59921875000009],[58.102929687500136,20.570361328125045],[57.86181640625,20.244140625000057],[57.85586410579444,20.202714533926073],[57.798472526958705,20.107916571087827],[57.72840416758376,19.897650457806606],[57.69361412852126,19.700690008587827],[57.689463737896205,19.501288153119106],[57.71143639414626,19.283453680462827],[57.694712761333705,19.047247625775356],[57.58937223381079,18.95295868890856],[57.42792968750007,18.943798828124955],[57.176562500000045,18.902587890625114],[56.87781823008376,18.812201239056634],[56.655078125000045,18.58735351562501],[56.47950280039626,18.119452215619134],[56.37370188517083,17.984768614754245],[56.27031250000016,17.950781249999977],[55.642100456646205,17.908087469525356],[55.47910156250009,17.843261718750114],[55.25537109375,17.58564453125001],[55.23818359375002,17.50473632812509],[55.281445312500125,17.446240234375068],[55.29560546875001,17.381591796875057],[55.2751953125001,17.32089843750009],[55.17373046875002,17.15761718750008],[55.060195628371766,17.037908657305124],[54.9341892285966,17.005891327860066],[54.81885826914626,16.999518133587856],[54.60132897227126,17.030829168744134],[54.37695312500006,17.03364257812501],[54.068164062500045,17.005517578124966],[53.95439453125016,16.917822265625034],[53.775390625000114,16.855712890625],[53.63506851302103,16.774541309034802],[52.840708855083705,16.644964910931606],[52.654551628521205,16.599249578900327],[52.480967644146205,16.5258853210878],[52.33899987070876,16.410650946087884],[52.24622643320876,16.218146063275327],[52.17402343750001,15.956835937500045],[52.19731318502656,15.861712466657398],[52.18775475352126,15.792059637494077],[52.07569420664626,15.595282293744049],[51.83076171875007,15.459277343750102],[51.748632812500034,15.440136718750125],[51.68154296875002,15.379101562500125],[51.603710937499955,15.336816406250023],[51.32246093750007,15.226269531250068],[51.01513671874994,15.140771484375023],[50.52705078125001,15.038183593750091],[50.3794242446293,14.951252216097538],[49.65796959727126,14.846930242962799],[49.487193230083705,14.800726629681606],[49.331553581646205,14.724005438275299],[49.19446862070876,14.617926336712856],[49.048046875000125,14.45644531250008],[48.978404167583705,14.340399481244106],[48.867686394146205,14.208685614056591],[48.73316490977126,14.106268621869106],[48.561289909771205,14.050482489056606],[48.15997707810847,14.018304853560954],[47.98994140625007,14.048095703125],[47.916015625000114,14.012841796875136],[47.85507812500009,13.95693359375008],[47.63339843750009,13.858447265625102],[47.47784178583486,13.722781133460867],[47.179185744260465,13.59466926659755],[46.94791133111267,13.535287888769481],[46.27881920664626,13.491705633587841],[46.066046680876596,13.409539292631022],[45.657324218750034,13.338720703125091],[45.5339843750001,13.233496093749977],[45.393554687500114,13.067041015624966],[45.163867187500045,12.998291015625],[45.08667134381695,12.898714377669613],[44.53931725352126,12.809637762494091],[43.98374145115668,12.610235556199878],[43.92978515624998,12.616503906250045],[43.83535156250008,12.67441406249992],[43.63437499999998,12.744482421874977],[43.550625143178394,12.718432483043191],[43.48064030011684,12.778092289518012],[43.47529296875007,12.83901367187508],[43.23193359375006,13.267089843750057],[43.28242187500007,13.692529296875023],[43.234082031249955,13.858935546875045],[43.089062500000125,14.010986328125114],[43.09335937500009,14.203662109375102],[43.00625000000008,14.483105468750011],[43.02109375000009,14.554882812500068],[42.922167968750045,14.817382812500057],[42.912988281250136,14.863085937499932],[42.9373046875001,14.898046874999977],[42.93642578125008,14.938574218750034],[42.89707031250009,15.005566406250011],[42.855664062499955,15.132958984375023],[42.65781249999998,15.232812500000136],[42.69785156249998,15.326318359375023],[42.788476562500136,15.265722656250091],[42.79902343750001,15.326269531249977],[42.79990234374998,15.371630859374989],[42.71718750000002,15.654638671875091],[42.8396484375001,16.032031250000045],[42.789843750000045,16.45156250000008],[42.73066406250007,16.569824218750057],[42.7263671875001,16.6533203125],[42.69882812499998,16.736962890624966],[42.6474609375,16.801367187499977],[42.552929687500125,16.868457031249932],[42.544140625000125,16.959667968750068],[42.47500000000008,17.049853515624932],[42.38330078125,17.122460937500023],[42.332421875000136,17.25664062499999],[42.293945312500114,17.43496093750008],[42.05224609375006,17.669335937500023],[41.74999999999994,17.885742187500057],[41.658007812500045,18.007666015625034],[41.50761718750016,18.256103515625],[41.43173828124998,18.452441406250045],[41.29749986572788,18.602430635375203],[41.2215405028608,18.757845470370654],[41.1160156250001,19.08217773437508],[40.91328125000001,19.49013671875008],[40.84785156250001,19.555273437500034],[40.79160156249992,19.646386718750136],[40.75917968750008,19.755468749999977],[40.61591796875001,19.82236328125009],[40.48222656250016,19.993457031249932],[40.080664062500034,20.265917968750045],[39.88408203125016,20.292968750000057],[39.75721454011141,20.37227087455498],[39.613671875000136,20.517675781249977],[39.49121093750006,20.737011718750068],[39.348058733341645,20.89468708116058],[39.11268685282443,21.351346723583937],[39.1506835937501,21.43276367187508],[39.14707031250009,21.518994140625068],[38.98789062499998,21.88173828125008],[39.029547878777734,22.144441633549256],[39.095898437499955,22.392773437500068],[39.06201171875,22.592187500000023],[39.00136718750008,22.698974609375114],[39.00742187500009,22.770068359375045],[38.953837588159246,22.79716539205198],[38.910068548266686,22.881940114456384],[38.94111328125007,22.881835937500057],[38.875865105083705,22.948187567181634],[38.69520104258376,23.403692938275327],[38.464160156250045,23.711865234375068],[38.288867187500045,23.91098632812492],[38.0986328125,24.058007812500023],[37.9778320312501,24.124560546875102],[37.91972656250016,24.185400390625034],[37.820996093750125,24.187499999999943],[37.71337890625006,24.274414062500057],[37.63855717292234,24.277717879296308],[37.30396569102126,24.667181707806634],[37.18837211676915,24.830147820153474],[37.266308593750125,24.960058593749977],[37.21835937500009,25.150683593750045],[37.148828125000136,25.29111328125009],[36.920703125000045,25.64116210937499],[36.7626953125,25.751318359375034],[36.70253906250002,25.90288085937499],[36.675195312500136,26.03886718749999],[36.535920689895484,26.097637252968703],[36.242198112896205,26.6275698914003],[36.034190300396205,26.882330633587827],[35.851660156250034,27.070458984375023],[35.7629882812501,27.2587890625],[35.581347656250045,27.432470703125034],[35.42382812500006,27.733789062499966],[35.180468750000045,28.03486328125001],[35.07832031250001,28.087011718749977],[34.722070312500136,28.13066406249999],[34.62790193168352,28.066479879398226],[34.61621093750006,28.14833984375008],[34.68330078125001,28.26411132812501],[34.77988281249998,28.50732421875],[34.79912109375016,28.720507812500102],[34.98222656250016,29.484472656249977],[34.97441837613897,29.547155041205038],[35.09876549570876,29.798590399212856],[35.38880455820876,30.092962957806577],[35.49427330820876,30.151983953900327],[35.99952233164626,30.333685614056577],[36.50135338633376,30.564886785931606],[38.358775261333705,31.032171942181606],[38.652232292583705,31.06940338749405],[43.15333092539626,31.022345282025356],[43.67200768320876,30.979498602337827],[44.349864128521205,30.86884186405655],[44.68738854258376,30.836249090619077],[44.85828698008376,30.782965399212856],[45.285777214458705,30.609137274212856],[47.409434441021205,30.131415106244106],[47.658335808208705,30.052923895306577],[47.87647545664626,29.94721100468155],[47.992686394146205,29.807379461712856],[47.950327995708705,29.676459051556634],[47.87277761012852,29.53439426620516],[47.725292968750125,29.416943359375068],[47.722656250000114,29.393017578124955],[47.88884934401913,29.366147636289327],[48.095713737896205,29.12457916874405],[48.248179558208705,28.738043524212884],[48.90101158945876,27.523382879681577],[48.991587761333705,27.424994207806606],[49.040904167583705,27.396673895306606],[49.282106504522964,27.309908046715087],[49.405273437500114,27.18095703124999],[49.53769531250009,27.15175781250008],[49.71650390625007,26.955859374999932],[49.88187606986157,26.87799490100691],[49.978526237896205,26.7906558289003],[50.06105698223153,26.68609060239904],[50.02636718749994,26.699218750000057],[50.00810546875016,26.678515625000102],[50.02734375,26.526855468750114],[50.136013836926324,26.438582772269513],[50.10945686451294,26.112523280816],[50.05390625000007,26.122851562500045],[50.031640625000136,26.110986328125136],[50.081054687500114,25.96137695312501],[50.23035729258376,25.597662664837856],[50.378428581646205,25.351629949994106],[50.550547722271205,24.986761785931634],[50.616465691021205,24.897955633587856],[50.704844597271205,24.857733465619134],[50.72756803301874,24.86736951237459]]],[[[54.45664062499998,24.423339843750057],[54.42841796875007,24.425097656250045],[54.420104927377366,24.427175916593225],[54.44945003911738,24.454396824954234],[54.46542968749998,24.44277343750008],[54.45664062499998,24.423339843750057]]],[[[36.95478515625007,25.414648437500034],[36.91531008371162,25.391173830944528],[36.88760355711771,25.453261863290944],[36.92441406250009,25.425537109375114],[36.95478515625007,25.414648437500034]]]]}},{"type":"Feature","properties":{"name":"China"},"geometry":{"type":"MultiPolygon","coordinates":[[[[111.19939212300005,15.789211330000057],[111.20460045700003,15.779242255000042],[111.19410241000003,15.77610911700009],[111.19939212300005,15.789211330000057]]],[[[111.75310306100005,16.044663804000038],[111.76140384200005,16.048651434000078],[111.76587975400003,16.045314846000053],[111.75310306100005,16.044663804000038]]],[[[111.60572350400003,16.53351471600007],[111.60279381600003,16.524644273000092],[111.60084069100003,16.53196849200009],[111.60572350400003,16.53351471600007]]],[[[112.33057701900009,16.837632554000038],[112.32715905000009,16.829738674000055],[112.32789147200003,16.837103583000044],[112.33057701900009,16.837632554000038]]],[[[110.96583092500003,19.635972398000035],[110.85865319100003,19.534816799000055],[110.82984459700003,19.552069403000075],[110.81853274800005,19.591050523000035],[110.86264082100007,19.608710028000075],[110.84766686300003,19.62246328300006],[110.80632571700005,19.61273834800005],[110.79444420700003,19.601263739000046],[110.82178795700003,19.55410390800006],[110.79623457100007,19.48460521000004],[110.76026451900003,19.457912502000056],[110.75757897200003,19.430894273000035],[110.69825280000003,19.416937567000048],[110.66968834700003,19.381740627000056],[110.67790774800005,19.334377346000053],[110.64136803500003,19.312445380000042],[110.62159264400003,19.23065827000005],[110.58033287900003,19.155178127000056],[110.51010175900007,19.150051174000055],[110.47917728000004,19.169256903000075],[110.50733483200003,19.13222890800006],[110.54623457100007,19.139878648000035],[110.55494225400003,19.08734772300005],[110.58228600400003,19.150051174000055],[110.56324303500003,19.05565013200004],[110.51807701900003,18.993475653000075],[110.51335696700005,18.906398830000057],[110.46558678500003,18.88190338700008],[110.45875084700003,18.84833405200004],[110.43148847700007,18.821478583000044],[110.44507897200003,18.803656317000048],[110.49284915500004,18.793117580000057],[110.50342858200003,18.88190338700008],[110.53443444100003,18.785630601000037],[110.46900475400003,18.777167059000078],[110.42457116000003,18.70376211100006],[110.42676842500003,18.680894273000035],[110.40349368600005,18.66278717700004],[110.33521569100003,18.67332591400009],[110.41089928500003,18.69013092700004],[110.40349368600005,18.70376211100006],[110.30787194100003,18.66278717700004],[110.27084394600007,18.66815827000005],[110.12110436300003,18.555812893000052],[110.08814537900003,18.504339911000045],[110.03419030000003,18.51194896000004],[110.08253014400003,18.477769273000092],[110.06820722700007,18.40892161700009],[110.04460696700005,18.44013092700004],[110.05258222700007,18.39020416900007],[110.04029381600003,18.38226959800005],[109.96859785200007,18.389837958000044],[109.96859785200007,18.405503648000092],[110.01368248800003,18.40892161700009],[110.02051842500003,18.450506903000075],[110.00619550900007,18.429388739000046],[109.99252363400007,18.443060614000046],[109.96517988400007,18.41632721600007],[109.89828535200007,18.41425202000005],[109.83545983200003,18.38226959800005],[109.79566491000003,18.405178127000056],[109.74610436300003,18.39590078300006],[109.73178144600007,18.27301666900007],[109.70460045700003,18.292222398000092],[109.67042076900003,18.27301666900007],[109.73926842500003,18.258734442000048],[109.70875084700003,18.20722077000005],[109.69068444100003,18.20917389500005],[109.67725670700003,18.245062567000048],[109.60613040500004,18.20888906500005],[109.61573326900003,18.176174221000053],[109.56120853000004,18.16933828300006],[109.56804446700005,18.193182684000078],[109.54761803500003,18.220851955000057],[109.56625410200007,18.242987372000073],[109.56120853000004,18.258734442000048],[109.52955162900003,18.227687893000052],[109.53394616000003,18.21035390800006],[109.51075280000003,18.21360911700009],[109.47868899800005,18.192694403000075],[109.46501712300005,18.20408763200004],[109.50961347700007,18.23078034100007],[109.50652103000004,18.252752997000073],[109.49293053500003,18.245062567000048],[109.43995201900003,18.28896719000005],[109.21810957100007,18.30565013200004],[109.16260826900003,18.28782786700009],[109.12916100400003,18.347479559000078],[109.13599694100003,18.361151434000078],[108.99089603000004,18.36871979400007],[108.79558353000004,18.48655833500004],[108.68490644600007,18.51520416900007],[108.67408287900003,18.554836330000057],[108.69092858200003,18.604722398000092],[108.69361412900003,18.719875393000052],[108.66814212300005,18.78864166900007],[108.62387129000007,18.84918854400007],[108.65626061300003,18.94399648600006],[108.61524498800003,19.101629950000074],[108.66309655000003,19.15623607000009],[108.68344160200007,19.15623607000009],[108.66391035200007,19.20962148600006],[108.62208092500003,19.217718817000048],[108.63795006600003,19.248968817000048],[108.62696373800003,19.27496979400007],[108.64478600400003,19.310370184000078],[108.67725670700003,19.32758209800005],[108.66928144600007,19.34373607000009],[108.68653405000003,19.377875067000048],[108.76295006600003,19.38898346600007],[108.79029381600003,19.423163153000075],[108.86980228000004,19.457912502000056],[108.92448978000004,19.506252346000053],[108.94483483200003,19.492010809000078],[108.94076582100007,19.514105536000045],[109.00847415500004,19.59707265800006],[109.15650475400003,19.649644273000035],[109.19206790500004,19.67845286700009],[109.21119225400003,19.72479889500005],[109.25896243600005,19.731634833000044],[109.30738366000003,19.71112702000005],[109.27466881600003,19.75722890800006],[109.29420006600003,19.759507554000038],[109.28679446700005,19.773179429000038],[109.30738366000003,19.786851304000038],[109.27320397200003,19.79364655200004],[109.16334069100003,19.72479889500005],[109.16684004000007,19.805487372000073],[109.24870853000004,19.868841864000046],[109.25513756600003,19.89834219000005],[109.31137129000007,19.91950104400007],[109.32129967500003,19.89203522300005],[109.36882571700005,19.88930898600006],[109.41260826900003,19.861395575000074],[109.44361412900003,19.872992255000042],[109.46501712300005,19.834051825000074],[109.52702884200005,19.86196523600006],[109.58171634200005,19.85569896000004],[109.52019290500004,19.882473049000055],[109.51563561300003,19.905218817000048],[109.55746504000007,19.917303778000075],[109.53093509200005,19.930121161000045],[109.52702884200005,19.95136139500005],[109.59571373800003,19.99315013200004],[109.71900475400003,20.010646877000056],[109.71810957100007,19.957505601000037],[109.73755944100003,19.97809479400007],[109.80762780000003,19.95136139500005],[109.81592858200003,19.99119700700004],[109.83513431100005,19.97333405200004],[109.83545983200003,19.930853583000044],[109.87037194100003,19.95335521000004],[109.88331139400003,19.984849351000037],[109.94263756600003,19.99091217700004],[109.97559655000003,19.93227773600006],[109.95150800900007,19.930853583000044],[109.99008222700007,19.905951239000046],[110.00619550900007,19.91034577000005],[109.99219811300003,19.92536041900007],[110.01465905000003,19.94086334800005],[110.01368248800003,19.957505601000037],[110.06820722700007,19.978664455000057],[110.10987389400003,19.964992580000057],[110.12273196700005,19.974310614000046],[110.14958743600005,20.00657786700009],[110.11548912900003,19.984849351000037],[110.06820722700007,19.984849351000037],[110.12973066500007,20.01276276200008],[110.15699303500003,20.06736888200004],[110.26099694100003,20.033148505000042],[110.34473717500003,20.05805084800005],[110.37671959700003,20.02643463700008],[110.36817467500003,20.00779857000009],[110.39722741000003,19.978664455000057],[110.41089928500003,19.92340729400007],[110.41773522200003,19.92340729400007],[110.40943444100003,19.98004791900007],[110.38298587300005,20.01276276200008],[110.38298587300005,20.08104075700004],[110.42457116000003,20.04751211100006],[110.52759850400003,20.02020905200004],[110.52076256600003,20.00657786700009],[110.55054772200003,19.98847077000005],[110.57545006600003,19.999172268000052],[110.60580488400007,19.923163153000075],[110.62322024800005,19.940741278000075],[110.62322024800005,19.971828518000052],[110.60092207100007,20.02106354400007],[110.57081139400003,20.03066640800006],[110.56617272200003,20.069525458000044],[110.59310957100007,20.10732656500005],[110.65202884200005,20.117010809000078],[110.67790774800005,20.16356028900009],[110.71094811300003,20.07518138200004],[110.78834069100003,20.01040273600006],[110.86988366000003,19.997015692000048],[110.92066491000003,20.01203034100007],[110.93458092500003,19.995062567000048],[110.97706139400003,19.86587148600006],[110.99439537900003,19.694281317000048],[111.03467858200003,19.642238674000055],[110.96583092500003,19.635972398000035]]],[[[110.45167076900003,20.589178778000075],[110.41765384200005,20.654771226000037],[110.43336022200003,20.66742584800005],[110.47632897200003,20.63157786700009],[110.47584069100003,20.59593333500004],[110.45167076900003,20.589178778000075]]],[[[110.62452233200003,20.915187893000052],[110.58920332100007,20.88349030200004],[110.54753665500004,20.917710679000038],[110.60271243600005,20.964911200000074],[110.62794030000003,20.94863515800006],[110.62452233200003,20.915187893000052]]],[[[110.51693769600007,20.937648830000057],[110.49301191500007,20.97797272300005],[110.44141686300003,21.00584544500009],[110.36304772200003,21.00584544500009],[110.26661217500003,20.97264232000009],[110.24586022200003,20.986029364000046],[110.26539147200003,21.004339911000045],[110.24586022200003,21.02757396000004],[110.28736412900003,21.03384023600006],[110.27312259200005,21.061102606000077],[110.30990644600007,21.05292389500005],[110.33521569100003,21.06858958500004],[110.30795332100007,21.06085846600007],[110.28736412900003,21.07444896000004],[110.34262129000007,21.074652411000045],[110.38982181100005,21.09589264500005],[110.41773522200003,21.04059479400007],[110.43213951900003,21.05727773600006],[110.52637780000003,21.082098700000074],[110.54753665500004,21.037258205000057],[110.51693769600007,20.937648830000057]]],[[[109.13624108200003,21.05101146000004],[109.09595787900003,21.022040106000077],[109.09050540500004,21.041937567000048],[109.12273196700005,21.06541575700004],[109.13624108200003,21.05101146000004]]],[[[110.50586998800003,21.12685781500005],[110.50709069100003,21.143703518000052],[110.47917728000004,21.164129950000074],[110.47917728000004,21.150458075000074],[110.46143639400003,21.15106842700004],[110.44532311300003,21.165676174000055],[110.45191491000003,21.17845286700009],[110.41773522200003,21.18463776200008],[110.46216881600003,21.205145575000074],[110.49984785200007,21.206284898000035],[110.46338951900003,21.190741278000075],[110.49293053500003,21.18390534100007],[110.54322350400003,21.20416901200008],[110.56861412900003,21.191473700000074],[110.55494225400003,21.156724351000037],[110.59400475400003,21.202785549000055],[110.61695397200003,21.198919989000046],[110.56519616000003,21.112616278000075],[110.54322350400003,21.10496653900009],[110.50586998800003,21.12685781500005]]],[[[111.99984785200007,21.621161200000074],[111.86329186300003,21.56826406500005],[111.80933678500003,21.56549713700008],[111.84205162900003,21.60683828300006],[111.83529707100007,21.64394765800006],[111.92823326900003,21.664455471000053],[112.00733483200008,21.64394765800006],[111.99984785200007,21.621161200000074]]],[[[105.53482914300008,23.136263327000066],[105.46434248900005,23.206000672000116],[105.4258952240001,23.273205872000077],[105.35964603700006,23.291551005000045],[105.3121553960001,23.36581003900004],[105.29365523300004,23.366275127000065],[105.23593265800008,23.31979217600012],[105.20089603700006,23.25400807700005],[105.15562748200006,23.266849670000042],[105.06105961100008,23.23245900500008],[104.93507246900003,23.15427256300005],[104.8947648520001,23.170343933000126],[104.87006351800005,23.16354848200008],[104.86127852400006,23.119597677000044],[104.79792321800005,23.085568745999993],[104.82360640500013,22.92413157200012],[104.77420373600012,22.89622629800003],[104.70077152500005,22.818246562000056],[104.60982100500007,22.823000794000038],[104.58842696200003,22.80685190900006],[104.55354537000005,22.836049093],[104.44900394700005,22.745176087000104],[104.34017338100011,22.68636830600012],[104.23682051600008,22.74207550100006],[104.22875899300004,22.783442485000094],[104.24116133700011,22.824396057000016],[104.08685551000008,22.791555685000006],[104.02381026300003,22.719182841000034],[103.9853629970001,22.527153219000056],[103.95952478000004,22.507102763000105],[103.8363281660001,22.60275583900001],[103.64693404200005,22.799048768000134],[103.59003829000005,22.76801707],[103.5471468500001,22.70068267900011],[103.55091923000003,22.640789694000134],[103.5036352950001,22.581413473000012],[103.44751469000005,22.61825876900012],[103.40431319200013,22.68879709900007],[103.4017293710001,22.737838033000102],[103.35708093300008,22.776026917000067],[103.30964196800011,22.78793833400003],[103.2448913980001,22.66869496700012],[103.14174524000009,22.60704498300008],[103.13001469000005,22.57795115100005],[103.14200362100013,22.537798564000056],[103.04418013600008,22.486483867000018],[103.04505863500009,22.440543518000126],[103.02903894100007,22.43015655500001],[102.90258671100008,22.47723378500008],[102.83184167500008,22.599706930000067],[102.75189823400007,22.625286764000023],[102.69272871900006,22.6705036420001],[102.61247522000008,22.691587626000043],[102.58668868000007,22.716082256000092],[102.53578739400012,22.695825094],[102.51578861500008,22.745176087000104],[102.46778121000006,22.76858551000005],[102.42561324100006,22.745305278000032],[102.39496911700007,22.680528870000032],[102.35585005700005,22.669935201000058],[102.38432377100008,22.628852437000077],[102.25254886900007,22.495475566000053],[102.2180290120001,22.410674540000016],[102.16454390500007,22.425505676000043],[102.10734543400008,22.39754872600004],[102.08553064000006,22.429123027000017],[101.9949935300001,22.4474164840001],[101.89164066600011,22.42969146700007],[101.86792118300008,22.378841858000058],[101.81779504400004,22.406333720000035],[101.7848771570001,22.472221171000044],[101.75505985600012,22.49552724300007],[101.68912072800009,22.478887431000047],[101.65454919500007,22.446124573000034],[101.64369714400004,22.364682516000116],[101.62369836500011,22.346647441000115],[101.60121911700008,22.27698761000009],[101.55098962400007,22.276677552000095],[101.51574629800007,22.245361634000105],[101.56153161700013,22.17611521400009],[101.55543379800014,22.090332337000078],[101.60680017100003,21.96760081000012],[101.67366947500005,21.931375630999995],[101.7510807700001,21.81613718700008],[101.72854984500009,21.717538554000086],[101.75480147300004,21.689788310000054],[101.75593835500013,21.648653870000075],[101.80384240700005,21.62591623900009],[101.79355879700006,21.588244121000045],[101.73619795800005,21.570880839000026],[101.74823856600005,21.514501852000123],[101.72968672700011,21.474245911000068],[101.71511397300003,21.321128642000062],[101.73650801600007,21.292293193000134],[101.80115523300003,21.267075094000077],[101.82373783400004,21.234467265000134],[101.80523767100004,21.204494934000095],[101.76007246900008,21.19596832300006],[101.77020105000003,21.170440166000034],[101.75599003200006,21.143258362000054],[101.70426192200011,21.135093485000127],[101.65511763500012,21.18919871100003],[101.58178877800003,21.175659485000054],[101.58395918800011,21.2243903600001],[101.51760664900007,21.242632141000044],[101.38149092600008,21.22247833200008],[101.29271081600007,21.176072897000054],[101.24434167500004,21.192867737000128],[101.20899499500013,21.245526021000032],[101.22036381100003,21.296272278000018],[101.20744470200003,21.31482411700007],[101.23312788900006,21.371719869000017],[101.17142622900013,21.403397522000134],[101.18775598100007,21.505871887000083],[101.18656742400003,21.53532745400007],[101.15421797700003,21.568038635000065],[101.17385502100007,21.611911926000076],[101.1688424080001,21.637853496000034],[101.12765629100005,21.695162659000104],[101.11887129800004,21.759809876000062],[101.08280114800004,21.766734518000064],[100.99278080300007,21.71144073500004],[100.83490930200009,21.657542217000085],[100.70396122300008,21.51641387900004],[100.62174401800007,21.469078268000075],[100.45668949400005,21.455022278000044],[100.39912194900006,21.518894348000018],[100.34196781400004,21.53036651700002],[100.19789392100012,21.433214824000046],[100.16249556500009,21.43636708600009],[100.09727990800008,21.508300680000033],[100.08606612200003,21.550933737000022],[100.10394616700006,21.615632629000103],[100.14373702000006,21.640023906000025],[100.14280684400012,21.654906718000078],[100.08234541900003,21.684465638000106],[99.99671757100003,21.686119283000053],[99.95026045800012,21.72115590400007],[99.91796268700006,21.8291596480001],[99.96566003400011,21.963001608000084],[99.93434411600009,22.018863831000047],[99.94240564000006,22.04552886900011],[99.84783776900008,22.055037333000072],[99.84173995000003,22.027080384000087],[99.82101770100007,22.017778626000066],[99.72365930200004,22.07059194000003],[99.68386844900004,22.039017639000022],[99.63353560400009,22.084751282000056],[99.53896773300005,22.106713766000027],[99.49039188700004,22.104336650000064],[99.43861210200009,22.12423207600007],[99.36492150900006,22.098858948],[99.25288700400006,22.102786357000056],[99.16638065600006,22.13208689400001],[99.14446984900007,22.153532613000053],[99.17506229700007,22.168673808000065],[99.15935266100013,22.184693502000115],[99.24368859900005,22.34122141600004],[99.24306848200007,22.39315623000006],[99.28275598100004,22.411914775000056],[99.35779016200013,22.495475566000053],[99.34414758300005,22.533251038000017],[99.35499963400008,22.60854360000006],[99.30797408000012,22.745176087000104],[99.3590303960001,22.77489003500007],[99.41442753200005,22.856900533000058],[99.41339400300006,22.930746155000023],[99.51529992700006,22.90880951000007],[99.53803755700011,22.92643117300004],[99.49039188700004,23.0120073450001],[99.49307906100012,23.057379252000132],[99.40326542100007,23.068334656000005],[99.33381229700012,23.129622904000044],[99.21661014900008,23.057379252000132],[99.1941825770001,23.09577484200007],[99.05506962100009,23.109598287000026],[99.02644087800013,23.160447897000026],[98.85900923700012,23.179387309000063],[98.86014611800005,23.212279358000032],[98.91068566900009,23.297597148000094],[98.89652632700012,23.323280335000064],[98.85342818200007,23.3248823040001],[98.89011844900006,23.3679029340001],[98.88960168400013,23.406789449000073],[98.86397017400009,23.46660491900012],[98.84888065700005,23.480402527000066],[98.7999947510001,23.48073842400005],[98.78087447100006,23.532854106000016],[98.85601200400009,23.610007020000083],[98.80030481000006,23.69271514900005],[98.79317346200003,23.758473409000104],[98.66367232300013,23.796946513000066],[98.6745243740001,23.936886292000096],[98.65881473800005,23.961122539000073],[98.85621871000006,24.083802388000024],[98.87347863800005,24.11449819000005],[98.86572717300004,24.145684917000025],[98.7161755780001,24.12134531700012],[98.58522749900004,24.075715027000015],[98.50326867700005,24.121267802000077],[98.43495243300009,24.130259501000026],[98.33066939300005,24.099486186000078],[98.18153120900013,24.118658142000086],[98.10505009000008,24.101527405000027],[97.88997277800013,24.022617493],[97.81783247900012,23.95815114400007],[97.76780969300012,23.946472270000086],[97.62466597500003,23.846710918],[97.60988651500003,23.88314280200008],[97.51645552600013,23.942829081000113],[97.72006066900008,24.1474419150001],[97.70156050600013,24.210926412000063],[97.72409143100003,24.241518860000056],[97.71840702300011,24.277666523999997],[97.64450972500003,24.302393698000103],[97.63820520100012,24.328102721999997],[97.68957157400007,24.346473694000068],[97.6473002520001,24.432334086000097],[97.51325158700007,24.438586935000004],[97.53857303900003,24.597259420000015],[97.53278527800006,24.723324077000072],[97.53609257000005,24.745028178000084],[97.66394006400003,24.829777527000104],[97.76522587100004,24.834660950000043],[97.77297733600005,24.85468556800008],[97.70827844300004,24.927290955000004],[97.69959680200009,25.065008647000113],[97.7540637620001,25.11355865500009],[97.80098596300013,25.237633769000112],[97.82362023900009,25.26161163300013],[97.86031050700007,25.244093323000058],[97.88893925000013,25.205646057000124],[97.90991988100006,25.20755808500006],[97.97627242100009,25.27225697900012],[98.04489872300013,25.311944479000104],[98.0756978760001,25.376074932000037],[98.11207808500006,25.396228739000023],[98.09977909300005,25.50004669200011],[98.13419559800008,25.534618225000102],[98.1400867110001,25.611461080000097],[98.23238081900007,25.586553040000027],[98.2766158450001,25.552446594000045],[98.31206587700012,25.55745920800011],[98.34710249800003,25.577819723000047],[98.41872603400009,25.724219056000024],[98.49810103400006,25.830724183000072],[98.52683313100005,25.838785706000053],[98.61003218700006,25.800596822000088],[98.69023400900005,25.86555409700013],[98.68982059800004,25.8915990200001],[98.62532841000012,25.969992168000104],[98.5824369720001,25.98229115900004],[98.54553999900003,26.105642803000066],[98.5630066330001,26.131222636000118],[98.61933394400012,26.145743714000062],[98.62429488100014,26.108485006000038],[98.64444869000005,26.097891337000064],[98.68082889800013,26.12496978800003],[98.7055302330001,26.174940898000088],[98.67700484200009,26.239329733000076],[98.6421749270001,26.25452260400003],[98.65778120900006,26.31162506100013],[98.7134884030001,26.389449768000063],[98.72113651600006,26.538898011000086],[98.7555530190001,26.625042623000084],[98.73198856700003,26.71351267500002],[98.75038537600011,26.792009176000064],[98.71452193200008,26.862030741000083],[98.73632938600008,26.89825592100003],[98.71266158100008,26.995149231000042],[98.73777632600007,27.048686015],[98.73136844900006,27.068788147000063],[98.69137089100008,27.092404276000067],[98.67256066900006,27.17560333200008],[98.70770064400011,27.337247213000083],[98.67442102100006,27.3865982060001],[98.67927860500009,27.57733591800003],[98.6472392170001,27.611726583000078],[98.5784062090001,27.59172780400003],[98.5221822520001,27.656297506000087],[98.4923132730001,27.643430073999994],[98.4102510990001,27.68425445600009],[98.38327600100007,27.55578684500007],[98.36394901500012,27.532170716000067],[98.32860233600007,27.52286895700003],[98.29470259600009,27.536614889000063],[98.25439497900004,27.648132629000074],[98.20437219300004,27.727300924000062],[98.19662072800003,27.823186544000023],[98.1400867110001,27.878557841000074],[98.17667362500003,27.898117371000083],[98.17729374200007,27.91292266900011],[98.10711714700011,27.973074036000057],[98.12251672400004,28.015448710000058],[98.11869266800005,28.140789897000033],[98.04861942600013,28.199623515000027],[97.9910518800001,28.214015401000026],[97.9929122320001,28.26892161100004],[97.9447497970001,28.29884226500006],[97.8975175380001,28.35532460500012],[97.85907027200005,28.370129903000034],[97.79726525900003,28.34392995200001],[97.76532922400008,28.352430725000133],[97.69959680200009,28.48802968300008],[97.67045129400009,28.511284079000077],[97.61360721800003,28.481983541000133],[97.54622115100011,28.53846588100008],[97.52772098800011,28.52952585900006],[97.44534875500011,28.382971497000128],[97.44782922400009,28.29760203100004],[97.38437056500004,28.284837952000075],[97.36959110600003,28.25347035700004],[97.32349572800013,28.217477723000073],[97.22965132700011,28.274606018000085],[97.21053104700013,28.308092346000066],[97.07844608600004,28.3751425170001],[96.96579146400012,28.330468242000066],[96.71692392905247,28.436539447625634],[96.5615177204665,28.44729288316006],[96.36964414401973,28.378115826943503],[96.30185249373439,28.420710938634112],[96.33645875408492,28.47966681390912],[96.50237514126326,28.644476217418358],[96.50104350465409,28.687631303142155],[96.59800971353144,28.709910398443995],[96.59258426900004,28.757884013000094],[96.57666792800006,28.808526917000066],[96.51083215400013,28.885524801000074],[96.49222863800003,28.94800160700005],[96.45212772700006,28.970377502000034],[96.45760542900013,28.99458791100001],[96.36656829155606,29.036536563468914],[96.24858762565306,28.945343306324006],[96.19532275757172,28.941105845485463],[96.17462528500005,29.108844503000043],[96.21007531700008,29.145767314000082],[96.31642541500008,29.171863912000063],[96.36624149600004,29.257233379000056],[96.33709598900009,29.27971262700008],[96.26784956900008,29.24173044900006],[96.23529341600005,29.241213684000016],[96.17627893100013,29.28645640100011],[96.14196578000008,29.368466899000097],[95.95373470035588,29.35921881015993],[95.86313352662813,29.32398502037684],[95.79594038900007,29.352886455000046],[95.74478072100004,29.340432435000068],[95.7473653601981,29.27365103497256],[95.71716496895556,29.218283651027733],[95.56442997300007,29.2456061810001],[95.55016727700007,29.212481588000017],[95.51533736200014,29.209432679000074],[95.52143518100007,29.13786082000003],[95.48757683710141,29.068994487006023],[95.36740605062847,29.03649616327051],[95.22491581200012,29.05936431900001],[95.19969771300003,29.094245911000073],[94.98906457600003,29.15398386700012],[94.77657108500011,29.16669626900007],[94.76148156800008,29.174706116000053],[94.76768273900007,29.21385101300008],[94.70422408000013,29.284699402000044],[94.6304301350001,29.319451803000064],[94.59994104000009,29.316635437000016],[94.51477828000009,29.22105987600004],[94.39643925000013,29.207081400000035],[94.33577111900013,29.149617208000038],[94.28750533100003,29.147937724000073],[94.27078578096348,29.097929973215642],[94.34731050114596,29.024348511501685],[94.2501829716835,28.933107498976327],[94.17365825150097,28.930164240507835],[94.1353958914097,28.897788397353693],[93.99201949100012,28.844648743000064],[93.9815905577272,28.768130860141966],[93.92778566056765,28.68275160171495],[93.86307969177443,28.704870831024095],[93.78174379684887,28.68050383781251],[93.72247522000009,28.696647441000053],[93.62553023300006,28.67235951800005],[93.44621301300003,28.671894430000023],[93.31717003715039,28.603462550497838],[93.2869721652333,28.520517242676647],[93.1862858334245,28.431995228097378],[93.21807344565363,28.39464655767386],[93.20782489381371,28.340539283245555],[92.97492395000006,28.28230580700007],[92.90381717900004,28.2496979780001],[92.8347774660001,28.183526306000132],[92.79023238100007,28.178901266000068],[92.77917362500011,28.195902812],[92.67861128800007,28.133064270000105],[92.63892378800006,28.057487488000092],[92.68925663200014,28.048314921],[92.73639150917766,27.98590893651867],[92.68367428669768,27.910450219011963],[92.63646812873851,27.89536981004999],[92.57497681769904,27.847806414432647],[92.47510949800005,27.846595968000074],[92.42756717900005,27.82117116400009],[92.39284061800004,27.85602691700005],[92.36793257700003,27.80383372000007],[92.35005253100007,27.802541809000033],[92.32917525300013,27.832927552000072],[92.30385380100006,27.786160380000055],[92.23956831900006,27.865276998000056],[92.1262935790001,27.81272206600009],[92.06487820550117,27.76172129397611],[91.98889765320416,27.76939841380579],[91.95224735500011,27.724820455],[91.86491418500009,27.72998809800002],[91.82658872441321,27.807627271770244],[91.72987134422583,27.804136158001306],[91.68013149075769,27.849823277598603],[91.6283394780001,27.852693787000035],[91.65283410700005,27.91674672500004],[91.63795129500011,27.93974273700009],[91.41884322100009,27.99472646100004],[91.34143192600004,28.03056406700007],[91.29016890500003,28.0914130660001],[91.26970503800004,28.072861227000075],[91.19467085800005,28.07058746400004],[91.09255822800003,27.97167877200006],[91.00884240800008,27.966769512000056],[90.90952030400007,28.032656963000036],[90.7268957930001,28.06169911800005],[90.66746789600012,28.090327860000016],[90.57527714000008,28.06583323200006],[90.4752315670001,28.07234446300002],[90.48566935150171,28.12465735277827],[90.59760193815339,28.200376455513336],[90.58772553344886,28.233297804528476],[90.50542216091083,28.249758479036117],[90.45604013738802,28.282679828051258],[90.38690530445604,28.2991405025589],[90.35398395544087,28.2991405025589],[90.32950402800009,28.25579579700006],[90.29147017500009,28.261351014000084],[90.2618041781983,28.2991405025589],[90.2618041781983,28.335353986475624],[90.22559069428155,28.358398930786237],[90.15316372644816,28.322185446869483],[90.07086035391018,28.34523039118018],[89.95252445500006,28.30824737600004],[89.91613001353875,28.31560117706651],[89.86291752100004,28.295793356000033],[89.78085534700011,28.228769023000027],[89.75584395400011,28.184378967000058],[89.57942061400007,28.144639791000074],[89.45880782100011,28.04779815700006],[89.33602461800007,27.8690752160001],[89.22492028800008,27.807812806000058],[89.19820315021519,27.730581852095057],[89.12465494572706,27.614851589150547],[89.09153086366274,27.62586512181302],[89.06402857436444,27.615946263377637],[88.97836570605818,27.53028339507135],[88.98296649296316,27.492631778751146],[88.95105955131027,27.433144260415148],[88.99701872918376,27.33086945727318],[88.97193299480028,27.312385231937938],[88.91516001698494,27.33086945727318],[88.89233077000011,27.315543111000082],[88.77357832900003,27.408509013000057],[88.75435469600012,27.464216207000092],[88.75755863400008,27.511448466000033],[88.74164229300004,27.531679789000023],[88.80566939300007,27.655108948000063],[88.85388350400007,27.843676249000097],[88.85155806500012,27.877162576999993],[88.81068200700014,27.927857158000066],[88.81771000200013,27.994881490000083],[88.73564782700004,28.055265402000074],[88.65203536000013,28.069398906000018],[88.61048750800012,28.105830790000127],[88.55281660900005,28.078054708000067],[88.50207035300008,28.02888458300002],[88.45576827000008,28.03152008100004],[88.37877038600004,27.982634176000047],[88.11573734600012,27.947261658000045],[88.09749556500003,27.904008484000073],[88.11821781400005,27.860884501000058],[88.02995446800008,27.893337301000074],[87.9784330650001,27.880521545000093],[87.83668461200006,27.908323467000073],[87.77984053500012,27.839438782000045],[87.72682051600003,27.807761129000042],[87.63607670100009,27.82365163200005],[87.57334151200013,27.805022278000095],[87.53158695500008,27.836803284000027],[87.36911625200014,27.803937073],[87.38534265100003,27.849412334000064],[87.36384525500011,27.855251770000038],[87.29051639800008,27.816081035000096],[87.15579593900009,27.825796204000042],[87.11652185100013,27.84458058700004],[87.0056759040001,27.951499126],[86.91472538200009,27.945117086000053],[86.84046634900011,28.014776917000077],[86.73980065900014,28.02149485300002],[86.73173913600004,28.07691782600007],[86.68006270300003,28.105727437],[86.6123149010001,28.080276794000085],[86.55355879700005,28.104151306000077],[86.51619673700009,28.012244771],[86.51046065300005,27.952429301000038],[86.42529789200012,27.909925435000005],[86.36297611500004,27.946098938000105],[86.3277327880001,27.93969106100009],[86.27807173600007,27.98369354300003],[86.20303755700013,28.00258127900007],[86.17223840400004,28.071827698000092],[86.18603601100011,28.133529358000047],[86.1559603280001,28.156525371],[86.06873050900003,28.07676279700003],[86.08469852700006,28.04387074800009],[86.07916914900005,28.001134339000075],[86.09813439900012,27.985631409000078],[86.11286218300012,27.926797791000084],[86.06170251500009,27.889048157000033],[85.98026045800009,27.88517242400006],[85.95121830300008,27.916229961000013],[85.95659265100005,27.9762262980001],[85.8983016360001,28.03601593000006],[85.86336836800012,28.14334788000012],[85.7344873450001,28.221534323000057],[85.69976078300004,28.269102477999994],[85.69293949400003,28.33522247300006],[85.61180749500005,28.251144918000094],[85.56529870600014,28.27538116400008],[85.47569177300011,28.279101868000012],[85.43156010000007,28.297059428000082],[85.36257206200014,28.259671529000016],[85.31260095200008,28.282770895000098],[85.24340620900006,28.267913921000073],[85.1735913490001,28.30431996600005],[85.13416223200011,28.291969300000105],[85.08739506100005,28.304113261000097],[85.07757653800013,28.435681457000058],[85.10946089700008,28.45929758700005],[85.1231551510001,28.504591980000058],[85.15374760000003,28.52490081800009],[85.16098230000006,28.59499989900003],[85.05494226100006,28.63869232200001],[84.95494836400007,28.57430348700011],[84.92849003100008,28.53846588100008],[84.81195967600013,28.54197987900004],[84.75563236500005,28.58541392100004],[84.67775598100008,28.604405009000075],[84.68297530100011,28.65075876900009],[84.63264245600004,28.668793844000092],[84.61620935100007,28.693650207000033],[84.45084476800014,28.73388031000006],[84.42273278800008,28.79917348300002],[84.37658573500005,28.848834534000005],[84.23514733900004,28.900020040000115],[84.20672530100012,28.940663554000068],[84.2314266360001,29.025981343000026],[84.17546106000009,29.05740061400006],[84.16621097900008,29.098457540000126],[84.13225956200006,29.143803609000045],[84.16166345300007,29.19253448500008],[84.15546228100004,29.206642151000025],[84.11236413600005,29.20909678200009],[84.08972985800011,29.256613261],[84.0352112220001,29.24762156200005],[84.01252526900004,29.270204163000088],[83.97583500200005,29.263744609000028],[83.9579549560001,29.289040222000025],[83.91439172400004,29.28940195700001],[83.79321049000004,29.23475413100006],[83.6954903570001,29.22617584200013],[83.63926639800013,29.15475901300003],[83.52371789500012,29.183594462000073],[83.50299564700009,29.26103159600011],[83.39313155100012,29.35624542300006],[83.38724043800005,29.393504130000096],[83.35700972500013,29.415363261000024],[83.35520105000012,29.460735168000056],[83.32796757000006,29.48502309200005],[83.26394047000014,29.47300832100008],[83.24719730600009,29.49473826100011],[83.26083988500011,29.542048035000064],[83.17355839100009,29.62126800500009],[83.09335656700006,29.615144349000033],[83.07955896000004,29.579642640000074],[83.06493453000007,29.57878997800013],[82.9758960370001,29.664030253000092],[82.93191939300004,29.664185283000037],[82.89972497600007,29.688421529000024],[82.83657637600004,29.65979278600004],[82.69095218900003,29.780741476000017],[82.68898848500004,29.827741191000072],[82.61850183100006,29.839833476000067],[82.54181400500005,29.923239238000022],[82.4570646570001,29.9540900680001],[82.39443282100007,30.00313100200013],[82.34730391400007,30.003441061000032],[82.31888187700014,30.031811422000132],[82.25573327600011,30.039666240000074],[82.21067142800007,30.064419251000075],[82.15382735200012,30.058166401999998],[82.1275757250001,30.124363912000078],[82.15568770300013,30.181363017000066],[82.0849943450001,30.2308173630001],[82.09321089700006,30.31473988900011],[82.07321211800013,30.337219137000105],[81.96903243000008,30.32827911400007],[81.94123050900004,30.353962301000067],[81.84438887500005,30.371170553000027],[81.77901818800007,30.35804473900008],[81.61401534000004,30.416904195000072],[81.53681075100008,30.378560283000056],[81.5093705650001,30.328382467000026],[81.46281010000007,30.34135325100003],[81.4261198320001,30.372514140000092],[81.38751753800011,30.37390940300007],[81.36803552300012,30.30104563400009],[81.37785404500005,30.232626037999992],[81.35005212400011,30.157230123000105],[81.3224052330001,30.133769023000028],[81.26695642100003,30.125087382000075],[81.27202071100004,30.079922179999997],[81.22571862800004,30.050466614000086],[81.21683028200005,30.008195292000025],[81.09776778200006,30.01692860900009],[80.97601810700007,30.255208638000042],[80.78166304500007,30.320992736999997],[80.72306197200004,30.392047832000102],[80.59635136000003,30.45979563500002],[80.5082947190001,30.46232777900009],[80.32587691200013,30.54650868700007],[80.2528064380001,30.565008851000087],[80.17983931500004,30.559479472000092],[80.20330041600005,30.60634999600005],[80.16661014800007,30.674407858000038],[80.20702111900005,30.68613840700003],[80.23141239400007,30.724947408000062],[80.15710168400011,30.793160299000093],[80.09219608500007,30.774505107000024],[80.06253381400006,30.784788717000097],[80.02863407400008,30.830780742000016],[79.90316369700008,30.89020863900005],[79.83350386600006,30.96152211500005],[79.73903934800012,30.979247131000065],[79.63031213400006,30.962503967000103],[79.57780887900009,30.938371074000045],[79.51269657400007,30.966172994000104],[79.47641971900003,31.014025371000102],[79.40159224500013,31.02363718700012],[79.3670479880583,31.111559061766084],[79.31941711251294,31.142279974197177],[79.28832134985049,31.225473994629226],[79.2528602604927,31.24543676949139],[79.26202358591979,31.27851309060668],[79.23831863759511,31.3296556045226],[79.13139720595568,31.438433157420082],[79.07021024772884,31.461381390199218],[78.92100839989331,31.269685496828163],[78.86198693800009,31.291476134999996],[78.78447229000005,31.288272197000097],[78.74509484900005,31.308115947000104],[78.76256148300007,31.44511016900013],[78.69538212100014,31.488104961000104],[78.69951623500003,31.51001576800006],[78.81888879400009,31.607374166000014],[78.75811731000005,31.66659535800001],[78.72401086500008,31.67331329300005],[78.69321171100006,31.71853017200003],[78.69558882600006,31.746693827000072],[78.67088749200008,31.770516663000038],[78.74457808500011,31.964199931000067],[78.72215051300009,31.99458567300003],[78.64928674300012,32.03644358300001],[78.51306766800008,32.2075700890001],[78.45798059100014,32.229661764000085],[78.46273482300012,32.28180328400008],[78.43451949100006,32.38376088500006],[78.45219283000006,32.41678212500004],[78.38098270658662,32.52804148452685],[78.38480676200004,32.54754933700006],[78.44754195200011,32.566256205000045],[78.63016646300008,32.57801259400004],[78.69445194500008,32.629663188000066],[78.73682661900011,32.629844056000124],[78.75098596200013,32.61279083300009],[78.73692997300003,32.54579233800008],[78.77144982900012,32.461663106000046],[78.9112862550001,32.35474456800007],[78.94342899600014,32.346372986000105],[79.02817834500007,32.377094626000044],[79.07530725100014,32.370790100000036],[79.11292769400006,32.47238596700005],[79.28741156145267,32.53257939116813],[79.32046626650504,32.59226722135526],[79.37947682579494,32.57644972217696],[79.40682034478317,32.52968335070614],[79.44349727169374,32.53477259180094],[79.51574063362341,32.608119744630585],[79.53120131304826,32.648316794003655],[79.57617012539868,32.6706463645242],[79.62067291506752,32.72872513425561],[79.61391341067542,32.76503545442273],[79.56409288128151,32.793927891059354],[79.41408948759245,32.9720529162554],[79.33358605900014,32.99429209500006],[79.33978723100012,33.013257345000014],[79.39927298712544,33.026877543090805],[79.3731702070001,33.11214019800006],[79.42347470306436,33.15782502934888],[79.45609607657275,33.25039903388836],[79.42008441515759,33.27516911050025],[79.07504815721146,33.29574255484219],[78.96498571648198,33.344254148471954],[78.80090539600008,33.494235738],[78.7813717040001,33.55278513600008],[78.78726281700011,33.808428447000054],[78.7211169840001,33.99438608900009],[78.73010868400007,34.079264629000036],[78.90322473100008,34.15812286400008],[78.97619185400004,34.2171631880001],[78.98539025900004,34.28635793100001],[78.95118046100004,34.34917063400009],[78.80173221800004,34.41500640900007],[78.75067590400005,34.47128204400006],[78.66458296800005,34.52642079700006],[78.37943241400006,34.578665670000035],[78.29602665200014,34.62465769500004],[78.21138065600013,34.84826161700009],[78.14812870300005,34.94313954700006],[78.13004195100012,35.05543243400008],[78.0011609290001,35.26890777600009],[78.00984257100004,35.34745595300002],[78.0556278900001,35.45287587500006],[78.04425907400008,35.49163319899999],[77.98586470600003,35.49416534400008],[77.88313195800004,35.431068420000045],[77.83424605300007,35.452152405000064],[77.80034631400014,35.49540557900012],[77.76034875500005,35.49809275300005],[77.66061324100008,35.45809519500007],[77.51219852700007,35.478455709000016],[77.38373091600005,35.47199615500007],[77.28110152200009,35.52801340800009],[77.14126509600004,35.525377910000074],[77.03904911300009,35.58501251200006],[76.91502567600008,35.58315216100006],[76.84298872900013,35.64128814800007],[76.76340702300007,35.64707590700003],[76.67669397000003,35.71379018200007],[76.57075728400014,35.75125559500013],[76.5511202400001,35.78401845300003],[76.56527958200007,35.86546051100008],[76.5554610590001,35.89786163400008],[76.53716760300011,35.90251251300005],[76.50016727800005,35.871506653000026],[76.43205773900007,35.860499573000126],[76.4031189370001,35.830992330000086],[76.34885868300006,35.830992330000086],[76.31196171000005,35.8096499630001],[76.16602746600006,35.806239319000085],[76.13812219200008,35.82665151000002],[76.11466109200012,35.941786601000004],[76.08995975700003,35.97811513300009],[75.95301721200008,36.00726064100009],[75.8999971930001,36.06348459900006],[75.9014441330001,36.11361073799999],[75.97151737500013,36.15500356100004],[75.97007043500014,36.20233917200001],[76.01440881400009,36.23039947500003],[75.96883020000013,36.30197133400007],[75.98743371600006,36.42118886300007],[75.97658166500008,36.46263336200012],[75.84976770000003,36.64474111],[75.72874149600005,36.723185934000114],[75.64977990700004,36.75403676400002],[75.5705082610001,36.766749166000054],[75.50797977700006,36.74762888700006],[75.49258020000008,36.72070546500005],[75.43191206900013,36.72292755100004],[75.41051802600003,36.747318827000086],[75.37796187400005,36.894286601000104],[75.31346968600013,36.92875478100008],[75.19513065600006,36.948882752000046],[75.10014937300008,36.994125468000036],[74.9249662680001,36.970871074000016],[74.87235966000009,36.907102356000095],[74.8532393800001,36.95898549400009],[74.79257124800012,37.01515777600004],[74.71919071500008,37.01644968700002],[74.66244999200006,37.05448354100004],[74.54235396300004,37.021669006000124],[74.47662154100004,37.083138123000126],[74.38257043400012,37.126572164000024],[74.36830774000003,37.16706064900002],[74.45667443900004,37.177318420000105],[74.50008264200005,37.23163035100008],[74.5899996340001,37.24336090100006],[74.6232792560001,37.23080352800004],[74.7214644770001,37.29777618500013],[74.73738081900012,37.29612253800009],[74.7940181890001,37.21393117300006],[74.89230676300008,37.231113587000024],[74.95152795400008,37.281291403000054],[75.06842004400005,37.312142233000046],[75.09177779200007,37.378443095000065],[75.16412479700006,37.40063812300009],[75.05343387900007,37.493836568000106],[74.94522343000006,37.54856191000009],[74.89189335200007,37.59920481400003],[74.88610559100005,37.653465068000074],[74.9651705330001,37.76746327800005],[74.94925419100008,37.79531687400002],[74.88610559100005,37.830560202000086],[74.91370080600012,37.880841370000056],[74.8907564700001,37.89771372500006],[74.89282352800006,37.99401275700011],[74.88042118300007,38.021659648000124],[74.80993453000013,38.053208110000085],[74.79071089700011,38.08144928000006],[74.77107385300008,38.29153981600005],[74.78430302000004,38.32567209900013],[74.83825321400013,38.37941558800013],[74.83577274600003,38.45517323800003],[74.76032515500003,38.5199754850001],[74.69645308500009,38.523980408000014],[74.64612023900008,38.561109925],[74.33420129400008,38.66699493400007],[74.22144331900012,38.64970916800006],[74.12336145000006,38.66947540300005],[74.08439742000007,38.61402659100007],[74.03726851400006,38.598471986000035],[74.05876591000003,38.54702809700008],[74.02889693200012,38.52723602400009],[73.93288212100003,38.52966481500006],[73.81640344300007,38.58658640600002],[73.73640832600006,38.72166860000003],[73.73589156100007,38.8004234830001],[73.68080448400013,38.87297719300004],[73.71718469300004,38.91858164500012],[73.80958215300012,38.93266347300006],[73.82611861200013,38.97689849900006],[73.7093298750001,39.065471904000034],[73.67377649000014,39.14262481700008],[73.60783736200011,39.20732371000007],[73.60225630700006,39.235771587],[73.64380415900007,39.351294251000084],[73.63264204900014,39.44834259000005],[73.83831425000005,39.47567942400009],[73.87045699100008,39.546786194000006],[73.92161665900005,39.582132874000095],[73.89350468000004,39.71039377900006],[73.82952925700005,39.74698069200009],[73.81857385300009,39.78604807600003],[73.83200972500003,39.823720195000064],[73.88068892400014,39.865009664000084],[73.89319462100013,39.9181330360001],[73.94404423100008,39.970067851000024],[73.97670373600005,40.04360341400009],[74.16759647600009,40.10639027900005],[74.33378788300007,40.09372955300002],[74.47662154100004,40.17243276000001],[74.5654016520001,40.246950176000055],[74.70575484200003,40.331286113000075],[74.8621277260001,40.32617014600008],[74.85385949700009,40.35882965100005],[74.78740360500012,40.42073801700006],[74.83535933500013,40.51163686100007],[75.00237756300004,40.44729970300007],[75.06438928300008,40.44383738200004],[75.13807987500007,40.463887838000076],[75.19389042200004,40.44125356100004],[75.48183150200009,40.614111227000095],[75.55986291500011,40.63286977200001],[75.58766483600004,40.61194081700002],[75.60564823400011,40.56941111300007],[75.61794722500008,40.493963521000055],[75.66693648300009,40.450245260000074],[75.63830774000007,40.38611480800007],[75.65629113800009,40.323069560000036],[75.68181929600013,40.291701966000105],[75.77204634600014,40.310150452000116],[75.90185754400011,40.29888499000005],[75.96242232300006,40.35733103400004],[76.05161584500007,40.39019724500007],[76.1513513590001,40.36813140900007],[76.24416223100013,40.44120188400002],[76.27341109200006,40.434122213000094],[76.31351200400007,40.343326721000025],[76.47649947100012,40.436137594000044],[76.55639123500004,40.565690410000045],[76.60941125500005,40.59710968000009],[76.6478585210001,40.76485138000005],[76.76247684700013,40.84701690700008],[76.76681766800004,40.94468536400002],[76.86097212800013,41.01320831300005],[77.00773319500007,41.04421417300007],[77.11883752500006,41.01165802100003],[77.24317102100014,41.005663554000094],[77.33298466000014,41.020649719000076],[77.5035168870001,40.98106557200002],[77.65027795400005,40.997136943000086],[77.83104211400007,41.06297271800007],[78.07495487500006,41.03951161700009],[78.19050337700014,41.11774973600005],[78.27535608000011,41.22885406500005],[78.34946008300005,41.27040191700003],[78.35969201700004,41.28745513900007],[78.3393315030001,41.34404083200003],[78.35989872300007,41.37752716100003],[78.51038049400006,41.454421692000025],[78.61921106000005,41.47808949900006],[78.65827844200004,41.532453105000045],[78.80731327300003,41.57844513000002],[78.91583378100012,41.63317047200009],[78.97619185400004,41.641800435000036],[79.08874312300003,41.70254608200004],[79.19592004400005,41.72952117900006],[79.28232303900012,41.78349721300013],[79.39084354700009,41.7726968380001],[79.61098514800011,41.867626445],[79.7475142830001,41.87974456799999],[79.78327437300004,41.90509185800006],[79.81283329300004,41.977619731000075],[79.84290897700004,42.00183013900006],[79.93086226400004,42.023275859000094],[80.18190637200013,42.02097625800006],[80.23120568900003,42.03368866000001],[80.2565271410001,42.08435740099999],[80.22459110500012,42.12556935700009],[80.21032841000005,42.18951894100006],[80.24908573500005,42.20489268000004],[80.26841272000013,42.23796559700013],[80.19616906800007,42.434594422000046],[80.21053511600007,42.49084421900004],[80.16237268100014,42.55239084900005],[80.14376916500004,42.64476247200004],[80.24825891100005,42.81619903600004],[80.33393843600004,42.81707753600007],[80.54860233600004,42.87846913600005],[80.54291792800012,42.91665802100003],[80.37383264200008,42.975181580000125],[80.3551257740001,43.00058054600002],[80.36814823400005,43.028459982000086],[80.61846887200005,43.13426747700005],[80.66001672300013,43.13282053600007],[80.73153690600009,43.10109120700004],[80.77339481600012,43.11292511000006],[80.7934452720001,43.14946034800009],[80.74848677600005,43.27516326900003],[80.64286014800007,43.326219585000004],[80.69422652200012,43.39471669600003],[80.71272668500006,43.45887298600006],[80.47615197800008,43.910240784000095],[80.42313195800006,43.97214914900012],[80.40380497300004,44.048940328000086],[80.3388993740001,44.1214940390001],[80.3732125250001,44.23099640000005],[80.33042443900007,44.45305002900007],[80.38375451700006,44.60280833000006],[80.35584924300008,44.652882793000074],[80.37631311000007,44.67127960300006],[80.49196496600007,44.70171702100005],[80.49227502400004,44.72796864800007],[80.31450809800003,44.78031687400009],[80.24474491400008,44.81597361300008],[79.99173710100007,44.79364939400001],[79.86864384000012,44.84935658800005],[79.84301232900003,44.873489482000096],[79.8582052000001,44.90372019500002],[80.10335819500006,45.03218780500002],[80.21901005100011,45.02603831000006],[80.29053023300014,45.04624379500005],[80.39005904100009,45.045778707000025],[80.44535282400011,45.10422475200001],[80.53682010900008,45.10107249000005],[80.69712040200011,45.14365387000002],[80.85385502200012,45.12649729500005],[81.54203007000007,45.293308818000085],[81.66522668500005,45.347982483000024],[81.73927901200005,45.33806060800005],[81.76516890500011,45.3077265430001],[81.79364261900014,45.19564036100003],[81.87534305800006,45.18106760700009],[81.95011885600007,45.144480693000034],[82.24529463800008,45.231813863000056],[82.3418262130001,45.204890442000064],[82.47582320100008,45.11569692000002],[82.53974694900006,45.12365509100009],[82.58522220800012,45.176830140000035],[82.61457442300008,45.24855702700002],[82.63198938000005,45.41583363900007],[82.61571130400011,45.43541900700008],[82.51303023300011,45.46575307300013],[82.36265181500005,45.481204326000025],[82.3274601650001,45.493348288000035],[82.29149336800003,45.53319081700006],[82.37221195500007,45.73416046200005],[82.48894901500006,45.90169545500008],[82.56827233900003,46.196509500999994],[82.67436405500013,46.33112660700006],[82.83895349200009,46.732445781000095],[82.98550785300006,46.942510478000074],[82.98550785300006,47.01253204300009],[83.00628177900012,47.08061574300011],[82.99822025600014,47.11025217700005],[83.02147465000007,47.20590525400006],[83.07160079000005,47.21851430300008],[83.15035567200005,47.21153798500008],[83.22197920800005,47.171902161000006],[83.35339237500006,47.1449787400001],[83.52449304200013,47.067102357000024],[83.90534834800013,46.97395558700002],[84.06962772600014,46.96442128500003],[84.15814945500011,46.99310170500003],[84.26584314000007,47.000129700000045],[84.42180261300012,46.99310170500003],[84.5210213630001,46.96979563399999],[84.6635449630001,46.98385162400011],[84.73165450100004,46.94775563600011],[84.75160160300004,46.9179900110001],[84.74958622300011,46.88246246400006],[84.71553145400003,46.8351785280001],[84.73961267100009,46.81476633700008],[84.91603601100013,46.85055226600009],[84.97577396700007,46.90199615500008],[85.04822432500004,46.92070302400005],[85.2258362230001,47.041574199000095],[85.49863610900013,47.051831971000084],[85.55682377100004,47.17874928800008],[85.65965987200008,47.20652537000011],[85.67898685700004,47.274893290000094],[85.67035689300008,47.38434397400003],[85.58457401500004,47.492941997000045],[85.59542606600013,47.62407094400005],[85.51537927200008,47.92028025300006],[85.56178470900005,48.03066111300005],[85.58638269000005,48.14124867700009],[85.71867435700011,48.3588322960001],[85.78368330900008,48.40758901000005],[86.00599532100006,48.42955149400002],[86.19203047700012,48.41823435500005],[86.24670414200006,48.437354635000034],[86.30737227400004,48.48308827700005],[86.43062056500014,48.48587880500013],[86.56508264200005,48.527323303000074],[86.60554528900008,48.590110169000056],[86.75199629700006,48.7154255170001],[86.7391805420001,48.78353505500009],[86.78946171100006,48.83913889600011],[86.71804488100014,48.912519430000046],[86.70941491700012,48.954222311000066],[86.74352136300007,49.007707419],[86.85948327600005,49.10532419900004],[86.97544519000007,49.092405090000014],[87.11631514500004,49.12976715100008],[87.40043217000004,49.0710110480001],[87.47556970200009,49.08759918300011],[87.50605879700004,49.12087880500006],[87.81632409700006,49.16583730100008],[87.83554773000009,49.100724997000086],[87.82190515100007,49.028739726000126],[87.87223799700013,49.004090068000025],[87.87259973200014,48.968019918000024],[87.7568961990001,48.92037424700008],[87.73787927300003,48.86936960900003],[87.79606693600005,48.83975901300006],[87.82107832900004,48.7882892870001],[87.90758467600006,48.758833720000084],[87.97548750900012,48.75599151600001],[88.05941003400011,48.70808746400009],[88.05501753800007,48.67341257800008],[87.94282800400003,48.599489441000074],[87.98303226800004,48.55233469700006],[88.06251062000013,48.542877910000115],[88.16596683800003,48.49373362200005],[88.23562666800007,48.493191020000026],[88.30487308800008,48.46900645000004],[88.4167008880001,48.39410146100009],[88.50269047100005,48.392551168000054],[88.56511560100012,48.34299347000008],[88.56123986800003,48.26826934899999],[88.59622481300005,48.197679342000114],[88.63580896000008,48.17584604900007],[88.70918949400004,48.16636342400001],[88.8054110110001,48.105953675000094],[88.91682539900006,48.105953675000094],[89.04555139200005,47.9929889940001],[89.21871911700009,47.97696930000005],[89.35426639900004,48.03877431300005],[89.42542484500007,48.02164357600007],[89.54180017100009,48.031022848000035],[89.57187585500003,48.02045501700006],[89.58324467000006,47.962034811000095],[89.62737634300004,47.94394806000007],[89.65528161700013,47.89981638600007],[89.72339115400013,47.878163961],[89.75129642700011,47.82431711900007],[89.88906579600012,47.82431711900007],[89.93443770300007,47.84426422200009],[89.9466850180001,47.883176575000064],[90.04461185800011,47.87976593100005],[90.06435225400003,47.85062042200012],[90.05215661700004,47.81070037900007],[90.08285241700008,47.75610422800004],[90.16341597500008,47.71000885000011],[90.34480025200003,47.65864247700004],[90.32743697200004,47.62303741500007],[90.38159387300004,47.53839141900009],[90.44122847500006,47.49304535000006],[90.44815311700012,47.40403269500008],[90.48722050000003,47.378194479000044],[90.46872033700004,47.30892222100003],[90.71211633400003,47.0147024540001],[90.74239872300006,46.99186147100009],[90.82818160000011,46.98230133100007],[90.88512902800005,46.94473256400009],[90.9364954020001,46.864427389000056],[90.92533329300011,46.81313853000002],[91.00481164500007,46.74042979000008],[91.01556034300012,46.70319692000005],[90.99592329900008,46.59462473600006],[91.04749637900005,46.56640940400008],[90.93577193200014,46.343864848000024],[90.89618778500005,46.30203277600005],[90.94879439300007,46.168294170000124],[90.99592329900008,46.113723857000096],[91.00243452900003,46.02184316000002],[90.98620813000014,45.99311106400002],[90.91923547300013,45.95006459600002],[90.71077274600009,45.75219553700005],[90.65113814300008,45.493141581000074],[90.75325077400004,45.420949606000065],[90.79655562400012,45.29284373000006],[90.86662886600004,45.25356964200007],[90.85763716600007,45.21507069900012],[90.87324344900003,45.18618357400008],[90.97514937400013,45.214863994000055],[91.0567981370001,45.2175511680001],[91.13503625500005,45.19786244700005],[91.18433557100008,45.15383412700008],[91.24913781800007,45.129701233000034],[91.3665466710001,45.114249980000025],[91.43848026500012,45.146134339000085],[91.53397831200004,45.071100159000096],[91.66296268700012,45.05952463800007],[92.04299117000005,45.074820862000095],[92.21889774600004,45.010121969000025],[92.28535363800012,45.01952708000009],[92.47510949800005,44.9974612430001],[92.84759322200006,45.0391124480001],[92.94505497300014,45.00583282500007],[93.1657133380001,45.00764150000005],[93.24415816300012,44.98154490200007],[93.34099979700005,44.984852194000055],[93.42058150300005,44.955086568000084],[93.52527795500004,44.95126251300003],[93.71400028500011,44.874574687000106],[93.92742395000005,44.672933248000035],[94.05857873600013,44.65128082300005],[94.18187870300011,44.66084096300004],[94.27748010200008,44.58957916300007],[94.33845829300003,44.51211619100012],[94.43013228400008,44.504468079000034],[94.58805546100007,44.43610015900008],[94.69822961400013,44.343495992],[95.03681359900003,44.25497426400007],[95.39772180200009,44.280502422],[95.3226876220001,44.15823598200008],[95.31896691900005,44.01710764600004],[95.51027307200013,43.979125468000106],[95.53528446500013,43.957679748000075],[95.5892346600001,43.86949391800003],[95.69248417200004,43.63054209400009],[95.83283736200008,43.40890187600006],[95.87438521400009,43.247102966000014],[96.31869917800009,42.910069275000026],[96.35776656100012,42.72449920700002],[97.19327111900003,42.78726023400007],[99.47447554500013,42.56419891400007],[100.01697473100006,42.67651763900007],[101.21871016400007,42.529834087000026],[101.41073978700013,42.54487192900011],[101.52494470200008,42.53745636000009],[101.63759932500005,42.51544220000001],[101.73537113500004,42.461156108000054],[101.88647302300012,42.27801483200001],[101.97421960500003,42.20788991400006],[102.03416426600012,42.184609681000026],[103.07348067300012,42.0045173140001],[103.6914274500001,41.75923512800004],[104.50078373200012,41.8705978390001],[104.50491784700006,41.65655405700004],[104.8923360600001,41.64477183000004],[104.97382979400004,41.586144918000016],[105.01480920400007,41.596144308000035],[105.20089603700006,41.743473816000076],[105.35819909700007,41.78584849100007],[105.86860721900007,41.993484395000095],[106.76782881800011,42.286618958000034],[108.17735518400008,42.45430898100001],[108.3197754310001,42.43255320200008],[108.53645471300007,42.43511118600007],[108.7968522540001,42.398369243000005],[108.96128666200008,42.44753936800005],[109.25341353400006,42.42593862000008],[109.48513065600008,42.44929636700003],[109.66734175700003,42.54898020400013],[109.91270145700008,42.62882029300003],[110.06018599400005,42.63835459500011],[110.13987105300009,42.68261545800003],[110.4067281500001,42.7686050410001],[110.44941288300004,42.83733469600007],[110.60816288300003,42.944666647000034],[110.68009647600007,43.05765716600003],[110.97341190700007,43.31560007800003],[111.33855757600008,43.43817657500004],[111.40139611900008,43.475512797000064],[111.56769087700008,43.50253957200003],[111.75382938700005,43.66320160000008],[111.84581343600013,43.66692230300008],[111.93335331300011,43.696636251000044],[111.94430871600008,43.78637237600013],[111.83878544100003,43.938792013000054],[111.63445682800011,44.06594187500009],[111.54381636600004,44.15673736600006],[111.51942508900004,44.1885700480001],[111.4905896410001,44.28262115500006],[111.41059452300004,44.32608103500009],[111.39705529800011,44.38736928300004],[111.42413374800003,44.44803741500003],[111.53823531100005,44.58342966800011],[111.55136112500003,44.693190410000014],[111.73853316300006,44.96630035400004],[111.84333296700004,45.03952585900002],[111.92673872900008,45.06091990200004],[111.95826135200008,45.08453603100004],[112.10760624200014,45.0673794560001],[112.412807251,45.06603586900003],[112.52391158100016,44.99327545200005],[112.58602665200016,44.923822326999996],[112.74849735600009,44.865272930000074],[113.10485803200004,44.794372864000096],[113.47320764200009,44.77070505799999],[113.5324288330001,44.745280253000075],[113.60477583900007,44.73969919900007],[113.67247196500006,44.7681729130001],[113.88930627500014,44.90826772100006],[114.01705041600007,44.927284648000025],[114.08929406800007,44.961752828],[114.14934208200009,45.030069072000046],[114.41888635300006,45.20147979700003],[114.50229211400011,45.30323069300006],[114.53371138500006,45.38549957300002],[114.70331343600003,45.42715077700005],[114.93885461400009,45.37376902300004],[115.12633671100008,45.394439596000055],[115.33727990800008,45.394697978000025],[115.66738895700007,45.4542809040001],[116.00214888500005,45.67555938800005],[116.09485640500009,45.676541240000105],[116.16989058400009,45.70909739200006],[116.25164270100004,45.80325185200003],[116.20709761600011,45.88086985300002],[116.21319543500016,45.908155009000026],[116.3571659750001,46.10555898100007],[116.5251143800001,46.22679189100002],[116.56831587800008,46.29087066600003],[116.72200158700002,46.3286978150001],[116.81460575400007,46.38673044800008],[116.95785282500009,46.366421611000064],[117.33746789500003,46.357274882000056],[117.36919722500016,46.47569142700003],[117.41250207600001,46.52462900900004],[117.39379520700004,46.57137034100005],[117.51006718000014,46.57847585100008],[117.5681514900001,46.60353892000008],[117.62520227100003,46.53566192700005],[117.67336470600003,46.5160248830001],[117.79759484900006,46.52026235000004],[117.90063765500014,46.60759552100008],[118.00554081200005,46.62697418200004],[118.08388228300015,46.66826365200005],[118.16904504400009,46.67849558500005],[118.26898726400015,46.72293731700002],[118.3355465090001,46.72216217100002],[118.47279911300012,46.685678610000096],[118.55196740800005,46.68575612400012],[118.60937992400005,46.705780742000044],[118.7200708420001,46.67673858700006],[118.75381555200016,46.691156311000086],[118.81624068200006,46.75818064400009],[118.84652307200008,46.76549285900008],[118.86745202700007,46.75833567300005],[118.89055139200002,46.71353220600007],[118.96723921700004,46.74045562800008],[119.03695072400001,46.66872874000008],[119.31693363500005,46.61167795800007],[119.50126346900004,46.62800771100002],[119.62347823100004,46.61632883700004],[119.68011560100007,46.591627503000055],[119.74026696800001,46.61325409000001],[119.78222823100009,46.65562876400013],[119.85442020700009,46.65965952600003],[119.90702681500011,46.71831227600005],[119.88310062700009,46.7530130010001],[119.9028927010001,46.84241322800007],[119.88144698100007,46.87285064700005],[119.89643314600005,46.898585510000046],[119.85230147400006,46.91072947200006],[119.7701359460001,46.9929983520001],[119.75396122200004,47.094439189000056],[119.69995935100013,47.15952565500005],[119.58735640500004,47.238358053000056],[119.52508630400013,47.25081207400005],[119.47599369300008,47.30920644200002],[119.32065433800005,47.407029928],[119.28189701300005,47.41485890700001],[119.31776045700008,47.46211700400006],[119.3101123460001,47.47609548000007],[119.13389571200003,47.527539368000035],[119.08345951400014,47.66156219500006],[118.76740645400008,47.75615590400004],[118.5422522390001,47.966246440000035],[118.47279911300012,47.98944915800003],[118.28004602100015,47.998130799000094],[118.18248091600003,48.02820648200007],[117.97277795400015,47.99789825500004],[117.81516483600001,48.00482289600002],[117.76689904900002,47.993144023000056],[117.52722375500002,47.78648997000009],[117.43647994000003,47.730498556000086],[117.360825643,47.65086517400003],[117.31710738200002,47.654069112000016],[117.06968062300007,47.810157776000025],[116.82204716000001,47.876303609000004],[116.49968957600004,47.83635772800004],[116.24389123600008,47.86289357500006],[116.08431441300007,47.80692799900005],[115.97290002500006,47.709052837000044],[115.91450565600013,47.68391225200013],[115.8527006430001,47.7055646780001],[115.57571496600008,47.90973826100007],[115.51422001100008,48.131636862000065],[115.7999906820001,48.242327779000036],[115.80929244000004,48.27395375600004],[115.78655481000015,48.49301015300007],[115.8004040940001,48.53037221300009],[116.02819380800008,48.76746368500004],[116.0480375570001,48.79976145500011],[116.0378056240001,48.87014475500003],[116.68427779200016,49.8232648730001],[117.05758833800007,49.67288645400005],[117.25292525200007,49.62245025600005],[117.4728601490001,49.614285381000016],[117.7588375250001,49.51274119100002],[117.83686893800012,49.50902048800002],[117.87376591000015,49.513206279000045],[117.89381636600001,49.54664093100003],[117.93071333800003,49.567311503000056],[118.18847538300008,49.68125803700012],[118.22940311700006,49.72921376600006],[118.3729602460001,49.78631622400006],[118.39373417100006,49.8200092580001],[118.47703658100016,49.83597727500005],[118.52127160700002,49.89406158500013],[118.64436486800003,49.95457468700006],[118.74146488400004,49.95307607100007],[118.92377933800003,49.99162668900006],[118.99044193600008,49.97932769800009],[119.09167606600016,49.98656239800006],[119.20851648000013,50.015139466000036],[119.31621016500009,50.0926541140001],[119.34396040800004,50.14241851900003],[119.33378015200003,50.27626047800008],[119.365509481,50.31083201100007],[119.35662113400008,50.340752666000085],[119.17534021000012,50.35610056600008],[119.18050785300011,50.369794819999996],[119.14123376500004,50.37661611000006],[119.13756473800004,50.392532451000065],[119.15487634300013,50.411394348],[119.20675948100006,50.415115051],[119.24365645400007,50.44550079300005],[119.26458540900006,50.48275950200009],[119.25089115500015,50.50451527900002],[119.29357588700015,50.59923817900004],[119.37372603400001,50.642749736000056],[119.39165775600009,50.672050273000124],[119.44281742400005,50.68507273400006],[119.49666426700003,50.73705922500007],[119.51485437100007,50.79193959600009],[119.49749108900005,50.83591624000003],[119.5279801850001,50.86676707000002],[119.5179549560001,50.90480092400007],[119.60425459800007,50.978181458000094],[119.68321618700008,51.01606028300007],[119.71019128500012,51.0385395310001],[119.7103979900001,51.062465719],[119.74083540900006,51.07153493200006],[119.76522668500007,51.14243499800004],[119.75814701300015,51.158015442000064],[119.78543217000009,51.171658021000056],[119.75814701300015,51.19902069200002],[119.76217777600004,51.21504038500005],[119.81499109000009,51.21589304600009],[119.80594771400007,51.244005026000124],[119.81964196800004,51.274726665000074],[119.91565677900007,51.33074391700008],[119.89529626500013,51.38397064200005],[119.95286381100004,51.39766489700007],[119.98273278900007,51.44215830500006],[119.977203411,51.48701344900006],[120.05290938400003,51.55220326800007],[120.05673343900008,51.59638661700008],[120.10045170100005,51.65994862900003],[120.16561568200007,51.66855275500008],[120.31930139200011,51.776039734000065],[120.46482222500003,51.84019602500011],[120.49314091000008,51.87572357200007],[120.54114831600009,51.88298411100003],[120.56631473800013,51.905334168000095],[120.6476017660001,51.91101857500006],[120.71090539600004,51.98832651800005],[120.69731449400001,52.04871042900005],[120.77916996300007,52.11759511400008],[120.78320072500009,52.16198516900003],[120.7512646890001,52.20296457900007],[120.75808597900004,52.237406922000034],[120.6549398200001,52.2991085820001],[120.626156047,52.34680592900007],[120.69038985300006,52.439125875000045],[120.72397953300009,52.542168681000035],[120.4540218510001,52.63903615400007],[120.2611137290001,52.611053365000046],[120.17595096800005,52.58374237100004],[120.07936771700014,52.589969381000046],[120.03378910300006,52.62536773700005],[120.03260054600003,52.658879903000056],[120.05290938400003,52.69301218700012],[120.0329622800001,52.76065663700011],[120.2801823320001,52.86592153000002],[120.450301147,53.00834177700001],[120.61478723100004,53.097070211000116],[120.714057658,53.185049337000024],[120.82387007700004,53.235227153000054],[120.825988811,53.26186635400008],[120.8742545980001,53.28015981100005],[121.05486372900009,53.290004171000035],[121.20348514900007,53.276749166000045],[121.34099613500013,53.323645529000075],[121.51214847800014,53.32982086200006],[121.64102950100005,53.384907939000115],[121.88897302300012,53.43058990500005],[122.08162276200005,53.42950470000004],[122.16869755100004,53.46914052300009],[122.31675052900005,53.496012269000104],[122.40160323100008,53.45095041900005],[122.47121138500012,53.46474802700003],[122.85966312700015,53.473946432000005],[123.0025484630001,53.507329407000086],[123.15359867400002,53.51311716700006],[123.25255904200003,53.56779083300002],[123.34025394700012,53.561434632000086],[123.4815373130001,53.5180781050001],[123.49476648000012,53.56009104500002],[123.51440352500003,53.56241648400005],[123.54747644100013,53.54050567600008],[123.51957116700015,53.51999013300012],[123.54189538600014,53.51409902000002],[123.6142940680001,53.56334666000002],[123.70178226800016,53.51006825800003],[123.85019698100007,53.49497874000012],[123.97055139200006,53.45518788700012],[124.017370239,53.40702545200013],[124.12180830900002,53.35268768400006],[124.18221805900009,53.3785517380001],[124.25306644700004,53.37550282800005],[124.29342574100014,53.35129242000009],[124.34251835200007,53.27248586000006],[124.38370446800008,53.24613088000011],[124.500493205,53.21367808000009],[124.65159509300014,53.20876882000006],[124.68828536000001,53.19360178700005],[124.72016971900007,53.14882415800007],[124.8013533940001,53.155154521],[124.87013472500013,53.107999776000085],[124.8962313240001,53.11766327000002],[124.8791781010001,53.15386261100004],[124.89767826400009,53.18551442500005],[125.07368819200013,53.21220530300009],[125.12743168100013,53.20654673300005],[125.47650598200005,53.08350514800013],[125.52130944900006,53.04242238400006],[125.6213550220001,53.06213694300003],[125.65019047100014,53.023379619000096],[125.73354455600008,52.98165090000005],[125.71985030200011,52.946304220000044],[125.66093916900007,52.91935496000012],[125.64646976800014,52.88488678000006],[125.83736250800013,52.9067200730001],[125.86371748900001,52.88858164500006],[125.86743819200001,52.8493592330001],[125.97694055200014,52.764997457999996],[126.01781661000007,52.78238657700011],[126.08804488100014,52.77541025800012],[126.1040645760001,52.75445546500002],[126.03512821500016,52.72711863299999],[126.06861454300014,52.67988637300006],[125.98277998900005,52.653040467000054],[125.97316817300009,52.63156890900002],[125.99084151200009,52.58642954500006],[126.02804854400011,52.56637909000001],[126.08277388500011,52.59335418700006],[126.21232670100011,52.53304779100007],[126.20033776900004,52.46708282500005],[126.27599206600007,52.46328460800002],[126.3507161870001,52.37690745100004],[126.31573124200008,52.31621348100005],[126.43928959200008,52.27528574700004],[126.31221724500006,52.22795013400007],[126.31671309500007,52.19976064100011],[126.53117028800006,52.15265757200011],[126.55597497600007,52.130643412000026],[126.514427125,52.042535096000094],[126.46709151200002,52.03165720700004],[126.43928959200008,51.99786082000004],[126.64790734900015,51.741261496000035],[126.72557702700016,51.70873118200008],[126.70733524600007,51.68563181600011],[126.72371667500016,51.635893249999995],[126.67689782700012,51.5765945430001],[126.8074324960001,51.53421986900007],[126.83037683200013,51.50812327100009],[126.7927047120001,51.459056498000066],[126.80030114800007,51.41895558700007],[126.89011478700007,51.40701833200002],[126.90944177300003,51.391101989999996],[126.89750451700007,51.36195648200008],[126.82701786300004,51.33898630800003],[126.80898278900008,51.289066875000074],[126.8458797610001,51.251472270000065],[126.869909302,51.251730652000035],[126.89068322800011,51.27149688700008],[126.88530887900004,51.30289032000012],[126.89936486800008,51.316507060000035],[126.97217696100006,51.32400014300005],[126.97775801700004,51.2965599570001],[126.90515262900016,51.20811574300008],[126.93176599200007,51.06378346800007],[127.03232832900011,50.97244537400003],[127.14425948100012,50.90350901300009],[127.2207406010001,50.788167216000076],[127.287351522,50.751011862000084],[127.28895349200002,50.675150859000055],[127.34398889200008,50.627763570000084],[127.36708825800014,50.57779246000011],[127.36481449400003,50.554744772000035],[127.28895349200002,50.46601633700003],[127.35850997,50.415115051],[127.3587166750001,50.38131866500002],[127.33065637200008,50.32819529199999],[127.35463423700008,50.298636374000054],[127.59064050300009,50.20871938100002],[127.57017663600004,50.13022288000009],[127.48666752200006,50.02562978200008],[127.49441898600003,49.973178203000046],[127.53400313300011,49.92248362200006],[127.50671797700011,49.844297181000016],[127.53865401200005,49.789933574000045],[127.64428064000009,49.76714426700006],[127.67998905500008,49.73918731800005],[127.70360518500001,49.660639141000004],[127.85465539500001,49.58488149100002],[127.92069787600008,49.581109111],[127.96793013500007,49.603226624000015],[128.06714888600004,49.546692607000054],[128.1983036700001,49.53899281900006],[128.26786014800007,49.55878489300004],[128.3447546800001,49.54798451800009],[128.38351200400012,49.57935211300013],[128.5512537030001,49.5884471640001],[128.62866499800015,49.575321350000124],[128.67186649600006,49.611443177000055],[128.80167769400015,49.565141093000065],[128.79950728400007,49.53186147100003],[128.75413537600002,49.50245758100003],[128.76012984200014,49.47088328100004],[128.879192342,49.479719951000064],[128.9981514900001,49.441272685000015],[129.06688114500002,49.361639303000075],[129.11535363800016,49.34877187100007],[129.21787968,49.390784811000074],[129.34097294100008,49.341175436000114],[129.37321903500003,49.369855856000086],[129.37869673700004,49.4250462860001],[129.48060266200002,49.42127390600008],[129.52773156800004,49.38484202100007],[129.53207238800007,49.32153839100006],[129.55181278500004,49.29048085600003],[129.71118290200008,49.27415110300011],[129.741775351,49.19570627800009],[129.84151086400004,49.16718088800003],[129.84151086400004,49.10919993099999],[129.9206791590001,49.081863099000046],[129.91344445800013,49.03954010000005],[129.92646692000005,49.02569081600008],[129.9742159430001,49.015148825000026],[130.20179895100006,48.88259877500012],[130.24934126800008,48.86451202400009],[130.439717245,48.89649973600008],[130.46534875600008,48.89133209300009],[130.48663944500004,48.86368520200007],[130.54089969900008,48.85345326800008],[130.67432824800005,48.870816549000025],[130.52973759000008,48.616258443000035],[130.62017134600006,48.56049957300009],[130.62637251800004,48.48226145500003],[130.71587609900013,48.4990562950001],[130.75897424300007,48.48572377500007],[130.743264608,48.41159393400004],[130.82512007700012,48.31777537100005],[130.8194356690001,48.28188608800009],[130.773857056,48.24418813100006],[130.75277307200008,48.18961781900002],[130.67474165900006,48.13592600600005],[130.6633728440001,48.116443990000036],[130.67474165900006,48.06394073500009],[130.90697554600007,47.884261780000045],[130.94170210800007,47.820596415000054],[130.94180546100011,47.717967021000064],[131.0233508710001,47.682284445000064],[131.10386275300004,47.676548360000126],[131.21010949700013,47.709207865000096],[131.41836552000012,47.74261667900008],[131.507765747,47.72153269400003],[131.60326379400016,47.66153635700003],[131.70299930900006,47.69615956700004],[131.914045858,47.66763417599999],[132.02535689300015,47.697864889000115],[132.16167932100007,47.69001007100009],[132.25076949100009,47.72535675100009],[132.33241825400006,47.73651886000003],[132.5246545820001,47.70752838100013],[132.57416060400016,47.73959360800005],[132.57643436700005,47.7942414350001],[132.66800500500005,47.88131622400006],[132.66035689300008,47.93133901000006],[132.67461958900003,47.95061431900008],[132.72247196500007,47.95893422500005],[132.774871867,47.93376780200002],[132.8058777270001,47.936196594000066],[132.94075321400015,48.02670786600005],[133.0328406170001,48.05675771100003],[133.09195845600004,48.10678049700003],[133.22373335800006,48.125978293000045],[133.30145471300006,48.101276957000024],[133.52438684100002,48.09543752100005],[133.55994022700008,48.11329172799999],[133.59383996600002,48.16419301400002],[133.67021773300007,48.189979553000015],[133.73791386000005,48.25108693500003],[133.96642704300012,48.27865631100012],[134.05717085800006,48.32718048200009],[134.3863497315548,48.38133738271404],[134.471305787,48.33989288300005],[134.542619263,48.35730784100009],[134.6113489180001,48.28542592400005],[134.71873254400015,48.26341176400008],[134.68741662600013,48.21984853100004],[134.68297245300005,48.13551259400002],[134.5864408770001,48.061150208000115],[134.55936242700005,48.00952545200009],[134.60132369100006,47.94412892700002],[134.58768111200004,47.92591298400008],[134.65775435400008,47.88669057200012],[134.67646122300005,47.82431711900007],[134.76978885900013,47.741014710000044],[134.77257938700006,47.710732321000094],[134.69289432900013,47.64890146900011],[134.68266239500014,47.58784576400002],[134.6242680260001,47.54963104300005],[134.55688195900007,47.47118621900002],[134.48463830600014,47.43018097000008],[134.414978475,47.43922434500003],[134.3128658450001,47.42012990400006],[134.24506636600006,47.355095113000075],[134.18357141100006,47.327499899000074],[134.15411584500015,47.25789174400008],[134.19721398900003,47.20533681300007],[134.18977258300004,47.172935689000084],[134.2272896730001,47.11774526000009],[134.1971106360001,47.085163269000034],[134.124246867,47.070513001000066],[134.06915979000007,46.981241964000006],[134.0627519130001,46.906853740000074],[134.0166565350001,46.819468892000046],[134.044665162,46.77200409000004],[134.0147961830001,46.66503387400009],[133.98802779200003,46.62516550700006],[133.90245162000008,46.57364410400005],[133.89190962700002,46.528969828000115],[133.84581425000016,46.47065297500008],[133.85439253800007,46.444659729000094],[133.90028121000006,46.426572978000095],[133.93387089100008,46.390761211000054],[133.92601607300008,46.37130503400009],[133.8633842370001,46.33929148400007],[133.87444299400016,46.31978363100008],[133.8963538010001,46.32719919900008],[133.915990845,46.31298818000003],[133.893769979,46.301877747000006],[133.90245162000008,46.25898630800005],[133.85532271400007,46.23655873700007],[133.86090376900006,46.223587952000045],[133.8301046150001,46.19687123700008],[133.79351770100004,46.21428619400011],[133.74101444500002,46.1590440880001],[133.687374309,46.14183583600003],[133.7200338140001,46.063752747000095],[133.65812544800008,45.934509989999995],[133.61761112500005,45.93626698800007],[133.58588179500015,45.876322327000096],[133.552292115,45.88841461200006],[133.514361613,45.87926788400007],[133.477257935,45.82009836900001],[133.51136438100002,45.77855051700003],[133.4849060470001,45.76847361300007],[133.470850057,45.72888946600004],[133.44304813700006,45.7096658330001],[133.48779992700008,45.68666982000006],[133.49152063000008,45.67338897800006],[133.45669071500004,45.648790995000056],[133.477257935,45.62770701100003],[133.42764856000014,45.61525299100005],[133.413489218,45.573343405000074],[133.3748352460001,45.573085022],[133.1798083910001,45.493813375000045],[133.13319624900015,45.419606019000085],[133.10188033100013,45.28721099900012],[133.09753951000005,45.243544413000066],[133.12720178300003,45.15538442000009],[133.098779745,45.10779042600008],[132.9661780200001,45.02888051400002],[132.92121952300016,45.027898662000055],[132.8397774660001,45.05916290300006],[131.96882287600016,45.233984274000065],[131.91456262200012,45.26013254900006],[131.85306766800005,45.33759552000002],[131.8180310470001,45.33278961200001],[131.78526818900002,45.30472930900008],[131.72315311800003,45.215329082],[131.62775842400004,45.19848256500002],[131.60522749900008,45.16463450100012],[131.62238407400002,45.12365509100009],[131.60905155500012,45.08970367400006],[131.4337650970001,44.96128774000006],[131.32948205600007,44.967643942000095],[131.176519816,44.90341013600003],[131.11006392400014,44.91953318300001],[131.05156620300016,44.90904286700008],[131.0247978120001,44.86243072600011],[130.93343387900006,44.84170847600008],[130.93012658700007,44.82496531200003],[130.97157108600004,44.77561431900001],[131.02138716700006,44.746882223000014],[131.06582889900005,44.682028301000074],[131.2644731040001,44.054211325000026],[131.21775761000004,44.01607411700006],[131.2066988530001,43.974784648000124],[131.2173441980001,43.90848378600002],[131.17031864400013,43.78110138000001],[131.19202274600002,43.588632507000014],[131.160706828,43.53277028400002],[131.2742916260001,43.45119903600006],[131.28090621000007,43.380221456000086],[131.24793664600008,43.344202982000084],[131.2377047120001,43.26583567400009],[131.16907841,43.20170522100007],[131.1839612230001,43.120805766000004],[131.078334595,43.031818950000016],[131.07430383400003,42.99339752200008],[131.10303592900004,42.91043101000004],[131.0238676360001,42.8962716680001],[130.9924483650001,42.848729350000056],[130.76951623600013,42.865808411],[130.734893026,42.82449310300008],[130.5864783130001,42.817258403000025],[130.40716109200008,42.73537709600008],[130.3796692310001,42.69667144800006],[130.40375044800015,42.67755116800005],[130.50389937400007,42.67780955100004],[130.57190555900002,42.621818136000016],[130.58451460800006,42.56890146900004],[130.53077111900006,42.53048004200009],[130.516508423,42.59936472700012],[130.5014189050001,42.610785217000014],[130.4551168220001,42.58515370700006],[130.47103316300002,42.56975413000008],[130.45253300000002,42.54934194000002],[130.43124231000002,42.561511739000125],[130.42772831200006,42.59936472700012],[130.32478885900008,42.650291850000045],[130.2626737870001,42.7086087040001],[130.24303674300006,42.743361105000034],[130.256472616,42.8668936160001],[130.2390059820001,42.902240296000016],[130.09875614500004,42.92151560500004],[130.130485474,42.95947194500006],[130.12149377400016,42.98184784000004],[130.00821903500008,42.96055714900005],[129.93411503100003,43.00840952600005],[129.879751425,42.9960330200001],[129.90703658100006,42.97613759299999],[129.85174279800003,42.96190073600012],[129.7572782800001,42.73470530200008],[129.757588339,42.70364776600006],[129.78756066900013,42.67685353600008],[129.77670861800004,42.647191264000114],[129.74156864400004,42.62900116000007],[129.76306604000007,42.60623769199999],[129.73650435400015,42.58515370700006],[129.72885624200006,42.47585805300007],[129.70332808500012,42.44237172400007],[129.59170699100002,42.44795277900006],[129.58767622900012,42.411365866000025],[129.53517297400003,42.36955963100009],[129.43409387200006,42.44110565300012],[129.38624149600008,42.42810902900008],[129.34014611800006,42.4454723110001],[129.35213505000002,42.42061594700006],[129.32650354000015,42.42676544200002],[129.30376591000004,42.38958424900001],[129.23606978400005,42.374365540000085],[129.23627648900003,42.32387766600006],[129.193901815,42.31824493400005],[129.22800826000008,42.29772939100006],[129.18077600100003,42.24310740200012],[129.2093013920001,42.23468414400013],[129.2111617430001,42.219956360000126],[129.119797812,42.14936635300005],[129.06471073400013,42.153758850000045],[129.02657352700015,42.10187571200005],[128.96383833800007,42.08851735500012],[128.94006718000003,42.03536814400006],[128.9034802650001,42.02627309200001],[128.720959107,42.047589621],[128.70928023300013,42.03017466300007],[128.60789107300002,42.03017466300007],[128.56437951700008,42.00079661100007],[128.502367799,41.996094055000086],[128.2619690350001,42.032861837],[128.03459273300012,41.993742778000055],[128.02043339100015,41.96506235800008],[128.04782190000003,41.863983256000026],[128.09102339800006,41.84173655200006],[128.15913293500006,41.71182200100007],[128.2509102790001,41.66011973100002],[128.30300012200007,41.58340606700007],[128.1856946210001,41.40445058200005],[128.146110474,41.37633860300009],[128.10394250500008,41.37912913000007],[128.11820520100002,41.39344350200007],[128.10394250500008,41.399592998000045],[128.06415165200013,41.38843088800009],[128.04689172400003,41.3987661740001],[128.0506124270001,41.42072865800007],[128.01516239500006,41.413287252000046],[128.0014164630001,41.470854798000076],[127.97423466100014,41.4503392540001],[127.94421065300008,41.470854798000076],[127.881475464,41.460881246000085],[127.84886763600008,41.431322327000046],[127.66267745000005,41.446980286],[127.63833785000014,41.42987538700005],[127.55880782100013,41.45824574800007],[127.5428914790001,41.491318665000065],[127.30512821500014,41.49467763300005],[127.26905806500014,41.50496124300007],[127.28978031500003,41.518552145000044],[127.28146040900009,41.53105784100005],[127.24451176000002,41.52800893200002],[127.20709802300007,41.5459406530001],[127.17970951300003,41.51695017500002],[127.1559383550001,41.53054107700011],[127.1346476650001,41.5220144660001],[127.10467533400004,41.53741404300008],[127.17970951300003,41.58516306600005],[127.09723392800004,41.612448222000054],[127.10467533400004,41.6261683150001],[127.05899336800013,41.643299052000046],[127.04896814000011,41.67774139400011],[127.07661503100013,41.68079030300002],[127.04266361600003,41.73264760400012],[126.94613204000007,41.76618560800004],[126.92980228700003,41.80104136200002],[126.88711755400004,41.78491831500013],[126.86479333500006,41.747272034000005],[126.8088794360001,41.729831238000045],[126.78862227400009,41.695905661000054],[126.727282349,41.73691090900009],[126.67948164900014,41.735980733000034],[126.72795414300009,41.70125417100009],[126.66930139200008,41.66712188700002],[126.61788334200008,41.6659333300001],[126.56703373200008,41.61415354400013],[126.57726566600007,41.561805318],[126.50130131100002,41.434371236000075],[126.52212691200009,41.351947327000076],[126.487658732,41.344402568000035],[126.50130131100002,41.36610666900013],[126.47251753800009,41.36652008100005],[126.44089156100011,41.34838165300003],[126.27475183200016,41.15257965100001],[126.12375329700001,41.07553009100009],[126.13817102100006,41.056978252000036],[126.1040645760001,41.009177552000054],[126.07564253800007,40.99708526700006],[126.04551517800007,40.94468536400002],[125.9805579020001,40.91362782800009],[126.01001346900006,40.91388621100005],[126.00784305900004,40.899313457000105],[125.93616784700015,40.87740264900005],[125.8852148850001,40.89750478200001],[125.82196293100003,40.86975453700008],[125.76093306500007,40.885670878],[125.68321171100001,40.847895407000024],[125.64481612100008,40.810585023],[125.68264327000009,40.76888214100005],[125.60993453000003,40.761285706000095],[125.57174564700006,40.78490183600012],[125.5464758710001,40.72593902600009],[125.46906457500006,40.71291656600006],[125.4529932050001,40.6733840940001],[125.41888676000013,40.66656280600007],[125.41325402900009,40.63178456600009],[125.2933130290001,40.64857940700007],[125.25610599800007,40.615041402000074],[125.02511234500003,40.534374492000055],[125.01529382300015,40.508277894000045],[125.04128706900013,40.46109731000003],[124.93529870600003,40.45556793200002],[124.89550785400002,40.48362823500007],[124.80083662900006,40.39407297800004],[124.7412020270001,40.37035349600008],[124.71246993,40.31030548100007],[124.6426033940001,40.29428578700002],[124.5708765060001,40.252427877000045],[124.54865564000016,40.22090525300008],[124.35824629000001,40.089056708000044],[124.36133873800009,40.01117584800005],[124.29420006600003,39.93378327000005],[124.13721764400009,39.84235260600008],[124.11817467500009,39.83315664300005],[124.08814537900003,39.85187409100007],[123.98568769600001,39.810248114000046],[123.94214928500003,39.84056224200009],[123.88754316500001,39.82290273600006],[123.80762780000009,39.837591864000046],[123.77304121200007,39.818345445000034],[123.72006269600001,39.83055247600004],[123.64307701900009,39.878566799000055],[123.65674889400009,39.91950104400007],[123.63095136800007,39.903998114000046],[123.59140058700007,39.78432851800005],[123.56324303500003,39.768784898000035],[123.51319420700008,39.79779694200005],[123.42774498800009,39.726629950000074],[123.40845787900003,39.74599844000005],[123.41708418100006,39.82453034100007],[123.39820397200003,39.818345445000034],[123.38672936300009,39.78961823100008],[123.31405683700007,39.77610911700009],[123.27320397200003,39.810248114000046],[123.25717207100001,39.80109284100007],[123.25204511800007,39.81708405200004],[123.23585045700008,39.802435614000046],[123.26539147200003,39.75409577000005],[123.20419355600006,39.74506256700005],[123.26913496200007,39.70758698100008],[123.22315514400009,39.679754950000074],[123.12842858200008,39.66486237200007],[123.10800214900007,39.69013092700004],[123.05811608200008,39.67475006700005],[123.00912519600001,39.68048737200007],[122.97763105600006,39.66624583500004],[122.99634850400003,39.649644273000035],[122.96412194100003,39.61163971600007],[122.87159264400009,39.60578034100007],[122.84864342500009,39.61786530200004],[122.77979576900009,39.56045156500005],[122.68824303500003,39.51862213700008],[122.64844811300009,39.532416083000044],[122.58790123800009,39.46698639500005],[122.56210371200007,39.486761786000045],[122.55543053500003,39.45600006700005],[122.46981855600006,39.41669342700004],[122.39633222700002,39.411037502000056],[122.29004967500009,39.35097890800006],[122.26742597700002,39.318019924000055],[122.25147545700008,39.32367584800005],[122.24024498800009,39.28563060100004],[122.11500084700003,39.20075104400007],[122.10450280000009,39.15912506700005],[122.16268964900007,39.146144924000055],[122.04786217500009,39.09918854400007],[122.04232832100001,39.05971914300005],[121.98804772200003,39.062933661000045],[121.94296308700007,39.03628164300005],[121.88843834700003,39.04246653900009],[121.92318769600001,39.008978583000044],[121.82691491000003,39.03628164300005],[121.89527428500003,38.98102448100008],[121.87134850400003,38.95062897300005],[121.84791100400003,38.94745514500005],[121.81153405000009,38.97284577000005],[121.77247155000009,39.02195872600004],[121.72470136800007,39.030178127000056],[121.73878014400009,39.00153229400007],[121.68018639400009,39.008978583000044],[121.63575280000009,38.995306708000044],[121.65601647200003,38.99062734600005],[121.65259850400003,38.96344635600008],[121.58741295700008,38.94009023600006],[121.69361412900003,38.90961334800005],[121.69629967500009,38.862941799000055],[121.55274498800009,38.85814036700009],[121.48495527400007,38.809881903000075],[121.34473717500009,38.81464264500005],[121.28760826900009,38.78807200700004],[121.23666425900001,38.798488674000055],[121.21753991000003,38.77558014500005],[121.24472089900007,38.77558014500005],[121.17953535200002,38.72093333500004],[121.15308678500003,38.72760651200008],[121.11451256600003,38.76813385600008],[121.13925214900007,38.789496161000045],[121.11451256600003,38.85814036700009],[121.15235436300009,38.88629791900007],[121.14852949300007,38.89907461100006],[121.08619225400003,38.90570709800005],[121.11793053500003,38.943426825000074],[121.17953535200002,38.954331773000035],[121.21949303500003,38.94049713700008],[121.33432050900001,38.96857330900008],[121.33423912900003,39.026597398000035],[121.37484785200002,39.044175523000035],[121.42807050900001,39.01471588700008],[121.46729576900009,39.01512278900009],[121.67408287900003,39.08803945500006],[121.68978925900001,39.11815013200004],[121.68100019600001,39.136419989000046],[121.64193769600001,39.176214911000045],[121.59262129000001,39.19220612200007],[121.60792076900009,39.20075104400007],[121.60165449300007,39.22125885600008],[121.63306725400003,39.23615143400008],[121.58993856400002,39.264053964000084],[121.68018639400009,39.27521393400008],[121.73609459700003,39.311753648000035],[121.73129316500001,39.33047109600005],[121.77979576900009,39.37148672100005],[121.83749433700007,39.36465078300006],[121.94296308700007,39.39935944200005],[121.93124433700007,39.417181708000044],[121.84888756600003,39.38735586100006],[121.70777428500003,39.39565664300005],[121.71778405000009,39.37148672100005],[121.52588951900009,39.36465078300006],[121.49195397200003,39.38898346600007],[121.43604576900009,39.50861237200007],[121.35401451900009,39.52220286700009],[121.30616295700008,39.50177643400008],[121.22339928500003,39.528631903000075],[121.30616295700008,39.59796784100007],[121.4498053850001,39.615098025000066],[121.47071373800009,39.632147528000075],[121.46387780000009,39.645819403000075],[121.498165438,39.65292419200006],[121.53329511800007,39.622300523000035],[121.53956139400009,39.63898346600007],[121.52588951900009,39.65265534100007],[121.55014082100001,39.67865631700005],[121.50684655000009,39.69432200700004],[121.45728600400003,39.748480536000045],[121.48461221900004,39.764005018000034],[121.47071373800009,39.810248114000046],[121.50991686300006,39.824031398000045],[121.53589928500003,39.861761786000045],[121.61609295800008,39.87170050600008],[121.68490644600001,39.92251211100006],[121.77442467500009,39.92084381700005],[121.80966230600006,39.96503327000005],[121.87378991000003,39.991400458000044],[121.87476647200003,40.01630280200004],[121.82691491000003,40.02252838700008],[121.92946773000006,40.077286453000056],[121.93311608200008,40.10138580900008],[121.99566779300005,40.12389527500005],[122.00635826900009,40.156317450000074],[121.99146569100003,40.18699778900009],[122.09164569300003,40.22720738800007],[122.10611612000002,40.310122817000035],[122.21102949300007,40.38060130400004],[122.20362389400009,40.42723216400009],[122.25009199300007,40.43060944200005],[122.25147545700008,40.45392487200007],[122.28809655000009,40.47284577000005],[122.30184980600006,40.50234609600005],[122.27564537900003,40.54364655200004],[122.22486412900003,40.57851797100005],[122.15043401500009,40.60386446400008],[122.13758565700005,40.624020286000075],[122.16797936300009,40.653509833000044],[122.15943444100003,40.701605536000045],[122.12183678500003,40.680121161000045],[122.04908287900003,40.746079820000034],[121.85108483200008,40.83226146000004],[121.82593834700003,40.94818756700005],[121.85889733200008,40.96747467700004],[121.86793053500003,40.995794989000046],[121.77770903800001,40.93497152900005],[121.78005610600007,40.907909722000056],[121.73955232000003,40.849078718000044],[121.57504316500001,40.841498114000046],[121.51042757300002,40.87935670400009],[121.45020592500009,40.885931708000044],[121.42977949300007,40.91380442900004],[121.36133873800009,40.93964264500005],[121.29932701900009,40.899603583000044],[121.25839277400007,40.92064036700003],[121.24472089900007,40.90639883000006],[121.22494550900001,40.927069403000075],[121.17579186300009,40.922308661000045],[121.07992597700002,40.862982489000046],[121.08027266400006,40.82839510800005],[121.049850107,40.797400734000064],[121.02963300900001,40.82648346600007],[120.98194420700008,40.82680898600006],[120.93954511800007,40.74054596600007],[121.020737908,40.719330067000044],[120.82532081500005,40.67403348000005],[120.79843183700007,40.599676825000074],[120.67878839700006,40.52191605100006],[120.65911435200007,40.48376149400008],[120.60409589900007,40.46515534100007],[120.5973763720001,40.42242315000004],[120.54566491000003,40.402411200000074],[120.547526447,40.37615916700008],[120.588395547,40.384320341000034],[120.59115289700003,40.36729769300007],[120.501757645,40.32690995200005],[120.50489342500009,40.24909088700008],[120.47201582100001,40.21430084800005],[120.43604576900009,40.19448476800005],[120.30902673000003,40.17966794800009],[120.26132246200007,40.14671458500004],[119.95027692000008,40.05650213300004],[119.91531026300004,40.03615345600008],[119.91199784800006,39.99808813300007],[119.77442467500009,39.950506903000075],[119.66089928500003,39.93268463700008],[119.53559238800005,39.89082558800004],[119.51986738400001,39.858303127000056],[119.53069893500003,39.81470221200004],[119.46679518000008,39.81484778200007],[119.42940637800007,39.795305952000035],[119.34986412900003,39.731756903000075],[119.28492272200003,39.59544505400004],[119.24537194100003,39.59446849200009],[119.20858808700007,39.569566148000035],[119.20899498800009,39.55019765800006],[119.24301191500001,39.57070547100005],[119.22934004000001,39.53595612200007],[119.26239651600008,39.57751181200007],[119.281398136,39.57501372400009],[119.25642455900004,39.49311137600006],[119.30507538100005,39.432977787000084],[119.2794293290001,39.38400560800005],[119.2556602730001,39.36552154900005],[119.18480422500011,39.35481411000006],[119.01563561300009,39.18976471600007],[118.92603600400003,39.13060130400004],[118.89429772200003,39.12441640800006],[118.96998131600003,39.19330475500004],[118.88062584700003,39.17279694200005],[118.87378991000003,39.21381256700005],[118.79599059200007,39.15177712700006],[118.61935987000004,39.16104245200006],[118.52711022200003,39.14923737200007],[118.529146018,39.124652763000086],[118.32609628900002,39.03093224600008],[118.23528462200011,39.053097566000076],[118.14052807300004,39.17283510700008],[118.09640359000002,39.20239193700007],[118.02801994200001,39.219798051000055],[117.88559004000001,39.20111725500004],[117.75733483200008,39.114447333000044],[117.71542402400007,39.111395575000074],[117.751477841,39.06791408700008],[117.775263945,38.981058362000056],[117.70191491000003,38.995306708000044],[117.70875084700003,38.98102448100008],[117.58399498800009,38.81159088700008],[117.54354902400007,38.62132396000004],[117.56597071300007,38.61250744900008],[117.71608248500002,38.37851093200004],[117.83715902946562,38.27090758201928],[117.9416977510001,38.23394647100008],[117.97754417700003,38.19483706400007],[118.00719688600009,38.19700984200006],[118.05372658700003,38.17325326400004],[118.06521373100009,38.143082037000056],[118.21583092500009,38.144964911000045],[118.4489284440001,38.10778712200005],[118.54297936300009,38.068345445000034],[118.6548709430001,38.145694596000055],[118.76035265500002,38.15513204600006],[118.84009850400003,38.15257396000004],[118.95003676100009,38.09726186800009],[118.92481530000009,38.05776601800005],[118.95614668100006,38.03359609600005],[118.99659264400009,37.96312083500004],[119.04840455700003,37.94797820300005],[119.09249331000001,37.91277311500005],[119.11694226300006,37.85327074700007],[119.243083071,37.76948233600007],[119.25959745600005,37.71584741200007],[119.25566353600004,37.67186657700006],[119.21773647400005,37.67524798000005],[119.12014099700002,37.737507864000065],[119.06947218100004,37.74063064900008],[119.03712772600011,37.72208882600006],[118.96998131600003,37.593451239000046],[118.94459069100003,37.378119208000044],[118.96119225400003,37.29564036700009],[119.14551842500009,37.17885976800005],[119.28711998800009,37.13727448100008],[119.44117272200003,37.12055084800005],[119.52450605600006,37.13906484600005],[119.77059980600006,37.15184153900009],[119.89730879000001,37.24941640800006],[119.84628339900007,37.34369538000004],[119.85889733200008,37.36017487200007],[120.05982506600003,37.44041575700004],[120.18759199300007,37.511786200000074],[120.32252037900003,37.63239166900007],[120.30640709700003,37.66518789300005],[120.21566816500001,37.68406810100004],[120.36850019600001,37.69472890800006],[120.46338951900009,37.747748114000046],[120.55616295700008,37.761379299000055],[120.73804772200003,37.833970445000034],[120.83668053500003,37.81598541900007],[120.87769616000003,37.82965729400007],[120.92579186300009,37.81928131700005],[120.94076582100001,37.80646393400008],[120.92880293100006,37.788723049000055],[120.94092858200008,37.77399323100008],[121.00538170700008,37.74428945500006],[121.03256269600001,37.71039459800005],[121.13795006600003,37.701157945000034],[121.14852949300007,37.68939850500004],[121.13013756600003,37.65180084800005],[121.14852949300007,37.637884833000044],[121.13436933700007,37.610541083000044],[121.17164147200003,37.57709381700005],[121.30811608200008,37.581244208000044],[121.37452233200008,37.610541083000044],[121.35401451900009,37.637884833000044],[121.39356530000009,37.62246328300006],[121.42977949300007,37.596869208000044],[121.39844811300009,37.59487539300005],[121.38168379000001,37.566107489000046],[121.44678795700008,37.519598700000074],[121.47689863400001,37.468003648000035],[121.53711998800009,37.456244208000044],[121.57032311300009,37.42865631700005],[121.67611738400001,37.43919505400004],[121.63428795700008,37.46238841400009],[121.58741295700008,37.453558661000045],[121.63502037900003,37.48126862200007],[121.73243248800009,37.46173737200007],[121.93783613400001,37.46426015800006],[121.95728600400003,37.45970286700009],[121.94979902400007,37.42560455900008],[121.98804772200003,37.42560455900008],[121.99740644600001,37.43406810100004],[121.97779381600003,37.47166575700004],[122.02564537900003,37.52802155200004],[122.07178795700008,37.54450104400007],[122.06714928500003,37.56273021000004],[122.09506269600001,37.54913971600007],[122.12183678500003,37.56273021000004],[122.15186608200008,37.532863674000055],[122.12989342500009,37.48346588700008],[122.18319746200007,37.41815827000005],[122.22421308700007,37.45799388200004],[122.24537194100003,37.45970286700009],[122.29647871200007,37.41815827000005],[122.47803795700008,37.42560455900008],[122.48804772200003,37.41193268400008],[122.57056725400003,37.401556708000044],[122.61239668100006,37.41860586100006],[122.68824303500003,37.409816799000055],[122.67896569100003,37.374660549000055],[122.65609785200002,37.38458893400008],[122.57081139400009,37.34479401200008],[122.59473717500009,37.29523346600007],[122.54965254000001,37.31976959800005],[122.56006920700008,37.274725653000075],[122.62891686300009,37.19281647300005],[122.57431074300007,37.18537018400008],[122.56324303500003,37.173163153000075],[122.57431074300007,37.14443594000005],[122.51002037900003,37.15521881700005],[122.48267662900003,37.139960028000075],[122.47071373800009,37.11029694200005],[122.45394941500001,37.154282945000034],[122.43637129000001,37.08978913000004],[122.45704186300009,37.06590403900009],[122.40235436300009,37.021470445000034],[122.42432701900009,37.00364817900004],[122.43637129000001,37.02773672100005],[122.54004967500009,37.02773672100005],[122.53272545700008,36.92593008000006],[122.50741621200007,36.89801666900007],[122.51270592500009,36.93463776200008],[122.49854576900009,36.93891022300005],[122.45663496200007,36.92064036700009],[122.40577233200008,36.92218659100007],[122.43637129000001,36.87067291900007],[122.37973066500001,36.861395575000074],[122.35523522200003,36.82908763200004],[122.31983483200008,36.82294342700004],[122.18531334700003,36.84992096600007],[122.19686933700007,36.89801666900007],[122.26587975400003,36.89801666900007],[122.16268964900007,36.94578685100004],[122.17969811300009,37.00580475500004],[122.16610761800007,37.014105536000045],[122.14999433700007,37.00531647300005],[122.14291425900001,36.94578685100004],[122.09433027400007,36.95091380400004],[122.08090254000001,36.91657135600008],[122.03305097700002,36.89801666900007],[122.04916425900001,36.97992584800005],[121.92628014400009,36.99359772300005],[121.91488691500001,36.98582591400009],[121.94979902400007,36.93891022300005],[121.78598066500001,36.89118073100008],[121.72803795700008,36.835923570000034],[121.64942467500009,36.816066799000055],[121.68417402400007,36.84275950700004],[121.63746178500003,36.831366278000075],[121.62452233200008,36.81476471600007],[121.62525475400003,36.74038320500006],[121.59424889400009,36.767645575000074],[121.52588951900009,36.753973700000074],[121.49642988400001,36.77448151200008],[121.60718834700003,36.844956773000035],[121.54647871200007,36.835923570000034],[121.51156660200002,36.808579820000034],[121.45948326900009,36.82868073100008],[121.47071373800009,36.78961823100008],[121.45337975400003,36.75739166900007],[121.40894616000003,36.753973700000074],[121.37777754000001,36.73151276200008],[121.37940514400009,36.71698639500005],[121.40170332100001,36.71238841400009],[121.31421959700003,36.711818752000056],[121.15772545700008,36.66860586100006],[121.08017011800007,36.61001211100006],[121.03248131600003,36.624253648000035],[121.02352949300007,36.58392975500004],[120.92880293100006,36.59634023600006],[120.93336022200003,36.62026601800005],[120.85059655000009,36.65094635600008],[120.75058027400007,36.616848049000055],[120.75025475400003,36.54075755400004],[120.77865644600001,36.541083075000074],[120.85035241000003,36.60455963700008],[120.92025800900001,36.55329010600008],[120.92750084700003,36.532904364000046],[120.96363366000003,36.54791901200008],[120.93628991000003,36.49701569200005],[120.94996178500003,36.45917389500005],[120.90626061300009,36.452378648000035],[120.89828535200002,36.41160716400009],[120.86744225400003,36.37718333500004],[120.82642662900003,36.432521877000056],[120.83204186300009,36.45526764500005],[120.80689537900003,36.46393463700008],[120.75058027400007,36.45917389500005],[120.71412194100003,36.42869700700004],[120.68653405000009,36.387152411000045],[120.72217858200008,36.33055247600004],[120.66195722700002,36.33633047100005],[120.64364668100006,36.32249583500004],[120.70484459700003,36.156236070000034],[120.62777754000001,36.116522528000075],[120.55160566500001,36.113714911000045],[120.53622480600006,36.091457424000055],[120.47364342500009,36.08926015800006],[120.35352623800009,36.04083893400008],[120.29200280000009,36.06195709800005],[120.36158287900003,36.19163646000004],[120.32276451900009,36.22638580900008],[120.30640709700003,36.27423737200007],[120.27352949300007,36.23427969000005],[120.27515709700003,36.20408763200004],[120.29883873800009,36.19163646000004],[120.28451582100001,36.17597077000005],[120.21631920700008,36.19912344000005],[120.21908613400001,36.221909898000035],[120.11727949300007,36.20966217700004],[120.09717858200008,36.22638580900008],[120.08594811300009,36.20913320500006],[120.10922285200002,36.188788153000075],[120.08969160200002,36.11172109600005],[120.16846764400009,36.06195709800005],[120.17530358200008,35.99363841400009],[120.19776451900009,35.98529694200005],[120.22999108200008,35.99990469000005],[120.22950280000009,35.97280508000006],[120.24276777400007,35.97357819200005],[120.28492272200003,36.010931708000044],[120.30307050900001,35.99404531500005],[120.29883873800009,35.97313060100004],[120.22681725400003,35.941839911000045],[120.17530358200008,35.89004140800006],[120.18897545700008,35.94525788000004],[120.13575280000009,35.90412018400008],[120.09717858200008,35.900824286000045],[120.03882897200003,35.84284088700008],[120.00294030000009,35.727769273000035],[119.96998131600003,35.73236725500004],[119.93775475400003,35.76113515800006],[119.90821373800009,35.74485911700009],[119.90015709700003,35.73627350500004],[119.93563886800007,35.70502350500004],[119.90162194100003,35.671535549000055],[119.90455162900003,35.62457916900007],[119.86019941500001,35.60610586100006],[119.83407636800007,35.63532135600008],[119.84009850400003,35.657904364000046],[119.81161543100006,35.64789459800005],[119.74390709700003,35.57591380400004],[119.74838300900001,35.60932038000004],[119.73251386800007,35.62083567900004],[119.64795983200008,35.58392975500004],[119.55152428500003,35.38003164300005],[119.50766035200002,35.33234284100007],[119.42392011800007,35.31346263200004],[119.35800214900007,35.09711334800005],[119.22120201900009,35.06403229400007],[119.19288170700008,35.000433661000045],[119.20337975400003,34.931626695000034],[119.18869763400005,34.856274168000084],[119.20191491000003,34.78497955900008],[119.18905683700007,34.76654694200005],[119.19223066500001,34.71820709800005],[119.20980879000001,34.71857330900008],[119.22934004000001,34.75971100500004],[119.31177819100003,34.755072333000044],[119.34669030000009,34.78082916900007],[119.38770592500009,34.75348541900007],[119.44223066500001,34.74603913000004],[119.47421308700007,34.715277411000045],[119.45655358200008,34.68455638200004],[119.64771569100003,34.53384023600006],[119.72885175900001,34.52411530200004],[119.82618248800009,34.470404364000046],[119.93995201900009,34.457912502000056],[120.07870527400007,34.37750885600008],[120.25709069100003,34.311835028000075],[120.3252237590001,34.111297999000044],[120.37134850400003,34.036037502000056],[120.41334069100003,33.897365627000056],[120.39966881600003,33.86933014500005],[120.43140709700003,33.84601471600007],[120.44971764400009,33.786444403000075],[120.50489342500009,33.735581773000035],[120.51172936300009,33.65672435100004],[120.48373457100001,33.64996979400007],[120.63436933700007,33.46694570500006],[120.66724694100003,33.325100002000056],[120.69507897200003,33.29315827000005],[120.75025475400003,33.269598700000074],[120.73023522200003,33.24213288000004],[120.74350019600001,33.208644924000055],[120.73023522200003,33.20490143400008],[120.80697675900001,33.13776276200008],[120.79224694100003,33.108710028000075],[120.81893964900007,33.09218984600005],[120.82593834700003,33.030178127000056],[120.86744225400003,33.03237539300005],[120.89576256600003,33.01357656500005],[120.90479576900009,32.81264883000006],[120.85238691500001,32.75600820500006],[120.86044355600006,32.68976471600007],[120.84009850400003,32.72451406500005],[120.83033287900003,32.69765859600005],[120.90661411500002,32.65971027300009],[120.91119932700008,32.630121296000084],[120.94388695400005,32.60522416300006],[121.08619225400003,32.536037502000056],[121.10084069100003,32.49795156500005],[121.12020918100006,32.50739166900007],[121.157256416,32.49559551700008],[121.35413965600003,32.41482275900006],[121.38940888400009,32.38494757500007],[121.41928144600001,32.25031159100007],[121.36085045700008,32.231634833000044],[121.39869225400003,32.16893138200004],[121.42514082100001,32.164048570000034],[121.44336998800009,32.11432526200008],[121.53081178900004,32.10851859600007],[121.65536543100006,32.062933661000045],[121.82194511600005,31.952486444000044],[121.93038277800008,31.726714179000055],[121.87199794100002,31.69068168800004],[121.675554272,31.723572594000075],[121.28641836400004,31.89058916600004],[121.11508706100005,31.79633360300005],[121.0399349060001,31.81933228400004],[120.977816792,31.814365316000078],[120.94056409400002,31.84464723700006],[120.94141686300009,31.892523505000042],[120.91928144600001,31.899359442000048],[120.81080162900003,32.02260976800005],[120.63437647600006,32.077009598000075],[120.49075762900009,32.08245338200004],[120.36158287900003,32.02558014500005],[120.26710045700008,31.94867584800005],[120.22372480600006,31.936835028000075],[120.13135826900009,31.943182684000078],[120.05233808700007,31.97093333500004],[119.99203535200002,32.01585521000004],[119.91220136800007,32.12372467700004],[119.92212975400003,32.21743398600006],[119.90048261800007,32.19818756700005],[119.87427819100003,32.26512278900009],[119.84213300900001,32.29905833500004],[119.75806725400003,32.32697174700007],[119.69239342500009,32.31976959800005],[119.64087975400003,32.35883209800005],[119.61288496200007,32.35455963700008],[119.66073652400007,32.32721588700008],[119.68539472700002,32.29242584800005],[119.64901777400007,32.21954987200007],[119.60604902400007,32.196926174000055],[119.64527428500003,32.19521719000005],[119.69044030000009,32.23533763200004],[119.78858483200008,32.19863515800006],[119.76376386800007,32.16250234600005],[119.77247155000009,32.12677643400008],[119.85556074300007,32.08698151200008],[120.00639553200006,31.950304999000082],[120.13095136800007,31.91229889500005],[120.22999108200008,31.90888092700004],[120.34117085600008,31.95632050800009],[120.455781043,31.982518923000043],[120.455412335,32.02142844200006],[120.46949303500003,32.02513255400004],[120.60425866000003,31.991441148000035],[120.68995201900009,31.99823639500005],[120.7503538740001,31.97833627600005],[120.824798601,31.82870246600004],[120.80775223800003,31.809740522000084],[120.75147545700008,31.824693101000037],[120.71713300900001,31.861070054000038],[120.73145592500009,31.81386953300006],[120.83189898,31.777766057000065],[121.01376436400005,31.74303425700009],[121.14440229000002,31.684658291000062],[121.24472089900007,31.600409247000073],[121.32032311300009,31.504828192000048],[121.54623457100001,31.366115627000056],[121.725163995,31.281567150000058],[121.87702454800001,31.099135878000084],[121.97738292300005,30.914923436000038],[121.96007537800006,30.87425678200009],[121.90739924100001,30.85708552400007],[121.63113225500001,30.83655553300008],[121.5429370380001,30.816494909000085],[121.41059758600011,30.767388095000058],[121.33350670700008,30.703070380000042],[121.20289147200003,30.66510651200008],[121.12134850400003,30.593003648000035],[121.02022566300002,30.571071146000065],[120.94889073600007,30.506815232000065],[120.92880293100006,30.453070380000042],[120.93954511800007,30.421942450000074],[120.89478600400003,30.401271877000056],[120.91513105600006,30.37457916900007],[120.88819420700008,30.36855703300006],[120.81073172600009,30.29656770200006],[120.76961920800011,30.306027723000057],[120.7449630210001,30.35961442900009],[120.69814822600006,30.393950619000066],[120.47914493200005,30.403523661000065],[120.43031537900004,30.389840062000076],[120.37896691200001,30.27352374800006],[120.25790449300007,30.298081773000035],[120.147094433,30.19889096500009],[120.17896569100003,30.20066966400009],[120.2743871350001,30.277618205000067],[120.29552252500002,30.278726003000088],[120.350337835,30.24073406100007],[120.38472004300002,30.24958816600008],[120.45049431400003,30.368860059000042],[120.62160579500005,30.372562878000053],[120.65167061600005,30.359270455000058],[120.69868588700001,30.251796329000058],[120.73440116100005,30.23221314300008],[120.63178902200002,30.122387742000058],[120.68246504000001,30.084906317000048],[120.76498457100001,30.08661530200004],[120.79224694100003,30.066066799000055],[120.78370201900009,30.08930084800005],[120.68799889400009,30.097805080000057],[120.64625084700003,30.126939195000034],[120.75142508700003,30.225625953000076],[120.81348715800004,30.213253156000064],[120.82862042500005,30.184990129000084],[120.89281215100004,30.169796399000063],[120.99439537900003,30.211086330000057],[121.10914147200003,30.28278229400007],[121.149696726,30.325753330000055],[121.25410242800001,30.34839323400007],[121.37738414700004,30.325063579000073],[121.42959194500008,30.29297626600004],[121.50684671500005,30.220026009000037],[121.65830555600007,30.01838893900009],[121.73234373800005,29.97860254300008],[121.72193444100003,29.96051666900007],[121.76748188600004,29.973176555000066],[121.91487649700002,29.91869584300008],[121.93555748800009,29.88735586100006],[122.05624433700007,29.88735586100006],[122.10588654700007,29.906953422000072],[122.1291433020001,29.903776502000085],[122.136414564,29.884535001000074],[121.98303901000008,29.82317576300005],[121.90217086500002,29.752539493000086],[121.87314894400004,29.753828466000073],[121.86244825200004,29.70800212100005],[121.77646532300002,29.652624736000064],[121.68734785200002,29.562648830000057],[121.59253991000003,29.54360586100006],[121.57431074300007,29.55215078300006],[121.53082229500001,29.51001492200004],[121.51104346500006,29.548988326000085],[121.44336998800009,29.524237372000073],[121.45532372600007,29.48935530300008],[121.42783560400005,29.46794695600005],[121.44259289400009,29.415369252000062],[121.4650741590001,29.420886452000047],[121.47974694100003,29.474758205000057],[121.50489342500009,29.48383209800005],[121.49179121200007,29.455959377000056],[121.51368248800009,29.451971747000073],[121.51172936300009,29.437567450000074],[121.47763105600006,29.41274648600006],[121.48486407400003,29.390540112000053],[121.53132511900003,29.417036778000067],[121.569641348,29.47457382400006],[121.64267244900009,29.495218252000086],[121.71094811300009,29.53864166900007],[121.73129316500001,29.518011786000045],[121.76399931200001,29.530761435000045],[121.75722263800003,29.499048921000053],[121.7783813100001,29.46942307800009],[121.81198839800004,29.490118476000077],[121.84481855600006,29.53620026200008],[121.81397545700008,29.55215078300006],[121.74496504000001,29.544663804000038],[121.79612041300004,29.600591156000064],[121.91578209700003,29.64085521000004],[121.97120201900009,29.59332916900007],[121.97095787900003,29.568915106000077],[121.94117272200003,29.551174221000053],[121.94979902400007,29.53847890800006],[121.91041100400003,29.524562893000052],[121.97095787900003,29.44912344000005],[121.95728600400003,29.408148505000042],[121.93628991000003,29.42772044500009],[121.92255563600008,29.418146385000057],[121.91624575700007,29.34893666100004],[121.93140709700003,29.323879299000055],[121.90894616000003,29.318793036000045],[121.91578209700003,29.305121161000045],[121.90048261800007,29.298651434000078],[121.93995201900009,29.264146226000037],[121.97437584700003,29.28461334800005],[121.99146569100003,29.25731028900009],[121.95321699300007,29.249660549000055],[121.95728600400003,29.21637604400007],[121.94296308700007,29.223211981000077],[121.94296308700007,29.195868231000077],[121.84058678500003,29.16111888200004],[121.7853467440001,29.168085488000088],[121.79965254000001,29.305121161000045],[121.84058678500003,29.318793036000045],[121.83065839900007,29.33388906500005],[121.79965254000001,29.318793036000045],[121.78817793100006,29.328558661000045],[121.79965254000001,29.373968817000048],[121.78663170700008,29.37449778900009],[121.75863691500001,29.359767971000053],[121.77431375900005,29.25388736900004],[121.72432815900004,29.182034848000058],[121.65245779600002,29.183020241000065],[121.63917076900009,29.217271226000037],[121.65455162900003,29.299994208000044],[121.64039147200003,29.30662669500009],[121.62484785200002,29.30145905200004],[121.62891686300009,29.188421942000048],[121.57431074300007,29.305121161000045],[121.56202233200008,29.295843817000048],[121.57431074300007,29.277777411000045],[121.52588951900009,29.277777411000045],[121.53638756600003,29.258286851000037],[121.50489342500009,29.208929755000042],[121.50350996200007,29.178941148000035],[121.49097741000003,29.17597077000005],[121.48023522200003,29.197211005000042],[121.45639082100001,29.16111888200004],[121.43140709700003,29.17218659100007],[121.40853925900001,29.16111888200004],[121.45639082100001,29.13377513200004],[121.40170332100001,29.10651276200008],[121.62142988400001,29.11326732000009],[121.61475670700008,29.05805084800005],[121.53687584700003,29.06118398600006],[121.53207441500001,29.02049388200004],[121.54859459700003,29.021429755000042],[121.53956139400009,29.037583726000037],[121.55738366000003,29.04901764500005],[121.61744225400003,29.039984442000048],[121.64193769600001,29.051255601000037],[121.68978925900001,29.01707591400009],[121.65381920700008,28.98859284100007],[121.68417402400007,28.955633856000077],[121.71778405000009,28.94879791900007],[121.68417402400007,28.91469961100006],[121.60531660200002,28.942572333000044],[121.58741295700008,28.96312083500004],[121.57081139400009,28.930080471000053],[121.51685631600003,28.956366278000075],[121.49179121200007,28.92837148600006],[121.50489342500009,28.935207424000055],[121.51767011800007,28.91278717700004],[121.58057701900009,28.886786200000074],[121.61085045700008,28.891180731000077],[121.62891686300009,28.87714264500005],[121.62354576900009,28.842271226000037],[121.66993248800009,28.825344143000052],[121.63575280000009,28.804836330000057],[121.66260826900009,28.79059479400007],[121.61825605600006,28.76194896000004],[121.62142988400001,28.73590729400007],[121.50277754000001,28.700384833000044],[121.35116621200007,28.711859442000048],[121.29029381600003,28.751613674000055],[121.23788496200007,28.76386139500005],[121.21444746200007,28.80731842700004],[121.14234459700003,28.845851955000057],[121.15967858200008,28.81354401200008],[121.20606530000009,28.79905833500004],[121.23121178500003,28.760158596000053],[121.29932701900009,28.72288646000004],[121.29867597700002,28.701239325000074],[121.25839277400007,28.675116278000075],[121.36500084700003,28.69603099200009],[121.38135826900009,28.68195221600007],[121.41382897200003,28.696600653000075],[121.51012813400007,28.65705930900009],[121.538433274,28.571445577000077],[121.58161920600003,28.504690259000085],[121.51156660200002,28.489488023000035],[121.607742701,28.477202856000076],[121.58377693300008,28.44294618400005],[121.63226304600005,28.379445683000085],[121.63404381600003,28.34723541900007],[121.65634199300007,28.33930084800005],[121.62134850400003,28.285101630000042],[121.58554121200007,28.25682200700004],[121.58057701900009,28.300848700000074],[121.49998648600001,28.332673020000072],[121.47308608900005,28.330602852000084],[121.43604576900009,28.29710521000004],[121.40894616000003,28.30491771000004],[121.39551842500009,28.284084377000056],[121.41879316500001,28.26972077000005],[121.41602623800009,28.25617096600007],[121.36483808700007,28.225816148000035],[121.35401451900009,28.187892971000053],[121.37452233200008,28.195257880000042],[121.37403405000009,28.17259349200009],[121.35141035200002,28.146551825000074],[121.33008873800009,28.14752838700008],[121.26169450400005,28.225790679000056],[121.225165393,28.238862571000084],[121.24887129000001,28.27020905200004],[121.23682701900009,28.30609772300005],[121.20313561300009,28.331854559000078],[121.21753991000003,28.352362372000073],[121.24415123800009,28.34910716400009],[121.26465905000009,28.366034247000073],[121.21412194100003,28.360581773000035],[121.16895592500009,28.384833075000074],[121.16895592500009,28.359767971000053],[121.14429772200003,28.343573309000078],[121.1302500380001,28.305554447000077],[121.07211347700002,28.29169342700004],[121.06666100400003,28.311428127000056],[121.02499433700007,28.30459219000005],[121.05811608200008,28.27993398600006],[121.12180321300002,28.28436223600005],[121.12475305600003,28.235520137000037],[121.08583632600005,28.166503859000045],[121.00937821800005,28.103132635000065],[120.99351229800004,28.02577909100006],[120.96522777500002,27.98714491700008],[120.92139733200008,27.981675523000035],[120.87997480600006,27.99872467700004],[120.81959069100003,27.98924388200004],[120.73104902400007,28.03583405200004],[120.60604902400007,28.042222398000035],[120.59017988400001,28.054388739000046],[120.57699629000001,28.115627346000053],[120.55958092500009,28.11277903900009],[120.58017011800007,28.089789130000042],[120.58895918100006,28.026678778000075],[120.67359459700003,28.02171458500004],[120.75058027400007,27.97557200700004],[120.83529707100001,27.955959377000056],[120.863761748,27.91810565600008],[120.868363681,27.882559233000052],[120.80748625600006,27.834826693000082],[120.722614496,27.715909536000083],[120.70425489400009,27.71283855100006],[120.63526451900009,27.763332424000055],[120.67245527400007,27.711493231000077],[120.67562910200002,27.65965403900009],[120.66648375600005,27.625357910000048],[120.59657442500009,27.570282778000035],[120.61845908400005,27.516421152000078],[120.68197675900001,27.481594143000052],[120.64649498800009,27.444484768000052],[120.63526451900009,27.379706122000073],[120.54590905000009,27.403265692000048],[120.53964277400007,27.36522044500009],[120.50489342500009,27.344956773000035],[120.54932701900009,27.32103099200009],[120.54395592500009,27.285956122000073],[120.51783287900003,27.263006903000075],[120.51783287900003,27.201605536000045],[120.46835371200007,27.182196356000077],[120.45972741000003,27.220445054000038],[120.42172285200002,27.22207265800006],[120.42920983200008,27.173651434000078],[120.40674889400009,27.18423086100006],[120.37623131600003,27.236273505000042],[120.34725996200007,27.24941640800006],[120.30307050900001,27.242254950000074],[120.28809655000009,27.264471747000073],[120.31934655000009,27.290350653000075],[120.29883873800009,27.297796942000048],[120.31185957100001,27.317694403000075],[120.28516686300009,27.304022528000075],[120.26400800900001,27.32444896000004],[120.27149498800009,27.304022528000075],[120.25855553500003,27.299994208000044],[120.22372480600006,27.311468817000048],[120.24366295700008,27.290350653000075],[120.22567793100006,27.26862213700008],[120.19581139400009,27.297796942000048],[120.19581139400009,27.263006903000075],[120.17530358200008,27.238836981000077],[120.18238366000003,27.216864325000074],[120.25660241000003,27.25690338700008],[120.30640709700003,27.215277411000045],[120.34725996200007,27.242580471000053],[120.36548912900003,27.20962148600006],[120.34725996200007,27.180487372000073],[120.36988366000003,27.18748607000009],[120.42172285200002,27.146958726000037],[120.37387129000001,27.146958726000037],[120.40796959700003,27.139553127000056],[120.36703535200002,27.12523021000004],[120.38135826900009,27.11904531500005],[120.37387129000001,27.106024481000077],[120.39503014400009,27.106024481000077],[120.37753339900007,27.098578192000048],[120.28272545700008,27.11229075700004],[120.24366295700008,27.13271719000005],[120.27833092500009,27.063788153000075],[120.25782311300009,27.072658596000053],[120.21631920700008,27.03709544500009],[120.24154707100001,27.034002997000073],[120.25521894600001,26.99705638200004],[120.23739668100006,26.98187897300005],[120.14869225400003,26.98187897300005],[120.18702233200008,26.96352773600006],[120.23568769600001,26.96637604400007],[120.23739668100006,26.92723216400009],[120.21908613400001,26.91543203300006],[120.12574303500003,26.92731354400007],[120.11361738400001,26.918768622000073],[120.12069746200007,26.89988841400009],[120.09555097700002,26.887274481000077],[120.03199303500003,26.89988841400009],[120.05526777400007,26.88939036700009],[120.02515709700003,26.860174872000073],[120.02450605600006,26.83787669500009],[120.12818444100003,26.796942450000074],[120.09774824300007,26.75849030200004],[120.10018964900007,26.74290599200009],[120.14869225400003,26.721177476000037],[120.10206139400009,26.689154364000046],[120.12069746200007,26.64606354400007],[120.13436933700007,26.64606354400007],[120.08041425900001,26.61741771000004],[120.07968183700007,26.64606354400007],[120.01490319100003,26.611273505000042],[119.95997155000009,26.611273505000042],[119.93563886800007,26.56045156500005],[119.88428795700008,26.523179429000038],[119.84717858200008,26.52362702000005],[119.83261152400007,26.550482489000046],[119.85377037900003,26.564113674000055],[119.85377037900003,26.59829336100006],[119.98414147200003,26.653509833000044],[119.97681725400003,26.67401764500005],[120.01148522200003,26.721177476000037],[120.03231855600006,26.716620184000078],[120.07968183700007,26.796942450000074],[119.92514082100001,26.792181708000044],[119.93563886800007,26.759019273000035],[119.88803144600001,26.687241929000038],[119.90162194100003,26.65973541900007],[119.87964928500003,26.65534088700008],[119.85694420700008,26.653509833000044],[119.85377037900003,26.68768952000005],[119.82919355600006,26.714992580000057],[119.79175866000003,26.68768952000005],[119.80225670700008,26.766791083000044],[119.84009850400003,26.79002513200004],[119.79175866000003,26.79002513200004],[119.79737389400009,26.81639232000009],[119.84628339900007,26.85219961100006],[119.78199303500003,26.828517971000053],[119.75619550900001,26.73773834800005],[119.73023522200003,26.74290599200009],[119.71200605600006,26.807928778000075],[119.68580162900003,26.81199778900009],[119.67798912900003,26.76312897300005],[119.72738691500001,26.717922268000052],[119.72494550900001,26.697821356000077],[119.64600670700008,26.75332265800006],[119.62655683700007,26.74909088700008],[119.62183678500003,26.786769924000055],[119.60604902400007,26.796942450000074],[119.57553144600001,26.788031317000048],[119.55209394600001,26.74909088700008],[119.55892988400001,26.708197333000044],[119.60604902400007,26.694525458000044],[119.59986412900003,26.64606354400007],[119.55892988400001,26.666571356000077],[119.54110761800007,26.656317450000074],[119.55420983200008,26.615179755000042],[119.59986412900003,26.570379950000074],[119.67505944100003,26.618801174000055],[119.73519941500001,26.61196523600006],[119.73642011800007,26.591457424000055],[119.78492272200003,26.577826239000046],[119.78492272200003,26.550482489000046],[119.77059980600006,26.564113674000055],[119.76587975400003,26.534369208000044],[119.79859459700003,26.515773830000057],[119.78492272200003,26.502020575000074],[119.81885826900009,26.453192450000074],[119.81226647200003,26.43378327000005],[119.79175866000003,26.43378327000005],[119.79175866000003,26.413316148000035],[119.76197350400003,26.407456773000035],[119.73764082100001,26.44367096600007],[119.68978925900001,26.459458726000037],[119.65365644600001,26.49803294500009],[119.62037194100003,26.467962958000044],[119.57960045700008,26.47089264500005],[119.56641686300009,26.454901434000078],[119.57309004000001,26.43781159100007],[119.63086998800009,26.44871653900009],[119.64844811300009,26.437445380000042],[119.65552819100003,26.355617580000057],[119.68873131600003,26.337591864000046],[119.68189537900003,26.31712474200009],[119.74708092500009,26.32762278900009],[119.75440514400009,26.37205638200004],[119.77059980600006,26.364935614000046],[119.79175866000003,26.40648021000004],[119.82577558700007,26.426947333000044],[119.85132897200003,26.39280833500004],[119.84009850400003,26.378566799000055],[119.89478600400003,26.358710028000075],[119.94996178500003,26.364935614000046],[119.87745201900009,26.313381252000056],[119.85474694100003,26.32754140800006],[119.80111738400001,26.317572333000044],[119.78492272200003,26.296616929000038],[119.80543053500003,26.29043203300006],[119.79273522200003,26.284084377000056],[119.76441491000003,26.296616929000038],[119.65430748800009,26.272406317000048],[119.63412519600001,26.255072333000044],[119.66822350400003,26.242010809000078],[119.66822350400003,26.221502997000073],[119.60010826900009,26.176336981000077],[119.59986412900003,26.145819403000075],[119.56112714900007,26.12498607000009],[119.45850670700008,25.982489325000074],[119.43555748800009,25.981350002000056],[119.41504967500009,26.00926341400009],[119.32691491000003,26.048041083000044],[119.27711022200003,26.05292389500005],[119.21583092500009,26.100083726000037],[119.09351647200003,26.145819403000075],[119.15731855600006,26.090765692000048],[119.19516035200002,26.087591864000046],[119.24683678500003,25.967230536000045],[119.32984459700003,25.944281317000048],[119.37753339900007,25.94139232000009],[119.44092858200008,25.963812567000048],[119.49000084700003,25.994208075000074],[119.51905358200008,26.04450104400007],[119.56641686300009,26.05023834800005],[119.64844811300009,26.015448309000078],[119.67505944100003,26.022284247000073],[119.69540449300007,26.00263092700004],[119.70240319100003,25.98505280200004],[119.67505944100003,25.92609284100007],[119.61646569100003,25.892645575000074],[119.59986412900003,25.844183661000045],[119.58407636800007,25.87693919500009],[119.57422936300009,25.884914455000057],[119.56641686300009,25.87205638200004],[119.62086022200003,25.760321356000077],[119.59644616000003,25.73151276200008],[119.58993574300007,25.687160549000055],[119.57260175900001,25.67967357000009],[119.53541100400003,25.705877997000073],[119.47706139400009,25.67967357000009],[119.44906660200002,25.687160549000055],[119.46705162900003,25.61391836100006],[119.48324629000001,25.62567780200004],[119.49244225400003,25.56476471600007],[119.51734459700003,25.556789455000057],[119.53443444100003,25.575873114000046],[119.55844160200002,25.563788153000075],[119.57943769600001,25.58466217700004],[119.56836998800009,25.547430731000077],[119.59310957100001,25.52948639500005],[119.56641686300009,25.51581452000005],[119.59986412900003,25.508368231000077],[119.57260175900001,25.48786041900007],[119.60360761800007,25.491156317000048],[119.59986412900003,25.47483958500004],[119.62802168100006,25.461371161000045],[119.61402428500003,25.438788153000075],[119.63412519600001,25.433254299000055],[119.64600670700008,25.39256419500009],[119.62037194100003,25.364976304000038],[119.65455162900003,25.35814036700009],[119.57943769600001,25.34446849200009],[119.59986412900003,25.371161200000074],[119.57601972700002,25.467352606000077],[119.53858483200008,25.46116771000004],[119.53598066500001,25.419134833000044],[119.55819746200007,25.40460846600007],[119.54444420700008,25.37718333500004],[119.48324629000001,25.371161200000074],[119.50733483200008,25.474432684000078],[119.46615644600001,25.47483958500004],[119.44703209700003,25.438788153000075],[119.43311608200008,25.459540106000077],[119.44906660200002,25.50527578300006],[119.35653730600006,25.52692291900007],[119.38086998800009,25.59088776200008],[119.36036217500009,25.577297268000052],[119.34302819100003,25.609198309000078],[119.30518639400009,25.60455963700008],[119.32138105600006,25.58734772300005],[119.27784264400009,25.570461330000057],[119.23780358200008,25.481756903000075],[119.10254967500009,25.420314846000053],[119.17318769600001,25.325140692000048],[119.20337975400003,25.35814036700009],[119.22315514400009,25.31659577000005],[119.18148847700002,25.28925202000005],[119.20126386800007,25.259711005000042],[119.22584069100003,25.279689846000053],[119.24301191500001,25.330226955000057],[119.26514733200008,25.317572333000044],[119.27784264400009,25.330226955000057],[119.31885826900009,25.279364325000074],[119.34750410200002,25.26776764500005],[119.34424889400009,25.24237702000005],[119.28126061300009,25.241441148000035],[119.27247155000009,25.231756903000075],[119.28882897200003,25.189113674000055],[119.25562625300006,25.17589713600006],[119.22937574000002,25.193215206000048],[119.17562910200002,25.17649974200009],[119.14197462600009,25.220978417000083],[119.11609619800004,25.213781835000077],[119.1041801340001,25.182947837000086],[119.13379967500009,25.138413804000038],[119.15308678500003,25.13971588700008],[119.13379967500009,25.124741929000038],[119.09327233200008,25.135646877000056],[119.08545983200008,25.124741929000038],[119.09913170700008,25.111151434000078],[119.06478925900001,25.124741929000038],[119.07919355600006,25.152085679000038],[119.06470787900003,25.162543036000045],[119.04444420700008,25.124741929000038],[119.02906334700003,25.14052969000005],[119.06885826900009,25.216742255000042],[118.96933027400007,25.226385809000078],[118.97999108200008,25.24485911700009],[119.02494595300004,25.25928888800007],[119.02729761500007,25.278237969000088],[118.98365319100003,25.283026434000078],[118.87558027400007,25.243841864000046],[118.86483808700007,25.22797272300005],[118.91114342500009,25.217230536000045],[118.91529381600003,25.179388739000046],[118.94825280000009,25.19717031500005],[118.97461998800009,25.182562567000048],[118.94296308700007,25.10883209800005],[118.85767662900003,25.098049221000053],[118.84913170700008,25.07379791900007],[118.87794030000009,25.040716864000046],[118.95370527400007,25.00299713700008],[118.97999108200008,25.011786200000074],[119.00416100400003,25.05023834800005],[118.98324629000001,24.99510325700004],[118.99732506600003,24.95343659100007],[119.01767011800007,24.960272528000075],[118.97706139400009,24.934027411000045],[118.96371504000001,24.954413153000075],[118.91163170700008,24.95343659100007],[118.90992272200003,24.907171942000048],[118.93417402400007,24.886053778000075],[118.97323652400007,24.893784898000035],[118.97616621200007,24.877752997000073],[118.95199629000001,24.870754299000055],[118.79208418100006,24.891099351000037],[118.77759850400003,24.885199286000045],[118.78012129000001,24.86782461100006],[118.71607506600003,24.843573309000078],[118.69809004000001,24.859523830000057],[118.72950280000009,24.900539455000057],[118.69556725400003,24.94041575700004],[118.68881269600001,24.895738023000035],[118.66773522200003,24.95343659100007],[118.64039147200003,24.91559479400007],[118.67115319100003,24.874660549000055],[118.62411543100006,24.86782461100006],[118.57203209700003,24.885199286000045],[118.61280358200008,24.85578034100007],[118.63795006600003,24.77212148600006],[118.70175214900007,24.81004466400009],[118.71998131600003,24.769354559000078],[118.76295006600003,24.76268138200004],[118.74683678500003,24.72068919500009],[118.68539472700002,24.666489976000037],[118.65406334700003,24.693426825000074],[118.64210045700008,24.67869700700004],[118.63355553500003,24.627875067000048],[118.66415449300007,24.612250067000048],[118.66146894600001,24.590318101000037],[118.62045332100001,24.545477606000077],[118.55396569100003,24.518052476000037],[118.55445397200003,24.553208726000037],[118.57813561300009,24.560207424000055],[118.50123131600003,24.60814036700009],[118.42807050900001,24.631333726000037],[118.43124433700007,24.699693101000037],[118.40088951900009,24.672308661000045],[118.42188561300009,24.62449778900009],[118.40479576900009,24.606634833000044],[118.35165449300007,24.58234284100007],[118.28402754000001,24.597805080000057],[118.27295983200008,24.57440827000005],[118.24984785200002,24.576117255000042],[118.24179121200007,24.543768622000073],[118.21900475400003,24.541449286000045],[118.18116295700008,24.576117255000042],[118.18165123800009,24.597805080000057],[118.21517988400001,24.61481354400007],[118.17432701900009,24.62449778900009],[118.18759199300007,24.657375393000052],[118.16049238400001,24.693426825000074],[118.15748131600003,24.662665106000077],[118.14144941500001,24.65696849200009],[118.11036217500009,24.584051825000074],[118.04444420700008,24.617661851000037],[118.03736412900003,24.560614325000074],[118.00294030000009,24.562445380000042],[118.00928795700008,24.58071523600006],[117.97486412900003,24.55272044500009],[118.05811608200008,24.51585521000004],[117.99952233200008,24.470851955000057],[118.02173912900003,24.445746161000045],[117.86768639400009,24.489569403000075],[117.82593834700003,24.48045482000009],[117.90113366000003,24.453192450000074],[117.79127037900003,24.46747467700004],[117.90731855600006,24.384914455000057],[118.04297936300009,24.406683661000045],[118.04078209700003,24.365627346000053],[118.01587975400003,24.32684967700004],[118.05298912900003,24.346909898000035],[118.09058678500003,24.341457424000055],[118.12647545700008,24.26203034100007],[118.07178795700008,24.25458405200004],[117.98926842500009,24.193101304000038],[117.97877037900003,24.16209544500009],[117.96786543100006,24.159816799000055],[117.94361412900003,24.212591864000046],[117.90731855600006,24.18626536700009],[117.93775475400003,24.16168854400007],[117.89576256600003,24.08661530200004],[117.89364668100006,24.02802155200004],[117.83912194100003,24.02362702000005],[117.77198326900009,23.958929755000042],[117.74805748800009,23.907538153000075],[117.72925866000003,23.91937897300005],[117.73788496200007,23.950506903000075],[117.79810631600003,24.02179596600007],[117.76172936300009,24.014837958000044],[117.77613366000003,24.03729889500005],[117.76327558700007,24.070257880000042],[117.75001061300009,24.03729889500005],[117.72413170700008,24.033758856000077],[117.66708418100006,24.06273021000004],[117.67969811300009,24.03904857000009],[117.70875084700003,24.03546784100007],[117.68848717500009,23.99750397300005],[117.69507897200003,23.953558661000045],[117.64863267600003,23.90923358200007],[117.62553554500005,23.840153334000036],[117.63926948000005,23.794102300000077],[117.5916687880001,23.73706444600009],[117.59815514400009,23.852443752000056],[117.57105553500003,23.903265692000048],[117.45484459700003,23.925604559000078],[117.41659589900007,23.94684479400007],[117.40967858200008,23.913397528000075],[117.46851647200003,23.911932684000078],[117.49959628800002,23.87407223200006],[117.490072768,23.832578709000074],[117.46347744400009,23.788287134000086],[117.43433140800005,23.77592209700009],[117.38241621200007,23.79523346600007],[117.31910241000003,23.76162344000005],[117.29257246200007,23.789496161000045],[117.27735436300009,23.78221263200004],[117.29232832100001,23.762152411000045],[117.26364898600002,23.655424769000035],[117.2791221110001,23.636267573000055],[117.25709264900001,23.615616376000048],[117.23896432000004,23.605472819000056],[117.24408975600011,23.657548493000036],[117.22950280000009,23.69281647300005],[117.20850670700008,23.664943752000056],[117.21920130500007,23.629627879000054],[117.1508298120001,23.60686733500006],[117.12846022200006,23.572353777000046],[117.084227758,23.55060551300005],[117.06841298800009,23.65127271500006],[117.02344811300009,23.658677476000037],[116.95070523000004,23.610883295000065],[116.91757246200007,23.637925523000035],[116.94092858200008,23.658677476000037],[116.91651451900009,23.66274648600006],[116.87208092500009,23.60687897300005],[116.88331139400009,23.55963776200008],[116.84970136800007,23.51129791900007],[116.87262115300007,23.473806531000037],[116.86662820400011,23.450232931000073],[116.77322445100003,23.34943237200008],[116.65784363400007,23.35445209100004],[116.56893964900007,23.391017971000053],[116.54322350400003,23.421210028000075],[116.52320397200003,23.418524481000077],[116.52320397200003,23.377508856000077],[116.57300866000003,23.32367584800005],[116.64188900700003,23.31883540800004],[116.69124035800007,23.338976648000084],[116.70941427800005,23.31976964900008],[116.74863483000001,23.326288333000036],[116.77711022200003,23.240383205000057],[116.804822489,23.236122461000036],[116.78394616000003,23.21238841400009],[116.70557701900009,23.276597398000035],[116.66724694100003,23.281317450000074],[116.71509850400003,23.243801174000055],[116.67116605600006,23.214638817000036],[116.64675495900008,23.162991383000076],[116.61521596500006,23.178349308000065],[116.61151014100005,23.238729609000075],[116.56997645400008,23.246972843000037],[116.50888105600006,23.234116929000038],[116.52698753700008,23.200621073000036],[116.56397545700008,23.22296784100007],[116.604504249,23.209556543000076],[116.54512080800009,23.144775094000067],[116.53364811400002,23.10913453800009],[116.5516555910001,23.086724106000077],[116.56325009500006,23.01877372100006],[116.52193572500005,22.99841091500008],[116.494687913,22.93935241300005],[116.4585096620001,22.947419938000053],[116.37960727900008,22.92898441300008],[116.28906383900005,22.978943018000052],[116.21363366000003,22.982814846000053],[116.20101972700002,22.973456122000073],[116.2814583920001,22.957857275000038],[116.1449099130001,22.847822500000063],[116.09568990500009,22.825900457000046],[116.09125331300004,22.868409860000042],[116.12372104000008,22.89472923900007],[116.04210490800006,22.932918286000074],[116.0872538220001,22.889693668000064],[116.07617780700002,22.867871480000076],[115.95801360200005,22.804743209000037],[115.88349730700008,22.794618575000072],[115.810029869,22.746090775000084],[115.78803850300005,22.79784174100007],[115.81356855600006,22.776271877000056],[115.80477949300007,22.81509023600006],[115.736869609,22.85167302800005],[115.6970355850001,22.85067112200005],[115.7035808390001,22.86932319400006],[115.68426622900006,22.877779098000076],[115.69263756600003,22.900091864000046],[115.72128339900007,22.90452708500004],[115.73031660200002,22.93423086100006],[115.69198652400007,22.929022528000075],[115.65333092500009,22.893744208000044],[115.57789147200003,22.87726471600007],[115.56055748800009,22.849310614000046],[115.53296959700003,22.86204661700009],[115.54761803500003,22.895412502000056],[115.50562584700003,22.897772528000075],[115.45093834700003,22.93187083500004],[115.43018639400009,22.91819896000004],[115.40601647200003,22.925034898000035],[115.42725670700008,22.90062083500004],[115.46420332100001,22.91201406500005],[115.48300214900007,22.90184153900009],[115.49415123800009,22.86078522300005],[115.46802819100003,22.849310614000046],[115.55941816500001,22.836086330000057],[115.61207116000003,22.86359284100007],[115.5270169690001,22.767042406000087],[115.52393639400009,22.74176666900007],[115.55558818200006,22.71437029300006],[115.56732101300008,22.747281344000044],[115.59009850400003,22.737209377000056],[115.56251061300009,22.705633856000077],[115.57521894800004,22.66833597200008],[115.53615557400008,22.668123388000083],[115.46481812900004,22.701034142000083],[115.373508023,22.694177267000043],[115.33847089900007,22.73309967700004],[115.424133428,22.761993113000074],[115.411208225,22.788267543000075],[115.36399407500005,22.76364478000005],[115.33057039700009,22.78854041900007],[115.23339092700007,22.788208507000036],[115.23276710300001,22.805339609000043],[115.32016035200002,22.850531317000048],[115.31714928500003,22.90452708500004],[115.30380293100006,22.90302155200004],[115.24561608200008,22.83535390800006],[115.17294355600006,22.821193752000056],[115.18027057300003,22.784805971000083],[115.13287802700006,22.811453821000043],[115.06547548000003,22.795984798000063],[115.01782843800004,22.737044052000044],[115.028903474,22.708376584000064],[114.98534174000008,22.689309001000083],[114.95467022500009,22.703544178000072],[114.94166100400003,22.753851630000042],[114.92676842500009,22.76117584800005],[114.91675866000003,22.74404531500005],[114.86252380000008,22.76321563500005],[114.88187326500008,22.747523043000058],[114.88073575600004,22.72146994400009],[114.92672625500006,22.716930079000065],[114.96662940100009,22.67648694400009],[114.90193762400008,22.598056881000048],[114.91911854600005,22.56115516400007],[114.8959664250001,22.547524404000058],[114.88021450300005,22.559112545000062],[114.88682041100003,22.59087178300007],[114.86581619100002,22.601744611000072],[114.75414529800003,22.589714066000056],[114.74377585100001,22.60940429200008],[114.73745015700001,22.66904582500007],[114.75377792100005,22.693385353000053],[114.74195106600007,22.73265274000005],[114.82125206600006,22.790560097000082],[114.77523847700002,22.81582265800006],[114.75489342500009,22.781683661000045],[114.69548075400007,22.792641588000038],[114.63778730600006,22.755072333000044],[114.56332441500001,22.73273346600007],[114.57109590700009,22.702354350000064],[114.52206464900007,22.705959377000056],[114.50660702000005,22.64652286900008],[114.58253014400009,22.65525950700004],[114.59034264400009,22.643866278000075],[114.49537194100003,22.56195709800005],[114.50928795700008,22.54954661700009],[114.54322350400003,22.56940338700008],[114.61768639400009,22.514146226000037],[114.5158162140001,22.45264280300006],[114.48511803500003,22.46832916900007],[114.47958418100006,22.546210028000075],[114.39576256600003,22.61351146000004],[114.31714928500003,22.602362372000073],[114.30713951900009,22.58543528900009],[114.27621504000001,22.587958075000074],[114.22982832100001,22.555812893000052],[114.16195113200001,22.560536194000022],[114.14872196500005,22.538108623000042],[114.09146447800009,22.534387919000025],[114.05526777400007,22.50694407800006],[113.96379642000011,22.538112697000088],[113.9477577780001,22.490406454000038],[113.91032962300005,22.48582591400009],[113.89034489800008,22.452712399000063],[113.86615533000008,22.511493140000084],[113.89389082100001,22.521144924000055],[113.82235761800007,22.587225653000075],[113.79356800000005,22.661614499000052],[113.77293351100002,22.672447513000066],[113.75806725400003,22.75340403900009],[113.71216881600003,22.763332424000055],[113.67237389400009,22.746893622000073],[113.65357506600003,22.758734442000048],[113.66260826900009,22.798081773000035],[113.61719811300009,22.890285549000055],[113.61719811300009,22.83624909100007],[113.60556074300007,22.84723541900007],[113.61036217500009,22.90452708500004],[113.59229576900009,22.889064846000053],[113.63819420700008,23.034898179000038],[113.61670983200008,23.007879950000074],[113.59669030000009,22.91819896000004],[113.61719811300009,23.034898179000038],[113.57618248800009,22.938706773000035],[113.58301842500009,23.021226304000038],[113.55396569100003,22.987616278000075],[113.52881920700008,23.01080963700008],[113.53638756600003,23.06313711100006],[113.58212324300007,23.098456122000073],[113.72022545700008,23.137925523000035],[113.83008873800009,23.11749909100007],[113.70313561300009,23.15778229400007],[113.54200280000009,23.086411851000037],[113.50912519600001,23.062160549000055],[113.41749108200008,23.096991278000075],[113.39869225400003,23.083319403000075],[113.48121178500003,23.05149974200009],[113.50231200100006,23.02042368800005],[113.48397871200007,22.924261786000045],[113.42994225400003,22.931341864000046],[113.30762780000009,22.89411041900007],[113.21298261800007,22.90452708500004],[113.29224694100003,22.87726471600007],[113.35043379000001,22.88971588700008],[113.44003339900007,22.80414459800005],[113.49423261800007,22.77484772300005],[113.43954511800007,22.739447333000044],[113.37753339900007,22.767401434000078],[113.46631920700008,22.716498114000046],[113.59916999500001,22.575179846000083],[113.59473803000003,22.523389661000067],[113.54635483700008,22.43758548800008],[113.55811608200008,22.38076406500005],[113.61036217500009,22.37018463700008],[113.57357832100001,22.300726630000042],[113.58765470100002,22.237882255000045],[113.52295983200008,22.213039455000057],[113.52987714900007,22.20225657800006],[113.48374549000005,22.155142169000044],[113.42562910200002,22.18622467700004],[113.41187584700003,22.225531317000048],[113.36451256600003,22.26776764500005],[113.35702558700007,22.301906643000052],[113.27637780000009,22.37205638200004],[113.23194420700008,22.479071356000077],[113.16529381600003,22.57558828300006],[113.16016686300009,22.487616278000075],[113.22730553500003,22.42527903900009],[113.40197053000009,22.179574118000062],[113.30274498800009,22.183294989000046],[113.25098717500009,22.115668036000045],[113.24716230600006,22.05426666900007],[113.15746661600008,22.024699645000055],[113.11885684100002,22.065838498000062],[113.11060631600003,22.09918854400007],[113.12745201900009,22.160956122000073],[113.11060631600003,22.219305731000077],[113.08505293100006,22.207586981000077],[113.07729033400005,22.14726667700006],[113.05789313000002,22.12109389400007],[113.02661394800009,22.143212451000068],[113.02063776900002,22.125977567000064],[113.025620043,21.949425357000052],[112.98934980600006,21.937323309000078],[112.95708123400004,21.87565345900009],[112.91158606600004,21.85629082400004],[112.87940514400009,21.87518952000005],[112.85157311300009,21.94830963700008],[112.82601972700002,21.966131903000075],[112.74374433700007,21.93195221600007],[112.73047936300009,21.890326239000046],[112.70045006600003,21.890326239000046],[112.64511152400007,21.849351304000038],[112.64755293100006,21.822658596000053],[112.60800214900007,21.775091864000046],[112.55087324300007,21.77285390800006],[112.42603600400003,21.84516022300005],[112.41114342500009,21.901190497000073],[112.49366295700008,21.966131903000075],[112.43628991000003,21.94562409100007],[112.39063561300009,21.955511786000045],[112.37631269600001,21.98655833500004],[112.39747155000009,22.068508205000057],[112.36483808700007,22.034491278000075],[112.35653730600006,21.979722398000035],[112.39063561300009,21.901190497000073],[112.40211022200003,21.80141836100006],[112.38795006600003,21.75608958500004],[112.36329186300009,21.733343817000048],[112.28622480600006,21.708807684000078],[112.24488366000003,21.70652903900009],[112.18238366000003,21.75299713700008],[112.20313561300009,21.806708075000074],[112.19263756600003,21.84316640800006],[112.17269941500001,21.81443919500009],[112.02816816500001,21.797349351000037],[112.00709069100003,21.81867096600007],[112.04127037900003,21.88418203300006],[111.96924889400003,21.824042059000078],[111.93409264400003,21.890448309000078],[111.89039147200003,21.925116278000075],[111.90406334700003,21.815252997000073],[111.94638105600006,21.78587474200009],[112.00025475400003,21.774318752000056],[111.86793053500003,21.676703192000048],[111.83887780000003,21.678127346000053],[111.85377037900003,21.707424221000053],[111.87671959700003,21.698553778000075],[111.86060631600003,21.721502997000073],[111.83619225400003,21.71698639500005],[111.83505293100006,21.766831773000035],[111.80689537900003,21.743312893000052],[111.78793379000007,21.75999583500004],[111.75790449300007,21.75332265800006],[111.67807050900007,21.78115469000005],[111.76059004000007,21.725816148000035],[111.77963300900007,21.675441799000055],[111.77369225400003,21.650132554000038],[111.74691816500007,21.64394765800006],[111.78793379000007,21.616034247000073],[111.71290123800003,21.623439846000053],[111.63046308700007,21.529852606000077],[111.58187910200007,21.581854559000078],[111.59555097700007,21.534084377000056],[111.53785241000003,21.520453192000048],[111.52100670700003,21.534084377000056],[111.47608483200003,21.513617255000042],[111.47266686300003,21.55459219000005],[111.44410241000003,21.563625393000052],[111.43222089900007,21.60297272300005],[111.41114342500003,21.56826406500005],[111.43799889400003,21.534084377000056],[111.36280358200003,21.54120514500005],[111.34970136800007,21.526678778000075],[111.40430748800003,21.526678778000075],[111.26734459700003,21.43935781500005],[111.25294030000003,21.44472890800006],[111.30128014400003,21.499335028000075],[111.19239342500003,21.531195380000042],[111.15796959700003,21.513617255000042],[111.17164147200003,21.499335028000075],[111.22632897200003,21.499335028000075],[111.14364668100006,21.46580638200004],[111.08838951900003,21.47264232000009],[111.12997480600006,21.499335028000075],[111.08838951900003,21.493109442000048],[111.02759850400003,21.54092031500005],[110.98593183700007,21.513617255000042],[111.01392662900003,21.485663153000075],[110.97974694100003,21.44472890800006],[111.00814863400007,21.44989655200004],[111.04224694100003,21.48456452000005],[111.06861412900003,21.47264232000009],[111.04371178500003,21.46938711100006],[110.99293053500003,21.42487213700008],[110.96591230600006,21.432847398000035],[110.86988366000003,21.383246161000045],[110.76815839900007,21.39752838700008],[110.70484459700003,21.348537502000056],[110.65088951900003,21.26040273600006],[110.65479576900003,21.314601955000057],[110.67758222700007,21.348537502000056],[110.64332116000003,21.32184479400007],[110.63648522200003,21.370266018000052],[110.75538170700003,21.413397528000075],[110.76002037900003,21.44472890800006],[110.63559004000007,21.38104889500005],[110.61573326900003,21.301214911000045],[110.64332116000003,21.25291575700004],[110.63648522200003,21.230169989000046],[110.57520592500003,21.24673086100006],[110.58871504000007,21.22557200700004],[110.48145592500003,21.217189846000053],[110.43116295700003,21.191473700000074],[110.42579186300003,21.269232489000046],[110.43734785200007,21.273382880000042],[110.42432701900003,21.287665106000077],[110.47885175900007,21.273382880000042],[110.48633873800003,21.301336981000077],[110.44483483200003,21.307562567000048],[110.48633873800003,21.33551666900007],[110.46534264400003,21.328680731000077],[110.46534264400003,21.348537502000056],[110.43392988400007,21.30878327000005],[110.42392011800007,21.341620184000078],[110.43734785200007,21.39752838700008],[110.41952558700007,21.377427476000037],[110.40097089900007,21.38703034100007],[110.36898847700007,21.42487213700008],[110.38949629000007,21.45213450700004],[110.35849043100006,21.43573639500005],[110.39437910200007,21.36399974200009],[110.38949629000007,21.328680731000077],[110.32813561300003,21.33551666900007],[110.35670006600003,21.319159247000073],[110.36280358200003,21.287665106000077],[110.40821373800003,21.238023179000038],[110.39942467500003,21.176581122000073],[110.33375084700003,21.116359768000052],[110.26929772200003,21.089178778000075],[110.21884199300007,21.02757396000004],[110.20460045700003,21.08222077000005],[110.19556725400003,21.07127513200004],[110.15674889400003,20.986029364000046],[110.14307701900003,20.992254950000074],[110.15479576900003,20.97728099200009],[110.14926191500007,20.923976955000057],[110.17725670700003,20.862494208000044],[110.15674889400003,20.876776434000078],[110.15674889400003,20.848863023000035],[110.19149824300007,20.848863023000035],[110.19149824300007,20.83584219000005],[110.28711998800003,20.84202708500004],[110.31967207100007,20.859930731000077],[110.36109459700003,20.835882880000042],[110.36898847700007,20.848863023000035],[110.40943444100003,20.75096263200004],[110.38355553500003,20.713446356000077],[110.35645592500003,20.73232656500005],[110.34180748800003,20.821519273000035],[110.32129967500003,20.794256903000075],[110.33212324300007,20.76788971600007],[110.30762780000003,20.753241278000075],[110.30762780000003,20.73895905200004],[110.33749433700007,20.725816148000035],[110.30079186300003,20.657049872000073],[110.32813561300003,20.677557684000078],[110.31446373800003,20.636542059000078],[110.36280358200003,20.643377997000073],[110.36280358200003,20.622300523000035],[110.38062584700003,20.63377513200004],[110.40853925900007,20.58592357000009],[110.47885175900007,20.567694403000075],[110.53419030000003,20.478257554000038],[110.50228925900007,20.41274648600006],[110.47535241000003,20.397650458000044],[110.40683027400007,20.305161851000037],[110.36207116000003,20.30487702000005],[110.34433027400007,20.279242255000042],[110.28028405000003,20.25299713700008],[110.23715254000007,20.27496979400007],[110.12753339900007,20.247992255000042],[110.03785241000003,20.301703192000048],[110.00595136800007,20.28034088700008],[109.96583092500003,20.280951239000046],[109.91724694100003,20.23932526200008],[109.92872155000003,20.32636139500005],[109.91724694100003,20.35228099200009],[109.87411543100006,20.376288153000075],[109.88990319100003,20.38271719000005],[109.86280358200003,20.406317450000074],[109.90357506600003,20.43109772300005],[109.98243248800003,20.35154857000009],[110.01547285200007,20.418402411000045],[110.00977623800003,20.43423086100006],[109.96493574300007,20.478257554000038],[109.95809980600006,20.451605536000045],[109.94361412900003,20.460679429000038],[109.93091881600003,20.506252346000053],[109.91724694100003,20.44476959800005],[109.89608808700007,20.492580471000053],[109.82211347700007,20.516546942000048],[109.84823652400007,20.595648505000042],[109.82105553500003,20.554632880000042],[109.80201256600003,20.61627838700008],[109.74586022200003,20.629787502000056],[109.75155683700007,20.67373281500005],[109.80591881600003,20.679510809000078],[109.82772871200007,20.69798411700009],[109.84140058700007,20.684393622000073],[109.86044355600006,20.71548086100006],[109.78687584700003,20.691148179000038],[109.75643964900007,20.749701239000046],[109.77320397200003,20.766913153000075],[109.75814863400007,20.792792059000078],[109.77320397200003,20.814113674000055],[109.75204511800007,20.84202708500004],[109.75953209700003,20.85504791900007],[109.74537194100003,20.867661851000037],[109.73153730600006,20.85504791900007],[109.73902428500003,20.807847398000035],[109.70435631600003,20.84202708500004],[109.71786543100006,20.807847398000035],[109.66561933700007,20.880926825000074],[109.66122480600006,20.927557684000078],[109.69125410200007,20.958726304000038],[109.67896569100003,20.973863023000035],[109.69752037900003,21.04059479400007],[109.71168053500003,21.03384023600006],[109.69996178500003,21.08299388200004],[109.67017662900003,21.12323639500005],[109.70435631600003,21.17845286700009],[109.75204511800007,21.164129950000074],[109.74667402400007,21.17967357000009],[109.77320397200003,21.215399481000077],[109.76571699300007,21.355943101000037],[109.78687584700003,21.328680731000077],[109.80738366000003,21.355943101000037],[109.92408287900003,21.36277903900009],[109.90479576900003,21.390692450000074],[109.95126386800007,21.45840078300006],[109.92457116000003,21.46503327000005],[109.94442793100006,21.493109442000048],[109.85897871200007,21.482814846000053],[109.84140058700007,21.506781317000048],[109.81421959700003,21.45840078300006],[109.80054772200003,21.55459219000005],[109.77011152400007,21.551581122000073],[109.77320397200003,21.581854559000078],[109.74805748796268,21.574937241860198],[109.74781334700003,21.54523346600007],[109.77320397200003,21.485663153000075],[109.75953209700003,21.493109442000048],[109.74146569100003,21.47402578300006],[109.64966881600003,21.520453192000048],[109.67701256600003,21.575100002000056],[109.67701256600003,21.623439846000053],[109.63721764400003,21.601629950000074],[109.62525475400003,21.58539459800005],[109.63599694100003,21.56826406500005],[109.60800214900007,21.575100002000056],[109.61548912900003,21.650132554000038],[109.58529707100007,21.63084544500009],[109.56088300900007,21.67129140800006],[109.56080162900003,21.70726146000004],[109.59449303500003,21.74640534100007],[109.56771894600007,21.75999583500004],[109.49268639400003,21.698553778000075],[109.50619550900007,21.68496328300006],[109.49268639400003,21.678127346000053],[109.51986738400007,21.68496328300006],[109.52100670700003,21.665757554000038],[109.46469160200007,21.664455471000053],[109.52987714900007,21.635687567000048],[109.57276451900003,21.581732489000046],[109.56088300900007,21.526678778000075],[109.53077233200003,21.49164459800005],[109.47217858200003,21.46580638200004],[109.47217858200003,21.499335028000075],[109.42440839900007,21.452378648000035],[109.34376061300003,21.453517971000053],[109.32081139400003,21.480129299000055],[109.29892011800007,21.44326406500005],[109.24496504000007,21.43162669500009],[109.23878014400003,21.485663153000075],[109.21461022200003,21.41742584800005],[109.17196699300007,21.41754791900007],[109.14942467500003,21.43854401200008],[109.15626061300003,21.40375397300005],[109.13868248800003,21.401597398000035],[109.03980553500003,21.45026276200008],[109.06006920700003,21.480129299000055],[109.13282311300003,21.495917059000078],[109.14258873800003,21.510199286000045],[109.13575280000003,21.60297272300005],[109.12435957100007,21.590969143000052],[109.10108483200003,21.609198309000078],[109.07764733200003,21.596991278000075],[109.06674238400007,21.616034247000073],[109.04639733200003,21.60297272300005],[109.06674238400007,21.64394765800006],[108.99244225400003,21.609198309000078],[108.92798912900003,21.615057684000078],[108.89747155000003,21.67129140800006],[108.85523522200003,21.68496328300006],[108.86947675900007,21.70538971600007],[108.86548912900003,21.73973216400009],[108.92408287900003,21.766831773000035],[108.89747155000003,21.75999583500004],[108.90308678500003,21.774318752000056],[108.86947675900007,21.75381094000005],[108.87574303500003,21.80097077000005],[108.85523522200003,21.78115469000005],[108.84986412900003,21.79169342700004],[108.86142011800007,21.815252997000073],[108.80136152400007,21.81834544500009],[108.77955162900003,21.815252997000073],[108.82105553500003,21.80097077000005],[108.81421959700003,21.78115469000005],[108.83261152400007,21.78384023600006],[108.84351647200003,21.745021877000056],[108.81666100400003,21.71637604400007],[108.80591881600003,21.75844961100006],[108.79306074300007,21.75381094000005],[108.79989668100006,21.733343817000048],[108.78687584700003,21.740179755000042],[108.77955162900003,21.725816148000035],[108.79989668100006,21.725816148000035],[108.79306074300007,21.712836005000042],[108.83432050900007,21.68573639500005],[108.82105553500003,21.64394765800006],[108.86142011800007,21.64394765800006],[108.84994550900007,21.62596263200004],[108.78736412900003,21.641424872000073],[108.73853600400003,21.616034247000073],[108.74537194100003,21.60297272300005],[108.73349043100006,21.61273834800005],[108.72754967500003,21.64476146000004],[108.71119225400003,21.650132554000038],[108.73316491000003,21.66242096600007],[108.75155683700007,21.650132554000038],[108.75155683700007,21.69171784100007],[108.73853600400003,21.67129140800006],[108.71265709700003,21.688421942000048],[108.72486412900003,21.74640534100007],[108.68319746200007,21.70538971600007],[108.64918053500003,21.733343817000048],[108.68319746200007,21.740179755000042],[108.64633222700007,21.75136953300006],[108.67701256600003,21.815252997000073],[108.65601647200003,21.79482656500005],[108.64234459700003,21.822088934000078],[108.63550866000003,21.774318752000056],[108.61500084700003,21.787909247000073],[108.62867272200003,21.74640534100007],[108.59449303500003,21.740179755000042],[108.60751386800007,21.787909247000073],[108.58057701900003,21.781317450000074],[108.57138105600006,21.81281159100007],[108.60059655000003,21.830633856000077],[108.63550866000003,21.890326239000046],[108.59449303500003,21.917669989000046],[108.58765709700003,21.89785390800006],[108.56031334700003,21.89549388200004],[108.55298912900003,21.917669989000046],[108.57382246200007,21.93545156500005],[108.57333418100006,21.95180898600006],[108.56714928500003,21.938788153000075],[108.55298912900003,21.95180898600006],[108.52564537900003,21.90460846600007],[108.50513756600003,21.91083405200004],[108.51880944100003,21.890326239000046],[108.48487389400003,21.877101955000057],[108.49146569100003,21.856268622000073],[108.46314537900003,21.862982489000046],[108.47779381600003,21.945013739000046],[108.45801842500003,21.917669989000046],[108.44874108200003,21.865790106000077],[108.48462975400003,21.822088934000078],[108.47095787900003,21.822088934000078],[108.47779381600003,21.807806708000044],[108.49708092500003,21.809027411000045],[108.50513756600003,21.787909247000073],[108.49146569100003,21.740179755000042],[108.46347089900007,21.740179755000042],[108.50513756600003,21.71906159100007],[108.47779381600003,21.698553778000075],[108.50513756600003,21.69171784100007],[108.50513756600003,21.67129140800006],[108.52011152400007,21.712632554000038],[108.53305097700007,21.71906159100007],[108.51880944100003,21.67129140800006],[108.55298912900003,21.698553778000075],[108.56544030000003,21.678534247000073],[108.54517662900003,21.666083075000074],[108.54688561300003,21.643052476000037],[108.51197350400003,21.64394765800006],[108.53305097700007,21.63031647300005],[108.51197350400003,21.609198309000078],[108.51880944100003,21.595526434000078],[108.48121178500003,21.581854559000078],[108.48910566500007,21.60761139500005],[108.50513756600003,21.60297272300005],[108.49146569100003,21.623439846000053],[108.46347089900007,21.595526434000078],[108.47120201900003,21.581203518000052],[108.45801842500003,21.56826406500005],[108.47095787900003,21.56199778900009],[108.42001386800007,21.55687083500004],[108.38965905000003,21.575100002000056],[108.39063561300003,21.595363674000055],[108.40674889400003,21.60024648600006],[108.43189537900003,21.583238023000035],[108.44369550900007,21.623439846000053],[108.42758222700007,21.61668528900009],[108.41635175900007,21.63031647300005],[108.47095787900003,21.67129140800006],[108.40967858200003,21.664455471000053],[108.42383873800003,21.698553778000075],[108.38599694100003,21.67291901200008],[108.33765709700003,21.69745514500005],[108.34131920700003,21.725816148000035],[108.31137129000007,21.681708075000074],[108.32764733200003,21.63031647300005],[108.30648847700007,21.63031647300005],[108.31397545700003,21.616034247000073],[108.29346764400003,21.58930084800005],[108.31397545700003,21.581854559000078],[108.28378339900007,21.544745184000078],[108.21102949300007,21.50063711100006],[108.25277754000007,21.58852773600006],[108.22681725400003,21.625555731000077],[108.23829186300003,21.64394765800006],[108.21029707100007,21.63031647300005],[108.20606530000003,21.64256419500009],[108.21029707100007,21.60297272300005],[108.17636152400007,21.57575104400007],[108.13526451900003,21.581854559000078],[108.12826582100007,21.56273021000004],[108.11475670700003,21.575100002000056],[108.10580488400007,21.559068101000037],[108.06625410200007,21.56199778900009],[108.07105553500003,21.53656647300005],[108.01710045700003,21.555243231000077],[107.99122155000003,21.54840729400007],[108.03956139400003,21.520453192000048],[108.01124108200003,21.50653717700004],[108.02222741000003,21.485663153000075],[108.06104576900003,21.496161200000074],[108.08057701900003,21.485663153000075],[108.01661217500003,21.470363674000055],[107.97071373800003,21.43162669500009],[107.96534264400003,21.447333075000074],[107.99122155000003,21.485663153000075],[107.81164107300003,21.647827047000035],[107.74482344600005,21.657542217000085],[107.67185632300004,21.617648011000043],[107.53305342600004,21.608656311000104],[107.50132409700007,21.581526184000026],[107.46101648000013,21.596357320000052],[107.45703739400005,21.631497294],[107.42603153500005,21.652064514000088],[107.34815515200006,21.599354553000083],[107.27265588400007,21.7183137010001],[107.21214278200011,21.705239563000035],[107.17235192900011,21.71505808500011],[107.06584680200007,21.795828349000047],[107.00290490800006,21.81055613200006],[106.98714359500008,21.844817607000053],[107.02114668800004,21.89225657100006],[107.00936446200012,21.927448222000024],[106.97122725400004,21.935819804000076],[106.92037764500003,21.916957906000064],[106.86477380400004,21.968065898000063],[106.78152307100004,21.975042216000062],[106.72876143400009,22.00832183900009],[106.67460453300009,21.962174785000045],[106.65310713700012,21.968892720000085],[106.6721757410001,22.09250274700007],[106.63967126500006,22.190894674000006],[106.66292565900011,22.223295797000006],[106.63378015100005,22.309440410000022],[106.54179610200009,22.345097147999994],[106.52691329000004,22.438269755000093],[106.57714278200007,22.59531443300007],[106.60763187700007,22.609990540000055],[106.64633752500009,22.56880442300009],[106.68018558800009,22.57944976800006],[106.74664148000005,22.744349263000075],[106.79149662300011,22.77212534600004],[106.78984297700009,22.797188416000026],[106.73036340400012,22.797627665000064],[106.66747318500012,22.86752004000003],[106.61037072800013,22.852869771000073],[106.58169030800013,22.89527028400009],[106.48779423100012,22.925423483000074],[106.4579769290001,22.888965759000072],[106.31566003400013,22.8537999470001],[106.25540531400009,22.85465260900004],[106.22708663000009,22.87555572600003],[106.20238529400007,22.946998393000044],[106.13210534700005,22.975007019000046],[105.99924524000005,22.97536875400006],[105.96121138500013,22.932399801000074],[105.87599694900007,22.928265687000035],[105.85387943500007,22.904649556000024],[105.75471236200013,23.005676982000082],[105.69032352700003,23.043969218000072],[105.55157230700013,23.05967885400004],[105.53482914300008,23.136263327000066]]],[[[112.73340905000009,16.666083075000074],[112.72527103000004,16.66620514500005],[112.72624759200005,16.66901276200008],[112.73340905000009,16.666083075000074]]],[[[112.34050540500004,16.923570054000038],[112.33366946700005,16.933254299000055],[112.34107506600003,16.926988023000092],[112.34050540500004,16.923570054000038]]],[[[112.65040123800009,21.640448309000078],[112.60718834700003,21.616034247000073],[112.55591881600003,21.623439846000053],[112.53492272200003,21.595526434000078],[112.51929772200003,21.606675523000035],[112.56788170700008,21.660630601000037],[112.55591881600003,21.678127346000053],[112.64535566500001,21.712836005000042],[112.65455162900003,21.698472398000035],[112.63795006600003,21.664455471000053],[112.65040123800009,21.640448309000078]]],[[[112.79753665500004,21.705877997000073],[112.81055748800009,21.65761953300006],[112.79346764400009,21.608221747000073],[112.81055748800009,21.58930084800005],[112.79021243600005,21.57758209800005],[112.76148522200003,21.583685614000046],[112.73438561300009,21.628729559000078],[112.77442467500009,21.69171784100007],[112.70622806100005,21.688381252000056],[112.74781334700003,21.733343817000048],[112.76490319100003,21.731756903000075],[112.77751712300005,21.772650458000044],[112.86255944100003,21.76943594000005],[112.86255944100003,21.74559153900009],[112.79753665500004,21.705877997000073]]],[[[113.25847415500004,21.88043854400007],[113.22169030000009,21.914129950000074],[113.25766035200002,21.946600653000075],[113.28565514400009,21.918117580000057],[113.25847415500004,21.88043854400007]]],[[[113.73905611400005,21.985972906000086],[113.77174662900006,22.000343410000085],[113.76447678300008,21.96681792700008],[113.73905611400005,21.985972906000086]]],[[[114.20671634200005,22.025783596000053],[114.31006920700008,22.06858958500004],[114.30250084700003,22.044867255000042],[114.20671634200005,22.025783596000053]]],[[[113.34359785200002,22.068508205000057],[113.38266035200002,22.089585679000038],[113.39893639400009,22.068508205000057],[113.41260826900009,22.075995184000078],[113.39144941500001,22.02753327000005],[113.40577233200008,22.007025458000044],[113.30941816500001,22.02411530200004],[113.34359785200002,22.068508205000057]]],[[[113.53272545700008,22.120306708000044],[113.53256269600001,22.095363674000055],[113.54761803500003,22.092596747000073],[113.53891035200002,22.082098700000074],[113.47022545700008,22.07762278900009],[113.47152754000001,22.114081122000073],[113.53272545700008,22.120306708000044]]],[[[113.26417076900009,22.10492584800005],[113.31495201900009,22.153998114000046],[113.36475670700008,22.157904364000046],[113.31364993600005,22.07640208500004],[113.28907311300009,22.068508205000057],[113.26417076900009,22.10492584800005]]],[[[113.64234696300002,22.400189681000086],[113.61227218300007,22.397961588000044],[113.6233788830001,22.43987218600006],[113.65786970800002,22.43202334500006],[113.64234696300002,22.400189681000086]]],[[[113.6356865240001,22.656474951000064],[113.64510971700008,22.625115360000052],[113.6280148190001,22.595784940000044],[113.47653944900003,22.731267681000077],[113.54675920200009,22.74188415100008],[113.57320394300007,22.70069774500007],[113.6356865240001,22.656474951000064]]],[[[113.55827884200005,22.757879950000074],[113.52857506600003,22.80215078300006],[113.52116946700005,22.787909247000073],[113.50611412900003,22.798041083000044],[113.48080488400001,22.849310614000046],[113.47315514400009,22.825384833000044],[113.45590254000001,22.83075592700004],[113.39616946700005,22.898098049000055],[113.43295332100001,22.91201406500005],[113.48780358200008,22.89280833500004],[113.52702884200005,22.846625067000048],[113.57300866000003,22.83006419500009],[113.60279381600003,22.762640692000048],[113.55827884200005,22.757879950000074]]],[[[113.52375724500007,22.89667912200008],[113.50575350000008,22.951609447000067],[113.51537583800007,22.969220349000068],[113.54513977500005,22.937762314000054],[113.553541515,22.885811368000077],[113.52375724500007,22.89667912200008]]],[[[117.14179358900003,23.449653305000083],[117.12878132000003,23.39936918400008],[116.942989291,23.43006217900006],[116.98218834700003,23.459458726000037],[117.01002037900003,23.43895091400009],[117.03757899000004,23.446900552000045],[117.06299889400009,23.478461005000042],[117.090327731,23.461077402000058],[117.12585215700005,23.48269187300008],[117.12256920700008,23.46552155200004],[117.14179358900003,23.449653305000083]]],[[[116.97095787900003,23.51463450700004],[116.93604576900009,23.535549221000053],[117.00513756600003,23.562933661000045],[117.00367272200003,23.546210028000075],[116.97095787900003,23.51463450700004]]],[[[117.47983528300006,23.662678062000055],[117.44483483200008,23.664943752000056],[117.42114944500008,23.64646441900004],[117.41537519600001,23.608221747000073],[117.431558644,23.582630235000067],[117.320482728,23.574015926000072],[117.36912531100006,23.62235712800009],[117.39372806100005,23.67918528900009],[117.34050540500004,23.68895091400009],[117.37668889000008,23.72886530900007],[117.37273196700005,23.766750393000052],[117.38591556100005,23.77415599200009],[117.41358483200008,23.77167389500005],[117.44778172300005,23.74225160700007],[117.46890066700007,23.75309046400008],[117.52666076500009,23.74010690500006],[117.51619127600009,23.716277715000047],[117.48415604000002,23.71079304400007],[117.47983528300006,23.662678062000055]]],[[[118.18873131600003,24.49412669500009],[118.13648522200003,24.42926666900007],[118.09205162900003,24.43846263200004],[118.06999759200005,24.460272528000075],[118.10303795700008,24.47988515800006],[118.10621178500003,24.49412669500009],[118.08228600400003,24.48232656500005],[118.07203209700003,24.497870184000078],[118.09253991000003,24.55621979400007],[118.18140709700003,24.535101630000042],[118.18873131600003,24.49412669500009]]],[[[119.54867597700002,25.172430731000077],[119.51734459700003,25.17145416900007],[119.50326582100001,25.20380280200004],[119.46119225400003,25.20331452000005],[119.44654381600003,25.235988674000055],[119.47038821700005,25.25218333500004],[119.51197350400003,25.213446356000077],[119.56755618600005,25.204901434000078],[119.54867597700002,25.172430731000077]]],[[[119.33480879000001,25.44989655200004],[119.29688561300009,25.42291901200008],[119.28150475400003,25.482896226000037],[119.30502363400001,25.543361721000053],[119.34327233200008,25.57330963700008],[119.35206139400009,25.55223216400009],[119.33480879000001,25.44989655200004]]],[[[119.84652754000001,25.46116771000004],[119.77198326900009,25.45058828300006],[119.75733483200008,25.40493398600006],[119.69304446700005,25.437648830000057],[119.71159915500004,25.48623281500005],[119.67847741000003,25.48232656500005],[119.67774498800009,25.501206773000035],[119.76636803500003,25.506252346000053],[119.77833092500009,25.522040106000077],[119.72632897200003,25.525132554000038],[119.71615644600001,25.536322333000044],[119.72706139400009,25.59088776200008],[119.70264733200008,25.577297268000052],[119.69271894600001,25.594224351000037],[119.73047936300009,25.646144924000055],[119.78174889400009,25.65916575700004],[119.78028405000009,25.61741771000004],[119.83285566500001,25.59088776200008],[119.81690514400009,25.579820054000038],[119.87452233200008,25.556789455000057],[119.84652754000001,25.536322333000044],[119.81861412900003,25.545803127000056],[119.79883873800009,25.51581452000005],[119.84652754000001,25.46116771000004]]],[[[119.39063561300009,25.96698639500005],[119.25757897200003,26.00145091400009],[119.20923912900003,26.098578192000048],[119.25757897200003,26.04755280200004],[119.36980228000004,26.014227606000077],[119.40495853000004,25.97793203300006],[119.39063561300009,25.96698639500005]]],[[[119.57488040500004,26.119533596000053],[119.61312910200002,26.121161200000074],[119.63884524800005,26.07050202000005],[119.56527754000001,26.080471096000053],[119.55396569100003,26.095648505000042],[119.57488040500004,26.119533596000053]]],[[[120.3221948580001,26.962103583000044],[120.36304772200003,26.963039455000057],[120.38567142000011,26.935166734000063],[120.35254967500009,26.923773505000042],[120.32683353000004,26.93968333500004],[120.3221948580001,26.962103583000044]]],[[[121.06648675400004,27.454983920000075],[121.07651703400006,27.438498163000077],[121.04610864400001,27.465199494000046],[121.07400226300001,27.479483886000082],[121.10347872300008,27.460070019000057],[121.06648675400004,27.454983920000075]]],[[[121.18848717500009,27.863714911000045],[121.17123457100001,27.818793036000045],[121.09799238400001,27.81781647300005],[121.11402428500003,27.844142971000053],[121.18848717500009,27.863714911000045]]],[[[121.04517662900003,27.96747467700004],[121.11133873800009,27.98379140800006],[121.13917076900009,27.956976630000042],[121.04468834700003,27.951971747000073],[121.04517662900003,27.96747467700004]]],[[[121.23812910200002,28.092922268000052],[121.23145592500009,28.065008856000077],[121.15157280200003,28.041232470000068],[121.15523523500008,28.07136814200004],[121.12037194100003,28.135687567000048],[121.16528325500008,28.150533523000036],[121.2305876040001,28.219732518000058],[121.25640250600009,28.21479830900006],[121.26889341600008,28.193941892000055],[121.25553061200003,28.140000892000046],[121.2853524200001,28.101945631000035],[121.27914472700002,28.08543528900009],[121.23812910200002,28.092922268000052]]],[[[119.90186608200008,32.07339101800005],[119.78711998800009,32.12958405200004],[119.79102623800009,32.16547272300005],[119.81934655000009,32.20376211100006],[119.71949303500003,32.24957916900007],[119.71615644600001,32.272650458000044],[119.75082441500001,32.29311758000006],[119.78532962300005,32.29169342700004],[119.83285566500001,32.25214264500005],[119.90186608200008,32.07339101800005]]],[[[120.72632897200003,37.90884023600006],[120.72706139400009,37.94765859600005],[120.73454837300005,37.94765859600005],[120.75879967500009,37.907538153000075],[120.75456790500004,37.89667389500005],[120.72632897200003,37.90884023600006]]],[[[120.62289472700002,37.94879791900007],[120.60189863400001,37.96930573100008],[120.61898847700002,37.98114655200004],[120.62289472700002,37.94879791900007]]],[[[120.68824303500003,37.985256252000056],[120.70411217500009,37.98965078300006],[120.72730553500003,37.96942780200004],[120.70915774800005,37.96576569200005],[120.68824303500003,37.985256252000056]]],[[[120.74268639400009,38.187567450000074],[120.77271569100003,38.16543203300006],[120.77328535200002,38.15973541900007],[120.74659264400009,38.16185130400004],[120.74268639400009,38.187567450000074]]],[[[120.83619225400003,38.30426666900007],[120.80648847700002,38.28823476800005],[120.80005944100003,38.28750234600005],[120.81983483200008,38.313666083000044],[120.83619225400003,38.30426666900007]]],[[[120.92457116000003,38.38686758000006],[120.90691165500004,38.392564195000034],[120.91781660200002,38.39545319200005],[120.92457116000003,38.38686758000006]]],[[[118.49090040700003,38.94318689100004],[118.4706979660001,38.970550754000044],[118.4694771400001,39.00631855200004],[118.48819315800006,39.05049224800007],[118.52638107400003,39.046693882000056],[118.559717761,39.00312515400009],[118.62871121300009,39.04855385900004],[118.61463708200006,39.06764896700008],[118.6327429910001,39.07458077300004],[118.64867241500008,39.05585067800007],[118.59432056600008,38.97219739900004],[118.51430835400004,38.919445031000066],[118.48027591300001,38.934819522000055],[118.49090040700003,38.94318689100004]]],[[[121.41627037900003,39.440334377000056],[121.43604576900009,39.409816799000055],[121.42172285200002,39.37368398600006],[121.33692467500009,39.377386786000045],[121.37964928500003,39.42487213700008],[121.36426842500009,39.44546133000006],[121.34058678500003,39.440334377000056],[121.29615319100003,39.39142487200007],[121.27295983200008,39.38507721600007],[121.25757897200003,39.399644273000035],[121.26587975400003,39.433579820000034],[121.31104576900009,39.44794342700004],[121.34058678500003,39.481350002000056],[121.44239342500009,39.462876695000034],[121.45045006600003,39.45026276200008],[121.41627037900003,39.440334377000056]]],[[[121.90015709700003,29.09373607000009],[121.86817467500009,29.147406317000048],[121.90333092500009,29.166571356000077],[121.94320722700002,29.16111888200004],[121.95834394600001,29.10187409100007],[121.93531334700003,29.062892971000053],[121.88868248800009,29.072333075000074],[121.90015709700003,29.09373607000009]]],[[[121.85352623800009,29.09756094000005],[121.78581790500004,29.119696356000077],[121.78980553500003,29.14984772300005],[121.86215254000001,29.12958405200004],[121.85352623800009,29.09756094000005]]],[[[122.14942467500009,29.668850002000056],[122.14942467500009,29.68183014500005],[122.12745201900009,29.66901276200008],[122.09278405000009,29.725775458000044],[122.03646894600001,29.71747467700004],[122.03532962300005,29.739976304000038],[122.06820722700002,29.77952708500004],[122.10743248800009,29.789618231000077],[122.12208092500009,29.77871328300006],[122.12208092500009,29.750799872000073],[122.18685957100001,29.67340729400007],[122.16293379000001,29.65452708500004],[122.16976972700002,29.675034898000035],[122.14942467500009,29.668850002000056]]],[[[122.29558353000004,29.779120184000078],[122.23170006600003,29.83624909100007],[122.28419030000009,29.84284088700008],[122.31202233200008,29.829046942000048],[122.31470787900003,29.783677476000037],[122.29558353000004,29.779120184000078]]],[[[122.39519290500004,29.833319403000075],[122.35710696700005,29.861721096000053],[122.36207116000003,29.90448639500005],[122.32056725400003,29.937241929000038],[122.33545983200008,29.961330471000053],[122.35914147200003,29.94627513200004],[122.40674889400009,29.95270416900007],[122.39519290500004,29.92206452000005],[122.40805097700002,29.89984772300005],[122.38282311300009,29.86473216400009],[122.39519290500004,29.833319403000075]]],[[[121.93360436300009,29.92133209800005],[121.95997155000009,29.953192450000074],[121.99244225400003,29.908270575000074],[121.94613691500001,29.903957424000055],[121.93360436300009,29.92133209800005]]],[[[121.88965905000009,29.98395416900007],[121.86011803500003,29.97809479400007],[121.82886803500003,29.99750397300005],[121.85303795700008,30.087144273000035],[121.90919030000009,30.044989325000074],[121.88965905000009,29.98395416900007]]],[[[122.32748457100001,30.02448151200008],[122.29363040500004,29.93378327000005],[122.22917728000004,29.978664455000057],[122.09896894600001,30.014471747000073],[122.01050866000003,30.00031159100007],[122.01221764400009,30.03192780200004],[121.97339928500003,30.05996328300006],[121.98080488400001,30.09007396000004],[121.96314537900003,30.142401434000078],[122.08741295700008,30.14752838700008],[122.25611412900003,30.068182684000078],[122.28956139400009,30.067328192000048],[122.32748457100001,30.02448151200008]]],[[[122.27759850400003,30.235541083000044],[122.33187910200002,30.27366771000004],[122.39991295700008,30.274603583000044],[122.41065514400009,30.254706122000073],[122.39584394600001,30.239447333000044],[122.38062584700003,30.263739325000074],[122.34571373800009,30.241929429000038],[122.27759850400003,30.235541083000044]]],[[[122.23194420700008,30.277736721000053],[122.20232181100005,30.241929429000038],[122.13770592500009,30.25462474200009],[122.07357832100001,30.291408596000053],[122.21143639400009,30.346625067000048],[122.23878014400009,30.31313711100006],[122.20386803500003,30.291408596000053],[122.23194420700008,30.277736721000053]]],[[[122.30600019600001,30.423163153000075],[122.27279707100001,30.435980536000045],[122.28711998800009,30.442206122000073],[122.27377363400001,30.45136139500005],[122.28003991000003,30.48261139500005],[122.33741295700008,30.45848216400009],[122.36915123800009,30.476996161000045],[122.37468509200005,30.45734284100007],[122.41098066500001,30.45213450700004],[122.42310631600003,30.414943752000056],[122.34799238400001,30.435980536000045],[122.30600019600001,30.423163153000075]]],[[[122.52475019600001,30.70180898600006],[122.43197675900001,30.69798411700009],[122.42994225400003,30.743068752000056],[122.47291100400003,30.717230536000045],[122.52930748800009,30.720770575000074],[122.52475019600001,30.70180898600006]]],[[[121.85108483200008,31.29393138200004],[121.82341556100005,31.302394924000055],[121.79420006600003,31.368801174000055],[121.85377037900003,31.372992255000042],[121.87794030000009,31.354315497000073],[121.87745201900009,31.319647528000075],[121.85108483200008,31.29393138200004]]],[[[121.76636803500003,31.32062409100007],[121.59880618600005,31.42914459800005],[121.58448326900009,31.441392320000034],[121.61817467500009,31.443793036000045],[121.72559655000009,31.402736721000053],[121.77418053500003,31.359198309000078],[121.78003991000003,31.32518138200004],[121.76636803500003,31.32062409100007]]],[[[121.8513735040001,31.439178905000063],[121.68462982400001,31.506807045000073],[121.57154381600003,31.529364325000074],[121.51745636400005,31.56839191100005],[121.31446373800009,31.655585028000075],[121.28589928500003,31.704046942000048],[121.22451110300005,31.737666620000084],[121.1762876040001,31.784322892000034],[121.181443091,31.79598035300006],[121.21930074500006,31.829472772000088],[121.26406453300001,31.84107679400006],[121.3861331710001,31.811735768000062],[121.6632225950001,31.652351670000087],[121.844075352,31.60794696800008],[121.98008567500005,31.540295811000078],[121.97785060400008,31.477771002000054],[121.8513735040001,31.439178905000063]]],[[[123.16065514400009,39.02924225500004],[123.14812259200005,39.056341864000046],[123.16472415500004,39.066392320000034],[123.14356530000009,39.08087799700007],[123.18067467500009,39.09194570500006],[123.19556725400003,39.052069403000075],[123.16065514400009,39.02924225500004]]],[[[122.38990319100003,39.19354889500005],[122.40259850400003,39.15912506700005],[122.38892662900003,39.152329820000034],[122.33399498800009,39.14630768400008],[122.32129967500009,39.16596100500004],[122.40259850400003,39.21381256700005],[122.38990319100003,39.19354889500005]]],[[[122.69214928500003,39.20140208500004],[122.69752037900003,39.22125885600008],[122.63599694100003,39.23427969000005],[122.74195397200003,39.23607005400004],[122.72559655000009,39.21002838700008],[122.69214928500003,39.20140208500004]]],[[[122.50505618600005,39.296942450000074],[122.64389082100001,39.278509833000044],[122.68441816500001,39.26219310100004],[122.58619225400003,39.25800202000005],[122.53345787900003,39.27167389500005],[122.50505618600005,39.296942450000074]]],[[[122.97974694100003,39.499335028000075],[122.96436608200008,39.51544830900008],[122.96802819100003,39.541083075000074],[122.98975670700008,39.54950592700004],[123.04004967500009,39.529730536000045],[123.02995853000004,39.507879950000074],[122.97974694100003,39.499335028000075]]]]}},{"type":"Feature","properties":{"name":"Russia"},"geometry":{"type":"MultiPolygon","coordinates":[[[[33.59001712300005,44.49005768400008],[33.517588738000086,44.49054596600007],[33.379649285000085,44.564520575000074],[33.371104363000086,44.58844635600008],[33.57154381600009,44.62055084800005],[33.516286655000044,44.63426341400009],[33.54835045700008,44.69867584800005],[33.516286655000044,44.78510163000004],[33.559580925000034,44.84975820500006],[33.60922285200007,44.87173086100006],[33.61963951900009,44.93146393400008],[33.562510613000086,45.09393952000005],[33.537445509000065,45.11737702000005],[33.396494988000086,45.18976471600007],[33.25961347700007,45.15607330900008],[33.24008222700007,45.17963288000004],[33.17359459700009,45.196600653000075],[33.07862389400009,45.27167389500005],[32.89926191500007,45.35423411700003],[32.728526238000086,45.36107005400004],[32.663096550000034,45.32013580900008],[32.59148196700005,45.32013580900008],[32.51286868600005,45.34056224200003],[32.48161868600005,45.40888092700004],[32.52515709700009,45.45815664300005],[32.643565300000034,45.52167389500005],[32.70484459700009,45.53107330900008],[32.757823113000086,45.56464264500005],[32.82789147200009,45.56240469000005],[32.82699629000007,45.59552643400008],[32.868174675000034,45.630072333000044],[33.176117384000065,45.74310944200005],[33.18100019600007,45.755194403000075],[33.159190300000034,45.76850006700005],[33.16920006600009,45.784409898000035],[33.23015384200005,45.75092194200005],[33.26539147200009,45.75381094000005],[33.48218834700009,45.85447825700004],[33.53012129000007,45.841864325000074],[33.619883660000085,45.88182200700004],[33.658946160000085,45.85932038000004],[33.69166100400008,45.86074453300006],[33.69353274800005,45.914496161000045],[33.77702884200005,45.92963288000004],[33.68246504000007,45.95844147300005],[33.619883660000085,45.95075104400007],[33.646820509000065,45.979722398000035],[33.63200931100005,45.988267320000034],[33.643565300000034,46.014960028000075],[33.627940300000034,46.06781647300005],[33.648448113000086,46.09003327000005],[33.628517493895586,46.12493524180271],[33.660449051382614,46.148184276483164],[33.67027978528387,46.21810560059299],[33.71572629013616,46.1957430352129],[33.84621612577354,46.19570512968795],[34.10524310448568,46.09536134514991],[34.23592338235818,46.09769492128356],[34.33393359166189,46.069692004982016],[34.361936507963435,46.055690546381584],[34.41094161216563,45.98801683131171],[34.464613869534446,45.95534676184354],[34.504284667403454,45.95067960867698],[34.52995400847067,45.981016102011495],[34.64196567457623,45.981016102011495],[34.735308730713314,45.95301318570995],[34.78431383491551,45.89934092834113],[34.78898098718281,45.803664296070394],[34.80998317508346,45.78499568520266],[34.870656160853116,45.7733278036352],[34.95233133452342,45.72198912240003],[35.00189122179862,45.729002575039836],[35.33220462300005,45.37124258000006],[35.48072350400008,45.29779694200005],[35.71599368600005,45.34056224200003],[35.83326256600009,45.47089264500005],[35.85767662900008,45.46942780200004],[35.85401451900009,45.41400788000004],[35.98601321700005,45.36273834800005],[36.02230879000007,45.36810944200005],[36.06885826900009,45.42999909100007],[36.117930535000085,45.457098700000074],[36.25245201900009,45.46149323100008],[36.28402754000007,45.476629950000074],[36.307383660000085,45.460923570000034],[36.298838738000086,45.443019924000055],[36.340505405000044,45.45726146000004],[36.41179446700005,45.43622467700004],[36.490570509000065,45.443019924000055],[36.53296959700009,45.40892161700003],[36.58326256600009,45.427394924000055],[36.61353600400008,45.40888092700004],[36.63835696700005,45.351263739000046],[36.58619225400008,45.33380768400008],[36.50245201900009,45.346869208000044],[36.484385613000086,45.316392320000034],[36.490570509000065,45.292181708000044],[36.43726647200009,45.27204010600008],[36.408864780000044,45.14948151200008],[36.45337975400008,45.07648346600007],[36.367849155000044,45.04877350500004],[36.26775149800005,45.04368724200003],[36.24431399800005,45.010972398000035],[36.13599694100009,45.02142975500004],[36.047862175000034,45.04877350500004],[35.99341881600009,44.99799225500004],[35.847992384000065,44.99241771000004],[35.783213738000086,45.057521877000056],[35.70639082100007,45.09467194200005],[35.590586785000085,45.11985911700003],[35.506195509000065,45.11351146000004],[35.40805097700007,45.062486070000034],[35.40064537900008,45.024644273000035],[35.43539472700007,45.00482819200005],[35.374034050000034,44.99799225500004],[35.36215254000007,44.98655833500004],[35.367198113000086,44.943345445000034],[35.319346550000034,44.970038153000075],[35.25603274800005,44.958685614000046],[35.21509850400008,44.91437409100007],[35.154307488000086,44.90110911700003],[35.080821160000085,44.79376862200007],[35.03760826900009,44.79877350500004],[35.00570722700007,44.835191148000035],[34.95248457100007,44.84153880400004],[34.88990319100009,44.81810130400004],[34.75700931100005,44.82050202000005],[34.46900475400008,44.729803778000075],[34.38021894600007,44.63133372600004],[34.33130944100009,44.54547760600008],[34.27100670700008,44.54547760600008],[34.242930535000085,44.507473049000055],[34.18246504000007,44.49282461100006],[34.147471550000034,44.44989655200004],[34.102549675000034,44.425116278000075],[33.93775475400008,44.38104889500005],[33.85206139400009,44.40151601800005],[33.741221550000034,44.39590078300006],[33.64535566500007,44.425116278000075],[33.59001712300005,44.49005768400008]]],[[[39.985976355436605,43.38898960974838],[39.91032962300005,43.42641836100006],[39.84693444100009,43.50999583500004],[39.71827233200008,43.56777578300006],[39.69076582100007,43.61383698100008],[39.61890709700003,43.644598700000074],[39.45753014400009,43.77090078300006],[39.32935631600009,43.89622630400004],[39.11638431100005,44.023504950000074],[39.01156660200007,44.10028717700004],[38.97828209700003,44.14826080900008],[38.85564212300005,44.18451569200005],[38.75831139400009,44.27362702000005],[38.59506269600007,44.33193594000005],[38.21729576900009,44.38719310100004],[38.177744988000086,44.40599192900004],[38.108083530000044,44.49705638200004],[38.062836134000065,44.52423737200007],[38.05616295700008,44.55898672100005],[37.98454837300005,44.56427643400008],[37.928070509000065,44.60594310100004],[37.936208530000044,44.63426341400009],[37.87484785200007,44.68939850500004],[37.77849368600005,44.729803778000075],[37.82243899800005,44.66815827000005],[37.80005944100009,44.63523997600004],[37.73650149800005,44.63568756700005],[37.631846550000034,44.66901276200008],[37.577159050000034,44.65534088700008],[37.498708530000044,44.668402411000045],[37.371104363000086,44.74787018400008],[37.29249108200008,44.867621161000045],[37.311289910000085,44.89085521000004],[37.30600019600007,44.90965403900009],[37.19190514400009,44.99103424700007],[36.84009850400008,45.109361070000034],[36.70167076900009,45.10382721600007],[36.641368035000085,45.12836334800005],[36.57732181100005,45.19415924700007],[36.72966556100005,45.206284898000035],[36.961680535000085,45.28294505400004],[36.97038821700005,45.30304596600007],[36.947276238000086,45.32021719000005],[36.78882897200009,45.292181708000044],[36.75806725400008,45.35423411700003],[36.775726759000065,45.36481354400007],[36.80250084700009,45.31268952000005],[36.81218509200005,45.34739817900004],[36.84750410200007,45.36733633000006],[36.781586134000065,45.38764069200005],[36.72779381600009,45.37177155200004],[36.66814212300005,45.32636139500005],[36.705088738000086,45.39101797100005],[36.83326256600009,45.443019924000055],[37.139414910000085,45.33551666900007],[37.11378014400009,45.31268952000005],[37.10694420700008,45.27167389500005],[37.06592858200008,45.26146067900004],[37.07837975400008,45.23895905200004],[37.23650149800005,45.25531647300005],[37.25440514400009,45.27692291900007],[37.31918379000007,45.27167389500005],[37.27426191500007,45.294134833000044],[37.17367597700007,45.300116278000075],[37.158946160000085,45.32607656500005],[37.347666863000086,45.32770416900007],[37.38135826900009,45.30646393400008],[37.51929772200009,45.36928945500006],[37.50473066500007,45.33380768400008],[37.54265384200005,45.34739817900004],[37.60084069100009,45.331366278000075],[37.60792076900009,45.31268952000005],[37.566742384000065,45.29962799700007],[37.59107506600009,45.28937409100007],[37.635101759000065,45.33380768400008],[37.65162194100009,45.31268952000005],[37.729258660000085,45.301662502000056],[37.738291863000086,45.31069570500006],[37.699880405000044,45.339178778000075],[37.75806725400008,45.402044989000046],[37.71705162900008,45.38898346600007],[37.72348066500007,45.41461823100008],[37.70289147200009,45.45726146000004],[37.74439537900008,45.450425523000035],[37.68604576900009,45.484035549000055],[37.69971764400009,45.56281159100007],[37.649424675000034,45.58494700700004],[37.635101759000065,45.60809967700004],[37.62330162900008,45.58588288000004],[37.662445509000065,45.56655508000006],[37.635101759000065,45.55288320500006],[37.655039910000085,45.50820547100005],[37.64193769600007,45.50446198100008],[37.64079837300005,45.455959377000056],[37.619151238000086,45.418402411000045],[37.586273634000065,45.43244049700007],[37.59506269600007,45.63532135600008],[37.62647545700008,45.66828034100007],[37.63111412900008,45.64899323100008],[37.61459394600007,45.642279364000046],[37.670909050000034,45.60968659100007],[37.682302280000044,45.62799713700008],[37.70289147200009,45.62177155200004],[37.66684004000007,45.66901276200008],[37.82943769600007,45.753159898000035],[37.940114780000044,46.02033112200007],[38.037852410000085,46.05654531500005],[38.09750410200007,46.057806708000044],[38.03248131600009,46.02521393400008],[38.07398522200009,46.02521393400008],[38.04184004000007,45.96108633000006],[38.08033287900008,45.94635651200008],[38.073008660000085,45.90875885600008],[38.00123131600009,45.83258698100008],[38.03956139400009,45.816066799000055],[38.06031334700009,45.826605536000045],[38.049815300000034,45.85488515800006],[38.162771030000044,46.06000397300005],[38.16749108200008,46.12051015800006],[38.248789910000085,46.14154694200005],[38.42741946700005,46.038275458000044],[38.55990644600007,46.03266022300005],[38.57081139400009,46.104681708000044],[38.30005944100009,46.21865469000005],[38.27125084700009,46.27415599200003],[38.12289472700007,46.37750885600008],[38.06788170700008,46.40143463700008],[37.98064212300005,46.40033600500004],[37.97779381600009,46.382147528000075],[38.01872806100005,46.368475653000075],[37.99537194100009,46.35443756700005],[37.905039910000085,46.411037502000056],[37.82732181100005,46.47650788000004],[37.75513756600009,46.64594147300005],[37.73072350400008,46.67011139500005],[37.852224155000044,46.62250397300005],[37.98226972700007,46.61749909100007],[38.03679446700005,46.62946198100008],[38.12330162900008,46.68646881700005],[38.213877800000034,46.696193752000056],[38.27173912900008,46.73236725500004],[38.31364993600005,46.67633698100008],[38.46225019600007,46.64695872600004],[38.57545006600009,46.65379466400009],[38.59815514400009,46.67792389500005],[38.58578535200007,46.69586823100008],[38.51343834700003,46.732489325000074],[38.42798912900008,46.74485911700003],[38.389333530000044,46.73159414300005],[38.37818444100009,46.70815664300005],[38.368174675000034,46.75543854400007],[38.403005405000044,46.77997467700004],[38.414724155000044,46.833319403000075],[38.474619988000086,46.86188385600008],[38.553070509000065,46.84829336100006],[38.803721550000034,46.89354075700004],[38.86573326900009,46.94293854400007],[38.93734785200007,46.94745514500005],[39.075205925000034,47.03266022300005],[39.11491946700005,47.01276276200008],[39.153086785000085,47.02635325700004],[39.280039910000085,47.01276276200008],[39.30355879000007,47.08470286700003],[39.388682488000086,47.11517975500004],[39.32935631600009,47.12836334800005],[39.280039910000085,47.08783600500004],[39.26197350400008,47.10761139500005],[39.27320397200003,47.135646877000056],[39.24919681100005,47.148138739000046],[39.25603274800005,47.18976471600007],[39.281586134000065,47.20526764500005],[39.264008009000065,47.26080963700008],[39.08814537900008,47.286444403000075],[39.01343834700003,47.25446198100008],[38.94459069100009,47.25275299700007],[38.93051191500007,47.22162506700005],[38.93775475400008,47.18976471600007],[38.84742272200003,47.16356028900009],[38.553070509000065,47.135646877000056],[38.56804446700005,47.11517975500004],[38.51742597700007,47.11904531500005],[38.47803795700008,47.14248281500005],[38.55990644600007,47.21820709800005],[38.77564537900008,47.24551015800006],[38.82113691500007,47.27631256700005],[38.81039472700007,47.28782786700003],[38.78288821700005,47.259100653000075],[38.553396030000044,47.229803778000075],[38.42790774800005,47.13353099200003],[38.21664472700007,47.10325755400004],[38.20141971900006,47.13074188300003],[38.203486776000034,47.192314352000054],[38.284722127000066,47.241148580000115],[38.30094852700006,47.276030172000006],[38.275730429000134,47.291817322000085],[38.20100630700006,47.29062876400006],[38.190567668000085,47.3169062300001],[38.257953736000104,47.39323232100004],[38.26033085100005,47.492941997000045],[38.319035278000115,47.59130808500005],[38.35293501800004,47.60709523600006],[38.56222456900008,47.626628927000056],[38.66216678900014,47.68329213500006],[38.734513794000065,47.67714263900008],[38.77099735500008,47.78083140100004],[38.8309420170001,47.84824330600007],[38.8772441000001,47.86123993000011],[39.039094686000055,47.85692494800013],[39.11350874800007,47.82855458600004],[39.319697713000096,47.846021220000054],[39.391631307000125,47.822611796000004],[39.5700183510001,47.83093170200006],[39.700759725000125,47.811527201000004],[39.75905074100007,47.83294708300012],[39.79615441900006,47.96136301700001],[39.75987756300009,48.01495147800007],[39.84297326600006,48.036397197],[39.82902063000006,48.07678232900007],[39.8430766190001,48.11975128200005],[39.89371952300007,48.182977397000016],[39.97764204900005,48.23545481400008],[39.99324833200012,48.27323028600004],[39.957384888000036,48.29338409500012],[39.88483117700014,48.27899220800002],[39.81589481600008,48.308163554000046],[39.92410526600008,48.37611806299999],[39.844730266000056,48.48350168900008],[39.842146444000036,48.4990562950001],[39.869534953000084,48.509908346000046],[39.83532515500008,48.57347035800002],[39.690114379000136,48.593675842000025],[39.631720011000084,48.58690623000008],[39.70293013500009,48.74658640500006],[39.77941125500007,48.807719625000075],[39.82416304600014,48.81562612000003],[39.97526493300012,48.789684550000075],[40.03872359300004,48.82999216800003],[40.053813110000135,48.869214580000076],[40.00885461400014,48.88781809500004],[39.95035689300005,48.852781474000025],[39.90818892400006,48.878412984000065],[39.75874068200005,48.8954145310001],[39.67399133300006,48.9701386520001],[39.68112268100009,49.02031646800005],[39.91873091600007,49.04780833000011],[39.95211389200011,49.12454783200006],[40.14166304500014,49.24578074099999],[40.1595430910001,49.33357900000006],[40.06197798700009,49.42582143200009],[40.034899536000125,49.48705800400005],[40.054329875000064,49.51976918600003],[40.126056763000065,49.55909495100012],[40.13070764200006,49.57981720100004],[39.99810591600004,49.60823923800008],[39.88937870300009,49.553255513000025],[39.80152876800008,49.54219675700004],[39.62293501800008,49.61345855800009],[39.557512655000096,49.72399444600002],[39.44361779800005,49.749522603000074],[39.32765588400014,49.72631988500005],[39.26088993400003,49.74450999],[39.182755168000085,49.85850819900007],[39.15578007000005,49.873597718000084],[39.11712609800014,49.86439931300008],[39.04911991400007,49.81055247000005],[38.9373954670001,49.80347279900012],[38.8522327070001,49.865794577000045],[38.74784631300008,49.88543162100008],[38.68728153500007,49.913801982000095],[38.66464725700013,49.96516835600006],[38.49752567500008,49.94816680900003],[38.356035604000056,49.98056793200003],[38.29991499900012,50.06051137300007],[38.17392785600009,50.060149638000055],[38.16617639200007,49.940570374000075],[38.119047486000056,49.91917633100006],[38.06654423000009,49.92723785400004],[38.00039839700014,49.89979766900008],[37.91585575400006,50.0033055630001],[37.72765018700011,50.078701476999996],[37.597115519000056,50.196937154000025],[37.59918257600009,50.29088490800005],[37.48001672400005,50.340029195000014],[37.4352649330001,50.424933573000075],[37.41521447800005,50.431858216000066],[37.28519657400011,50.41527008100006],[37.197036580000145,50.36240509100007],[37.05172245200009,50.33532664000002],[36.914056437000056,50.33909902000006],[36.848634074000074,50.32369944300008],[36.68264937300006,50.26065419600003],[36.63583052600006,50.214042054000075],[36.5943860270001,50.20443023700007],[36.534648072000095,50.219933167000065],[36.53640507000006,50.26752716100002],[36.41000451600013,50.30457916300007],[36.315850057000034,50.274865214],[36.269031209000104,50.28137644500008],[36.16929569500007,50.38369578100007],[36.10583703600008,50.42110951800005],[35.837429646000146,50.42322825100011],[35.73769413300005,50.38157704700008],[35.696869751000065,50.345145162000094],[35.611396932000105,50.35170806900008],[35.57015913900011,50.37646108000011],[35.54080692500014,50.45004832000011],[35.446445760000074,50.476041565000074],[35.42525842300006,50.50048451800011],[35.37771610500005,50.62182078100007],[35.39156538900011,50.64636708700003],[35.4688733320001,50.66853627500005],[35.445412231000034,50.68750152700001],[35.438487590000136,50.76238067600006],[35.37905969200011,50.79721059200004],[35.37771610500005,50.83374583000004],[35.341439250000064,50.876482239000055],[35.341749308000146,50.915859680000054],[35.28480188000009,50.9443333950001],[35.27808394400006,50.99265085900002],[35.33255090400007,50.99993723600001],[35.35508182700005,51.025594585000064],[35.30867639200005,51.04732452500009],[35.17256066900006,51.04063242700006],[35.143621867000036,51.05848663400012],[35.07871626800011,51.20762481700005],[34.946114542000146,51.214291077000055],[34.81754357900013,51.174732768000084],[34.67491662600008,51.16767893500007],[34.642773885000054,51.1806238810001],[34.608357381000076,51.234005636000106],[34.51347945100008,51.22956146200001],[34.37178267400009,51.25684661900003],[34.28176232900006,51.22643503900004],[34.18595422400011,51.248914286000044],[34.283622681000054,51.301236674000066],[34.308737427000096,51.33461965000005],[34.30015913900013,51.36839019800003],[34.24734582500008,51.363429260000075],[34.18585087100007,51.394150899000024],[34.186987753000096,51.40831024200007],[34.217063436000046,51.41706939800004],[34.22367801900015,51.51476369200007],[34.15298465900014,51.583984274],[34.14006555200007,51.621191305000096],[34.07950077400011,51.64310211200005],[34.08911258900008,51.66661488900006],[34.37633020000004,51.70860199000005],[34.41415734900011,51.73645558700012],[34.41271040900011,51.77769338000003],[34.385735310000086,51.81766510100009],[34.294578084000136,51.873889059000064],[34.23422001200004,51.87828155600006],[34.22843225100007,51.89926218700005],[34.146163371000114,51.95161041300007],[34.096243937000054,51.95181711900004],[34.101101521000146,51.992512309000105],[34.0625509030001,52.05020904600006],[34.065341431000036,52.15862620100005],[34.02193322800014,52.19790028900009],[33.95775109900012,52.22469451900007],[33.80406538900007,52.35460907000008],[33.687948445000075,52.35582346600002],[33.510078166000085,52.28753306100005],[33.49302494300014,52.3031393430001],[33.499432821000084,52.34099233000008],[33.48051924600014,52.35776133300003],[33.41933435100009,52.33833099400006],[33.358976277000124,52.357554627000084],[33.1828629960001,52.36729563500002],[33.07961348500004,52.305593975000065],[33.03010746300009,52.30360443100004],[32.90897790500014,52.241101787000034],[32.84417566000013,52.26234080000002],[32.72542321800006,52.25208302900002],[32.52843265800004,52.31621348100005],[32.48058028200006,52.30714426700008],[32.3942806390001,52.32680715000002],[32.35355961100004,52.32158783000001],[32.33950362100012,52.28724884100008],[32.366995484000086,52.247199605999995],[32.32823815900008,52.21916514100009],[32.30674076300011,52.141185405],[32.27769860900014,52.10266062500004],[32.233308553000086,52.08085317000008],[32.09559086100006,52.040726421],[31.980559122000102,52.04762522500006],[31.910382528000127,52.029073385000046],[31.892037394000056,52.03617889500005],[31.88206384300014,52.086408386000116],[31.85870609500006,52.09987009700008],[31.76434493000005,52.10056772900005],[31.762587932000088,52.14984120700005],[31.68238610800006,52.2019310510001],[31.69943933100012,52.25146291100005],[31.63143314600012,52.26476959300008],[31.567354370000146,52.31138173400005],[31.602752727000052,52.34091481600005],[31.608075398000096,52.37246327800004],[31.582857300000057,52.402771505000075],[31.58792159000012,52.48261159300007],[31.550559529000054,52.51188629200003],[31.575932658000056,52.524727885000104],[31.55929284700005,52.5405408730001],[31.610762574000034,52.53599334700006],[31.62864261800007,52.54805979500004],[31.579033243000083,52.577825419000035],[31.48064131700005,52.68252187100008],[31.570248250000134,52.725258280999995],[31.560843139000042,52.78706329400008],[31.523946167000133,52.811661276000066],[31.50513594600011,52.848894145000074],[31.387933797000073,52.88798736700001],[31.322614787000134,52.97712921200012],[31.24706384300009,53.01438791900004],[31.319204142000103,53.0763738000001],[31.363697550000097,53.08877614400005],[31.359925171000043,53.133837993],[31.37852868600004,53.182026265000005],[31.416355835000104,53.199983826000064],[31.535935100000074,53.19486785900007],[31.593605997000054,53.21068084800008],[31.738558390000037,53.19254241900005],[31.769719279000128,53.16926218700003],[31.79628096600004,53.11239227300008],[31.930743042000074,53.08833689400005],[32.00991133700006,53.0999640910001],[32.11729496300006,53.08110219300006],[32.201114136000115,53.097561138000046],[32.2156868890001,53.12551808700003],[32.26798343900009,53.124768779000036],[32.35283614100007,53.180450134000054],[32.42363285300007,53.20440216100006],[32.47913334200007,53.27491465300004],[32.45598230000007,53.27778269500003],[32.45484541900004,53.30044281100008],[32.56915368600011,53.29884084100003],[32.595922079000104,53.308271790000006],[32.57995406100014,53.32436899800008],[32.71746504700013,53.33493682900006],[32.704442587000074,53.36640777600009],[32.71953210400005,53.43947825200006],[32.70123864700008,53.462112529000095],[32.646771688000115,53.45797841400007],[32.650285685000085,53.487640687000024],[32.57680179900012,53.486038717],[32.55427087400005,53.51079172800003],[32.42942061400004,53.56158966100013],[32.39908654800013,53.635383606000076],[32.49019209800008,53.67713816300004],[32.44213301600013,53.71393178300012],[32.371801391000076,53.714396871000034],[32.29041101000007,53.760853984000065],[32.08360192900011,53.80963653600013],[31.873175496000044,53.77713206],[31.744656209000084,53.7948570760001],[31.81013024900011,53.882603659000054],[31.837932170000045,53.96213368700005],[31.84651045700008,53.99231272400006],[31.82263594500006,54.053445944000075],[31.77126957200005,54.04853668300002],[31.736749715000144,54.094166972000025],[31.506376180000075,54.143931376000054],[31.32468184400011,54.22924916600003],[31.299153686000068,54.27260569300002],[31.28478763800007,54.347381490000046],[31.248717488000068,54.376785380000015],[31.209029988000054,54.44804718100009],[31.064646037000045,54.4922822060001],[31.16794722500009,54.62157664000004],[31.105160359000138,54.668292135000016],[30.999016967000102,54.671341044000044],[30.98062015800008,54.70565419600008],[30.770607137000127,54.78601104800002],[30.768126668000093,54.82993601500006],[30.826107625000134,54.87747833300007],[30.814842163000037,54.928017884],[30.917368205000116,54.953959452000035],[30.936075073000097,54.973234762000075],[30.906619507000073,55.012560527000076],[30.913234090000117,55.024601135000026],[31.00563155100008,55.022999167000094],[30.970284872000093,55.10144399100001],[30.98403080200012,55.13089955700012],[30.958812703000092,55.14443878200008],[30.959794555000144,55.16257721000004],[30.88651737500004,55.20453847300003],[30.856803426000056,55.25347605400002],[30.79427494300006,55.28551544200003],[30.81122481300008,55.323084209000044],[30.918298380000067,55.387783102000114],[30.91860843900014,55.40762685200009],[30.881298055000116,55.45144846600003],[30.919435262000093,55.492324524000125],[30.899384807000047,55.499145813000084],[30.91974532100005,55.53449249300009],[30.912820679000106,55.57159617200007],[30.88615564000014,55.600483297000025],[30.847656697000104,55.61102528900007],[30.74218509900004,55.59438547800006],[30.693712606000133,55.65215972900005],[30.596354207000104,55.665285543000024],[30.583745158000056,55.679134827000084],[30.587465861000055,55.718305563000015],[30.480702351000048,55.753962301000016],[30.46881677300013,55.793520610000044],[30.270792684000128,55.830650127000055],[30.200254353000048,55.85798695900006],[30.10625492400004,55.82191680900006],[29.98822595200005,55.846799012000034],[29.90781742300004,55.84320750000005],[29.86947351100008,55.8305467740001],[29.805704794000064,55.77145477400005],[29.684161825000047,55.77060211200002],[29.480866740000124,55.68109853200009],[29.35074548300014,55.766054586000095],[29.348161662000052,55.80284820600009],[29.384128459000124,55.87994944300003],[29.44443485500011,55.90692454000008],[29.377410523000094,55.95402760800006],[29.22403487100013,55.978186341000125],[29.145435018000086,56.01203440400003],[29.030765015000014,56.024178366000044],[28.859716024000136,55.97645518000006],[28.833050985000085,55.96097808900005],[28.830880574000105,55.937672018000015],[28.808969767000065,55.934571432000084],[28.70639205000009,55.95984120700005],[28.680605510000078,56.0273823050001],[28.61146244300008,56.088463847000085],[28.389770548000058,56.088567200000014],[28.31091231300013,56.04267852800005],[28.169112182000106,56.125257467],[28.148906697000115,56.142414043000045],[28.217274617000072,56.27072662400012],[28.16714847800006,56.36986785900005],[28.16425459800007,56.43795155900004],[28.093251180000095,56.50159108600003],[28.132215210000084,56.53598175100008],[28.126117391000037,56.54776397700009],[28.01098229900012,56.58755483],[27.981009969000098,56.687006124000035],[27.86546146677324,56.74268748024298],[27.918894897000115,56.805887757000036],[27.913520548000065,56.82015045200011],[27.830838257000096,56.86428212500009],[27.7863965250001,56.87125844300009],[27.6611845300001,56.839270732],[27.62836999500007,56.84415415500003],[27.715134724000052,56.95740305599999],[27.75073978600011,57.04235911100007],[27.745468791000093,57.06799062100005],[27.6822168380001,57.10369903600004],[27.824327027000038,57.15907033300009],[27.84117354300008,57.21121185300005],[27.840295044000072,57.29063852900005],[27.64082401500005,57.38900461800007],[27.511322876000065,57.430397441000096],[27.52816939300004,57.52847930900005],[27.352934611000137,57.52760081000012],[27.32854333500012,57.570569762999995],[27.3366048580001,57.59173126300006],[27.38487064600011,57.606975810000094],[27.377015829000072,57.656714376000096],[27.3914335530001,57.68020131400009],[27.507757202000107,57.71477284700008],[27.502434530000073,57.77254709900008],[27.553852580000125,57.794767965000105],[27.524603719000083,57.80729950000001],[27.700717000000026,57.82484364900007],[27.79931563300002,57.86106882700004],[27.774407593000063,57.89070526200008],[27.664956909000125,57.9184038290001],[27.675188843000086,57.96780649900002],[27.669091024000124,57.991965230000076],[27.63157393400013,58.004160868],[27.630437053000037,58.088290100000066],[27.495354859000116,58.22146026600005],[27.482849161000047,58.26864084900005],[27.494114624000105,58.31954213500008],[27.55488610800012,58.395248109000065],[27.410605509000106,58.75486440000007],[27.47778487100007,58.87542551700004],[27.713326049000074,58.99190419600008],[27.842413778000036,59.16119618800006],[27.890782919000088,59.25803782200008],[27.88230798400008,59.27565948500008],[27.959719279000097,59.30645863900004],[28.076611369000148,59.30527008100002],[28.09686853100007,59.319429423000074],[28.000647014000037,59.333743796000064],[28.15753666200007,59.36402618500007],[28.181824585000044,59.35606801400003],[28.186475464000125,59.37492991100005],[28.137796264000087,59.40035471600005],[28.104826701000036,59.4392153940001],[28.019053582000083,59.481756903000075],[28.072601759000065,59.57802969000005],[28.000173373000052,59.68138255400004],[28.007009311000047,59.758246161000045],[28.086924675000034,59.79938385600008],[28.123871290000068,59.792303778000075],[28.18523196700005,59.75861237200007],[28.223887566000087,59.691107489000046],[28.375254754000082,59.66632721600007],[28.41773522200009,59.70840078300006],[28.42750084700009,59.81342194200005],[28.476084832000083,59.85175202000005],[28.535817905000044,59.85956452000005],[28.718028191000087,59.786810614000046],[28.766774936000047,59.79954661700003],[28.83253014400009,59.78652578300006],[28.883799675000034,59.81659577000005],[28.97632897200009,59.831284898000035],[29.034434441000087,59.886704820000034],[28.98023522200009,59.92987702000005],[29.014414910000085,59.92987702000005],[29.089366082000083,59.97992584800005],[29.161387566000087,60.00263092700004],[29.804209832000083,59.94009023600006],[29.862803582000083,59.917954820000034],[30.161957227000073,59.868475653000075],[30.216319207000083,59.90721263200004],[30.22429446700005,59.933254299000055],[30.20679772200009,59.94354889500005],[30.246104363000086,59.97492096600007],[30.209971550000034,60.00112539300005],[30.000824415000068,60.01194896000004],[29.948252800000034,60.02968984600005],[29.932383660000085,60.066473700000074],[29.890879754000082,60.101223049000055],[29.899668816000087,60.13361237200007],[29.84896894600007,60.16693756700005],[29.701019727000073,60.200506903000075],[29.525401238000086,60.200873114000046],[29.417897983000046,60.168850002000056],[29.052012566000087,60.18427155200004],[28.986501498000052,60.217230536000045],[28.92237389400009,60.27985260600008],[28.860199415000068,60.295355536000045],[28.799489780000044,60.368841864000046],[28.787852410000085,60.34137604400007],[28.746348504000082,60.34210846600007],[28.61695397200009,60.38198476800005],[28.438975457000083,60.559881903000075],[28.507334832000083,60.559881903000075],[28.543793165000068,60.51040273600006],[28.683604363000086,60.45587799700007],[28.70281009200005,60.46116771000004],[28.699066602000073,60.49982330900008],[28.661387566000087,60.53461334800005],[28.66382897200009,60.614447333000044],[28.685394727000073,60.61513906500005],[28.644541863000086,60.66974518400008],[28.654633009000065,60.68187083500004],[28.712738477000073,60.66974518400008],[28.734548373000052,60.69281647300005],[28.721934441000087,60.72117747600004],[28.690440300000034,60.73847077000005],[28.57390384200005,60.68268463700008],[28.400563998000052,60.665269273000035],[28.382985873000052,60.624253648000035],[28.32162519600007,60.62132396000004],[28.34343509200005,60.59406159100007],[28.28646894600007,60.59833405200004],[28.215830925000034,60.54755280200004],[28.158457879000082,60.55304596600007],[28.137380405000044,60.533189195000034],[28.034434441000087,60.52578359600005],[27.900401238000086,60.52846914300005],[27.870941602000073,60.54047272300005],[27.86304772200009,60.56732819200005],[27.816416863000086,60.528225002000056],[27.794118686000047,60.533189195000034],[27.807871941000087,60.55304596600007],[28.14813155100009,60.757713725000045],[28.243939657000027,60.791587626000066],[28.33592370600013,60.85938710500007],[28.48092777500011,60.933465271],[28.614563029000124,60.96193898500006],[28.797600952000067,61.096840312],[29.20315759300007,61.24590098100002],[29.31839603700007,61.33842763300005],[29.46340010600005,61.413823548000025],[29.517040242000064,61.475060120000066],[29.635120891000042,61.51110443200007],[29.77914310700004,61.593114930000056],[29.842240030000085,61.66016510000007],[29.977683960000093,61.728171286000034],[30.33957401500004,61.99166941400004],[30.607206258000133,62.15127207500008],[30.647720581000044,62.19276825000007],[30.92563643300008,62.30211558100008],[30.98062015800008,62.358804627],[31.123350463000065,62.43482065900004],[31.16861901900006,62.476006775000045],[31.243756551000104,62.503343608000066],[31.284064169000146,62.57297760000007],[31.363335815000084,62.65157745400005],[31.44126387500006,62.788700867],[31.56952478000011,62.90592885400004],[31.535831747000145,62.91951975600004],[31.48064131700005,62.98633738299999],[31.262773478000042,63.100593974000034],[31.225669800000105,63.19604034500007],[31.203965698000104,63.212680155],[30.974935750000043,63.28916127600006],[30.82093998200014,63.37566762400006],[30.461065307000126,63.472870993000086],[30.380450073000134,63.532453919000076],[30.24247399900014,63.58180491200007],[30.001145060000056,63.715336813000064],[29.980784546000052,63.74153676400009],[30.201546265000047,63.79264475600006],[30.265573365000137,63.83067860900009],[30.32856693500014,63.895997620000045],[30.552325887000052,64.0217263790001],[30.580489543000112,64.05107859400009],[30.586432332000072,64.08466827500011],[30.532792196000116,64.16254465800007],[30.558475382000097,64.21969879200002],[30.445975790000034,64.25075632700005],[30.321125529000085,64.31767730700004],[30.093129110000064,64.36124054000005],[30.032460978000074,64.39694895500007],[30.07039147900008,64.47187978100003],[29.990499715000055,64.5041775510001],[29.954842977000112,64.568979798],[30.136433960000147,64.6153852340001],[30.1808240150001,64.64277374300006],[30.187800334000087,64.66235911100007],[30.17054040500011,64.68168609600004],[30.10914880300004,64.72008168600006],[30.118863973000146,64.76793406200007],[30.06253666200007,64.78416046200006],[29.780279989000064,64.79558095400007],[29.698321167000074,64.83914418600001],[29.633622274000118,64.90715037100007],[29.588147013000082,64.9914346320001],[29.59837894700013,65.03437774700005],[29.667832072000124,65.0779409800001],[29.820484253000075,65.09365061500007],[29.85019820100007,65.12150421100004],[29.808185262000052,65.13530181900008],[29.839294475000088,65.16690195800005],[29.83319665500005,65.20501332700012],[29.62669763200006,65.2152194210001],[29.580085490000045,65.23539906900008],[29.720128622000118,65.32908844000004],[29.726329793000104,65.49150746700006],[29.838571004000073,65.564888001],[29.70286869300014,65.62938018900003],[30.00300541100006,65.67813690200008],[30.098503459000142,65.65638112400005],[30.113903035000135,65.66550201500003],[30.111732625000116,65.71201080400006],[30.07514571100006,65.82280507500006],[29.95846032700007,65.97388112400002],[29.900169311000127,66.10805898100007],[29.650882202000105,66.28789296500004],[29.56969852700007,66.37817169300008],[29.524481648000062,66.49121388800008],[29.409449910000035,66.56847015400008],[29.322220093000112,66.68006541000001],[29.089159383000094,66.837549337],[29.051538940000057,66.90780344700006],[29.09990808100011,66.99120920800003],[29.42939701400013,67.23277069199999],[29.490685262000056,67.26297556600007],[29.519830770000112,67.29816721600004],[29.91624068200008,67.50812856099999],[29.95990726800005,67.57158721900002],[29.977683960000093,67.66222768100006],[30.00941329000011,67.68584381199999],[29.651192261000062,67.82356150300008],[29.330850057000134,68.07269358300009],[28.69032067900011,68.18317779600001],[28.44744144700013,68.51488881500005],[28.459947144000125,68.54243235300002],[28.716365600000103,68.72795074500003],[28.801476684000107,68.83548940000004],[28.728251180000115,68.86504832000007],[28.444237508000043,68.8658234660001],[28.41312829600011,68.88008616200007],[28.410234415000104,68.89853464800008],[28.833464396000096,68.98447255500012],[28.973662557000097,69.03423695900004],[29.12026859500014,69.04684600900008],[29.240467977000094,69.11505889900009],[29.302272990000063,69.20084177700001],[29.334519084000135,69.27737457300002],[29.376790405000122,69.30161082000008],[29.604270061000136,69.315201722],[29.751392863000035,69.35716298500007],[29.900686075000067,69.35824819000008],[29.967141968000135,69.37349273700003],[30.1234114990001,69.44191233400001],[30.154830770000046,69.50609446200006],[30.22469730600011,69.54082102500008],[30.2201497800001,69.60024892200003],[30.119070679000117,69.63456207300005],[30.230691772000057,69.637300924],[30.5116565350001,69.53632517600006],[30.852979370000128,69.52743682900005],[30.898247925000135,69.54423167000003],[30.92703169700013,69.5783897920001],[30.927703491000045,69.67213083900008],[30.884295288000146,69.70236155200008],[30.877060587000074,69.73760487900005],[30.843987671000093,69.76623362300005],[30.840953890666185,69.80584190246314],[31.214121941000087,69.75600820500006],[31.283457879000082,69.76032135600008],[31.409027540000068,69.71580638200004],[31.401377800000034,69.68768952000005],[31.367930535000085,69.67137278900003],[31.361582879000082,69.65045807500007],[31.296722852000073,69.61261627800008],[31.353851759000065,69.62689850500004],[31.477793816000087,69.69765859600005],[31.810557488000086,69.68773021000004],[31.797618035000085,69.70449453300006],[31.70085696700005,69.73655833500004],[31.728037957000083,69.77024974200003],[31.710948113000086,69.82737864800004],[31.75367272200009,69.85407135600008],[31.84815514400009,69.85285065300008],[32.02906334700009,69.78196849200003],[32.09888756600009,69.79189687700006],[32.091807488000086,69.81561920800004],[31.981293165000068,69.87327708500004],[31.981293165000068,69.90062083500004],[31.913340691000087,69.93618398600006],[31.962412957000083,69.96991608300004],[32.05445397200009,69.96377187700006],[32.26726321700005,69.87628815300008],[32.358083530000044,69.87954336100006],[32.488291863000086,69.85089752800008],[32.52320397200009,69.83234284100007],[32.50359134200005,69.82086823100008],[32.52320397200009,69.80316803600005],[32.62468509200005,69.78278229400007],[32.727305535000085,69.79189687700006],[32.91960696700005,69.78001536700003],[33.04908287900008,69.74005768400008],[33.12029056100005,69.74420807500007],[33.13331139400009,69.72866445500006],[33.10670006600009,69.64891185100004],[33.035817905000044,69.61774323100008],[32.871755405000044,69.58250560100004],[32.43726647200009,69.65009186400005],[32.37061608200008,69.64008209800005],[32.16968834700009,69.65485260600008],[32.15967858200008,69.66771067900004],[32.18018639400009,69.70498281500005],[32.17367597700007,69.72866445500006],[32.147471550000034,69.75141022300005],[32.111664259000065,69.75287506700005],[32.119151238000086,69.70848216400003],[32.101573113000086,69.67397695500006],[31.968272332000083,69.65420156500005],[32.05591881600009,69.63654205900008],[32.06381269600007,69.61945221600007],[32.01612389400009,69.58022695500006],[32.01612389400009,69.56419505400004],[32.13331139400009,69.59821198100008],[32.28825931100005,69.57428620000007],[32.399099155000044,69.58421458500004],[32.43384850400008,69.56419505400004],[32.39210045700008,69.53685130400004],[32.501963738000086,69.51703522300005],[32.48585045700008,69.50348541900007],[32.42017662900008,69.50275299700007],[32.365244988000086,69.46865469000005],[32.19361412900008,69.43451569200005],[32.23804772200009,69.42230866100005],[32.289398634000065,69.43073151200008],[32.42009524800005,69.46458567900004],[32.45460045700008,69.49286530200004],[32.52759850400008,69.48932526200008],[32.53687584700009,69.50958893400008],[32.60377037900008,69.48419830900008],[32.68702233200008,69.50275299700007],[32.89926191500007,69.48224518400008],[32.79249108200008,69.44253164300005],[32.769541863000086,69.41400788000004],[32.89307701900009,69.46181875200006],[33.084971550000034,69.47606028900003],[32.86182701900009,69.36522044500003],[32.803721550000034,69.30414459800005],[32.82349694100009,69.30121491100005],[32.89535566500007,69.31492747600004],[32.953135613000086,69.37750885600008],[32.989268425000034,69.39354075700004],[33.31763756600009,69.45123932500007],[33.362071160000085,69.43451569200005],[33.447927280000044,69.44721100500004],[33.52369225400008,69.42829010600008],[33.50538170700008,69.40355052300004],[33.41382897200009,69.37299225500004],[33.49634850400008,69.37986888200004],[33.375987175000034,69.30756256700005],[33.26124108200008,69.29100169500003],[33.235118035000085,69.27000560100004],[33.44776451900009,69.28839752800008],[33.47592207100007,69.27000560100004],[33.29656009200005,69.22907135600008],[33.40601647200009,69.22968170800004],[33.40642337300005,69.20856354400007],[33.51156660200007,69.22549062700006],[33.54420006600009,69.20856354400007],[33.51189212300005,69.18423086100006],[33.31763756600009,69.11920807500007],[33.060557488000086,69.08331940300008],[33.016368035000085,69.03872304900005],[33.023448113000086,68.95473867400005],[33.06430097700007,69.05776601800005],[33.11264082100007,69.07538483300004],[33.42660566500007,69.10468170800004],[33.455414259000065,69.14105866100005],[33.576182488000086,69.19920482000003],[33.57154381600009,69.30414459800005],[33.62045332100007,69.32770416900007],[33.72396894600007,69.33681875200006],[33.740244988000086,69.32273997600004],[33.72234134200005,69.30414459800005],[33.77906334700009,69.31728750200006],[33.87322024800005,69.31098053600005],[33.85206139400009,69.33893463700008],[34.420583530000044,69.31098053600005],[34.41374759200005,69.29266998900005],[34.44703209700009,69.28367747600004],[34.606211785000085,69.27000560100004],[34.66179446700005,69.24949778900003],[34.98226972700007,69.22907135600008],[34.95557701900009,69.19489166900007],[34.972666863000086,69.19334544500003],[35.03077233200008,69.22215403900003],[35.08716881600009,69.22597890800006],[35.140635613000086,69.21539948100008],[35.14405358200008,69.19147370000007],[35.16920006600009,69.18105703300006],[35.26417076900009,69.21539948100008],[35.24691816500007,69.23639557500007],[35.147471550000034,69.27000560100004],[35.182627800000034,69.27993398600006],[35.33033287900008,69.27606842700004],[35.87354576900009,69.19489166900007],[35.99529056100005,69.16681549700007],[36.054698113000086,69.12807851800005],[36.24952233200008,69.11098867400005],[36.27361087300005,69.09845612200007],[36.264659050000034,69.07819245000007],[36.31234785200007,69.05776601800005],[36.517914259000065,69.02977122600004],[36.72877037900008,68.97968170800004],[36.764333530000044,68.95473867400005],[36.84205162900008,68.94525788000004],[37.043711785000085,68.87445709800005],[37.209971550000034,68.84544505400004],[37.24268639400009,68.80857982000003],[37.35523522200009,68.79022858300004],[37.453868035000085,68.74457428600005],[37.68051191500007,68.71344635600008],[37.946299675000034,68.60081614800004],[38.03988691500007,68.54376862200007],[38.06657962300005,68.50967031500005],[38.176442905000044,68.49542877800008],[38.21705162900008,68.46124909100007],[38.32984459700009,68.44220612200007],[38.391286655000044,68.39948151200008],[38.388682488000086,68.34316640800006],[38.42351321700005,68.33771393400008],[38.44361412900008,68.35883209800005],[38.76539147200003,68.29059479400007],[38.510101759000065,68.36546458500004],[38.53663170700008,68.37791575700004],[38.588633660000085,68.35993073100008],[38.615244988000086,68.36505768400008],[38.59791100400008,68.38198476800005],[38.63917076900009,68.38495514500005],[38.793630405000044,68.32868073100008],[38.92562910200007,68.31110260600008],[38.951833530000044,68.28705475500004],[38.93051191500007,68.27692291900007],[38.953868035000085,68.26630280200004],[39.35873457100007,68.14964427300004],[39.52076256600009,68.07599518400008],[39.85954837300005,68.04661692900004],[39.79476972700007,68.11835358300004],[39.70980879000007,68.16876862200007],[39.79322350400008,68.16474030200004],[39.912852410000085,68.12287018400008],[39.94459069100009,68.06732819200005],[40.00440514400009,68.01984284100007],[40.05811608200008,68.01007721600007],[40.14861087300005,67.95795319200005],[40.30355879000007,67.90192291900007],[40.35206139400009,67.90631745000007],[40.41065514400009,67.87506745000007],[40.40357506600009,67.85293203300006],[40.32154381600009,67.84491608300004],[40.466807488000086,67.76117584800005],[40.53834069100009,67.75470612200007],[40.56788170700008,67.78286367400005],[40.564463738000086,67.80703359600005],[40.654633009000065,67.81460195500006],[40.68409264400009,67.78119538000004],[40.80062910200007,67.72821686400005],[40.92318769600007,67.73452383000006],[40.965830925000034,67.72508372600004],[41.03988691500007,67.67780182500007],[41.05225670700008,67.61912669500003],[40.98943118600005,67.56370677300004],[41.01351972700007,67.53579336100006],[40.99927819100009,67.46747467700004],[41.08725019600007,67.45990631700005],[41.15007571700005,67.42348867400005],[41.13298587300005,67.30914948100008],[41.10889733200008,67.25381094000005],[41.242849155000044,67.21344635600008],[41.30779056100005,67.23476797100005],[41.33969160200007,67.22382233300004],[41.36304772200003,67.20376211100006],[41.33570397200003,67.15965403900003],[41.39039147200003,67.12490469000005],[41.342539910000085,67.08734772300005],[41.360036655000044,67.01361725500004],[41.26734459700003,66.98834870000007],[41.304698113000086,66.94989655200004],[41.178070509000065,66.80955638200004],[40.74496504000007,66.59735748900005],[40.705088738000086,66.52846914300005],[40.60206139400009,66.49652741100005],[40.56560306100005,66.45575592700004],[40.444346550000034,66.40550364800004],[40.308604363000086,66.38198476800005],[40.084971550000034,66.28876373900005],[39.70443769600007,66.20693594000005],[39.465179884000065,66.17959219000005],[39.34359785200007,66.13471100500004],[39.06397545700008,66.10390859600005],[38.97217858200008,66.11131419500003],[38.55437259200005,66.05499909100007],[37.92709394600007,66.08877187700006],[37.65552819100009,66.12311432500007],[37.27312259200005,66.23045482000003],[36.887380405000044,66.28522370000007],[36.406260613000086,66.29474518400008],[36.27466881600009,66.32086823100008],[35.770274285000085,66.36115143400008],[35.67107181100005,66.38739655200004],[35.55779056100005,66.38703034100007],[35.38062584700009,66.41787344000005],[35.31421959700009,66.45693594000005],[35.18148847700007,66.48126862200007],[34.887705925000034,66.59975820500006],[34.80355879000007,66.61351146000004],[34.56470787900008,66.54271067900004],[34.48015384200005,66.53758372600004],[34.434336785000085,66.54726797100005],[34.35596764400009,66.62978750200006],[34.393321160000085,66.64573802300004],[34.50318444100009,66.63825104400007],[34.52165774800005,66.65717194200005],[34.47022545700008,66.64606354400007],[34.174815300000034,66.68671295800004],[34.129649285000085,66.66852448100008],[34.09229576900009,66.67243073100008],[34.161143425000034,66.73509349200003],[34.141368035000085,66.77383047100005],[34.069021030000044,66.70184967700004],[33.947276238000086,66.68488190300008],[33.88624108200008,66.71401601800005],[33.869802280000044,66.71503327000005],[33.85889733200008,66.69354889500005],[33.832692905000044,66.69554271000004],[33.76384524800005,66.76654694200005],[33.66960696700005,66.80548737200007],[33.64177493600005,66.80101146000004],[33.59205162900008,66.83071523600006],[33.60564212300005,66.78974030200004],[33.52369225400008,66.83071523600006],[33.519541863000086,66.80219147300005],[33.62614993600005,66.74811432500007],[33.52369225400008,66.78229401200008],[33.57154381600009,66.74192942900004],[33.488942905000044,66.76862213700008],[33.55787194100009,66.72768789300005],[33.51710045700008,66.72418854400007],[33.100596550000034,66.85814036700003],[32.84327233200008,66.97626373900005],[32.80486087300005,67.01032135600008],[32.80225670700008,67.04905833500004],[32.817393425000034,67.06342194200005],[32.968760613000086,67.09076569200005],[32.92994225400008,67.10000234600005],[32.772227410000085,67.09300364800004],[32.635508660000085,67.13287995000007],[32.45443769600007,67.13495514500005],[32.38257897200009,67.15965403900003],[32.07406660200007,67.14158763200004],[31.910492384000065,67.16828034100007],[31.85092207100007,67.15281810100004],[31.926605665000068,67.15281810100004],[31.912933790000068,67.12490469000005],[32.26197350400008,67.12498607000003],[32.358083530000044,67.07025788000004],[32.289805535000085,67.07770416900007],[32.31413821700005,67.06024811400005],[32.418630405000044,67.05438873900005],[32.50326582100007,67.03046295800004],[32.549815300000034,67.00006745000007],[32.551524285000085,66.97650788000004],[32.50668379000007,66.94891998900005],[32.39210045700008,66.95355866100005],[32.49586022200009,66.93309153900003],[32.475352410000085,66.92694733300004],[32.47828209700009,66.90997955900008],[32.42017662900008,66.88593170800004],[32.54542076900009,66.88300202000005],[32.67603600400008,66.82835521000004],[32.66651451900009,66.80955638200004],[32.890961134000065,66.78156159100007],[32.93474368600005,66.74192942900004],[32.769541863000086,66.74192942900004],[32.974619988000086,66.69110748900005],[33.18344160200007,66.69245026200008],[33.32447350400008,66.64573802300004],[33.31861412900008,66.62933991100005],[33.12077884200005,66.65021393400008],[33.06617272200009,66.59772370000007],[32.865244988000086,66.59796784100007],[32.901377800000034,66.57477448100008],[33.10531660200007,66.57684967700004],[33.091807488000086,66.58429596600007],[33.10572350400008,66.59442780200004],[33.20630944100009,66.59886302300004],[33.219737175000034,66.61611562700006],[33.25961347700007,66.61839427300004],[33.422862175000034,66.59223053600005],[33.46892337300005,66.55565013200004],[33.53679446700005,66.53587474200003],[33.49919681100005,66.52285390800006],[33.19271894600007,66.57880280200004],[33.153086785000085,66.57001373900005],[33.18726647200009,66.55634186400005],[33.073252800000034,66.55687083500004],[32.94092858200008,66.52846914300005],[33.046885613000086,66.50604889500005],[33.22868899800005,66.53286367400005],[33.29712975400008,66.51878489800004],[33.30746504000007,66.49799225500004],[33.35482832100007,66.48021067900004],[33.50863691500007,66.46381256700005],[33.602224155000044,66.50165436400005],[33.63363691500007,66.47406647300005],[33.58521569100009,66.46015045800004],[33.70460045700008,66.44383372600004],[33.735362175000034,66.42601146000004],[33.516286655000044,66.40550364800004],[33.643239780000044,66.37824127800008],[33.674571160000085,66.35712311400005],[33.62907962300005,66.34430573100008],[33.38843834700009,66.34438711100006],[33.31080162900008,66.31679922100005],[33.59880618600005,66.33038971600007],[33.639008009000065,66.31443919500003],[33.619883660000085,66.30931224200003],[33.871104363000086,66.26666901200008],[33.89966881600009,66.22890859600005],[33.97234134200005,66.25104401200008],[34.10279381600009,66.24689362200007],[34.16732832100007,66.22117747600004],[34.14926191500007,66.19700755400004],[34.16138756600009,66.18549225500004],[34.32992597700007,66.16461823100008],[34.55298912900008,66.09369538000004],[34.57016035200007,66.06806061400005],[34.72291100400008,65.98777903900003],[34.660899285000085,65.95302969000005],[34.71607506600009,65.93256256700005],[34.69507897200009,65.90949127800008],[34.77759850400008,65.91958242400005],[34.85238691500007,65.90033600500004],[34.866221550000034,65.87791575700004],[34.82536868600005,65.84320709800005],[34.838552280000044,65.82811107000003],[34.89966881600009,65.82371653900003],[34.87061608200008,65.77448151200008],[34.96859785200007,65.72772858300004],[34.92530358200008,65.70184967700004],[34.900401238000086,65.70600006700005],[34.68873131600009,65.80971914300005],[34.68873131600009,65.72772858300004],[34.75700931100005,65.71344635600008],[34.69499759200005,65.68618398600006],[34.73991946700005,65.66193268400008],[34.77662194100009,65.59658437700006],[34.73658287900008,65.58315664300005],[34.74008222700007,65.54364655200004],[34.633474155000044,65.48749420800004],[34.668711785000085,65.47939687700006],[34.68189537900008,65.45335521000004],[34.51091556100005,65.45551178600005],[34.492198113000086,65.44114817900004],[34.51059004000007,65.41181061400005],[34.365977410000085,65.41864655200004],[34.393321160000085,65.39813873900005],[34.29704837300005,65.38507721600007],[34.462901238000086,65.36440664300005],[34.47803795700008,65.34906647300005],[34.461599155000044,65.31622955900008],[34.47974694100009,65.28107330900008],[34.64031009200005,65.24115631700005],[34.606211785000085,65.22687409100007],[34.647227410000085,65.22426992400005],[34.68189537900008,65.20014069200005],[34.681976759000065,65.18252187700006],[34.62671959700009,65.17218659100007],[34.674571160000085,65.15176015800006],[34.663096550000034,65.12677643400008],[34.77369225400008,65.10024648600006],[34.746755405000044,65.06574127800008],[34.75440514400009,65.05487702000005],[34.81609134200005,65.04340241100005],[34.79859459700009,65.02142975500004],[34.70240319100009,64.98041413000004],[34.778330925000034,64.96678294500003],[34.84131920700008,64.91860586100006],[34.87281334700009,64.91754791900007],[34.89210045700008,64.87490469000005],[34.942067905000044,64.85757070500006],[34.87240644600007,64.80231354400007],[34.75700931100005,64.77435944200005],[34.81202233200008,64.75385163000004],[34.975303663000034,64.77050089300008],[35.00903061300005,64.74318441700007],[34.85484638400004,64.71440216500008],[34.83228600400008,64.69794342700004],[34.912848143000076,64.66242927800005],[34.97759177800009,64.61191658300004],[34.846557920000066,64.55991731400007],[34.74333743600005,64.55585358300004],[34.927744988000086,64.52456289300005],[35.00896401600005,64.49390627700006],[34.99738600000006,64.47190879200008],[34.95557701900009,64.45221588700008],[35.01398886100009,64.42332144700003],[35.16146894600007,64.38027578300006],[35.307302280000044,64.37221914300005],[35.32154381600009,64.36188385600008],[35.305674675000034,64.34296295800004],[35.34875211700006,64.29607325700005],[35.41050382700007,64.28675532000005],[35.58906984200007,64.32231260500004],[35.618157772000075,64.34042868100005],[35.56568444100009,64.40631745000007],[35.58253014400009,64.41128164300005],[35.63864684100008,64.38366394200006],[35.81080162900008,64.34202708500004],[35.894867384000065,64.29584381700005],[35.88786868600005,64.26788971600007],[35.94939212300005,64.23993561400005],[35.97673587300005,64.19896067900004],[36.00603274800005,64.19326406500005],[36.05978965700007,64.21813277100006],[36.22721056100005,64.13620551600008],[36.23525015800004,64.12482335300007],[36.209971550000034,64.10342031500005],[36.22213885600007,64.07529878200006],[36.28443444100009,64.04621002800008],[36.264659050000034,64.02423737200007],[36.29216556100005,64.00971100500004],[36.42009524800005,63.99567291900007],[36.47982832100007,63.97247955900008],[36.578461134000065,63.96893952000005],[36.703461134000065,63.92462799700007],[36.79224694100009,63.93829987200007],[36.857432488000086,63.91095612200007],[36.936289910000085,63.932074286000045],[37.01140384200005,63.897365627000056],[37.19418379000007,63.89081452000005],[37.27898196700005,63.82221100500004],[37.43781056700004,63.792280503000086],[37.608423075000076,63.815586401000076],[37.614345513000046,63.88116880200005],[37.65739108200006,63.89863689800006],[37.82855741600008,63.90199125700008],[37.98462975400008,63.945746161000045],[38.07374108200008,64.01740143400008],[38.08578535200007,64.05902741100005],[38.045664910000085,64.14834219000005],[37.90202884200005,64.23993561400005],[37.92302493600005,64.25775788000004],[38.00538170700008,64.27537669500003],[38.02621504000007,64.29523346600007],[38.020192905000044,64.30853913000004],[37.908864780000044,64.34296295800004],[37.95671634200005,64.36408112200007],[37.83252523200008,64.35833357100006],[37.79684480700007,64.37717998400007],[37.80648847700007,64.42487213700008],[37.74902673100007,64.44171393000005],[37.687060838000036,64.43086712600007],[37.629893425000034,64.37702057500007],[37.47315514400009,64.38182200700004],[37.33943429000004,64.34044200100004],[37.12150062400008,64.39473999100005],[36.83463351600005,64.59301707700007],[36.74411637800006,64.68104600300006],[36.644103836000056,64.71894324500005],[36.559760947000086,64.71742272300008],[36.516461863000075,64.76902649300007],[36.528086785000085,64.79173411700003],[36.504242384000065,64.83584219000005],[36.57252037900008,64.82957591400003],[36.494858015000034,64.85103248300004],[36.43995201900009,64.91705963700008],[36.46603292000009,64.93412790800005],[36.53719027900007,64.92813325100008],[36.568603652000036,64.90245182100006],[36.631017159000066,64.90416255500008],[36.65494611100007,64.92782613000008],[36.80744425600005,64.95905229700008],[36.80274566300005,64.99356925600006],[36.86736087300005,65.07599518400008],[36.86378014400009,65.11310455900008],[36.817926121000085,65.13133727300004],[36.820001697000066,65.14714128400004],[37.00767705800007,65.17297682600008],[37.21738823600003,65.14022134300006],[37.56509982100005,65.04801204800003],[37.67266027900007,65.03566296800005],[37.70597163200006,65.01738203100007],[37.718316694000066,64.95880198000003],[37.794594757000084,64.92061488500008],[38.04643424600005,64.85367156900008],[38.385021487000074,64.84462671200004],[38.368174675000034,64.80914948100008],[38.403005405000044,64.77435944200005],[38.29411868600005,64.80394114800004],[38.24463951900009,64.78119538000004],[38.06657962300005,64.78119538000004],[38.03630618600005,64.76190827000005],[38.04542076900009,64.74371979400007],[38.125743035000085,64.69594961100006],[38.03988691500007,64.65827057500007],[38.04810631600009,64.64594147300005],[38.162771030000044,64.67194245000007],[38.18637129000007,64.72321198100008],[38.27466881600009,64.73232656500005],[38.33904056100005,64.75836823100008],[38.47250410200007,64.74347565300008],[38.49170983200008,64.76752350500004],[38.416026238000086,64.80231354400007],[38.418711785000085,64.81854889500005],[38.44803087100007,64.81787810400004],[38.51169218300004,64.78774888700008],[38.92220204500006,64.73274181800008],[39.14215951300008,64.66222228600003],[39.330821160000085,64.63971588700008],[39.34174714300008,64.62254143200005],[39.56652431700007,64.54526799300004],[39.73609459700003,64.55548737200007],[39.759776238000086,64.56207916900007],[39.746836785000085,64.57615794500003],[39.76677493600005,64.58136627800008],[39.92359459700003,64.60301341400003],[39.90284264400009,64.62441640800006],[39.78638756600009,64.59686920800004],[39.80990644600007,64.65932851800005],[39.850352410000085,64.67597077000005],[40.06275475400008,64.62189362200007],[40.181651238000086,64.55866120000007],[40.35906009200005,64.56207916900007],[40.51710045700008,64.54144928600005],[40.533213738000086,64.55898672100005],[40.52849368600005,64.57794830900008],[40.47242272200003,64.63641998900005],[40.410899285000085,64.73680247600004],[40.414805535000085,64.75511302300004],[40.45142662900008,64.76813385600008],[40.520192905000044,64.75385163000004],[40.51734459700003,64.77411530200004],[40.43685957100007,64.80914948100008],[40.365896030000044,64.93878815300008],[40.29737389400009,64.98354726800005],[40.27312259200005,65.02142975500004],[40.114024285000085,65.07469310100004],[39.87224368600005,65.27692291900007],[39.740896030000044,65.35651276200008],[39.71208743600005,65.40184153900003],[39.70948326900009,65.44769928600005],[39.74927819100009,65.55206940300008],[39.826914910000085,65.60700104400007],[40.27979576900009,65.72996653900003],[40.471690300000034,65.81281159100007],[40.71013431100005,65.97231679900005],[41.342539910000085,66.06289297100005],[41.55486087300005,66.15228913000004],[41.643565300000034,66.17275625200006],[41.64275149800005,66.18891022300005],[41.85759524800005,66.29633209800005],[42.02084394600007,66.41233958500004],[42.119883660000085,66.50482819200005],[42.20093834700003,66.53217194200005],[42.365244988000086,66.51121653900003],[42.66146894600007,66.44334544500003],[42.66000410200007,66.42572663000004],[42.54859459700003,66.38507721600007],[43.25220787900008,66.43675364800004],[43.30209394600007,66.42601146000004],[43.367198113000086,66.34715403900003],[43.40609785200007,66.33218008000006],[43.555349155000044,66.32363515800006],[43.65479576900009,66.28485748900005],[43.69263756600009,66.23720937700006],[43.66537519600007,66.21767812700006],[43.46705162900008,66.17011139500005],[43.389414910000085,66.11737702000005],[43.28834069100009,66.09023672100005],[43.335948113000086,66.06720612200007],[43.35279381600009,66.04148997600004],[43.45085696700005,66.03705475500004],[43.51490319100009,65.97418854400007],[43.52588951900009,66.01854075700004],[43.500987175000034,66.05267975500004],[43.38233483200008,66.07192617400005],[43.47982832100007,66.13117096600007],[43.63599694100009,66.15184153900003],[43.71461022200003,66.18618398600006],[43.83643639400009,66.18577708500004],[44.045664910000085,66.08104075700004],[44.04932701900009,66.05609772300005],[44.02784264400009,66.02944570500006],[44.04053795700008,65.99359772300005],[44.179698113000086,65.86432526200008],[44.19076582100007,65.90493398600006],[44.12452233200008,65.98777903900003],[44.158539259000065,66.08681875200006],[44.08350670700008,66.15851471600007],[44.07935631600009,66.20669179900005],[44.096364780000044,66.26194896000004],[44.15170332100007,66.35712311400005],[44.21021569100009,66.40241120000007],[44.23609459700003,66.44708893400008],[44.36019941500007,66.50824616100005],[44.39478600400008,66.62181224200003],[44.430430535000085,66.64386627800008],[44.563243035000085,66.66620514500005],[44.551117384000065,66.67796458500004],[44.48780358200008,66.67617422100005],[44.364024285000085,66.78229401200008],[44.37663821700005,66.80491771000004],[44.46607506600009,66.81972890800006],[44.48755944100009,66.84438711100006],[44.48161868600005,66.89362213700008],[44.52165774800005,66.91941966400003],[44.49927819100009,66.92145416900007],[44.40967858200008,67.01190827000005],[44.30250084700003,67.05597565300008],[44.377696160000085,67.10443756700005],[44.28695722700007,67.08783600500004],[44.09553867500006,67.15866249100003],[43.815329312000074,67.17745252300006],[43.76140384200005,67.22113678600005],[43.76669898200004,67.27768850600006],[43.79303558000004,67.34339405300005],[44.00301503800006,67.57602701500008],[44.04184004000007,67.68040599200003],[44.08350670700008,67.68720123900005],[44.09717858200008,67.66673411700003],[44.144541863000086,67.67942942900004],[44.143321160000085,67.70693594000005],[44.06950931100005,67.71442291900007],[44.13062584700003,67.79218170800004],[44.125010613000086,67.81663646000004],[44.086924675000034,67.84149811400005],[44.08741295700008,67.88507721600007],[44.200205925000034,67.89272695500006],[44.26840254000007,67.92682526200008],[44.12452233200008,67.93427155200004],[44.13803144600007,67.97528717700004],[44.213877800000034,67.98895905200004],[44.13803144600007,67.99510325700004],[44.334727410000085,68.05711497600004],[44.41179446700005,68.06342194200005],[44.30787194100009,68.06586334800005],[44.18083743600005,68.03607819200005],[44.17465254000007,68.08600495000007],[44.24439537900008,68.25568268400008],[44.227549675000034,68.29677969000005],[44.160166863000086,68.33624909100007],[43.32569420700008,68.61367422100005],[43.27367282200004,68.65817627600006],[43.31715436200005,68.66661157200008],[43.47729280200008,68.66906564400006],[43.98454837300005,68.55133698100008],[44.239024285000085,68.53717682500007],[44.51026451900009,68.55402252800008],[45.30637263600005,68.54529116900005],[45.582137180000075,68.51419846300007],[45.94385826900009,68.44623444200005],[45.97152754000007,68.38922760600008],[46.01579837300005,68.36505768400008],[46.029307488000086,68.32404205900008],[46.276377800000034,68.21426015800006],[46.366221550000034,68.21043528900003],[46.53492272200003,68.13255442900004],[46.46143639400009,68.11180247600004],[46.54021243600005,68.10838450700004],[46.557627800000034,68.01618073100008],[46.63884524800005,67.96841054900005],[46.70264733200008,67.89166901200008],[46.72201582100007,67.84491608300004],[46.698252800000034,67.81647370000007],[46.375432570000044,67.81907548600003],[46.004116906000036,67.76774604400003],[45.35043379000007,67.73041413000004],[45.30990644600007,67.71279531500005],[45.303070509000065,67.69403717700004],[45.346690300000034,67.68500397300005],[45.35092207100007,67.66303131700005],[45.337901238000086,67.61522044500003],[45.31462649800005,67.59210846600007],[45.16586347700007,67.58421458500004],[45.02816816500007,67.53192780200004],[44.918955925000034,67.44086334800005],[44.92725670700008,67.42234935100004],[44.912119988000086,67.37197500200006],[44.95168721600004,67.32071711000003],[45.05504777900006,67.28379749300007],[45.30934918100007,67.21162446400007],[45.50937247500008,67.18588325900004],[45.593893033000086,67.15823975900008],[45.66586347700007,67.06264883000006],[45.78467858200008,66.96800364800004],[45.82447350400008,66.89907461100006],[45.96436608200008,66.86652252800008],[46.02515709700003,66.83340078300006],[46.30103600400008,66.84015534100007],[46.489024285000085,66.87848541900007],[46.578461134000065,66.87287018400008],[46.59791100400008,66.85797760600008],[46.59888756600009,66.83771393400008],[46.533539259000065,66.82697174700007],[46.48129316500007,66.78432851800005],[46.37940514400009,66.74811432500007],[46.40674889400009,66.74616120000007],[46.58334394600007,66.81549713700008],[46.92693118600005,66.84495677300004],[47.40984134200005,66.92926666900007],[47.55876712300005,66.90497467700004],[47.57593834700003,66.89150625200006],[47.57178795700008,66.86420319200005],[47.58139082100007,66.86985911700003],[47.60661868600005,66.89215729400007],[47.59066816500007,66.91937897300005],[47.60661868600005,66.94611237200007],[47.725596550000034,67.00092194200005],[47.74203535200007,67.03070709800005],[47.74976647200003,67.12132396000004],[47.689463738000086,67.19643789300005],[47.787119988000086,67.25153229400007],[47.77035566500007,67.33783600500004],[47.79314212300005,67.36058177300004],[47.90756269600007,67.40232982000003],[47.947927280000044,67.44432200700004],[47.920664910000085,67.48867422100005],[47.82471764400009,67.56028880400004],[47.81462649800005,67.58136627800008],[47.845713738000086,67.60089752800008],[48.05225670700008,67.65192291900007],[48.09937584700003,67.63947174700007],[48.07146243600005,67.59039948100008],[48.09294681100005,67.59223053600005],[48.25570722700007,67.68268463700008],[48.35962975400008,67.68854401200008],[48.48650149800005,67.66429271000004],[48.699961785000085,67.71588776200008],[48.74366295700008,67.70026276200008],[48.70199629000007,67.69403717700004],[48.92497806100005,67.68768952000005],[48.996836785000085,67.66673411700003],[48.96216881600009,67.65314362200007],[48.99431399800005,67.64276764500005],[49.10670006600009,67.63947174700007],[49.04468834700003,67.65314362200007],[49.058929884000065,67.67357005400004],[48.85962975400008,67.73505280200004],[48.77784264400009,67.72736237200007],[48.77084394600007,67.74188873900005],[48.805430535000085,67.77399323100008],[48.793630405000044,67.83124420800004],[48.585948113000086,67.93427155200004],[48.66928144600007,67.93524811400005],[48.842784050000034,67.86505768400008],[48.970713738000086,67.85077545800004],[49.13331139400009,67.86261627800008],[49.654633009000065,67.98102448100008],[49.79460696700005,68.03668854400007],[50.01783287900008,68.09129466400003],[49.982758009000065,68.06142812700006],[49.881521030000044,68.03961823100008],[49.84652754000007,68.01618073100008],[50.00114993600005,68.05805084800005],[50.09888756600009,68.12445709800005],[50.20053144600007,68.16889069200005],[50.43474368600005,68.22052643400008],[50.64177493600005,68.30048248900005],[50.77881920700008,68.37929922100005],[50.89576256600009,68.34198639500005],[51.05884850400008,68.35138580900008],[51.125336134000065,68.37563711100006],[51.33611087300005,68.40143463700008],[51.42310631600009,68.43085358300004],[51.510508660000085,68.42226797100005],[51.56885826900003,68.43585846600007],[51.586924675000034,68.44757721600007],[51.53239993600005,68.45441315300008],[51.560557488000086,68.48305898600006],[51.70297285200007,68.48859284100007],[52.06006920700008,68.54376862200007],[52.17709394600007,68.58242422100005],[52.21705162900008,68.58478424700007],[52.18181399800005,68.54242584800005],[52.059580925000034,68.51561107000003],[52.04623457100007,68.50967031500005],[52.051768425000034,68.49241771000004],[52.066742384000065,68.48236725500004],[52.176524285000085,68.50397370000007],[52.29428144600007,68.49970123900005],[52.36101321700005,68.47492096600007],[52.299571160000085,68.47402578300006],[52.28646894600007,68.46124909100007],[52.29615319100009,68.42401764500005],[52.158864780000044,68.39862702000005],[52.13559004000007,68.37929922100005],[52.24854576900003,68.31769440300008],[52.40202884200005,68.33771393400008],[52.57390384200005,68.40973541900007],[52.67741946700005,68.42316315300008],[52.73129316500007,68.47418854400007],[52.70362389400003,68.50287506700005],[52.567067905000044,68.53701406500005],[52.53467858200008,68.57587311400005],[52.49138431100005,68.59153880400004],[52.498789910000085,68.61953359600005],[52.62387129000007,68.62905508000006],[52.64771569100009,68.64793528900003],[52.63445071700005,68.65851471600007],[52.49545332100007,68.64008209800005],[52.41065514400003,68.58649323100008],[52.27906334700003,68.59780508000006],[52.328461134000065,68.63344961100006],[53.250010613000086,68.87840403900003],[53.43702233200008,68.91815827000005],[53.87859134200005,68.97410716400003],[54.347666863000086,69.01227448100008],[54.561289910000085,68.99970123900005],[54.52898196700005,68.97846100500004],[54.35596764400003,68.95897044500003],[53.59489993600005,68.90692780200004],[53.66553795700008,68.86627838700008],[53.73210696700005,68.86591217700004],[53.69117272200003,68.88580963700008],[53.72803795700008,68.89744700700004],[53.957692905000044,68.87661367400005],[54.02621504000007,68.84544505400004],[53.86500084700003,68.79791901200008],[53.82894941500007,68.76361725500004],[53.83806399800005,68.71328359600005],[53.81771894600007,68.68915436400005],[53.72046959700003,68.65692780200004],[53.75513756600009,68.61041901200008],[53.90447024800005,68.50731028900003],[53.944346550000034,68.40599192900004],[53.93189537900008,68.39101797100005],[53.86304772200003,68.38556549700007],[53.803721550000034,68.34454987200007],[53.65593509200005,68.40753815300008],[53.60889733200008,68.41347890800006],[53.57447350400008,68.39980703300006],[53.63168379000007,68.38568756700005],[53.69117272200003,68.34454987200007],[53.66146894600007,68.33218008000006],[53.440440300000034,68.37250397300005],[53.37549889400003,68.34113190300008],[53.319102410000085,68.34804922100005],[53.21070397200003,68.26935455900008],[53.32740319100009,68.24213288000004],[53.47152754000007,68.26032135600008],[53.80844160200007,68.25067780200004],[53.87517337300005,68.22406647300005],[53.992523634000065,68.22138092700004],[54.08838951900003,68.24583567900004],[54.18490644600007,68.32054271000004],[54.218760613000086,68.31785716400003],[54.17310631600009,68.26178620000007],[54.20329837300005,68.20954010600008],[54.23975670700008,68.21133047100005],[54.50440514400003,68.31220123900005],[54.56332441500007,68.28815338700008],[54.65015709700003,68.19432200700004],[54.69109134200005,68.17597077000005],[54.83187910200007,68.17328522300005],[54.864024285000085,68.18512604400007],[54.924489780000044,68.25267161700003],[54.91716556100005,68.28266022300005],[54.856130405000044,68.32404205900008],[54.90805097700007,68.32949453300006],[54.93669681100005,68.39842357000003],[54.996755405000044,68.43915436400005],[55.06755618600005,68.44619375200006],[55.109385613000086,68.48236725500004],[55.189463738000086,68.49103424700007],[55.229258660000085,68.52435944200005],[55.392914259000065,68.56427643400008],[55.699554884000065,68.57656484600005],[55.997080925000034,68.66046784100007],[56.20199629000007,68.61953359600005],[56.50440514400003,68.62783437700006],[56.52084394600007,68.61908600500004],[56.49350019600007,68.58478424700007],[56.569346550000034,68.63568756700005],[56.629649285000085,68.64203522300005],[56.848399285000085,68.57160065300008],[57.092458530000044,68.54800039300005],[57.32984459700003,68.56476471600007],[57.414073113000086,68.59715403900003],[57.44809004000007,68.64447663000004],[57.60401451900003,68.74241771000004],[57.92953535200007,68.75104401200008],[57.98072350400008,68.79364655200004],[57.949880405000044,68.81757233300004],[57.95671634200005,68.84552643400008],[58.17115319100009,68.88934967700004],[58.245127800000034,68.88841380400004],[58.20362389400003,68.83209870000007],[58.26417076900003,68.78119538000004],[58.377940300000034,68.75604889500005],[58.336924675000034,68.73558177300004],[58.42408287900008,68.74274323100008],[58.43930097700007,68.76288483300004],[58.28541100400008,68.80048248900005],[58.28687584700003,68.82465241100005],[58.25407962300005,68.84202708500004],[58.27556399800005,68.86591217700004],[58.270518425000034,68.89370351800005],[58.300791863000086,68.90985748900005],[58.87875410200007,69.00311920800004],[59.22388756600009,68.99970123900005],[59.24195397200003,68.98883698100008],[58.96998131600009,68.96515534100007],[58.89185631600009,68.93423086100006],[59.105479363000086,68.90330638200004],[59.42302493600005,68.75702545800004],[59.41944420700008,68.71849192900004],[59.398448113000086,68.70111725500004],[59.26929772200003,68.71507396000004],[59.201508009000065,68.70595937700006],[59.11841881600009,68.64248281500005],[59.05640709700003,68.61953359600005],[59.06950931100005,68.56928131700005],[59.11882571700005,68.53168366100005],[59.07211347700007,68.45937734600005],[59.08708743600005,68.41689687700006],[59.674815300000034,68.33616771000004],[59.857432488000086,68.38129303600005],[59.963877800000034,68.46600983300004],[59.92904707100007,68.53778717700004],[59.762705925000034,68.63873932500007],[59.77361087300005,68.66819896000004],[59.811208530000044,68.68793366100005],[59.91098066500007,68.72028229400007],[60.08423912900008,68.68720123900005],[60.46664472700007,68.72231679900005],[60.55632571700005,68.74469635600008],[60.701508009000065,68.81500885600008],[60.75521894600007,68.86640045800004],[60.81885826900003,68.89435455900008],[60.968760613000086,68.90692780200004],[60.907237175000034,68.92739492400005],[60.93832441500007,68.96328359600005],[60.948252800000034,69.00311920800004],[60.933929884000065,69.07819245000007],[60.902679884000065,69.12225983300004],[60.77670332100007,69.17719147300005],[60.721690300000034,69.17446523600006],[60.721690300000034,69.13279857000003],[60.742198113000086,69.11920807500007],[60.710948113000086,69.10626862200007],[60.59131920700008,69.13279857000003],[60.58969160200007,69.25641510600008],[60.54249108200008,69.31557851800005],[60.434336785000085,69.36619700700004],[60.41423587300005,69.40790436400005],[60.31137129000007,69.45433177300004],[60.21461022200003,69.53070709800005],[60.214854363000086,69.55459219000005],[60.13884524800005,69.57786692900004],[60.15259850400008,69.62628815300008],[60.23259524800005,69.66478099200003],[60.65357506600009,69.67275625200006],[60.667002800000034,69.69452545800004],[60.633474155000044,69.72492096600007],[60.70883222700007,69.72939687700006],[60.721690300000034,69.74298737200007],[60.68409264400003,69.78388092700004],[60.70557701900003,69.82367584800005],[60.770274285000085,69.84910716400003],[60.92660566500007,69.86749909100007],[61.04379316500007,69.84540436400005],[61.10523522200003,69.86587148600006],[61.15870201900003,69.83291250200006],[61.30193118600005,69.82542552300004],[61.40935306100005,69.79124583500004],[61.770518425000034,69.76203034100007],[62.631195509000065,69.74213288000004],[63.410492384000065,69.67129140800006],[64.12761478000004,69.55011627800008],[64.54802493600005,69.45172760600008],[64.72445722700007,69.38328685100004],[65.00440514400003,69.30414459800005],[64.96241295700008,69.28310781500005],[64.83106530000003,69.29441966400003],[64.83375084700003,69.27680084800005],[64.78598066500007,69.23720937700006],[64.80640709700003,69.22215403900003],[64.76563561300009,69.18309153900003],[64.76172936300009,69.16299062700006],[64.78589928500008,69.14712148600006],[64.93181399800005,69.19708893400008],[64.94288170700008,69.20856354400007],[64.91627037900008,69.24266185100004],[64.92318769600007,69.26068756700005],[65.06820722700007,69.26805247600004],[65.41944420700008,69.17706940300008],[65.81723066500007,69.14264557500007],[65.90259850400008,69.11298248900005],[65.75367272200003,69.10663483300004],[65.73422285200007,69.11269765800006],[65.74488366000008,69.12665436400005],[65.63502037900008,69.12665436400005],[65.68970787900008,69.08502838700008],[66.11426842500003,69.03725820500006],[66.32878665500004,68.96381256700005],[66.67847741000008,68.89594147300005],[66.99057050900007,68.87628815300008],[67.09009850400008,68.85565827000005],[67.12907962300005,68.83860911700003],[67.04615319100003,68.81830475500004],[67.03972415500004,68.79706452000005],[67.14332116000008,68.75604889500005],[67.19629967500003,68.70734284100007],[67.33033287900008,68.69676341400003],[67.58350670700008,68.60333893400008],[67.80811608200008,68.50287506700005],[67.70508873800009,68.51585521000004],[67.79322350400008,68.47858307500007],[68.13493899800005,68.42340729400007],[68.24634850400008,68.35512929900005],[68.25863691500007,68.33388906500005],[68.20313561300009,68.29474518400008],[68.20533287900008,68.26947663000004],[68.18425540500004,68.24213288000004],[68.26254316500007,68.24909088700008],[68.28223717500003,68.22418854400007],[68.25993899800005,68.20115794500003],[68.28809655000003,68.18829987200007],[68.48064212300005,68.24949778900003],[68.48585045700008,68.26947663000004],[68.54786217500003,68.30418528900003],[68.65088951900003,68.31785716400003],[68.58936608200008,68.33234284100007],[68.56478925900007,68.34979889500005],[68.56104576900003,68.37250397300005],[68.76002037900008,68.50438060100004],[68.92351321700005,68.63727448100008],[69.00977623800009,68.76658763200004],[69.01295006600003,68.80646393400008],[69.06934655000003,68.82306549700007],[69.10906009200005,68.87897370000007],[68.99976647200003,68.87897370000007],[68.94605553500008,68.89325592700004],[68.95142662900008,68.90322500200006],[69.08757571700005,68.91644928600005],[69.13070722700007,68.92739492400005],[69.06128991000008,68.92739492400005],[69.21892337300005,68.96214427300004],[69.01286868600005,68.94790273600006],[69.02711022200003,68.96214427300004],[68.99878991000008,68.96491120000007],[68.78842207100007,68.91567617400005],[68.68604576900003,68.91844310100004],[68.45801842500003,68.98456452000005],[68.37566165500004,69.06769440300008],[68.12533613400007,69.22235748900005],[68.02621504000007,69.31940338700008],[68.01978600400008,69.33515045800004],[68.03972415500004,69.35944245000007],[68.10499108200008,69.39704010600008],[68.08790123800009,69.42084381700005],[68.10661868600005,69.54873281500005],[68.03060957100007,69.54059479400007],[68.01400800900007,69.51422760600008],[68.04021243600005,69.48969147300005],[67.82439212300005,69.51072825700004],[67.62907962300005,69.59076569200005],[67.45883222700007,69.62714264500005],[67.31495201900003,69.63035716400003],[67.10181725400008,69.69277578300006],[67.01726321700005,69.70307038000004],[66.97136478000004,69.68773021000004],[67.00163821700005,69.67365143400008],[66.99968509200005,69.65322500200006],[66.85523522200003,69.63686758000006],[66.95769290500004,69.53685130400004],[66.88689212300005,69.53725820500006],[66.79574629000007,69.58616771000004],[66.78435306100005,69.62274811400005],[66.79517662900008,69.71137116100005],[66.76880944100003,69.76162344000005],[66.88477623800009,70.01288483300004],[66.93816165500004,70.05097077000005],[66.97820071700005,70.05760325700004],[67.00554446700005,70.03034088700008],[66.96509850400008,69.99624258000006],[66.98503665500004,69.96954987200007],[67.14332116000008,69.98314036700003],[67.25171959700003,70.02122630400004],[67.32764733200008,70.10602448100008],[67.27914472700007,70.10602448100008],[67.28598066500007,70.15387604400007],[67.27173912900008,70.18886953300006],[67.25196373800009,70.19546133000006],[67.26490319100003,70.14508698100008],[67.24350019600007,70.14524974200003],[67.16456139400003,70.17230866100005],[67.09424889400003,70.22089264500005],[67.16382897200003,70.30467357000003],[67.19320722700007,70.38157786700003],[67.21924889400003,70.40932851800005],[67.26628665500004,70.41453685100004],[67.25505618600005,70.45624420800004],[67.29281660200007,70.47662995000007],[67.21509850400008,70.52391185100004],[67.27662194100003,70.65961334800005],[67.32699629000007,70.71694570500006],[67.33448326900003,70.75779857000003],[67.25700931100005,70.82558828300006],[67.13843834700003,70.84178294500003],[67.04037519600007,70.81574127800008],[66.68873131600003,70.76984284100007],[66.66773522200003,70.82794830900008],[66.60824629000007,70.88068268400008],[66.77133222700007,70.95962148600006],[66.83318118600005,71.01308828300006],[66.84107506600003,71.05947500200006],[66.88949629000007,71.07868073100008],[66.81950931100005,71.10097890800006],[66.80005944100003,71.09296295800004],[66.80551191500007,71.07518138200004],[66.73796634200005,71.05198802300004],[66.77222741000008,71.02411530200004],[66.69027754000007,71.00136953300006],[66.64275149800005,71.00885651200008],[66.61573326900003,71.03156159100007],[66.62045332100007,71.05784739800004],[66.81128991000008,71.16120026200008],[66.84506269600007,71.22614166900007],[66.91211998800009,71.29474518400008],[67.03345787900008,71.29840729400007],[67.58838951900003,71.41510651200008],[67.58594811300009,71.43162669500003],[67.60499108200008,71.44196198100008],[67.94727623800009,71.52757396000004],[68.25505618600005,71.68829987200007],[68.30543053500008,71.69611237200007],[68.34880618600005,71.67519765800006],[68.30779056100005,71.71674225500004],[68.46851647200003,71.82599518400008],[68.51319420700008,71.90167877800008],[68.55632571700005,71.92328522300005],[68.56104576900003,71.97626373900005],[68.64372806100005,72.03318919500003],[68.68458092500003,72.15184153900003],[68.73292076900003,72.20962148600006],[68.75391686300009,72.26715729400007],[68.77377363400007,72.27789948100008],[68.76791425900007,72.29287344000005],[68.82162519600007,72.32632070500006],[68.85230553500008,72.46686432500007],[68.91724694100003,72.48395416900007],[68.86939537900008,72.53237539300005],[68.91635175900007,72.56537506700005],[68.97681725400008,72.65570709800005],[69.05445397200003,72.66205475500004],[68.99341881600003,72.67519765800006],[68.97575931100005,72.69599030200004],[69.23178144600007,72.80451080900008],[69.30502363400007,72.88369375200006],[69.30201256600003,72.92963288000004],[69.35377037900008,72.95258209800005],[69.46534264400003,72.97516510600008],[69.79493248800009,72.96369049700007],[69.79810631600003,72.94367096600007],[69.77393639400003,72.93598053600005],[69.55665123800009,72.91376373900005],[69.56153405000003,72.88861725500004],[69.58822675900007,72.87848541900007],[70.17212975400008,72.90013255400004],[70.65544681100005,72.88934967700004],[71.03296959700003,72.90680573100008],[71.26742597700007,72.89549388200004],[71.56324303500008,72.91596100500004],[72.00831139400003,72.83397044500003],[71.81657962300005,72.81232330900008],[71.88648522200003,72.79661692900004],[72.13103274800005,72.83161041900007],[72.29737389400003,72.79425690300008],[72.49610436300003,72.78766510600008],[72.83692467500003,72.70990631700005],[72.72144616000008,72.70302969000005],[72.74195397200003,72.67572663000004],[72.80958092500003,72.65521881700005],[72.73072350400008,72.61737702000005],[72.73145592500003,72.59723541900007],[72.78150475400008,72.54401276200008],[72.84498131600003,72.52041250200006],[72.79932701900003,72.48053620000007],[72.79851321700005,72.41327545800004],[72.85035241000008,72.32412344000005],[72.88396243600005,72.30719635600008],[72.87427819100003,72.28107330900008],[72.74268639400003,72.20604075700004],[72.70777428500008,72.11395905200004],[72.57699629000007,72.04450104400007],[72.55974368600005,71.97870514500005],[72.52222741000008,71.92226797100005],[72.48454837300005,71.89809804900005],[72.35084069100003,71.86420319200005],[72.32016035200007,71.82318756700005],[72.36304772200003,71.73607005400004],[72.34498131600003,71.70815664300005],[72.23389733200008,71.68537018400008],[72.20932050900007,71.61473216400003],[72.16732832100007,71.59886302300004],[72.02865644600007,71.57217031500005],[71.97413170700008,71.57953522300005],[71.83814537900008,71.53241608300004],[71.80339603000004,71.48029205900008],[71.83912194100003,71.43121979400007],[72.10572350400008,71.29035065300008],[72.63648522200003,71.13165924700007],[72.67644290500004,71.08954498900005],[72.63355553500008,71.05247630400004],[72.63209069100003,71.01105377800008],[72.82740319100003,70.88764069200005],[72.83692467500003,70.85960521000004],[72.78126061300003,70.75649648600006],[72.77540123800003,70.69513580900008],[72.68824303500008,70.63442617400005],[72.68327884200005,70.61660390800006],[72.69353274800005,70.59271881700005],[72.77540123800003,70.53807200700004],[72.75847415500004,70.47231679900005],[72.77133222700007,70.42523834800005],[72.61247806100005,70.38434479400007],[72.43555748800003,70.28587474200003],[72.43409264400003,70.26569245000007],[72.46697024800005,70.24017975500004],[72.59913170700008,70.19330475500004],[72.62159264400003,70.16168854400007],[72.57374108200008,70.09552643400008],[72.49195397200003,70.04120514500005],[72.51880944100003,70.02045319200005],[72.52523847700007,69.98627350500004],[72.64877363400007,69.90485260600008],[72.69166100400008,69.83685944200005],[72.64958743600005,69.74811432500007],[72.55958092500003,69.68862539300005],[72.55323326900003,69.66388580900008],[72.50171959700003,69.64671458500004],[72.56185957100007,69.60407135600008],[72.62728925900007,69.51129791900007],[72.63835696700005,69.44135163000004],[72.48804772200003,69.41400788000004],[72.61329186300003,69.35936107000003],[72.64771569100003,69.29222239800004],[72.52849368600005,69.23525625200006],[72.47787519600007,69.17694733300004],[72.48015384200005,69.12995026200008],[72.52849368600005,69.07200755400004],[72.57740319100003,68.94037506700005],[72.69239342500003,68.86351146000004],[72.85181725400008,68.79775625200006],[73.07455488400007,68.74730052300004],[73.53907311300003,68.58100006700005],[73.63461347700007,68.51703522300005],[73.64625084700003,68.45783112200007],[73.60499108200008,68.43219635600008],[73.58961022200003,68.45237864800004],[73.60466556100005,68.48236725500004],[73.57886803500008,68.49335358300004],[73.53370201900003,68.48151276200008],[73.45386803500008,68.44415924700007],[73.39771569100003,68.36050039300005],[73.09083092500003,68.21426015800006],[73.13705488400007,68.16624583500004],[73.13168379000007,68.14594147300005],[73.08106530000003,68.11977773600006],[73.07276451900003,68.09039948100008],[73.19044030000003,67.99201080900008],[73.20443769600007,67.95722077000005],[73.19548587300005,67.84951406500005],[73.07154381600003,67.81557851800005],[73.08399498800003,67.78286367400005],[73.15137780000003,67.73187897300005],[73.11426842500003,67.69037506700005],[73.08399498800003,67.72199127800008],[73.03939863400007,67.72858307500007],[72.89234459700003,67.68455638200004],[72.89893639400003,67.65936920800004],[72.85206139400003,67.63532135600008],[72.58130944100003,67.62018463700008],[72.54704837300005,67.59145742400005],[72.55274498800003,67.53717682500007],[72.53288821700005,67.52008698100008],[72.39185631600003,67.46747467700004],[72.45427493600005,67.40062083500004],[72.40259850400008,67.32807038000004],[72.25464928500008,67.31049225500004],[72.19060306100005,67.33331940300008],[72.04835045700008,67.30288320500006],[72.05176842500003,67.26752350500004],[72.21420332100007,67.22378164300005],[72.22592207100007,67.15949127800008],[72.17530358200008,67.16156647300005],[72.15381920700008,67.19611237200007],[72.12794030000003,67.20677317900004],[72.11866295700008,67.19090403900003],[72.13851972700007,67.15965403900003],[71.91325931100005,67.13231028900003],[72.01498457100007,67.11127350500004],[71.99439537900008,67.10700104400007],[72.00717207100007,67.07684967700004],[71.99463951900003,67.05597565300008],[71.94434655000003,67.04340241100005],[71.87281334700003,66.99127838700008],[71.79525800900007,66.97406647300005],[71.74756920700008,66.91608307500007],[71.62476647200003,66.94611237200007],[71.52165774800005,66.91941966400003],[71.39389082100007,66.97528717700004],[71.30193118600005,66.95355866100005],[71.42847741000008,66.92694733300004],[71.45337975400008,66.90574778900003],[71.39136803500008,66.90574778900003],[71.51490319100003,66.87848541900007],[71.48878014400003,66.85724518400008],[71.48072350400008,66.82697174700007],[71.54957116000008,66.78229401200008],[71.51832116000008,66.76308828300006],[71.58423912900008,66.73163483300004],[71.59652754000007,66.69721100500004],[71.55583743600005,66.67987702000005],[71.57691491000008,66.65875885600008],[71.45964603000004,66.63873932500007],[71.34961998800009,66.65875885600008],[71.38510175900007,66.68671295800004],[71.29542076900003,66.63825104400007],[71.16537519600007,66.65875885600008],[71.23365319100003,66.62523021000004],[71.05681399800005,66.62518952000005],[71.04249108200008,66.60480377800008],[71.12378991000008,66.58429596600007],[71.07984459700003,66.56903717700004],[70.93946373800009,66.58429596600007],[70.99398847700007,66.55634186400005],[70.98031660200007,66.53587474200003],[70.68864993600005,66.51536692900004],[70.41325931100005,66.56317780200004],[70.31902103000004,66.59369538000004],[70.29517662900008,66.63825104400007],[70.46648196700005,66.67987702000005],[70.59961998800009,66.69318268400008],[70.63591556100005,66.72060781500005],[70.67994225400008,66.71600983300004],[70.74105879000007,66.75775788000004],[70.72339928500008,66.76178620000007],[70.57545006600003,66.75999583500004],[70.53467858200008,66.74192942900004],[70.61670983200008,66.74192942900004],[70.46648196700005,66.72085195500006],[70.54151451900003,66.70038483300004],[70.31568444100003,66.67987702000005],[70.17253665500004,66.70709870000007],[70.15267988400007,66.72728099200003],[70.17847741000008,66.74192942900004],[70.06706790500004,66.75983307500007],[69.99317467500003,66.79970937700006],[69.93620853000004,66.86302317900004],[69.89779707100007,66.87164948100008],[69.88152103000004,66.86123281500005],[69.88404381600003,66.83738841400003],[69.83659915500004,66.81631094000005],[69.73959394600007,66.80955638200004],[69.60254967500003,66.83755117400005],[69.57748457100007,66.82957591400003],[69.63721764400003,66.79657623900005],[69.59799238400007,66.78904857000003],[69.39771569100003,66.83022695500006],[69.30201256600003,66.81708405200004],[69.13070722700007,66.83071523600006],[68.96501712300005,66.80955638200004],[68.99732506600003,66.78705475500004],[69.10377037900008,66.77130768400008],[69.11850019600007,66.73322174700007],[69.10279381600003,66.66933828300006],[69.11264082100007,66.61884186400005],[69.20557701900003,66.56940338700008],[69.38648522200003,66.51337311400005],[69.72934004000007,66.48407623900005],[69.90284264400003,66.41547272300005],[70.26970462300005,66.36212799700007],[70.36264082100007,66.33441803600005],[71.14551842500003,66.36562734600005],[71.42888431100005,66.35594310100004],[71.67872155000003,66.32363515800006],[71.83285566500007,66.23452383000006],[71.91920006600003,66.25104401200008],[71.99008222700007,66.23078034100007],[72.04273522200003,66.24689362200007],[72.07569420700008,66.23582591400003],[72.26148522200003,66.29564036700003],[72.30632571700005,66.28851959800005],[72.34734134200005,66.30638255400004],[72.37623131600003,66.34125397300005],[72.39820397200003,66.41347890800006],[72.36670983200008,66.47117747600004],[72.41236412900008,66.50853099200003],[72.38233483200008,66.51691315300008],[72.28882897200003,66.50112539300005],[72.31755618600005,66.52753327000005],[72.45020592500003,66.56688060100004],[72.47380618600005,66.61098867400005],[72.94239342500003,66.65668366100005],[72.99512780000003,66.70722077000005],[72.98829186300003,66.72768789300005],[73.00310306100005,66.73944733300004],[73.49236087300005,66.82343170800004],[73.65707441500007,66.94196198100008],[73.79712975400008,66.96409739800004],[73.86915123800003,67.00141022300005],[73.87403405000003,67.05304596600007],[73.91993248800003,67.07770416900007],[73.89210045700008,67.11871979400007],[73.95085696700005,67.21059804900005],[73.95289147200003,67.23094310100004],[73.89958743600005,67.29621002800008],[74.09831790500004,67.43187083500004],[74.73031660200007,67.68626536700003],[74.79224694100003,67.79718659100007],[74.82496178500008,67.94049713700008],[74.75668379000007,68.05719635600008],[74.72543379000007,68.15241120000007],[74.58033287900008,68.26190827000005],[74.37012780000003,68.35126373900005],[74.33155358200008,68.38556549700007],[74.45777428500008,68.50629303600005],[74.46827233200008,68.53538646000004],[74.41342207100007,68.61953359600005],[74.45435631600003,68.69399648600006],[74.51400800900007,68.73598867400005],[74.62794030000003,68.77460358300004],[75.19068444100003,68.87482330900008],[75.62110436300003,68.89964427300004],[75.81959069100003,68.94415924700007],[76.11312910200007,68.97772858300004],[76.37574303500008,68.99396393400008],[76.58236738400007,68.97516510600008],[76.60906009200005,68.96600983300004],[76.69060306100005,68.87327708500004],[76.69629967500003,68.85773346600007],[76.61882571700005,68.80536530200004],[76.66260826900003,68.76264069200005],[77.00668379000007,68.65314362200007],[77.11378014400003,68.56712474200003],[77.14820397200003,68.57855866100005],[77.09986412900008,68.59153880400004],[77.12745201900003,68.60586172100005],[77.32569420700008,68.52334219000005],[77.24781334700003,68.45693594000005],[77.28541100400008,68.42772044500003],[77.29509524800005,68.38174062700006],[77.24577884200005,68.33893463700008],[77.17847741000008,68.32046133000006],[77.16187584700003,68.29364655200004],[77.19516035200007,68.26699453300006],[77.35661868600005,68.23289622600004],[77.29395592500003,68.15009186400005],[77.21656334700003,68.10496653900003],[77.24317467500003,68.07086823100008],[77.24122155000003,68.04401276200008],[77.19255618600005,67.98517487200007],[77.30518639400003,67.91010163000004],[77.21656334700003,67.83124420800004],[77.14112389400003,67.85114166900007],[77.08326256600003,67.83307526200008],[77.07243899800005,67.82440827000005],[77.07984459700003,67.79035065300008],[77.67554772200003,67.61717357000003],[77.70313561300003,67.59788646000004],[77.68458092500003,67.56366608300004],[77.69304446700005,67.54531484600005],[77.86011803500008,67.57733795800004],[77.90357506600003,67.55833567900004],[77.95728600400008,67.56826406500005],[78.04704837300005,67.54352448100008],[78.23357181100005,67.58466217700004],[78.36646569100003,67.55540599200003],[78.49732506600003,67.55687083500004],[78.60328209700003,67.58649323100008],[78.74073326900003,67.59194570500006],[78.95997155000003,67.55687083500004],[79.05250084700003,67.57054271000004],[78.98047936300003,67.61066315300008],[78.80600019600007,67.62518952000005],[78.86801191500007,67.65314362200007],[78.75147545700008,67.65314362200007],[78.62256920700008,67.60512929900005],[78.56470787900008,67.60407135600008],[78.46338951900003,67.63263580900008],[78.57325280000003,67.63263580900008],[78.61573326900003,67.65037669500003],[78.61036217500003,67.66254303600005],[78.58008873800003,67.67357005400004],[78.48389733200008,67.66673411700003],[78.43848717500003,67.70254140800006],[78.42172285200007,67.70026276200008],[78.40015709700003,67.63739655200004],[78.32683353000004,67.67975495000007],[78.25171959700003,67.65936920800004],[78.18490644600007,67.66937897300005],[78.11345462300005,67.65696849200003],[78.01221764400003,67.69448476800005],[77.87427819100003,67.68528880400004],[77.86011803500008,67.69061920800004],[77.87224368600005,67.70457591400003],[77.94890384200005,67.72821686400005],[77.85157311300003,67.73102448100008],[77.77572675900007,67.77838776200008],[77.75766035200007,67.77602773600006],[77.73804772200003,67.73981354400007],[77.61866295700008,67.73371002800008],[77.49415123800003,67.75128815300008],[77.45948326900003,67.78628164300005],[77.47877037900008,67.90729401200008],[77.58643639400003,67.94794342700004],[77.52515709700003,67.94529857000003],[77.46973717500003,67.99510325700004],[77.50424238400007,68.02789948100008],[77.50375410200007,68.08510976800005],[77.53695722700007,68.12860748900005],[77.70850670700008,68.22186920800004],[78.10328209700003,68.24835846600007],[78.17261803500008,68.27435944200005],[78.11182701900003,68.31232330900008],[78.09009850400008,68.36001211100006],[77.95850670700008,68.39838288000004],[77.90853925900007,68.46869538000004],[77.95630944100003,68.49542877800008],[77.92790774800005,68.51902903900003],[77.89486738400007,68.52887604400007],[77.78687584700003,68.51459381700005],[77.76832116000008,68.57111237200007],[77.71509850400008,68.62103913000004],[77.74415123800003,68.67690664300005],[77.74398847700007,68.71507396000004],[77.69223066500007,68.81708405200004],[77.68262780000003,68.88580963700008],[77.64698326900003,68.91111888200004],[77.40943444100003,68.92601146000004],[77.23292076900003,68.98993561400005],[76.92904707100007,69.00934479400007],[76.82886803500008,69.08502838700008],[76.73121178500008,69.13125234600005],[76.62159264400003,69.15403880400004],[76.54818769600007,69.13011302300004],[76.42758222700007,69.14427317900004],[76.16130618600005,69.19896067900004],[76.04200280000003,69.23908112200007],[75.80111738400007,69.23383209800005],[75.50855553500008,69.26141998900005],[75.12924238400007,69.15729401200008],[75.09197024800005,69.13279857000003],[75.15398196700005,69.11920807500007],[75.10710696700005,69.10394928600005],[74.94092858200008,69.10553620000007],[74.77279707100007,69.08124420800004],[74.50896243600005,69.13279857000003],[74.31373131600003,69.14638906500005],[73.96127363400007,69.08380768400008],[73.83521569100003,69.11737702000005],[73.75879967500003,69.16937897300005],[73.75660241000008,69.19904205900008],[73.84961998800003,69.31513092700004],[73.89958743600005,69.42084381700005],[73.85857181100005,69.48224518400008],[73.75538170700008,69.56476471600007],[73.56324303500008,69.68374258000006],[73.51596113400007,69.74640534100007],[73.53500410200007,69.77606842700004],[73.65992272200003,69.85968659100007],[73.65626061300003,69.89325592700004],[73.70525149800005,69.95530833500004],[73.71143639400003,70.01894765800006],[73.76482181100005,70.07904694200005],[73.75554446700005,70.10952383000006],[73.69223066500007,70.13812897300005],[73.70769290500004,70.16132233300004],[74.00660241000008,70.30451080900008],[74.07740319100003,70.38349030200004],[74.19654381600003,70.43500397300005],[74.31617272200003,70.52033112200007],[74.33904056100005,70.58218008000006],[74.31788170700008,70.66779205900008],[74.26075280000003,70.71629466400003],[73.92750084700003,70.85537344000005],[73.89576256600003,70.97260163000004],[73.70362389400003,71.07143789300005],[73.65528405000003,71.15346914300005],[73.55616295700008,71.25511302300004],[73.33936608200008,71.33881256700005],[73.03337649800005,71.40570709800005],[73.02247155000003,71.42877838700008],[73.36475670700008,71.58299388200004],[73.49854576900003,71.66494375200006],[73.52491295700008,71.70624420800004],[73.47022545700008,71.77342357000003],[73.52588951900003,71.82221100500004],[73.93930097700007,71.91372304900005],[74.25049889400003,71.96002838700008],[74.33155358200008,71.95571523600006],[74.92839603000004,72.09813060100004],[74.99488366000008,72.13784414300005],[75.07569420700008,72.21015045800004],[75.11109459700003,72.34642161700003],[75.10873457100007,72.40350983300004],[75.05453535200007,72.56549713700008],[75.05884850400008,72.59503815300008],[74.99952233200008,72.67389557500007],[74.74756920700008,72.80829498900005],[74.75114993600005,72.82001373900005],[75.03663170700008,72.88165924700007],[75.19141686300003,72.83372630400004],[75.31885826900003,72.81915924700007],[75.50212649800005,72.76727936400005],[75.53077233200008,72.74115631700005],[75.45557701900003,72.70990631700005],[75.40748131600003,72.72382233300004],[75.33822675900007,72.68317291900007],[75.42090905000003,72.69684479400007],[75.48650149800005,72.64508698100008],[75.65251712300005,72.59910716400003],[75.70818118600005,72.56586334800005],[75.70199629000007,72.54702383000006],[75.59685306100005,72.54710521000004],[75.56169681100005,72.52533600500004],[75.55648847700007,72.49750397300005],[75.62281334700003,72.41193268400008],[75.62623131600003,72.38153717700004],[75.68287194100003,72.33991120000007],[75.66724694100003,72.33307526200008],[75.75473066500007,72.30638255400004],[75.74244225400008,72.26552969000005],[75.59408613400007,72.21454498900005],[75.51783287900008,72.15322500200006],[75.51693769600007,72.07640208500004],[75.41407311300003,72.03143952000005],[75.43897545700008,71.98533763200004],[75.35385175900007,71.95774974200003],[75.28500410200007,71.96039459800005],[75.25367272200003,71.94220612200007],[75.28353925900007,71.89423248900005],[75.22413170700008,71.84223053600005],[75.23585045700008,71.82599518400008],[75.22022545700008,71.80996328300006],[75.22754967500003,71.77741120000007],[75.25757897200003,71.76788971600007],[75.26319420700008,71.74347565300008],[75.28695722700007,71.72894928600005],[75.49170983200008,71.66608307500007],[75.50635826900003,71.65216705900008],[75.49122155000003,71.63939036700003],[75.39242597700007,71.61786530200004],[75.53288821700005,71.54230377800008],[75.43376712300005,71.50165436400005],[75.42554772200003,71.49038320500006],[75.44190514400003,71.46222565300008],[75.24154707100007,71.45355866100005],[75.22836347700007,71.40452708500004],[75.26303144600007,71.36554596600007],[75.34262129000007,71.33494700700004],[75.73365319100003,71.26487864800004],[76.01734459700003,71.23700592700004],[76.10840905000003,71.20449453300006],[76.12647545700008,71.20282623900005],[76.11963951900003,71.22040436400005],[76.15040123800003,71.22947825700004],[76.88892662900008,71.19041575700004],[76.91423587300005,71.18231842700004],[76.88168379000007,71.15997955900008],[76.89429772200003,71.12710195500006],[76.91830488400007,71.11298248900005],[76.91423587300005,71.07245514500005],[76.96257571700005,71.11347077000005],[76.92904707100007,71.16058991100005],[77.00513756600003,71.18447500200006],[77.38209069100003,71.15892161700003],[77.55811608200008,71.17365143400008],[77.83773847700007,71.12457916900007],[77.88550866000008,71.08926015800006],[77.89991295700008,71.01048411700003],[77.94890384200005,70.97626373900005],[78.27906334700003,70.94212474200003],[78.41138756600003,70.89545319200005],[78.59782962300005,70.92804596600007],[78.76880944100003,70.91425202000005],[78.88135826900003,70.92169830900008],[78.92945397200003,70.94765859600005],[78.96461022200003,70.92869700700004],[79.03956139400003,70.93732330900008],[79.05437259200005,70.96210358300004],[79.01832116000008,70.96881745000007],[79.11451256600003,71.00421784100007],[79.07447350400008,71.02350495000007],[78.96778405000003,70.98700592700004],[78.84498131600003,71.01325104400007],[78.78565514400003,70.99054596600007],[78.90162194100003,70.97626373900005],[78.75757897200003,70.93500397300005],[78.56470787900008,70.96255117400005],[78.44239342500003,70.91425202000005],[78.43539472700007,70.94961172100005],[78.48804772200003,71.01166413000004],[78.46338951900003,71.02411530200004],[78.55974368600005,71.04515208500004],[78.49756920700008,71.07868073100008],[78.52540123800003,71.09296295800004],[78.49732506600003,71.11505768400008],[78.34620201900003,71.09979889500005],[78.37598717500003,71.07599518400008],[78.49756920700008,71.04515208500004],[78.36394290500004,71.05719635600008],[78.23755944100003,71.10968659100007],[78.23365319100003,71.12287018400008],[78.28907311300003,71.16437409100007],[78.31104576900003,71.20844147300005],[78.31251061300003,71.22638580900008],[78.27898196700005,71.25893789300005],[78.02198326900003,71.27871328300006],[77.92847741000008,71.25747304900005],[77.90113366000008,71.31268952000005],[77.99048912900008,71.34638092700004],[78.01099694100003,71.36733633000006],[77.98829186300003,71.37474192900004],[77.73414147200003,71.31118398600006],[77.75082441500007,71.29218170800004],[77.71192467500003,71.28131745000007],[77.51547285200007,71.32916901200008],[77.43555748800003,71.33319733300004],[77.52491295700008,71.30524323100008],[77.49219811300003,71.30133698100008],[77.23170006600003,71.36225006700005],[77.10352623800003,71.42397695500006],[76.71265709700003,71.46344635600008],[76.58106530000003,71.52875397300005],[76.27230879000007,71.57290273600006],[76.24935957100007,71.59666575700004],[76.26832116000008,71.62958405200004],[76.26351972700007,71.65314362200007],[76.16187584700003,71.73517487200007],[76.07976321700005,71.86343008000006],[75.99683678500008,71.90790436400005],[76.35377037900008,71.99909088700008],[76.87818444100003,72.05003489800004],[77.02686608200008,72.02142975500004],[77.58464603000004,71.83112213700008],[77.72722415500004,71.82684967700004],[78.10954837300005,71.88043854400007],[78.19711347700007,71.92226797100005],[78.22575931100005,71.98257070500006],[77.98560631600003,72.10952383000006],[77.71257571700005,72.11517975500004],[77.51059004000007,72.06207916900007],[77.38738040500004,72.09223053600005],[77.37720787900008,72.11017487200007],[77.49073326900003,72.17544179900005],[77.44174238400007,72.20962148600006],[77.47388756600003,72.22235748900005],[77.66822350400008,72.19281647300005],[77.74138431100005,72.21621328300006],[77.87924238400007,72.30048248900005],[78.08757571700005,72.35879140800006],[78.12452233200008,72.38458893400008],[78.23161868600005,72.36383698100008],[78.42579186300003,72.39337799700007],[78.50440514400003,72.38153717700004],[78.49756920700008,72.40818919500003],[79.01742597700007,72.37718333500004],[79.39144941500007,72.38556549700007],[79.51384524800005,72.36220937700006],[79.78541100400008,72.26463450700004],[80.01010175900007,72.20774974200003],[80.47396894600007,72.15204498900005],[80.83464603000004,72.08331940300008],[80.85157311300003,72.06928131700005],[80.82081139400003,72.02460358300004],[80.73210696700005,72.04511139500005],[80.81397545700008,72.07990143400008],[80.68588300900007,72.07876211100006],[80.63233483200008,72.04608795800004],[81.24976647200003,71.85919830900008],[81.27947024800005,71.79604726800005],[81.34229576900003,71.76422760600008],[81.54664147200003,71.74160390800006],[81.73666425900007,71.69989655200004],[82.19434655000003,71.70774974200003],[82.49854576900003,71.75462474200003],[82.86736087300005,71.78644440300008],[83.01921634200005,71.72943756700005],[83.15333092500003,71.73981354400007],[83.25171959700003,71.72565338700008],[83.32048587300005,71.68329498900005],[83.30518639400003,71.65839264500005],[83.13559004000007,71.57184479400007],[83.05014082100007,71.56159088700008],[83.01197350400008,71.52895742400005],[82.98536217500003,71.46283600500004],[83.04786217500003,71.41510651200008],[82.82007897200003,71.39130280200004],[82.27263431100005,71.27879466400003],[82.25928795700008,71.25267161700003],[82.28003991000008,71.22333405200004],[82.27930748800003,71.18805573100008],[82.33155358200008,71.14419179900005],[82.35279381600003,71.09625885600008],[82.31421959700003,71.05947500200006],[82.20313561300003,71.01626211100006],[82.20834394600007,70.98680247600004],[82.30738366000008,70.90802643400008],[82.30128014400003,70.89618561400005],[82.32960045700008,70.87409088700008],[82.32398522200003,70.84609609600005],[82.34888756600003,70.81801992400005],[82.41724694100003,70.77704498900005],[82.36898847700007,70.74262116100005],[82.23536217500003,70.69611237200007],[82.19239342500003,70.65704987200007],[82.18726647200003,70.62177155200004],[82.10010826900003,70.58930084800005],[82.08204186300003,70.56537506700005],[82.15333092500003,70.51813385600008],[82.15349368600005,70.47589752800008],[82.20289147200003,70.34902578300006],[82.23275800900007,70.31834544500003],[82.23959394600007,70.27732982000003],[82.34888756600003,70.20229726800005],[82.32740319100003,70.25023021000004],[82.28687584700003,70.29043203300006],[82.25180097700007,70.37592194200005],[82.22535241000008,70.47955963700008],[82.23959394600007,70.49705638200004],[82.15723717500003,70.57160065300008],[82.29737389400003,70.60394928600005],[82.46461022200003,70.61318594000005],[82.47242272200003,70.62995026200008],[82.43392988400007,70.66665273600006],[82.43091881600003,70.69513580900008],[82.48340905000003,70.70758698100008],[82.50212649800005,70.75336334800005],[82.55420983200008,70.76154205900008],[82.47868899800005,70.80499909100007],[82.56861412900008,70.85317617400005],[82.58228600400008,70.86981842700004],[82.57862389400003,70.91111888200004],[82.68816165500004,70.96190013200004],[82.73454837300005,70.96552155200004],[82.84302819100003,70.95221588700008],[82.87663821700005,70.91697825700004],[82.89665774800005,70.93976471600007],[82.87582441500007,70.99677155200004],[82.90162194100003,71.00104401200008],[82.93238366000003,70.95404694200005],[82.96664472700007,70.93398672100005],[83.13379967500003,70.88239166900007],[83.13721764400003,70.76398346600007],[83.06495201900003,70.69253164300005],[83.05713951900003,70.59711334800005],[82.99317467500003,70.57160065300008],[83.05250084700003,70.49990469000005],[83.01050866000003,70.42658112200007],[82.87582441500007,70.37299225500004],[82.66407311300003,70.26015859600005],[82.65064537900008,70.22955963700008],[82.67139733200008,70.18866608300004],[82.64380944100003,70.18121979400007],[82.77564537900008,70.14203522300005],[82.88306725400008,70.08901601800005],[83.11109459700003,70.06948476800005],[83.17676842500003,70.08307526200008],[83.18572024800005,70.09243398600006],[83.15772545700008,70.09857819200005],[83.18165123800003,70.10952383000006],[83.18295332100007,70.13886139500005],[83.12973066500007,70.20856354400007],[83.06527754000007,70.23314036700003],[83.01441491000003,70.28729889500005],[82.95167076900003,70.32514069200005],[83.01303144600007,70.33502838700008],[83.33741295700008,70.31317780200004],[83.53443444100003,70.33197663000004],[83.53443444100003,70.35309479400007],[83.64584394600007,70.39899323100008],[83.77466881600003,70.47662995000007],[83.74512780000003,70.50299713700008],[83.76441491000003,70.54702383000006],[83.75733483200008,70.56850820500006],[83.60271243600005,70.70258209800005],[83.60157311300003,70.76984284100007],[83.54102623800003,70.79132721600007],[83.47608483200008,70.91791413000004],[83.38306725400008,70.97626373900005],[83.39942467500003,71.00336334800005],[83.38184655000003,71.03266022300005],[83.31568444100003,71.06565989800004],[83.16863040500004,71.08201732000003],[83.11605879000007,71.11347077000005],[83.25700931100005,71.11652252800008],[83.20972741000003,71.18927643400008],[83.14763431100005,71.24481842700004],[83.26628665500004,71.28571198100008],[83.37582441500007,71.36981842700004],[83.38217207100007,71.46503327000005],[83.56283613400007,71.50991445500006],[83.63062584700003,71.57587311400005],[83.61890709700003,71.63117096600007],[83.54786217500003,71.66852448100008],[83.52670332100007,71.70302969000005],[83.41089928500003,71.75092194200005],[83.41553795700008,71.80776601800005],[83.36052493600005,71.84064362200007],[83.16179446700005,71.88434479400007],[82.96998131600003,71.89793528900003],[82.78695722700007,71.90546295800004],[82.67807050900007,71.87946198100008],[82.64136803500008,71.90224844000005],[82.62378991000008,71.94159577000005],[82.47055097700007,72.02081940300008],[82.18506920700008,72.09349192900004],[82.29957116000008,72.13446686400005],[82.30738366000008,72.18284739800004],[82.28630618600005,72.23334381700005],[82.21924889400003,72.25739166900007],[82.19809004000007,72.28156159100007],[81.94402103000004,72.29303620000007],[81.86182701900003,72.31712474200003],[81.58619225400008,72.35065338700008],[81.20818118600005,72.35492584800005],[80.83448326900003,72.47370026200008],[80.70411217500003,72.54535553600005],[80.83448326900003,72.62051015800006],[80.68588300900007,72.64630768400008],[80.63412519600007,72.70392487200007],[80.63209069100003,72.73379140800006],[80.77295983200008,72.80609772300005],[80.84197024800005,72.92210521000004],[80.81430097700007,72.97426992400005],[80.76433353000004,73.00755442900004],[80.75049889400003,73.03774648600006],[80.43718509200005,73.10089752800008],[80.59498131600003,73.11456940300008],[80.56861412900008,73.14154694200005],[80.32732181100005,73.18280670800004],[80.23113040500004,73.17597077000005],[80.32243899800005,73.20262278900003],[80.46705162900008,73.20343659100007],[80.56348717500003,73.22150299700007],[80.56755618600005,73.23802317900004],[80.52833092500003,73.28148021000004],[80.27271569100003,73.30975983300004],[80.25489342500003,73.32973867400005],[80.32081139400003,73.35488515800006],[80.34986412900008,73.38255442900004],[80.42872155000003,73.37181224200003],[80.48503665500004,73.41913483300004],[80.58741295700008,73.43610260600008],[80.61003665500004,73.44887929900005],[80.62281334700003,73.48574453300006],[80.67741946700005,73.50495026200008],[80.63379967500003,73.51410553600005],[80.54029381600003,73.48725006700005],[80.50554446700005,73.49811432500007],[80.51295006600003,73.56704336100006],[80.57447350400008,73.58417389500005],[80.83220462300005,73.57176341400003],[81.25359134200005,73.60480377800008],[81.52979576900003,73.64777252800008],[81.95687910200007,73.66266510600008],[83.48365319100003,73.65546295800004],[83.72803795700008,73.69546133000006],[84.36597741000003,73.71027252800008],[84.57178795700008,73.75299713700008],[84.79322350400008,73.76471588700008],[85.00798587300005,73.71039459800005],[85.42701256600003,73.71190013200004],[85.47242272200003,73.71979401200008],[85.49447675900007,73.73773834800005],[85.47217858200008,73.75975169500003],[85.48064212300005,73.76902903900003],[85.58545983200008,73.81867096600007],[85.86841881600003,73.82404205900008],[86.01612389400003,73.86652252800008],[86.78321373800003,73.90224844000005],[87.08008873800003,73.87152741100005],[87.10352623800003,73.84487539300005],[87.01075280000003,73.77871328300006],[86.86329186300003,73.76483795800004],[86.72348066500007,73.70555247600004],[86.51978600400008,73.67230866100005],[86.39616946700005,73.62482330900008],[86.11622155000003,73.58783600500004],[85.78679446700005,73.48078034100007],[85.79721113400007,73.36481354400007],[85.83318118600005,73.33177317900004],[86.23373457100007,73.25486888200004],[86.24740644600007,73.22382233300004],[86.32862389400003,73.18060944200005],[86.52279707100007,73.16347890800006],[86.66334069100003,73.12213776200008],[86.71314537900008,73.08368561400005],[86.73414147200003,73.03266022300005],[86.78248131600003,73.00088125200006],[86.76547285200007,73.08356354400007],[86.65967858200008,73.15180084800005],[86.48975670700008,73.18463776200008],[86.37777754000007,73.24428945500006],[86.25025475400008,73.27732982000003],[85.93392988400007,73.32391998900005],[85.85230553500003,73.37518952000005],[85.85840905000003,73.42304108300004],[85.84400475400008,73.43984609600005],[85.88233483200008,73.49624258000006],[86.20362389400003,73.55784739800004],[86.77263431100005,73.58380768400008],[86.84489993600005,73.60626862200007],[87.16480553500003,73.61139557500007],[87.34424889400003,73.70416901200008],[87.24870853000004,73.69057851800005],[87.28052819100003,73.72992584800005],[87.61736087300005,73.82355377800008],[87.66407311300003,73.89085521000004],[87.61068769600007,73.91351959800005],[87.54493248800003,73.91429271000004],[87.53052819100003,73.90741608300004],[87.51710045700008,73.85028717700004],[87.45427493600005,73.82469310100004],[87.29639733200008,73.84137604400007],[87.16667728000004,73.89655182500007],[87.14454186300003,73.93060944200005],[87.04322350400008,73.99217357000003],[86.94019616000003,74.03314850500004],[86.99740644600007,74.04979075700004],[87.25733483200008,74.03912995000007],[87.36622155000003,74.01072825700004],[87.41993248800003,74.01211172100005],[87.36231530000003,74.04775625200006],[87.29078209700003,74.06268952000005],[86.89576256600003,74.07021719000005],[86.85075931100005,74.08779531500005],[86.86451256600003,74.10830312700006],[86.72388756600003,74.13214752800008],[86.80298912900008,74.18402741100005],[86.71143639400003,74.22435130400004],[86.50562584700003,74.25527578300006],[86.02003014400003,74.26251862200007],[85.94874108200008,74.29262929900005],[85.96013431100005,74.32054271000004],[85.90552819100003,74.35468170800004],[85.93669681100005,74.36810944200005],[86.15853925900007,74.35765208500004],[86.29712975400008,74.31305573100008],[86.30844160200007,74.33905670800004],[86.28158613400007,74.34784577000005],[86.25489342500003,74.38886139500005],[86.04948978000004,74.41616445500006],[86.20118248800003,74.43134186400005],[86.25391686300003,74.41950104400007],[86.47527103000004,74.45819733300004],[86.59066816500007,74.43724192900004],[86.63917076900003,74.40989817900004],[86.59750410200007,74.39569733300004],[86.62354576900003,74.38751862200007],[86.95386803500003,74.38886139500005],[86.88624108200008,74.35053131700005],[86.70053144600007,74.32054271000004],[86.71583092500003,74.30182526200008],[86.83301842500003,74.30158112200007],[86.94890384200005,74.34259674700007],[86.99105879000007,74.29608795800004],[86.96802819100003,74.27960846600007],[86.99293053500003,74.27024974200003],[87.04281660200007,74.28583405200004],[87.05005944100003,74.30630117400005],[87.00220787900008,74.35468170800004],[87.01596113400007,74.36725495000007],[87.26238040500004,74.35468170800004],[87.08008873800003,74.38996002800008],[87.06031334700003,74.40216705900008],[87.08790123800003,74.42621491100005],[87.07911217500003,74.44204336100006],[86.79590905000003,74.42357005400004],[86.76889082100007,74.44403717700004],[86.70679772200003,74.45087311400005],[86.68685957100007,74.47821686400005],[86.53549238400007,74.51235586100006],[86.78248131600003,74.56073639500005],[86.49146569100003,74.56696198100008],[86.19385826900003,74.62197500200006],[85.74040774800005,74.63589101800005],[85.86451256600003,74.67059967700004],[85.83432050900007,74.68691640800006],[85.84245853000004,74.70115794500003],[85.90015709700003,74.72329336100006],[86.01612389400003,74.71478913000004],[86.10108483200008,74.73578522300005],[86.12525475400008,74.77301666900007],[86.02833092500003,74.81395091400003],[86.09058678500003,74.82078685100004],[86.36703535200007,74.77505117400005],[86.37777754000007,74.75873444200005],[86.21338951900003,74.76557038000004],[86.32146243600005,74.70766836100006],[86.47396894600007,74.72528717700004],[86.63917076900003,74.69733307500007],[86.60499108200008,74.66315338700008],[86.68685957100007,74.65631745000007],[86.66651451900003,74.64264557500007],[86.69166100400008,74.62189362200007],[86.84213300900007,74.63027578300006],[86.95753014400003,74.60883209800005],[86.96517988400007,74.62506745000007],[86.90259850400008,74.65412018400008],[86.95386803500003,74.68366120000007],[86.79468834700003,74.68504466400003],[86.76205488400007,74.70408763200004],[86.91423587300005,74.75771719000005],[87.06373131600003,74.72528717700004],[87.08171634200005,74.77301666900007],[87.03638756600003,74.79975006700005],[87.06128991000003,74.83966705900008],[87.09717858200008,74.86212799700007],[87.38575280000003,74.94432200700004],[87.17286217500003,74.98529694200005],[87.26954186300003,75.01162344000005],[87.42628014400003,75.00580475500004],[87.47999108200008,74.98725006700005],[87.43360436300003,74.96482982000003],[87.44548587300005,74.95327383000006],[87.57406660200007,74.92967357000003],[87.59815514400003,74.93691640800006],[87.56373131600003,74.96482982000003],[87.66635175900007,74.97809479400007],[87.70606530000003,75.00482819200005],[87.68002363400007,75.01264069200005],[87.78988691500007,75.02627187700006],[87.73218834700003,75.03864166900007],[87.36475670700008,75.03994375200006],[87.26783287900008,75.07294342700004],[87.03516686300003,75.09267812700006],[86.94076582100007,75.07404205900008],[86.89861087300005,75.08771393400008],[86.93718509200005,75.12661367400005],[87.02458743600005,75.16421133000006],[87.20118248800003,75.16917552300004],[87.58790123800003,75.14301178600005],[87.95264733200008,75.10004303600005],[88.08326256600003,75.14398834800005],[88.11670983200008,75.14598216400003],[88.13941491000003,75.12872955900008],[88.16928144600007,75.15005117400005],[88.30665123800003,75.17601146000004],[88.32618248800003,75.23456452000005],[88.37134850400008,75.25531647300005],[88.51791425900007,75.28266022300005],[88.62598717500003,75.26650625200006],[88.55030358200008,75.31427643400008],[88.61166425900007,75.34422435100004],[88.81836998800003,75.36204661700003],[88.76986738400007,75.37567780200004],[88.92457116000003,75.41225820500006],[89.08521569100003,75.40302155200004],[89.05640709700003,75.42568594000005],[89.00717207100007,75.43353913000004],[88.73585045700008,75.40985748900005],[88.75717207100007,75.41665273600006],[89.13233483200008,75.45282623900005],[89.24577884200005,75.50674062700006],[89.39380944100003,75.46507396000004],[89.39519290500004,75.44896067900004],[89.70362389400003,75.44350820500006],[89.72266686300003,75.45148346600007],[89.62387129000007,75.47748444200005],[89.61280358200008,75.49237702000005],[89.63575280000003,75.50478750200006],[90.05787194100003,75.51972077000005],[90.03598066500007,75.54328034100007],[89.91456139400003,75.56069570500006],[89.95411217500003,75.57762278900003],[90.59888756600003,75.61188385600008],[90.88672936300003,75.67055898600006],[90.94410241000003,75.62588125200006],[90.97803795700008,75.62042877800008],[91.12818444100003,75.66571686400005],[91.19499759200005,75.66372304900005],[91.18620853000004,75.64280833500004],[91.21729576900003,75.63214752800008],[91.45093834700003,75.65009186400005],[91.58025149800005,75.63776276200008],[91.64210045700008,75.65436432500007],[91.64144941500007,75.68414948100008],[91.62086022200003,75.69847239800004],[91.70020592500003,75.73639557500007],[91.81202233200008,75.71662018400008],[92.22559655000003,75.75372955900008],[92.37134850400008,75.74046458500004],[92.51628665500004,75.77293528900003],[93.54981530000003,75.85301341400003],[94.05298912900008,75.91543203300006],[94.16309655000003,75.94428131700005],[94.14421634200005,75.95514557500007],[94.05298912900008,75.93060944200005],[93.74048912900008,75.90021393400008],[93.59400475400008,75.91693756700005],[93.60303795700008,75.93891022300005],[93.54607181100005,75.95343659100007],[93.44792728000004,75.90859609600005],[93.49439537900008,75.89533112200007],[93.41895592500003,75.87287018400008],[93.32016035200007,75.93744538000004],[93.25814863400007,75.95172760600008],[93.32016035200007,75.97223541900007],[93.27735436300003,75.98212311400005],[92.96404056100005,75.93060944200005],[93.10792076900003,75.91079336100006],[93.07146243600005,75.88939036700003],[93.00700931100005,75.88666413000004],[92.88819420700008,75.89647044500003],[92.90170332100007,75.91290924700007],[92.88428795700008,75.93402741100005],[92.82683353000004,75.96539948100008],[92.92920983200008,75.99266185100004],[92.91407311300003,76.02903880400004],[92.92920983200008,76.03363678600005],[92.92383873800003,76.05329010600008],[92.95248457100007,76.06683991100005],[93.04070071700005,76.07147858300004],[93.10108483200008,76.02374909100007],[93.23080488400007,76.05414459800005],[93.21949303500003,76.07062409100007],[93.12094160200007,76.09568919500003],[93.43034915500004,76.10687897300005],[93.33383222700007,76.06777578300006],[93.42204837300005,76.04730866100005],[93.38795006600003,76.02065664300005],[93.42701256600003,76.01203034100007],[93.53191165500004,76.04730866100005],[93.70394941500007,76.06159088700008],[93.76531009200005,76.04047272300005],[93.99870853000004,76.05414459800005],[93.93490644600007,76.08047109600005],[93.88160241000003,76.07367584800005],[93.78353925900007,76.10297272300005],[93.68978925900007,76.09568919500003],[93.63550866000003,76.12299225500004],[93.68580162900008,76.13226959800005],[94.10230553500003,76.12250397300005],[94.20134524800005,76.10480377800008],[94.37419681100005,76.12079498900005],[94.39478600400008,76.10871002800008],[94.38233483200003,76.09568919500003],[94.47152754000007,76.07526276200008],[94.43677819100003,76.06159088700008],[94.45948326900003,76.05170319200005],[94.59546959700003,76.06391022300005],[94.61500084700003,76.07526276200008],[94.58716881600003,76.08462148600006],[94.60434004000007,76.09955475500004],[94.73853600400008,76.11562734600005],[94.70980879000007,76.13947174700007],[94.53988691500007,76.14972565300008],[94.57276451900003,76.15997955900008],[94.83472741000003,76.14972565300008],[94.93213951900003,76.11176178600005],[95.05543053500003,76.11200592700004],[95.15333092500003,76.13222890800006],[95.25505618600005,76.12319570500006],[95.38982181100005,76.16400788000004],[95.87289472700007,76.13812897300005],[95.97510826900003,76.11420319200005],[96.13705488400007,76.10712311400005],[96.19646243600005,76.08755117400005],[96.03760826900003,76.08136627800008],[95.99293053500003,76.06159088700008],[96.07496178500003,76.04730866100005],[95.97868899800005,76.03363678600005],[96.01270592500003,76.00263092700004],[96.00489342500003,75.99335358300004],[95.85132897200003,75.97431061400005],[95.71143639400003,75.90704987200007],[95.57520592500003,75.88898346600007],[95.73951256600003,75.85643138200004],[95.82097415500004,75.91693756700005],[95.93726647200003,75.94916413000004],[96.07642662900008,75.96157461100006],[96.17310631600003,75.94989655200004],[96.34180748800003,75.97223541900007],[96.26596113400007,75.99266185100004],[96.30111738400007,75.99933502800008],[96.51856530000003,76.01577383000006],[96.54786217500003,76.00633372600004],[96.50001061300003,75.97842031500005],[96.63868248800003,75.98468659100007],[96.66456139400003,75.96539948100008],[96.43799889400003,75.87596263200004],[96.46143639400003,75.87189362200007],[96.68637129000007,75.90672435100004],[96.83521569100003,75.88898346600007],[96.83057701900003,75.91543203300006],[96.86296634200005,75.92804596600007],[96.93783613400007,75.93569570500006],[97.00261478000004,75.97524648600006],[97.25098717500003,76.04340241100005],[97.39682050900007,76.04730866100005],[97.19922936300003,75.99310944200005],[97.19874108200003,75.97581614800004],[97.24675540500004,75.95795319200005],[97.18531334700003,75.93060944200005],[97.31226647200003,75.93451569200005],[97.34229576900003,75.94428131700005],[97.31348717500003,75.95490143400008],[97.31714928500003,75.96527741100005],[97.39437910200007,75.98871491100005],[97.82390384200005,75.98810455900008],[97.84253991000003,75.99237702000005],[97.82056725400008,76.01878489800004],[97.70093834700003,76.05149974200003],[97.54835045700003,76.05414459800005],[97.71216881600003,76.09609609600005],[97.79859459700003,76.09454987200007],[97.91285241000003,76.05931224200003],[98.16138756600003,76.09080638200004],[98.21998131600003,76.10252513200004],[98.01872806100005,76.10529205900008],[97.91773522200003,76.12299225500004],[98.02759850400008,76.15717194200005],[98.11841881600003,76.14809804900005],[98.16537519600007,76.17829010600008],[98.40430748800003,76.18427155200004],[98.57618248800003,76.23163483300004],[98.81641686300003,76.26703522300005],[98.78296959700003,76.23163483300004],[98.71273847700007,76.20498281500005],[98.83692467500003,76.19814687700006],[98.93287194100003,76.22540924700007],[99.17212975400008,76.21238841400003],[99.23503665500004,76.22357819200005],[99.29558353000004,76.20498281500005],[99.20004316500007,76.17767975500004],[99.23414147200003,76.16400788000004],[99.09017988400007,76.16400788000004],[99.21436608200003,76.12995026200008],[99.57422936300003,76.15509674700007],[99.59978274800005,76.13056061400005],[99.46753991000003,76.10871002800008],[99.57618248800003,76.08148834800005],[99.55567467500003,76.06777578300006],[99.57105553500003,76.06439850500004],[99.66309655000003,76.08291250200006],[99.75489342500003,76.04901764500005],[99.76246178500003,76.03510163000004],[99.74463951900003,76.00975169500003],[99.68181399800005,75.96600983300004],[99.69166100400008,75.91376373900005],[99.67920983200003,75.87596263200004],[99.61475670700003,75.83722565300008],[99.42400149800005,75.79344310100004],[99.57064863400007,75.77973053600005],[99.61264082100007,75.78929271000004],[99.71338951900003,75.86237213700008],[99.85987389400003,75.89948151200008],[99.90235436300003,75.92719147300005],[99.91334069100003,75.95327383000006],[99.89991295700003,75.97573476800005],[99.82520592500003,76.02435944200005],[99.86890709700003,76.06997304900005],[99.87777754000007,76.09568919500003],[99.86573326900003,76.10765208500004],[99.80958092500003,76.12921784100007],[99.79835045700003,76.15619538000004],[99.64307701900003,76.19627513200004],[99.61500084700003,76.25507233300004],[99.59066816500007,76.27240631700005],[99.39486738400007,76.28001536700003],[99.31519616000003,76.34129466400003],[99.26498457100007,76.35224030200004],[99.02019290500004,76.36237213700008],[99.02019290500004,76.39948151200008],[98.92408287900008,76.44977448100008],[98.82813561300003,76.47333405200004],[98.81788170700003,76.49420807500007],[98.87476647200003,76.52094147300005],[99.50855553500003,76.46873607000003],[100.22950280000003,76.49225495000007],[100.30445397200003,76.46185944200005],[100.69336998800003,76.50657786700003],[100.85108483200003,76.54010651200008],[101.05713951900003,76.48615143400008],[101.01563561300003,76.45880768400008],[101.31617272200003,76.48395416900007],[101.41960696700005,76.46442291900007],[101.73829186300003,76.45026276200008],[101.81568444100003,76.40770091400003],[101.85971113400007,76.40058014500005],[102.24952233200003,76.38312409100007],[102.17383873800003,76.41547272300005],[101.75310306100005,76.47020091400003],[101.56364993600005,76.47308991100005],[101.52263431100005,76.48615143400008],[101.55054772200003,76.49233633000006],[101.37525475400008,76.51406484600005],[101.03598066500007,76.52020905200004],[100.87826582100007,76.55499909100007],[101.03679446700005,76.58161041900007],[101.10482832100007,76.61644114800004],[101.09115644600007,76.63007233300004],[101.12598717500003,76.67792389500005],[101.11182701900003,76.68414948100008],[101.13624108200003,76.70498281500005],[101.12598717500003,76.73261139500005],[101.18799889400003,76.73737213700008],[101.23462975400008,76.76727936400005],[100.98129316500007,76.78717682500007],[100.86410566500007,76.83803945500006],[100.89210045700003,76.86908600500004],[100.85767662900008,76.87323639500005],[100.93360436300003,76.95229726800005],[100.91928144600007,76.97589752800008],[101.05030358200003,76.99262116100005],[101.20630944100003,76.98602936400005],[101.23462975400008,77.00629303600005],[101.23804772200003,77.05097077000005],[101.16635175900007,77.06146881700005],[101.17465254000007,77.08307526200008],[101.20704186300003,77.09853750200006],[101.43197675900007,77.15900299700007],[101.58366946700005,77.22231679900005],[101.78809655000003,77.26886627800008],[102.03663170700003,77.36318594000005],[102.04314212300005,77.38060130400004],[102.07569420700003,77.39118073100008],[102.19402103000004,77.40062083500004],[102.22868899800005,77.37958405200004],[102.27076256600003,77.38056061400005],[102.56934655000003,77.50120677300004],[102.88900800900007,77.54633209800005],[102.92042076900003,77.55491771000004],[102.89926191500007,77.58226146000004],[103.19662519600007,77.65892161700003],[103.25684655000003,77.66376373900005],[103.35596764400003,77.61953359600005],[103.59253991000003,77.63157786700003],[104.02328535200007,77.73309967700004],[104.29029381600003,77.73753489800004],[104.32569420700003,77.72996653900003],[104.25749759200005,77.68528880400004],[104.28891035200007,77.67304108300004],[104.75163821700005,77.70620351800005],[104.80762780000003,77.63540273600006],[104.86687259200005,77.61298248900005],[104.98218834700003,77.58909739800004],[105.23316491000003,77.56964752800008],[105.33423912900003,77.54100169500003],[105.87370853000004,77.56858958500004],[105.83334394600007,77.54071686400005],[105.90162194100003,77.52236562700006],[105.92261803500003,77.49970123900005],[105.91000410200007,77.47601959800005],[105.98357181100005,77.43829987200007],[105.97730553500003,77.42523834800005],[106.17107181100005,77.40155670800004],[106.29200280000003,77.37002187700006],[106.21973717500003,77.35635000200006],[105.75814863400007,77.36945221600007],[105.72437584700003,77.34149811400005],[105.61426842500003,77.30170319200005],[105.43539472700007,77.27440013200004],[105.53842207100007,77.26699453300006],[105.45582116000003,77.24046458500004],[104.87867272200003,77.16742584800005],[104.60767662900008,77.15965403900003],[104.48340905000003,77.12978750200006],[104.34571373800003,77.13548411700003],[104.11963951900003,77.09564850500004],[104.14193769600007,77.08885325700004],[104.77198326900003,77.12173086100006],[104.87256920700003,77.09072500200006],[105.06674238400007,77.08881256700005],[105.19450931100005,77.11123281500005],[105.34066816500007,77.08881256700005],[105.61280358200003,77.11465078300006],[105.79704837300005,77.11261627800008],[105.92847741000003,77.14411041900007],[105.94320722700007,77.12978750200006],[105.88795006600003,77.09564850500004],[105.73707116000003,77.06146881700005],[105.78492272200003,77.04100169500003],[105.48666425900007,77.03457265800006],[105.43539472700007,77.00006745000007],[105.45053144600007,76.98358795800004],[105.66138756600003,76.98053620000007],[105.89535566500007,76.99506256700005],[106.20557701900003,77.06195709800005],[106.75538170700003,77.00116608300004],[106.77857506600003,77.00629303600005],[106.64893639400003,77.03424713700008],[106.73308353000004,77.03058502800008],[106.82984459700003,77.05467357000003],[107.01140384200005,77.02741120000007],[106.97046959700003,77.01365794500003],[107.00294030000003,77.00311920800004],[107.28581790500004,77.02057526200008],[107.23796634200005,77.00629303600005],[107.34099368600005,76.97280508000006],[107.32667076900003,76.96588776200008],[107.37191816500007,76.94627513200004],[107.49976647200003,76.92450592700004],[107.46957441500007,76.90643952000005],[107.26587975400003,76.89081452000005],[107.35466556100005,76.86908600500004],[107.22535241000003,76.85785553600005],[107.19019616000003,76.84235260600008],[107.28581790500004,76.83559804900005],[107.19019616000003,76.80145905200004],[107.08033287900003,76.80829498900005],[107.05909264400003,76.78864166900007],[107.05982506600003,76.76361725500004],[106.92554772200003,76.71279531500005],[106.72413170700003,76.71889883000006],[106.79908287900003,76.67450592700004],[106.68344160200007,76.59023672100005],[106.61231530000003,76.55963776200008],[106.54639733200003,76.56268952000005],[106.55274498800003,76.58856842700004],[106.51075280000003,76.60028717700004],[106.39665774800005,76.60431549700007],[106.36703535200007,76.57489655200004],[106.38070722700007,76.57489655200004],[106.37728925900007,76.55438873900005],[106.40015709700003,76.53461334800005],[106.38892662900003,76.52020905200004],[106.41700280000003,76.50922272300005],[106.70533287900003,76.49872467700004],[106.81983483200003,76.46893952000005],[106.91285241000003,76.50897858300004],[107.03638756600003,76.50702545800004],[107.27003014400003,76.53461334800005],[107.59156334700003,76.50503164300005],[107.84546959700003,76.53481679900005],[107.98462975400003,76.62270742400005],[107.99097741000003,76.64862702000005],[107.90211022200003,76.67108795800004],[107.94117272200003,76.71230703300006],[107.91627037900003,76.71889883000006],[107.94605553500003,76.73729075700004],[108.22494550900007,76.73940664300005],[108.32048587300005,76.72508372600004],[108.28630618600005,76.70526764500005],[108.49927819100003,76.72695547100005],[108.68482506600003,76.71645742400005],[109.04883873800003,76.74017975500004],[109.19849694100003,76.73090241100005],[109.39779707100007,76.75999583500004],[109.43091881600003,76.73940664300005],[109.60523522200003,76.73940664300005],[109.63648522200003,76.72345612200007],[109.83464603000004,76.71881745000007],[110.06137129000007,76.69159577000005],[110.35857181100005,76.75568268400008],[110.56666100400003,76.76422760600008],[110.70484459700003,76.72650788000004],[110.90609785200007,76.73012929900005],[110.94467207100007,76.73940664300005],[110.89698326900003,76.75307851800005],[110.94556725400003,76.76504140800006],[111.09034264400003,76.76227448100008],[111.13705488400007,76.74681224200003],[111.06885826900003,76.71889883000006],[111.11939537900003,76.68211497600004],[111.21045983200003,76.70888906500005],[111.55543053500003,76.68414948100008],[111.48715254000007,76.67108795800004],[111.54175866000003,76.65062083500004],[111.44556725400003,76.63007233300004],[111.48878014400003,76.61041901200008],[111.66504967500003,76.62103913000004],[111.82642662900003,76.59638092700004],[112.19906660200002,76.47186920800004],[111.82911217500003,76.34149811400005],[112.25684655000009,76.45441315300008],[112.74781334700003,76.33527252800008],[112.65837649800005,76.32225169500003],[112.73161868600005,76.28900788000004],[112.74040774800005,76.26703522300005],[112.67269941500001,76.24591705900008],[112.69263756600003,76.23163483300004],[112.61443118600005,76.22235748900005],[112.52670332100001,76.24599844000005],[112.50074303500003,76.23908112200007],[112.63347415500004,76.19269440300008],[112.77963300900001,76.19196198100008],[112.85767662900003,76.14350006700005],[112.76148522200003,76.07526276200008],[112.56967207100001,76.04730866100005],[112.96216881600003,76.06509023600006],[113.02865644600001,76.08616771000004],[113.04200280000009,76.11562734600005],[112.98731530000009,76.14350006700005],[113.05933678500003,76.16376373900005],[113.14747155000009,76.16254303600005],[113.30274498800009,76.11562734600005],[113.25611412900003,76.15924713700008],[113.28907311300009,76.17084381700005],[113.02507571700005,76.21015045800004],[112.97169030000009,76.22370026200008],[112.93213951900009,76.25958893400008],[113.13062584700003,76.25336334800005],[113.25928795700008,76.26642487200007],[113.29590905000009,76.24591705900008],[113.22689863400001,76.22540924700007],[113.24122155000009,76.20498281500005],[113.35889733200008,76.21133047100005],[113.45972741000003,76.14838288000004],[113.44019616000003,76.08738841400003],[113.45281009200005,76.04132721600007],[113.54908287900003,76.02065664300005],[113.50074303500003,75.98582591400003],[113.55591881600003,75.97223541900007],[113.53199303500003,75.95404694200005],[113.43978925900001,75.94428131700005],[113.52116946700005,75.93060944200005],[113.56275475400003,75.89647044500003],[113.55591881600003,75.87596263200004],[113.48080488400001,75.85553620000007],[113.65211022200003,75.87596263200004],[113.61744225400003,75.92377350500004],[113.70337975400003,75.93060944200005],[113.75977623800009,75.91815827000005],[113.78093509200005,75.93927643400008],[113.85816491000003,75.91079336100006],[113.82837975400003,75.89496491100005],[113.89014733200008,75.85398997600004],[113.83716881600003,75.79751211100006],[113.83716881600003,75.77358633000006],[113.72046959700003,75.67055898600006],[113.72046959700003,75.61933014500005],[113.69166100400003,75.59349192900004],[113.57211347700002,75.56574127800008],[113.55591881600003,75.54022858300004],[113.42611738400001,75.54022858300004],[113.58155358200008,75.62140534100007],[113.61744225400003,75.65623607000003],[113.26124108200008,75.69354889500005],[113.06755618600005,75.68349844000005],[113.12891686300009,75.69432200700004],[113.13754316500001,75.71149323100008],[112.55909264400009,75.85130442900004],[112.33692467500009,75.84808991100005],[112.45948326900009,75.82294342700004],[112.51775149800005,75.77374909100007],[112.66537519600001,75.77167389500005],[112.82292728000004,75.73883698100008],[112.87061608200008,75.71149323100008],[112.82520592500009,75.68622467700004],[112.76880944100003,75.70282623900005],[112.74781334700003,75.69847239800004],[112.87810306100005,75.64667389500005],[112.85889733200008,75.61542389500005],[112.78882897200003,75.58860911700003],[112.81364993600005,75.55731842700004],[113.03549238400001,75.55304596600007],[112.99350019600001,75.58860911700003],[112.99301191500001,75.60984935100004],[113.26742597700002,75.65110911700003],[113.29517662900003,75.64496491100005],[113.30941816500001,75.61591217700004],[113.25489342500009,75.57436758000006],[113.29053795700008,75.55052317900004],[113.53638756600003,75.50657786700003],[113.63770592500009,75.52407461100006],[113.70337975400003,75.47134023600006],[113.72046959700003,75.40985748900005],[113.63428795700008,75.42169830900008],[113.54908287900003,75.40643952000005],[113.53565514400009,75.39012278900003],[113.65365644600001,75.38434479400007],[113.67066491000003,75.36888255400004],[113.60523522200003,75.28497955900008],[113.36304772200003,75.18553294500003],[113.01156660200002,75.06761302300004],[112.99317467500009,75.03949616100005],[112.87964928500003,74.99290599200003],[112.51384524800005,74.92153554900005],[112.14682050900001,74.87836334800005],[112.09197024800005,74.85700104400007],[112.09669030000009,74.82762278900003],[112.05648847700002,74.78949616100005],[111.95346113400007,74.77179596600007],[111.91114342500003,74.73826732000003],[111.95264733200003,74.73143138200004],[111.77230879000007,74.66852448100008],[111.46583092500003,74.69733307500007],[111.40284264400003,74.69110748900005],[111.11670983200003,74.60789622600004],[110.98617597700007,74.59422435100004],[111.05209394600007,74.57916901200008],[110.96021569100003,74.54848867400005],[110.81495201900003,74.53900788000004],[110.55713951900003,74.48110586100006],[110.33155358200003,74.49616120000007],[110.28052819100003,74.47821686400005],[110.35230553500003,74.47138092700004],[110.38982181100005,74.45087311400005],[110.36255944100003,74.41828034100007],[110.21208743600005,74.37238190300008],[109.99952233200003,74.37372467700004],[109.95118248800003,74.33698151200008],[109.79761803500003,74.31439850500004],[109.78028405000003,74.32802969000005],[109.56120853000004,74.31370677300004],[109.64234459700003,74.28921133000006],[109.94263756600003,74.30776601800005],[109.97950280000003,74.29633209800005],[109.91285241000003,74.21161530200004],[109.79688561300003,74.16168854400007],[109.59888756600003,74.11969635600008],[109.48145592500003,74.07721588700008],[109.17953535200007,74.05744049700007],[108.99610436300003,74.01557038000004],[108.90105228000004,73.96491120000007],[108.82227623800003,73.95551178600005],[108.62427819100003,73.87250397300005],[108.55079186300003,73.81183502800008],[108.43775475400003,73.82025788000004],[108.49170983200003,73.77252838700008],[108.39795983200003,73.75433991100005],[108.06657962300005,73.63532135600008],[108.09449303500003,73.66266510600008],[108.03679446700005,73.67723216400003],[107.74870853000004,73.61204661700003],[107.37452233200003,73.63532135600008],[107.14682050900007,73.61766185100004],[107.10132897200003,73.57387929900005],[107.16968834700003,73.55341217700004],[106.88160241000003,73.44354889500005],[106.83130944100003,73.37474192900004],[106.78541100400003,73.34052155200004],[106.64795983200003,73.30670807500007],[106.49805748800003,73.32623932500007],[106.39503014400003,73.31317780200004],[106.23243248800003,73.32282135600008],[106.06275475400003,73.27301666900007],[106.04558353000004,73.25482819200005],[106.04810631600003,73.20262278900003],[106.00928795700003,73.15509674700007],[105.87370853000004,73.11456940300008],[105.85328209700003,73.09479401200008],[105.84669030000003,73.01447174700007],[105.83383222700007,73.00226471600007],[105.75147545700003,72.97650788000004],[105.62794030000003,72.90167877800008],[105.35417728000004,72.83144765800006],[105.29004967500003,72.80027903900003],[105.06674238400007,72.78558991100005],[105.07300866000003,72.76508209800005],[105.48259524800005,72.76813385600008],[105.67628014400003,72.81537506700005],[105.78744550900007,72.86994049700007],[105.93067467500003,72.88857656500005],[106.00228925900007,72.94696686400005],[106.03636787600004,72.95252154100007],[106.11787128200007,72.94115373500006],[106.13704892100003,72.91085353800008],[106.40912786600006,72.87161699500007],[106.55844228600006,72.86711191100005],[106.65713469900004,72.83195297000003],[106.82329401400006,72.82561377700006],[107.10326271700006,72.85640581500007],[106.97107975700004,72.88328339200007],[106.62049847900005,72.89602559100007],[106.25463976700007,72.96719950600004],[106.21656334700003,72.98574453300006],[106.17562910200007,73.09438711100006],[106.21680748800003,73.14411041900007],[106.28248131600003,73.15322500200006],[106.35987389400003,73.19428131700005],[106.77556399800005,73.14101797100005],[106.89991295700003,73.14468008000006],[107.03589928500003,73.18219635600008],[107.32740319100003,73.15839264500005],[107.49293053500003,73.17308177300004],[107.72234134200005,73.16852448100008],[107.83432050900007,73.18280670800004],[107.96607506600003,73.23102448100008],[108.09164472700007,73.24640534100007],[108.31666100400003,73.22158437700006],[108.37484785200007,73.23240794500003],[108.39616946700005,73.25787995000007],[108.36524498800003,73.27562083500004],[108.19752037900003,73.27903880400004],[108.24122155000003,73.30072663000004],[108.39332116000003,73.31732819200005],[108.53891035200007,73.31069570500006],[108.68482506600003,73.33982982000003],[108.92302493600005,73.35040924700007],[109.22120201900003,73.38711172100005],[109.25269616000003,73.40253327000005],[109.25489342500003,73.42023346600007],[109.20492597700007,73.44354889500005],[109.20923912900003,73.46881745000007],[109.39616946700005,73.41364166900007],[109.43490644600007,73.42670319200005],[109.43083743600005,73.45221588700008],[109.33464603000004,73.48444245000007],[109.18018639400003,73.51019928600005],[109.17017662900003,73.53969961100006],[109.19361412900003,73.55166250200006],[109.51205488400007,73.45750560100004],[109.71387780000003,73.45258209800005],[110.10377037900003,73.51605866100005],[110.15699303500003,73.54588450700004],[110.08936608200003,73.55955638200004],[110.12427819100003,73.58030833500004],[110.42457116000003,73.60736725500004],[110.39722741000003,73.61481354400007],[110.42261803500003,73.63979726800005],[110.47055097700007,73.64935944200005],[110.89861087300005,73.68585846600007],[110.92481530000003,73.70416901200008],[110.87647545700003,73.73460521000004],[110.91797936300003,73.76561107000003],[110.66374759200005,73.78725820500006],[110.28687584700003,73.70575592700004],[109.79957116000003,73.70506419500003],[109.75228925900007,73.68309153900003],[109.78711998800003,73.66885000200006],[109.73747806100005,73.66168854400007],[109.61280358200003,73.70807526200008],[109.53109785200007,73.77529531500005],[109.53565514400003,73.82123444200005],[109.55762780000003,73.83397044500003],[109.81983483200003,73.87726471600007],[109.88672936300003,73.96088288000004],[110.02149498800003,74.01447174700007],[110.30005944100003,74.01911041900007],[110.58082116000003,73.99140045800004],[110.95899498800003,73.90863678600005],[111.10303795700003,73.95001862200007],[111.06763756600003,73.97992584800005],[111.09620201900003,74.01788971600007],[111.12623131600003,74.03046295800004],[111.53646894600007,74.05117422100005],[111.58220462300005,74.02570221600007],[111.56128991000003,74.00885651200008],[111.38160241000003,73.98822663000004],[111.25440514400003,74.00067780200004],[111.19849694100003,73.97793203300006],[111.2951766289982,73.86912669494097],[111.43555748800003,73.81256745000007],[111.80372155000003,73.74420807500007],[112.14722741000003,73.70795319200005],[112.37183678500003,73.70530833500004],[112.82146243600005,73.74681224200003],[112.94532311300009,73.79047272300005],[112.95948326900009,73.80658600500004],[112.93458092500009,73.88231028900003],[112.82292728000004,73.95746491100005],[112.82292728000004,73.99843984600005],[112.84693444100003,73.99453359600005],[112.94605553500003,73.94009023600006],[113.13135826900009,73.88231028900003],[113.15870201900009,73.84446849200003],[113.27670332100001,73.75397370000007],[113.39551842500009,73.68577708500004],[113.42790774800005,73.63397858300004],[113.42269941500001,73.59064362200007],[113.29265384200005,73.56976959800005],[113.13135826900009,73.44969310100004],[113.20639082100001,73.42645905200004],[113.27230879000001,73.37518952000005],[113.49830162900003,73.33588288000004],[113.49301191500001,73.28978099200003],[113.50806725400003,73.24428945500006],[113.48707116000003,73.16982656500005],[113.52116946700005,73.10398997600004],[113.45525149800005,72.99310944200005],[113.48707116000003,72.96369049700007],[113.31153405000009,72.89370351800005],[113.11768639400009,72.86066315300008],[113.09717858200008,72.84080638200004],[113.10450280000009,72.82196686400005],[113.17042076900009,72.78034088700008],[113.17725670700008,72.73297760600008],[113.26368248800009,72.68903229400007],[113.49724368600005,72.64524974200003],[114.09034264400009,72.60065338700008],[114.04216556100005,72.62067291900007],[113.39096113400001,72.68060944200005],[113.23804772200003,72.73541901200008],[113.21583092500009,72.77558014500005],[113.15821373800009,72.82269928600005],[113.18043053500003,72.84906647300005],[113.25766035200002,72.87881094000005],[113.35352623800009,72.89126211100006],[113.51685631600003,72.95294830900008],[113.54224694100003,72.97736237200007],[113.51921634200005,73.01703522300005],[113.53093509200005,73.04840729400007],[113.60059655000009,73.10398997600004],[113.59913170700008,73.12787506700005],[113.52930748800009,73.18268463700008],[113.53174889400009,73.21385325700004],[113.56234785200002,73.25340403900003],[113.72413170700008,73.32062409100007],[113.85254967500009,73.31411367400005],[114.03581790500004,73.34731679900005],[113.99024498800009,73.36054108300004],[113.84359785200002,73.34731679900005],[113.77507571700005,73.35614655200004],[113.53541100400003,73.43984609600005],[113.46656334700003,73.50495026200008],[113.91504967500009,73.53583405200004],[114.10914147200003,73.59955475500004],[114.67465254000001,73.59259674700007],[114.85352623800009,73.60887278900003],[115.11158287900003,73.67511627800008],[115.41309655000009,73.71039459800005],[116.17286217500009,73.67572663000004],[116.60287519600001,73.67479075700004],[117.05982506600003,73.61522044500003],[117.44385826900009,73.58877187700006],[118.45020592500009,73.58877187700006],[118.79053795700008,73.55597565300008],[118.99756920700008,73.49135976800005],[118.88257897200003,73.45189036700003],[118.73796634200005,73.45994700700004],[118.70655358200008,73.44391510600008],[118.62631269600001,73.45718008000006],[118.57618248800009,73.48627350500004],[118.46713300900001,73.47809479400007],[118.43311608200008,73.44993724200003],[118.37183678500003,73.43170807500007],[118.34644616000003,73.40253327000005],[118.42839603000004,73.37466054900005],[118.37305748800009,73.34023672100005],[118.37940514400009,73.31415436400005],[118.35328209700003,73.28241608300004],[118.39421634200005,73.23802317900004],[118.46241295700008,73.20941803600005],[118.91765384200005,73.11953359600005],[119.08822675900001,73.10639069200005],[119.25245201900009,73.07318756700005],[119.36670983200008,73.07908763200004],[119.53451582100001,73.05524323100008],[119.59294681100005,73.00287506700005],[119.68539472700002,72.99469635600008],[119.72250410200002,72.95892975500004],[120.53370201900009,72.87421295800004],[120.57349694100003,72.88861725500004],[119.84156334700003,72.95685455900008],[119.77833092500009,72.98480866100005],[119.76384524800005,73.00828685100004],[119.78337649800005,73.01801178600005],[120.23121178500003,72.98627350500004],[120.65601647200003,72.97736237200007],[120.82496178500003,72.94745514500005],[121.05469811300009,72.93178945500006],[121.38819420700008,72.97606028900003],[121.73487389400009,72.95831940300008],[121.79135175900001,72.97687409100007],[121.96371504000001,72.96369049700007],[121.92351321700005,72.92584870000007],[122.04330488400001,72.89154694200005],[122.42310631600003,72.87498607000003],[122.53419030000009,72.83901601800005],[122.73218834700003,72.82656484600005],[122.30827884200005,72.94135163000004],[122.35987389400009,72.95018138200004],[122.84310957100001,72.87250397300005],[122.95337975400003,72.89154694200005],[122.43043053500003,72.98480866100005],[122.50505618600005,72.99103424700007],[122.46469160200002,73.01898834800005],[122.61378014400009,73.03095123900005],[122.85914147200003,72.99848053600005],[122.88998457100001,72.95868561400005],[123.13795006600003,72.91803620000007],[123.23454837300005,72.93471914300005],[123.34864342500009,72.98798248900005],[123.31430097700002,73.02578359600005],[123.40040123800009,73.09320709800005],[123.42009524800005,73.09955475500004],[123.45045006600003,73.07465241100005],[123.46794681100005,73.07957591400003],[123.46941165500004,73.10626862200007],[123.39730879000001,73.12164948100008],[123.37582441500001,73.15550364800004],[123.40088951900009,73.17430247600004],[123.54712975400003,73.19708893400008],[123.51295006600003,73.17597077000005],[123.58529707100001,73.16034577000005],[123.66382897200003,73.16982656500005],[123.60922285200002,73.18280670800004],[123.67066491000003,73.20331452000005],[123.53858483200008,73.22040436400005],[123.47950280000009,73.25787995000007],[123.50098717500009,73.25787995000007],[123.50261478000004,73.27464427300004],[123.39625084700003,73.29266998900005],[123.33179772200003,73.35073476800005],[123.41334069100003,73.39093659100007],[123.25033613400001,73.39297109600005],[123.21810957100001,73.40875885600008],[123.30746504000001,73.42645905200004],[123.25977623800009,73.45718008000006],[123.28191165500004,73.46417877800008],[123.33334394600001,73.46385325700004],[123.39722741000003,73.43235911700003],[123.41732832100001,73.44354889500005],[123.36109459700003,73.48358795800004],[123.28638756600003,73.50495026200008],[123.29395592500009,73.51862213700008],[123.24610436300009,73.54588450700004],[123.26644941500001,73.56391022300005],[123.36963951900009,73.55955638200004],[123.31430097700002,73.59438711100006],[123.42416425900001,73.58071523600006],[123.37582441500001,73.62164948100008],[123.38770592500009,73.64272695500006],[123.36963951900009,73.66266510600008],[123.51254316500001,73.68720123900005],[123.59131920700008,73.71698639500005],[123.62907962300005,73.69672272300005],[123.57447350400003,73.67625560100004],[123.59498131600003,73.66885000200006],[123.56169681100005,73.64337799700007],[123.65699303500003,73.63532135600008],[123.60181725400003,73.61481354400007],[123.64551842500009,73.60297272300005],[123.88575280000009,73.62360260600008],[123.88965905000009,73.63532135600008],[123.97380618600005,73.62702057500007],[123.99952233200008,73.64150625200006],[123.92139733200008,73.66876862200007],[123.90528405000009,73.70042552300004],[123.90349368600005,73.71723053600005],[123.93140709700003,73.74518463700008],[123.87671959700003,73.77252838700008],[123.98601321700005,73.75885651200008],[124.05494225400003,73.72406647300005],[123.99284915500004,73.69057851800005],[124.05958092500009,73.68480052300004],[124.09449303500003,73.68817780200004],[124.12964928500003,73.71898021000004],[124.21900475400003,73.72426992400005],[124.23926842500009,73.73460521000004],[124.23951256600003,73.75958893400008],[124.30640709700003,73.77472565300008],[124.33619225400003,73.80483633000006],[124.38306725400003,73.80638255400004],[124.40430748800009,73.79238515800006],[124.37029056100005,73.78611888200004],[124.48633873800009,73.77871328300006],[124.61158287900003,73.73745351800005],[124.69548587300005,73.74213288000004],[124.69174238400001,73.71723053600005],[124.72592207100001,73.70840078300006],[124.85621178500003,73.72406647300005],[124.83570397200003,73.70416901200008],[124.90772545700008,73.69057851800005],[124.92994225400003,73.66718170800004],[124.97974694100003,73.67625560100004],[124.98658287900003,73.62787506700005],[125.04330488400001,73.64101797100005],[125.05909264400009,73.65965403900003],[125.04802493600005,73.68309153900003],[125.12720787900003,73.68817780200004],[125.13746178500003,73.70416901200008],[125.16529381600003,73.66885000200006],[125.15105228000004,73.65574778900003],[125.21241295700008,73.64891185100004],[125.17774498800009,73.62164948100008],[125.21387780000009,73.61615631700005],[125.17156009200005,73.57729726800005],[125.19752037900003,73.55093008000006],[125.23292076900009,73.56704336100006],[125.24626712300005,73.54401276200008],[125.28679446700005,73.53912995000007],[125.33350670700008,73.55198802300004],[125.36491946700005,73.58270905200004],[125.36557050900001,73.56879303600005],[125.39893639400009,73.55560944200005],[125.43962649800005,73.57387929900005],[125.47584069100003,73.55947500200006],[125.45264733200008,73.54588450700004],[125.55502363400001,73.54588450700004],[125.65186608200008,73.52545807500007],[125.62330162900003,73.50495026200008],[125.64437910200002,73.49811432500007],[125.53825931100005,73.47451406500005],[125.52100670700008,73.45718008000006],[125.57496178500003,73.42300039300005],[125.56251061300009,73.40875885600008],[125.62322024800005,73.41998932500007],[125.63038170700008,73.43423086100006],[125.60352623800009,73.44969310100004],[125.63868248800009,73.45819733300004],[125.76107832100001,73.47040436400005],[125.80176842500009,73.45229726800005],[125.87663821700005,73.46059804900005],[125.81576582100001,73.49135976800005],[125.90455162900003,73.51862213700008],[125.91846764400009,73.53969961100006],[125.97282962300005,73.53229401200008],[125.95679772200003,73.46893952000005],[125.91187584700003,73.43610260600008],[125.94117272200003,73.42829010600008],[126.00440514400009,73.45404694200005],[126.02051842500009,73.47768789300005],[126.00554446700005,73.49896881700005],[126.01400800900001,73.50869375200006],[126.28809655000009,73.55727773600006],[126.40479576900009,73.51239655200004],[126.38119550900001,73.49030182500007],[126.39112389400009,73.46401601800005],[126.32911217500009,73.42987702000005],[126.29574629000001,73.45180898600006],[126.23910566500001,73.44261302300004],[126.17074629000001,73.45929596600007],[126.15162194100003,73.43610260600008],[126.20777428500003,73.42926666900007],[126.25456790500004,73.40253327000005],[126.15845787900003,73.38149648600006],[126.41968834700003,73.40949127800008],[126.45313561300009,73.39508698100008],[126.43213951900009,73.37466054900005],[126.49415123800009,73.37173086100006],[126.54883873800009,73.34731679900005],[126.58969160200002,73.29580312700006],[126.56104576900009,73.26943594000005],[126.56519616000003,73.23346588700008],[126.65870201900009,73.30263906500005],[126.56299889400009,73.38149648600006],[126.63990319100003,73.38117096600007],[126.65870201900009,73.38890208500004],[126.66553795700008,73.42645905200004],[126.73015384200005,73.44415924700007],[126.76172936300009,73.43870677300004],[126.78467858200008,73.39142487200007],[126.82878665500004,73.38861725500004],[126.84302819100003,73.40875885600008],[126.83318118600005,73.44013092700004],[126.93238366000003,73.42987702000005],[126.90503991000003,73.45718008000006],[126.91773522200003,73.50429922100005],[126.83008873800009,73.51862213700008],[126.89665774800005,73.53929271000004],[127.05046634200005,73.54901764500005],[127.45085696700005,73.49070872600004],[127.98755944100003,73.47085195500006],[127.89942467500009,73.43610260600008],[128.07691491000003,73.40566640800006],[127.96021569100003,73.34731679900005],[128.18336022200003,73.36098867400005],[128.24537194100003,73.34650299700007],[128.3403426440001,73.36102936400005],[128.36491946700005,73.35415273600006],[128.3027449880001,73.31590403900003],[128.30974368600005,73.29889557500007],[128.23462975400003,73.26536692900004],[128.325531446,73.26756419500003],[128.43930097700002,73.23627350500004],[128.5703231130001,73.26536692900004],[128.65943444100003,73.26129791900007],[128.7744246750001,73.22793203300006],[128.8925887380001,73.21698639500005],[128.8447371750001,73.18964264500005],[128.93531334700003,73.19586823100008],[128.9692488940001,73.17739492400005],[128.95679772200003,73.15387604400007],[128.850922071,73.15550364800004],[128.8642684250001,73.11615631700005],[128.7773543630001,73.07078685100004],[128.8427840500001,73.07477448100008],[128.93311608200008,73.11273834800005],[129.06617272200003,73.12767161700003],[129.226007547,73.09774682400007],[129.4435084910001,73.02894424900006],[129.4789311400001,72.97923984400006],[129.441314949,72.94944174500006],[129.35961841800008,72.94001176500007],[128.92751877400008,72.98015820800003],[128.29078209700003,72.90863678600005],[128.2402449880001,72.88963450700004],[128.21355228000004,72.86066315300008],[128.24293053500003,72.83661530200004],[128.22803795700008,72.81948476800005],[128.129242384,72.78607819200005],[128.35564212300005,72.79393138200004],[129.35808353000004,72.70302969000005],[129.22779381600003,72.68789297100005],[129.19361412900003,72.66889069200005],[129.22144616000003,72.66205475500004],[129.19841556100005,72.65517812700006],[128.86882571700005,72.67820872600004],[128.6626082690001,72.70990631700005],[128.51978600400003,72.70441315300008],[128.47917728000004,72.72455475500004],[128.39600670700008,72.67316315300008],[127.90544681100005,72.66714101800005],[127.99382571700005,72.62457916900007],[128.188324415,72.56781647300005],[128.6113387380001,72.48273346600007],[128.83936608200008,72.46507396000004],[129.11736087300005,72.48151276200008],[129.2583113940001,72.46393463700008],[129.27418053500003,72.44696686400005],[129.24195397200003,72.41567617400005],[129.368500196,72.39736562700006],[129.48902428500003,72.35419342700004],[129.46794681100005,72.34674713700008],[129.50074303500003,72.33246491100005],[129.485199415,72.31720612200007],[129.34009850400003,72.30508047100005],[129.33375084700003,72.28554922100005],[129.35808353000004,72.27789948100008],[129.35759524800005,72.26288483300004],[129.52165774800005,72.24941640800006],[129.56413821700005,72.23065827000005],[129.54509524800005,72.21710846600007],[129.46794681100005,72.21702708500004],[129.24195397200003,72.13446686400005],[129.45875084700003,72.14158763200004],[129.48902428500003,72.12763092700004],[129.33326256600003,72.09105052300004],[129.219574415,72.08608633000006],[129.12769616000003,72.10053131700005],[129.04802493600005,72.07684967700004],[128.9340926440001,72.07298411700003],[128.77491295700008,72.14813873900005],[128.49431399800005,72.20278554900005],[128.4941512380001,72.22016022300005],[128.56950931100005,72.24371979400007],[128.52881920700008,72.25934479400007],[128.149750196,72.31663646000004],[127.85889733200008,72.42914459800005],[127.66578209700003,72.43008047100005],[127.86443118600005,72.33246491100005],[127.74708092500009,72.32562897300005],[127.78012129000001,72.30630117400005],[127.91211998800009,72.29148997600004],[128.10271243600005,72.23379140800006],[128.19214928500003,72.22833893400008],[128.249359571,72.20482005400004],[128.30982506600003,72.15143463700008],[128.44166100400003,72.10028717700004],[128.45337975400003,72.09292226800005],[128.44320722700002,72.04173411700003],[128.45337975400003,72.02399323100008],[128.4887801440001,72.02147044500003],[128.52808678500003,71.97980377800008],[128.6235457690001,71.96259186400005],[128.66976972700002,71.89350006700005],[128.66391035200002,71.86298248900005],[128.7837020190001,71.82705312700006],[128.926605665,71.73875560100004],[129.13949629,71.78392161700003],[129.183929884,71.80927155200004],[129.18930097700002,71.83274974200003],[129.09693444100003,71.90790436400005],[129.067230665,71.96662018400008],[129.022797071,72.00409577000005],[129.04118899800005,72.01878489800004],[129.28687584700003,71.88349030200004],[129.30347741000003,71.86420319200005],[129.29476972700002,71.83185455900008],[129.309906446,71.80418528900003],[129.54371178500003,71.72296784100007],[129.4863387380001,71.71942780200004],[129.30543053500003,71.76089101800005],[129.09498131600003,71.71214427300004],[128.90772545700008,71.70815664300005],[128.83033287900003,71.67914459800005],[128.82048587300005,71.65810781500005],[128.87525475400003,71.59674713700008],[129.14576256600003,71.61310455900008],[129.24870853000004,71.54987213700008],[129.235687696,71.49701569200005],[129.31430097700002,71.46600983300004],[129.39210045700008,71.34682851800005],[129.46314537900003,71.30703359600005],[129.65259850400003,71.26089101800005],[129.711761915,71.21723053600005],[129.71859785200002,71.17096588700008],[129.7627059250001,71.14760976800005],[129.70777428500003,71.10968659100007],[129.62623131600003,71.08612702000005],[129.8657332690001,71.11041901200008],[129.940765821,71.09296295800004],[129.9204207690001,71.06565989800004],[130.080414259,71.08344147300005],[130.160492384,71.05198802300004],[130.16236412900003,71.02216217700004],[130.2216903000001,70.99363841400003],[130.2158309250001,70.97943756700005],[130.167328321,70.96881745000007],[130.4677840500001,70.92670319200005],[130.49634850400003,70.88690827000005],[130.61988366000003,70.86640045800004],[130.69947350400003,70.88788483300004],[130.72234134200005,70.96259186400005],[130.768890821,70.97752513200004],[130.8261824880001,70.92267487200007],[130.84262129,70.88031647300005],[130.89079837300005,70.84528229400007],[130.88843834700003,70.76276276200008],[131.0420028000001,70.73875560100004],[131.22632897200003,70.75023021000004],[131.39429772200003,70.80731842700004],[131.54615319100003,70.88711172100005],[131.77076256600003,71.09979889500005],[131.76140384200005,71.13519928600005],[131.86589603000004,71.14887116100005],[131.86784915500004,71.17255280200004],[131.826508009,71.18231842700004],[131.850922071,71.20819733300004],[131.98951256600003,71.22947825700004],[132.188324415,71.21588776200008],[131.9419051440001,71.26740143400008],[131.9492293630001,71.29295482000003],[132.039886915,71.38890208500004],[132.049164259,71.43024323100008],[132.1064559250001,71.51752350500004],[132.2641707690001,71.68203359600005],[132.53931725400003,71.88361237200007],[132.7177840500001,71.94623444200005],[132.91386449900006,71.94757041200006],[133.06627440400007,71.97129071500007],[133.17918312200004,71.95812321200003],[133.341360795,71.88626482800004],[133.35400272700008,71.83395965500006],[133.30271856600007,71.88039217600004],[133.1564147480001,71.94017086900004],[133.031344913,71.95509862600005],[132.9392477140001,71.93468056400008],[132.9323221300001,71.91121248200005],[132.79639493700006,71.91092230600003],[132.77530487900003,71.87981472900003],[132.8131284110001,71.83146995300007],[132.71509850400003,71.81069570500006],[132.7148543630001,71.77680084800005],[132.72966556100005,71.76923248900005],[132.98521604400003,71.71971724200006],[133.07992597700002,71.64256419500003],[133.1001082690001,71.60687897300005],[133.15162194100003,71.57916901200008],[133.426117384,71.48997630400004],[133.65007571700005,71.43650950700004],[133.9087020190001,71.39940013200004],[134.16765384200005,71.37079498900005],[134.489105665,71.37685781500005],[134.585297071,71.40582916900007],[134.73902428500003,71.36798737200007],[134.73755944100003,71.34682851800005],[134.65064537900003,71.29730866100005],[134.66863040500004,71.26430898600006],[134.69556725400003,71.30866120000007],[134.7700301440001,71.36692942900004],[134.69654381600003,71.42133209800005],[134.77849368600005,71.42877838700008],[134.7797957690001,71.46076080900008],[134.81023196700005,71.48183828300006],[135.03296959700003,71.53912995000007],[135.11866295700008,71.51577383000006],[135.207367384,71.55223216400003],[135.319672071,71.53119538000004],[135.42335045700008,71.53119538000004],[135.41138756600003,71.54800039300005],[135.3408309250001,71.56590403900003],[135.4218856130001,71.59296295800004],[135.6215926440001,71.62311432500007],[135.98511803500003,71.63483307500007],[136.30347741000003,71.58299388200004],[136.4438582690001,71.57587311400005],[136.51636803500003,71.55849844000005],[136.5127059250001,71.51752350500004],[136.5556746750001,71.50922272300005],[136.5468856130001,71.47654857000003],[136.6621199880001,71.52875397300005],[136.77458743600005,71.52342357000003],[136.88941491000003,71.46222565300008],[137.27466881600003,71.38523997600004],[137.23894290500004,71.36733633000006],[137.2841903000001,71.35956452000005],[137.35564212300005,71.37417226800005],[137.40349368600005,71.35366445500006],[137.4921981130001,71.34682851800005],[137.44499759200005,71.31293366100005],[137.4853621750001,71.29840729400007],[137.40349368600005,71.28473541900007],[137.53248131600003,71.24567291900007],[137.6157332690001,71.24725983300004],[137.70492597700002,71.28473541900007],[137.6709090500001,71.25063711100006],[137.7392684250001,71.25063711100006],[137.6923934250001,71.22093333500004],[137.52613366000003,71.22028229400007],[137.766449415,71.16803620000007],[137.76433353000004,71.14223867400005],[137.8129988940001,71.11961497600004],[137.8593856130001,71.12303294500003],[137.909515821,71.14911530200004],[137.9726668630001,71.14077383000006],[137.944672071,71.12710195500006],[137.977386915,71.11896393400008],[138.07439212300005,71.13397858300004],[137.9941512380001,71.19061920800004],[137.91041100400003,71.19537995000007],[137.9179793630001,71.20282623900005],[137.8422957690001,71.18231842700004],[137.84750410200002,71.20473867400005],[137.7392684250001,71.22947825700004],[137.831390821,71.25389232000003],[137.96949303500003,71.22528717700004],[138.067230665,71.22492096600007],[138.10377037900003,71.24876536700003],[138.1840926440001,71.24542877800008],[138.23951256600003,71.27789948100008],[137.99244225400003,71.29218170800004],[137.9961043630001,71.30219147300005],[138.15007571700005,71.33270905200004],[138.26685631600003,71.31297435100004],[138.36296634200005,71.31891510600008],[138.3046981130001,71.33934153900003],[138.00953209700003,71.33934153900003],[137.93091881600003,71.36050039300005],[137.9658309250001,71.38031647300005],[137.88656660200002,71.36733633000006],[137.8286238940001,71.38715241100005],[138.014984571,71.47361888200004],[138.03858483200008,71.55874258000006],[138.0986434250001,71.58144765800006],[138.50025475400003,71.61310455900008],[138.40398196700005,71.57953522300005],[138.43816165500004,71.53864166900007],[138.5771590500001,71.55194733300004],[138.59498131600003,71.58319733300004],[138.55486087300005,71.60687897300005],[138.67701256600003,71.64386627800008],[138.75603274800005,71.64301178600005],[138.8769637380001,71.60004303600005],[139.04509524800005,71.56903717700004],[139.089203321,71.49017975500004],[139.15805097700002,71.44863515800006],[139.11646569100003,71.42877838700008],[139.192230665,71.41510651200008],[139.34636478000004,71.42182038000004],[139.4433699880001,71.49510325700004],[139.58765709700003,71.49510325700004],[139.7177840500001,71.45734284100007],[139.85670006600003,71.49359772300005],[140.0332137380001,71.47211334800005],[140.02556399800005,71.49188873900005],[139.979828321,71.50385163000004],[140.0009871750001,71.52496979400007],[139.83619225400003,71.58954498900005],[139.73454837300005,71.67218659100007],[139.69939212300005,71.76459381700005],[139.7080184250001,71.77700429900005],[139.6919051440001,71.79181549700007],[139.74341881600003,71.84487539300005],[139.80925540500004,71.86078522300005],[139.710297071,71.87091705900008],[139.57390384200005,71.93292877800008],[139.33619225400003,71.94953034100007],[139.42847741000003,71.96320221600007],[139.63453209700003,71.95453522300005],[139.6821395190001,71.96967194200005],[139.712250196,71.99795156500005],[139.701508009,72.05931224200003],[139.715668165,72.08295319200005],[139.83155358200008,72.13764069200005],[139.87419681100005,72.17816803600005],[140.02759850400003,72.14874909100007],[140.13209069100003,72.15387604400007],[140.21949303500003,72.18634674700007],[140.19711347700002,72.21381256700005],[139.56072024800005,72.23200104400007],[139.43238366000003,72.18284739800004],[139.55591881600003,72.17544179900005],[139.53296959700003,72.16429271000004],[139.25668379,72.17902252800008],[139.28044681100005,72.15253327000005],[139.34986412900003,72.13446686400005],[139.19157962300005,72.16266510600008],[139.09636478000004,72.22654857000003],[139.09400475400003,72.24823639500005],[139.16675866000003,72.32778554900005],[139.32878665500004,72.42251211100006],[139.38404381600003,72.42869700700004],[139.54175866000003,72.49762604400007],[139.8447371750001,72.50299713700008],[140.0727645190001,72.47923411700003],[140.576508009,72.49632396000004],[140.87777754,72.53774648600006],[140.9340926440001,72.56777578300006],[141.11085045700008,72.58698151200008],[140.9326278000001,72.60065338700008],[140.98796634200005,72.63471100500004],[140.9804793630001,72.64223867400005],[141.01099694100003,72.66840241100005],[141.01295006600003,72.69082265800006],[140.991547071,72.70941803600005],[140.66423587300005,72.80902741100005],[140.65894616000003,72.83397044500003],[140.58318118600005,72.86749909100007],[140.5942488940001,72.89288971600007],[140.72584069100003,72.89862702000005],[141.27271569100003,72.86635976800005],[141.38990319100003,72.84332916900007],[141.55062910200002,72.77431875200006],[142.23170006600003,72.70156484600005],[142.54281660200002,72.71784088700008],[143.090668165,72.68939850500004],[143.4868270190001,72.70010000200006],[143.70720462300005,72.66665273600006],[144.30388431100005,72.64199453300006],[144.56861412900003,72.60887278900003],[145.409515821,72.55589427300004],[145.71412194100003,72.49632396000004],[146.12468509200005,72.46987539300005],[146.410492384,72.42694733300004],[146.483734571,72.40167877800008],[146.8540145190001,72.35419342700004],[146.7920028000001,72.33071523600006],[145.68767337300005,72.36395905200004],[145.352875196,72.34674713700008],[145.27686608200008,72.39516836100006],[145.204437696,72.40208567900004],[145.170258009,72.42059967700004],[145.0922957690001,72.40021393400008],[145.0356551440001,72.42706940300008],[144.94320722700002,72.43817780200004],[144.850922071,72.42413971600007],[144.70826256600003,72.37409088700008],[144.52076256600003,72.22500234600005],[144.34245853000004,72.29376862200007],[144.26319420700008,72.29214101800005],[144.20679772200003,72.26748281500005],[144.1054793630001,72.27789948100008],[144.1943465500001,72.24433014500005],[144.21070397200003,72.22174713700008],[144.41553795700008,72.17503489800004],[144.59913170700008,72.17544179900005],[144.75163821700005,72.23309967700004],[144.950531446,72.24225495000007],[145.068695509,72.26434967700004],[146.92920983200008,72.31264883000006],[146.89283287900003,72.27147044500003],[146.775726759,72.22846100500004],[146.49537194100003,72.06598541900007],[146.24382571700005,71.98655833500004],[145.97250410200002,71.85626862200007],[145.939789259,71.85724518400008],[145.94166100400003,71.88808828300006],[145.9990340500001,71.93870677300004],[145.98658287900003,71.96662018400008],[146.0029403000001,71.99152252800008],[145.993011915,72.02973053600005],[146.03272545700008,72.04352448100008],[146.10670006600003,72.03888580900008],[146.34693444100003,72.12763092700004],[146.23707116000003,72.15497467700004],[146.234711134,72.17243073100008],[146.078949415,72.17039622600004],[146.0468856130001,72.15692780200004],[146.06560306100005,72.12270742400005],[145.96802819100003,72.07050202000005],[145.93482506600003,72.10032786700003],[145.962250196,72.12677643400008],[145.94166100400003,72.15497467700004],[145.84937584700003,72.16217682500007],[145.83912194100003,72.18284739800004],[145.90748131600003,72.20335521000004],[145.88005618600005,72.21906159100007],[145.69206790500004,72.25726959800005],[145.6132918630001,72.24433014500005],[145.750336134,72.20962148600006],[145.72339928500003,72.16217682500007],[145.6211043630001,72.08026764500005],[145.67400149800005,72.03286367400005],[145.79127037900003,72.02830638200004],[145.81812584700003,71.96320221600007],[145.8056746750001,71.92902252800008],[145.74756920700008,71.90989817900004],[145.566742384,71.90607330900008],[145.32935631600003,71.87099844000005],[145.25611412900003,71.90745677300004],[145.02214603000004,71.95408763200004],[144.97095787900003,71.98029205900008],[144.95622806100005,71.93451569200005],[144.97437584700003,71.91372304900005],[145.21599368600005,71.84332916900007],[145.19646243600005,71.81305573100008],[145.10181725400003,71.80072663000004],[145.02906334700003,71.77065664300005],[144.9267684250001,71.78253815300008],[144.88640384200005,71.77138906500005],[144.92066491000003,71.74347565300008],[144.90113366000003,71.73257070500006],[144.89323978000004,71.67519765800006],[144.953461134,71.70172760600008],[144.98560631600003,71.70018138200004],[145.01059004,71.68203359600005],[145.00310306100005,71.67519765800006],[145.0781356130001,71.69627513200004],[145.18132571700005,71.67519765800006],[145.25074303500003,71.68671295800004],[145.33326256600003,71.66107819200005],[145.56999759200005,71.74095286700003],[145.72999108200008,71.72980377800008],[145.922699415,71.77643463700008],[146.03630618600005,71.78636302300004],[146.15650475400003,71.82070547100005],[146.25855553500003,71.87946198100008],[146.36540774800005,71.90595123900005],[146.3837996750001,71.93927643400008],[146.4692488940001,71.97003815300008],[146.619476759,72.07485586100006],[146.6704207690001,72.08714427300004],[147.10466556100005,72.30556875200006],[147.19556725400003,72.32990143400008],[147.3300887380001,72.32355377800008],[147.433929884,72.33991120000007],[147.6650496750001,72.32558828300006],[147.74675540500004,72.33881256700005],[148.40202884200005,72.31093984600005],[148.9648543630001,72.25136953300006],[149.6113387380001,72.14838288000004],[149.72478274800005,72.12079498900005],[149.95134524800005,71.99994538000004],[150.0669051440001,71.92194245000007],[150.0742293630001,71.89423248900005],[150.0200301440001,71.84857819200005],[149.7094832690001,71.77289459800005],[149.6313582690001,71.78143952000005],[149.40796959700003,71.89671458500004],[149.36898847700002,71.90379466400003],[149.286468946,71.88125234600005],[149.32683353000004,71.87445709800005],[149.21070397200003,71.82599518400008],[149.14869225400003,71.77138906500005],[149.10621178500003,71.76679108300004],[148.8339949880001,71.81232330900008],[148.89136803500003,71.77533600500004],[149.039398634,71.75775788000004],[149.01002037900003,71.73419830900008],[149.005218946,71.70311107000003],[148.86605879,71.69537995000007],[148.8271590500001,71.67519765800006],[149.00310306100005,71.66766998900005],[149.1015731130001,71.70311107000003],[149.7724715500001,71.64789459800005],[149.95329837300005,71.66986725500004],[149.9853621750001,71.64105866100005],[150.1020613940001,71.59471263200004],[150.0058699880001,71.57217031500005],[150.012054884,71.60004303600005],[149.9516707690001,71.59162018400008],[149.938812696,71.57412344000005],[149.96461022200003,71.52936432500007],[149.868011915,71.49701569200005],[149.868011915,71.46222565300008],[150.1171981130001,71.51569245000007],[150.27711022200003,71.52122630400004],[150.32740319100003,71.51068756700005],[150.30689537900003,71.50385163000004],[150.3271590500001,71.49852122600004],[150.41773522200003,71.51764557500007],[150.57992597700002,71.51854075700004],[150.63502037900003,71.51496002800008],[150.67066491000003,71.49017975500004],[150.65162194100003,71.44521719000005],[150.554047071,71.40265534100007],[150.51514733200008,71.34642161700003],[150.20980879,71.27973053600005],[150.02686608200008,71.22264232000003],[150.04672285200002,71.20966217700004],[150.1445418630001,71.22138092700004],[150.28012129,71.27789948100008],[150.4087020190001,71.28497955900008],[150.65699303500003,71.39028554900005],[150.73894290500004,71.39398834800005],[150.66041100400003,71.35675690300008],[150.6259871750001,71.29840729400007],[150.59489993600005,71.27789948100008],[150.8252059250001,71.36660390800006],[151.03305097700002,71.39398834800005],[151.14470462300005,71.36554596600007],[151.49244225400003,71.33315664300005],[151.591156446,71.31024811400005],[151.76734459700003,71.22333405200004],[151.75318444100003,71.20966217700004],[151.799164259,71.18138255400004],[151.90577233200008,71.14203522300005],[151.98853600400003,71.08730703300006],[152.1035262380001,71.05011627800008],[152.1367293630001,71.01727936400005],[152.13396243600005,70.99811432500007],[152.060883009,70.98309967700004],[151.65748131600003,70.99054596600007],[151.68148847700002,70.97589752800008],[151.969086134,70.94481028900003],[152.2109481130001,70.88056061400005],[152.5048934250001,70.84784577000005],[152.54908287900003,70.82709381700005],[152.54078209700003,70.79132721600007],[152.61304772200003,70.83462148600006],[152.9902449880001,70.83462148600006],[153.310883009,70.85761139500005],[153.327484571,70.86115143400008],[153.3154403000001,70.87323639500005],[153.3481551440001,70.88251373900005],[153.61784915500004,70.88324616100005],[153.66374759200005,70.86102936400005],[153.93043053500003,70.89411041900007],[154.2387801440001,70.96499258000006],[155.479828321,71.06159088700008],[155.5219832690001,71.04515208500004],[155.4946395190001,71.00421784100007],[155.5297957690001,70.97622304900005],[155.54639733200008,71.01923248900005],[155.6045028000001,71.06565989800004],[155.93637129,71.09935130400004],[157.58578535200002,71.07485586100006],[157.989105665,71.04751211100006],[158.36939537900003,70.98053620000007],[158.52361087300005,70.96881745000007],[159.23780358200008,70.82929108300004],[159.6894637380001,70.67096588700008],[159.843109571,70.58152903900003],[160.02491295700008,70.41941966400003],[160.0942488940001,70.30988190300008],[160.106293165,70.26373932500007],[160.08814537900003,70.23834870000007],[159.99366295700008,70.19208405200004],[159.93824303500003,70.12848541900007],[159.73755944100003,70.14594147300005],[159.68864993600005,70.13397858300004],[159.79664147200003,70.10602448100008],[159.9145613940001,70.09857819200005],[159.85132897200003,70.05491771000004],[159.86304772200003,69.99282461100006],[159.76099694100003,69.96185944200005],[159.69206790500004,69.91087474200003],[159.68897545700008,69.89077383000006],[159.763031446,69.83856842700004],[159.72966556100005,69.83856842700004],[159.801117384,69.80703359600005],[159.76905358200008,69.76203034100007],[159.8618270190001,69.78986237200007],[160.16944420700008,69.70327383000006],[160.18897545700008,69.70197174700007],[160.1411238940001,69.72866445500006],[160.2558699880001,69.71869538000004],[160.311859571,69.70001862200007],[160.31861412900003,69.65420156500005],[160.515961134,69.68720123900005],[160.84839928500003,69.63507721600007],[160.9150496750001,69.64671458500004],[161.0063582690001,69.57733795800004],[160.9589949880001,69.54022858300004],[160.921234571,69.46181875200006],[161.02271569100003,69.29559967700004],[161.0039168630001,69.24607982000003],[161.03858483200008,69.19489166900007],[161.035980665,69.16266510600008],[160.9629012380001,69.10553620000007],[161.0590926440001,69.06956614800004],[161.28728274800005,69.04389069200005],[161.39014733200008,69.00551992400005],[161.415375196,68.98200104400007],[161.39405358200008,68.94342682500007],[161.2993270190001,68.87274811400005],[161.27881920700008,68.83120351800005],[161.21941165500004,68.79218170800004],[161.20964603000004,68.69208405200004],[161.14665774800005,68.65273672100005],[161.10694420700008,68.60521067900004],[161.0317488940001,68.56049225500004],[160.75806725400003,68.56427643400008],[160.77947024800005,68.53945547100005],[160.82105553500003,68.52741120000007],[161.0468856130001,68.53440989800004],[161.134125196,68.56142812700006],[161.25660241000003,68.66608307500007],[161.347015821,68.70140208500004],[161.29029381600003,68.75372955900008],[161.31910241000003,68.79022858300004],[161.57406660200002,68.92112864800004],[161.55876712300005,69.02977122600004],[161.48365319100003,69.09186432500007],[161.4804793630001,69.12295156500005],[161.44890384200005,69.15395742400005],[161.46558678500003,69.18195221600007],[161.399261915,69.22125885600008],[161.46314537900003,69.28705475500004],[161.415375196,69.33144765800006],[161.48365319100003,69.34511953300006],[161.43580162900003,69.37986888200004],[161.60035241000003,69.42829010600008],[161.70264733200008,69.49591705900008],[161.7680770190001,69.50560130400004],[161.82374108200008,69.53465403900003],[161.945648634,69.52798086100006],[162.02556399800005,69.55117422100005],[162.0146590500001,69.57343170800004],[162.0302840500001,69.58397044500003],[162.1962996750001,69.62628815300008],[162.172211134,69.63336823100008],[162.18970787900003,69.65045807500007],[162.29851321700005,69.65167877800008],[162.3281356130001,69.67987702000005],[162.3271590500001,69.70197174700007],[162.40796959700003,69.67658112200007],[162.62134850400003,69.68154531500005],[162.76880944100003,69.65420156500005],[163.02312259200005,69.68549225500004],[163.1650496750001,69.72089264500005],[163.304047071,69.72028229400007],[163.477875196,69.68773021000004],[163.58480879,69.68406810100004],[163.77303039900005,69.69440219400008],[164.02702884200005,69.77383047100005],[164.10824629,69.75934479400007],[164.136078321,69.72557200700004],[164.23707116000003,69.68260325700004],[164.43913821700005,69.62075429900005],[164.83425805000002,69.56740402800006],[165.2694709220001,69.59795357200005],[165.67472913900008,69.59597755400006],[165.94605553500003,69.55780670800004],[166.0752059250001,69.52326080900008],[166.62964928500003,69.53367747600004],[166.69255618600005,69.51479726800005],[166.6782332690001,69.49591705900008],[166.89380944100003,69.49591705900008],[167.50953209700003,69.69525788000004],[167.67408287900003,69.77187734600005],[167.80201256600003,69.77521393400008],[167.93824303500003,69.72223541900007],[168.083343946,69.70880768400008],[167.977875196,69.68325429900005],[167.92644290500004,69.65420156500005],[168.2197371750001,69.56785716400003],[168.25407962300005,69.54433828300006],[168.24040774800005,69.46181875200006],[168.19206790500004,69.37986888200004],[168.23267662900003,69.33637116100005],[168.24366295700008,69.27594635600008],[168.28825931100005,69.24266185100004],[168.37183678500003,69.22113678600005],[168.65805097700002,69.21356842700004],[168.8505965500001,69.18805573100008],[169.1523543630001,69.10553620000007],[169.30420983200008,69.09772370000007],[169.37126712300005,69.07656484600005],[169.41976972700002,69.02362702000005],[169.4345809250001,68.88670482000003],[169.45386803500003,68.84544505400004],[169.5239363940001,68.80532461100006],[169.6254988940001,68.77724844000005],[170.35108483200008,68.82807038000004],[170.49390709700003,68.80019765800006],[170.62517337300005,68.74860260600008],[170.5493270190001,68.79303620000007],[170.53638756600003,68.81126536700003],[170.56373131600003,68.82493724200003],[170.45866946700005,68.83173248900005],[170.44019616000003,68.84544505400004],[170.4492293630001,68.86347077000005],[170.63306725400003,68.91815827000005],[170.65984134200005,68.91376373900005],[170.65251712300005,68.88580963700008],[170.72803795700008,68.82196686400005],[170.70769290500004,68.87588125200006],[170.71452884200005,68.91034577000005],[170.68043053500003,68.94037506700005],[170.89437910200002,68.99323151200008],[170.97925866000003,69.05585358300004],[171.05030358200008,69.02773672100005],[171.15943444100003,69.04409414300005],[171.02759850400003,69.05475495000007],[170.98023522200003,69.14435455900008],[170.90007571700005,69.17121002800008],[170.89665774800005,69.19403717700004],[170.92986087300005,69.23403554900005],[170.9130965500001,69.30414459800005],[170.85865319100003,69.34682851800005],[170.7485457690001,69.39118073100008],[170.731781446,69.45652903900003],[170.68718509200005,69.47606028900003],[170.66765384200005,69.54043203300006],[170.60613040500004,69.58978913000004],[170.51026855400005,69.60208845600005],[170.28634677500008,69.57911656100003],[170.18041439800004,69.58463579500005],[170.16073290200006,69.61336663100008],[170.231553017,69.68858894400006],[170.5917755590001,69.76472476100008],[170.55005944100003,69.80438873900005],[170.56031334700003,69.89036692900004],[170.52271569100003,69.93846263200004],[170.53874759200005,70.00706614800004],[170.52898196700005,70.03034088700008],[170.55290774800005,70.05780670800004],[170.55681399800005,70.09243398600006],[170.4067488940001,70.11286041900007],[170.43246504,70.13410065300008],[170.48161868600005,70.14203522300005],[170.61085045700008,70.11627838700008],[171.0380965500001,70.08075592700004],[171.31625410200002,70.07318756700005],[171.994476759,69.99306875200006],[172.64714603000004,69.97150299700007],[172.72535241000003,69.98086172100005],[172.79078209700003,69.96271393400008],[172.79851321700005,69.92853424700007],[172.860687696,69.90346914300005],[173.17937259200005,69.84516022300005],[173.2363387380001,69.81867096600007],[173.18140709700003,69.80198802300004],[173.19800866000003,69.78343333500004],[173.41863040500004,69.79775625200006],[173.47925866000003,69.83576080900008],[173.402679884,69.87653229400007],[173.25367272200003,69.91868724200003],[173.1640731130001,69.88666413000004],[173.17554772200003,69.91449616100005],[173.27857506600003,69.94183991100005],[173.46078535200002,69.94855377800008],[173.70191491000003,69.88694896000004],[173.67457116000003,69.87954336100006],[173.73780358200008,69.85199616100005],[173.77759850400003,69.85285065300008],[173.74341881600003,69.87327708500004],[173.78785241000003,69.88446686400005],[173.92847741000003,69.84540436400005],[174.00407962300005,69.87954336100006],[174.0708113940001,69.88690827000005],[174.3291121750001,69.88715241100005],[175.08838415700006,69.84574892800003],[175.71554179300006,69.88145348200004],[175.72478883500003,69.87078951200004],[175.529736586,69.85630401700007],[175.99717651800006,69.76936290100008],[176.14348226200002,69.78209028600008],[176.15766963700003,69.82148191200008],[176.09974449800006,69.85844950600006],[175.84380156400005,69.86127351800008],[175.7815662280001,69.88528289700008],[176.12761478000004,69.89378489800004],[176.27214603000004,69.81867096600007],[176.2822371750001,69.80149974200003],[176.243011915,69.79901764500005],[176.23121178500003,69.78733958500004],[176.24203535200002,69.77435944200005],[176.5039168630001,69.75409577000005],[176.73454837300005,69.67475006700005],[177.16228274800005,69.61635976800005],[177.3579207690001,69.61717357000003],[177.64283287900003,69.57001373900005],[177.682953321,69.55117422100005],[177.6411238940001,69.55890534100007],[177.60857181100005,69.54433828300006],[177.77125084700003,69.53139883000006],[178.21216881600003,69.44342682500007],[178.29997806100005,69.46181875200006],[178.2773543630001,69.47992584800005],[178.2998153000001,69.48737213700008],[178.36491946700005,69.48680247600004],[178.77263431100005,69.41522858300004],[178.81072024800005,69.39370351800005],[178.9926863940001,69.35936107000003],[179.067718946,69.32526276200008],[178.8974715500001,69.32103099200003],[178.8379012380001,69.36489492400005],[178.70045006600003,69.36579010600008],[178.66618899800005,69.38328685100004],[178.65398196700005,69.31745026200008],[178.67351321700005,69.29779694200005],[178.74561608200008,69.28367747600004],[178.861664259,69.29791901200008],[178.9863387380001,69.28314850500004],[179.067718946,69.29791901200008],[179.26148522200003,69.27216217700004],[179.95850670700008,68.99567291900007],[179.847992384,69.01015859600005],[179.6762801440001,69.08128489800004],[179.54810631600003,69.11298248900005],[179.65056399800005,69.06460195500006],[179.69214928500003,69.01609935100004],[179.77409915500004,68.98883698100008],[180.0,68.98105032100005],[180.0,65.06618951300004],[179.89633222700002,65.05548737200007],[179.77955162900003,65.01821523600006],[179.71265709700003,64.95311107000003],[179.47868899800005,64.82273997600004],[179.2500106130001,64.81122467700004],[179.17115319100003,64.79266998900005],[178.91179446700005,64.71539948100008],[178.75798587300005,64.64093659100007],[178.5615340500001,64.59153880400004],[178.5141707690001,64.59031810100004],[178.48560631600003,64.61050039300005],[178.7187606130001,64.64813873900005],[178.7558699880001,64.68219635600008],[178.66773522200003,64.69928620000007],[178.56804446700005,64.67877838700008],[178.21794681100005,64.65827057500007],[178.2734481130001,64.66933828300006],[178.240570509,64.68878815300008],[178.084320509,64.68891022300005],[177.97836347700002,64.67194245000007],[177.9267684250001,64.70734284100007],[177.6250106130001,64.72016022300005],[177.60173587300005,64.72589752800008],[177.6425887380001,64.74770742400005],[177.49187259200005,64.78864166900007],[177.50342858200008,64.80296458500004],[177.48845462300005,64.82046133000006],[177.38941491000003,64.83584219000005],[177.49187259200005,64.85008372600004],[177.432953321,64.92902252800008],[177.2382918630001,64.94562409100007],[177.16968834700003,65.02757396000004],[176.936859571,65.08283112200007],[176.8129988940001,65.07640208500004],[176.6084090500001,65.03180573100008],[176.41863040500004,65.09023672100005],[176.3813582690001,65.09027741100005],[176.39478600400003,65.06435781500005],[176.3711043630001,65.05467357000003],[176.30632571700005,65.05548737200007],[176.33570397200003,65.03815338700008],[176.4438582690001,65.04189687700006],[176.4985457690001,65.00800202000005],[176.54615319100003,65.00092194200005],[176.95850670700008,65.04657623900005],[176.99187259200005,65.01056549700007],[177.0532332690001,64.99746328300006],[177.22152754,64.91461823100008],[177.24537194100003,64.88422272300005],[177.22429446700005,64.86371491100005],[177.297699415,64.83844635600008],[177.30005944100003,64.82273997600004],[177.03980553500003,64.77277252800008],[176.88559004,64.84210846600007],[176.62614993600005,64.86790599200003],[176.5356551440001,64.82273997600004],[176.43580162900003,64.81093984600005],[176.42644290500004,64.83954498900005],[176.39714603000004,64.85993073100008],[176.18873131600003,64.92796458500004],[176.11109459700003,64.92519765800006],[176.04566491000003,64.96279531500005],[175.95484459700003,64.92495351800005],[175.8676863940001,64.84503815300008],[175.71461022200003,64.79364655200004],[175.56275475400003,64.81195709800005],[175.28923587300005,64.77537669500003],[175.2407332690001,64.78681061400005],[175.18620853000004,64.77098216400003],[175.04078209700003,64.77806224200003],[174.750336134,64.68891022300005],[174.441742384,64.69245026200008],[174.51905358200008,64.67039622600004],[174.77173912900003,64.68065013200004],[175.0224715500001,64.75458405200004],[175.10718834700003,64.76479726800005],[175.27849368600005,64.75055573100008],[175.59050540500004,64.78937409100007],[175.65748131600003,64.76764557500007],[175.71168053500003,64.77472565300008],[175.92465254,64.84829336100006],[176.00464928500003,64.91535065300008],[176.082367384,64.91893138200004],[176.21013431100005,64.87396881700005],[176.316742384,64.76748281500005],[176.42367597700002,64.70962148600006],[176.3266707690001,64.66571686400005],[176.18238366000003,64.64716217700004],[176.14527428500003,64.62759023600006],[176.11451256600003,64.59003327000005],[176.10084069100003,64.54840729400007],[176.1142684250001,64.54193756700005],[176.12134850400003,64.56952545800004],[176.2099715500001,64.62006256700005],[176.36841881600003,64.63426341400003],[176.4575301440001,64.69245026200008],[176.58228600400003,64.67373281500005],[176.6899520190001,64.62759023600006],[176.74293053500003,64.57123444200005],[176.8193465500001,64.59747955900008],[176.85466556100005,64.64264557500007],[176.98585045700008,64.71112702000005],[177.16944420700008,64.72654857000003],[177.3383895190001,64.78148021000004],[177.49187259200005,64.76752350500004],[177.45240319100003,64.68549225500004],[177.45525149800005,64.65216705900008],[177.36150149800005,64.54840729400007],[177.38738040500004,64.49188873900005],[177.4536238940001,64.42064036700003],[177.6699324880001,64.30512116100005],[177.813324415,64.25421784100007],[178.0000106130001,64.21035390800006],[178.18384850400003,64.20579661700003],[178.074554884,64.25421784100007],[178.21664472700002,64.30353424700007],[178.282562696,64.35398997600004],[178.21794681100005,64.42682526200008],[178.18384850400003,64.41128164300005],[178.200043165,64.44017161700003],[178.222015821,64.42942942900004],[178.39991295700008,64.24335358300004],[178.440765821,64.16518789300005],[178.58863366000003,64.03510163000004],[178.48406009200005,64.07086823100008],[178.39991295700008,64.03510163000004],[178.38257897200003,64.00096263200004],[178.49244225400003,63.98672109600005],[178.38257897200003,63.97304922100005],[178.5332137380001,63.970363674000055],[178.63941491000003,63.94635651200008],[178.65984134200005,63.96312083500004],[178.64323978000004,64.00096263200004],[178.69841556100005,63.897365627000056],[178.69109134200005,63.85639069200005],[178.7402449880001,63.73712799700007],[178.75928795700008,63.62299225500004],[178.72282962300005,63.65086497600004],[178.60857181100005,63.67649974200003],[178.58863366000003,63.67137278900003],[178.64909915500004,63.628607489000046],[178.73308353000004,63.60834381700005],[178.641449415,63.58771393400008],[178.59009850400003,63.63271719000005],[178.53109785200002,63.64362213700008],[178.50603274800005,63.63666413000004],[178.53239993600005,63.63165924700007],[178.52686608200008,63.613714911000045],[178.47193444100003,63.59564850500004],[178.4599715500001,63.62299225500004],[178.35523522200003,63.63043854400007],[178.25961347700002,63.58197663000004],[178.26880944100003,63.56541575700004],[178.37232506600003,63.522365627000056],[178.50953209700003,63.57851797100005],[178.711273634,63.570013739000046],[178.7290145190001,63.53119538000004],[178.71762129,63.521185614000046],[178.73511803500003,63.513006903000075],[178.72022545700008,63.47646719000005],[178.6630965500001,63.45966217700004],[178.59546959700003,63.411322333000044],[178.69898522200003,63.38568756700005],[178.8383895190001,63.434881903000075],[178.754242384,63.538275458000044],[178.75928795700008,63.58197663000004],[178.77702884200005,63.59516022300005],[178.81560306100005,63.49115631700005],[179.00554446700005,63.32135651200008],[178.8481551440001,63.40420156500005],[178.8071395190001,63.39020416900007],[178.80933678500003,63.350490627000056],[178.918304884,63.32518138200004],[178.93116295700008,63.29401276200008],[179.0546981130001,63.28099192900004],[179.13200931100005,63.238348700000074],[179.232758009,63.23940664300005],[179.38648522200003,63.16120026200008],[179.41334069100003,63.13239166900007],[179.41781660200002,63.068060614000046],[179.403656446,63.05540599200003],[179.31120853000004,63.06077708500004],[179.24870853000004,63.025824286000045],[179.24195397200003,63.00649648600006],[179.31617272200003,62.90615469000005],[179.47087649800005,62.88471100500004],[179.54070071700005,62.848944403000075],[179.5512801440001,62.79779694200005],[179.5844832690001,62.77716705900008],[179.60906009200005,62.70563385600008],[179.5586043630001,62.65814850500004],[179.5629988940001,62.62474192900004],[179.43344160200002,62.616115627000056],[179.41041100400003,62.547308661000045],[179.34913170700008,62.50649648600006],[179.148773634,62.49603913000004],[179.11605879,62.47223541900007],[179.112640821,62.44830963700008],[179.14958743600005,62.41779205900008],[179.13493899800005,62.38027578300006],[179.1504012380001,62.341864325000074],[179.073578321,62.287176825000074],[179.034515821,62.326157945000034],[178.93816165500004,62.36603424700007],[178.48943118600005,62.436835028000075],[178.0610457690001,62.541083075000074],[177.68034915500004,62.57526276200008],[177.30681399800005,62.582098700000074],[177.34107506600003,62.588324286000045],[177.26587975400003,62.61562734600005],[177.33415774800005,62.68817780200004],[177.31983483200008,62.74591705900008],[177.34441165500004,62.76703522300005],[177.4296981130001,62.77045319200005],[177.4243270190001,62.792222398000035],[177.45777428500003,62.81484609600005],[177.3325301440001,62.80678945500006],[177.25163821700005,62.73289622600004],[177.26587975400003,62.71246979400007],[177.18897545700008,62.70966217700004],[177.12818444100003,62.74591705900008],[177.1533309250001,62.77757396000004],[177.14795983200008,62.79584381700005],[176.9921981130001,62.86945221600007],[176.97527103000004,62.86200592700004],[176.99830162900003,62.79437897300005],[177.04224694100003,62.76870351800005],[176.931000196,62.69440338700008],[176.92790774800005,62.67291901200008],[177.05005944100003,62.58421458500004],[177.26587975400003,62.588324286000045],[177.2392684250001,62.56976959800005],[177.01490319100003,62.550482489000046],[176.7089949880001,62.499212958000044],[176.68311608200008,62.51316966400003],[176.723968946,62.541083075000074],[176.66187584700003,62.53461334800005],[176.63591556100005,62.52216217700004],[176.6352645190001,62.49957916900007],[176.5942488940001,62.48582591400003],[176.5976668630001,62.47370026200008],[176.64210045700008,62.47223541900007],[176.39340254,62.39508698100008],[176.2793074880001,62.31708405200004],[175.63347415500004,62.19131094000005],[175.30640709700003,62.07493724200003],[175.39519290500004,62.122748114000046],[175.3183699880001,62.11001211100006],[175.25806725400003,62.16876862200007],[175.2509871750001,62.065741278000075],[175.17448978000004,62.021918036000045],[174.81511478000004,61.94700755400004],[174.76514733200008,61.91669342700004],[174.80486087300005,61.94403717700004],[174.599945509,61.98501211100006],[174.726898634,61.88629791900007],[174.69011478000004,61.86127350500004],[174.48975670700008,61.81464264500005],[174.3598738940001,61.82111237200007],[174.38038170700008,61.839911200000074],[174.35303795700008,61.84845612200007],[174.28500410200002,61.81354401200008],[174.15503991000003,61.80060455900008],[174.1933699880001,61.81679922100005],[174.138031446,61.844631252000056],[174.07300866000003,61.84162018400008],[174.08619225400003,61.82794830900008],[174.01351972700002,61.81732819200005],[174.02068118600005,61.796861070000034],[174.0605574880001,61.77606842700004],[174.10661868600005,61.780178127000056],[174.03891035200002,61.76129791900007],[173.99097741000003,61.714544989000046],[173.92400149800005,61.70416901200008],[173.80494225400003,61.64984772300005],[173.80193118600005,61.69179922100005],[173.67253665500004,61.72093333500004],[173.599945509,61.753892320000034],[173.54460696700005,61.74909088700008],[173.47388756600003,61.64280833500004],[173.49586022200003,61.589178778000075],[173.48113040500004,61.55524323100008],[173.38005618600005,61.56102122600004],[173.33122806100005,61.547308661000045],[173.2910262380001,61.51947663000004],[173.3090926440001,61.49164459800005],[173.28589928500003,61.46507396000004],[173.12842858200008,61.39695872600004],[173.0839949880001,61.39252350500004],[173.00212649800005,61.415228583000044],[172.96941165500004,61.44432200700004],[172.91480553500003,61.451157945000034],[172.89714603000004,61.472316799000055],[172.82642662900003,61.468817450000074],[172.71558678500003,61.43073151200008],[172.89918053500003,61.372259833000044],[172.9550887380001,61.31403229400007],[172.8945418630001,61.27789948100008],[172.66781660200002,61.33445872600004],[172.76880944100003,61.285589911000045],[172.76677493600005,61.26251862200007],[172.6997176440001,61.24799225500004],[172.64673912900003,61.191107489000046],[172.57374108200008,61.187201239000046],[172.386078321,61.227443752000056],[172.338226759,61.211004950000074],[172.434418165,61.14272695500006],[172.336761915,61.122300523000035],[172.2426863940001,61.14272695500006],[172.263031446,61.11473216400003],[172.40349368600005,61.09788646000004],[172.43734785200002,61.07078685100004],[172.489593946,61.081244208000044],[172.47608483200008,61.05573151200008],[172.37256920700008,61.012884833000044],[172.2426863940001,61.01984284100007],[172.00928795700008,61.10114166900007],[172.16089928500003,61.02749258000006],[172.20085696700005,60.975775458000044],[172.1806746750001,60.94472890800006],[172.11540774800005,60.94098541900007],[172.08415774800005,60.88719310100004],[172.04712975400003,60.860663153000075],[172.0068465500001,60.85521067900004],[171.98943118600005,60.88947174700007],[172.0044051440001,60.93646881700005],[171.95777428500003,60.953111070000034],[171.9575301440001,60.91860586100006],[171.94092858200008,60.90997955900008],[171.96159915500004,60.854681708000044],[171.94939212300005,60.84829336100006],[171.825043165,60.83222077000005],[171.74594160200002,60.853583075000074],[171.66334069100003,60.81671784100007],[171.58472741000003,60.800116278000075],[171.53687584700003,60.80695221600007],[171.620453321,60.77411530200004],[171.63257897200003,60.74481842700004],[171.50277754,60.73114655200004],[171.413422071,60.69017161700003],[171.46794681100005,60.73114655200004],[171.41521243600005,60.78506094000005],[171.39633222700002,60.78294505400004],[171.4072371750001,60.71474844000005],[171.37907962300005,60.697699286000045],[171.372406446,60.64305247600004],[171.17945397200003,60.55890534100007],[171.0556746750001,60.555853583000044],[170.95980879,60.52130768400008],[170.81072024800005,60.51211172100005],[170.75074303500003,60.52948639500005],[170.73503665500004,60.51894765800006],[170.7504988940001,60.501166083000044],[170.81072024800005,60.49843984600005],[170.78777103000004,60.47638580900008],[170.79021243600005,60.45062897300005],[170.7172957690001,60.428168036000045],[170.63941491000003,60.42332591400003],[170.58757571700005,60.45062897300005],[170.51587975400003,60.45062897300005],[170.52621504,60.434759833000044],[170.58073978000004,60.43390534100007],[170.61841881600003,60.38857656500005],[170.59888756600003,60.37669505400004],[170.65251712300005,60.36127350500004],[170.6621199880001,60.332017320000034],[170.61890709700003,60.302435614000046],[170.502289259,60.27252838700008],[170.45728600400003,60.18244049700007],[170.40064537900003,59.96564362200007],[170.26514733200008,59.920355536000045],[170.11890709700003,59.968003648000035],[170.10124759200005,59.989447333000044],[170.11866295700008,60.01927317900004],[170.0566512380001,60.046576239000046],[169.95582116000003,60.05923086100006],[169.84880618600005,60.181626695000034],[169.8437606130001,60.21076080900008],[169.86247806100005,60.219183661000045],[169.9746199880001,60.23216380400004],[169.9199324880001,60.249986070000034],[169.8369246750001,60.243353583000044],[169.755218946,60.27558014500005],[169.70777428500003,60.34760163000004],[169.70777428500003,60.39948151200008],[169.6933699880001,60.41648997600004],[169.56861412900003,60.46869538000004],[169.2641707690001,60.550482489000046],[169.24781334700003,60.56732819200005],[169.37134850400003,60.56732819200005],[169.285492384,60.62059153900003],[169.21436608200008,60.62872955900008],[169.21436608200008,60.60146719000005],[169.188812696,60.583197333000044],[169.13257897200003,60.587225653000075],[169.1665145190001,60.56732819200005],[168.74830162900003,60.56972890800006],[168.6504012380001,60.55267975500004],[168.53150475400003,60.593085028000075],[168.28012129,60.59642161700003],[168.09636478000004,60.571478583000044],[167.83765709700003,60.51056549700007],[167.7680770190001,60.55304596600007],[167.75017337300005,60.53461334800005],[167.7719832690001,60.49673086100006],[167.5922957690001,60.44546133000006],[167.54900149800005,60.443793036000045],[167.48015384200005,60.468003648000035],[167.46314537900003,60.427069403000075],[167.4336043630001,60.42039622600004],[167.33611087300005,60.471136786000045],[167.3740340500001,60.405951239000046],[167.28150475400003,60.41648997600004],[167.30640709700003,60.393011786000045],[167.19214928500003,60.35504791900007],[167.11638431100005,60.37799713700008],[167.0805770190001,60.39984772300005],[167.07545006600003,60.42332591400003],[167.02491295700008,60.42767975500004],[167.04810631600003,60.32843659100007],[166.897797071,60.29979075700004],[166.93327884200005,60.27985260600008],[166.93181399800005,60.259019273000035],[166.83765709700003,60.22020091400003],[166.36117597700002,59.88385651200008],[166.2451278000001,59.83063385600008],[166.10954837300005,59.827460028000075],[166.10279381600003,59.909409898000035],[166.14405358200008,59.966457424000055],[166.14576256600003,60.04214101800005],[166.17530358200008,60.120306708000044],[166.28541100400003,60.197251695000034],[166.28777103000004,60.224676825000074],[166.25806725400003,60.28595612200007],[166.27605228000004,60.331284898000035],[166.23259524800005,60.39598216400003],[166.27458743600005,60.38373444200005],[166.31267337300005,60.39272695500006],[166.36296634200005,60.45062897300005],[166.34986412900003,60.457464911000045],[166.39283287900003,60.48041413000004],[166.37330162900003,60.49945709800005],[166.32195071700005,60.471136786000045],[166.25367272200003,60.48541901200008],[166.01343834700003,60.44037506700005],[165.92408287900003,60.38239166900007],[165.94060306100005,60.36562734600005],[165.97974694100003,60.37571849200003],[166.04078209700003,60.42332591400003],[166.0805770190001,60.43740469000005],[166.21208743600005,60.457464911000045],[166.0527449880001,60.42397695500006],[165.9672957690001,60.36505768400008],[165.85613040500004,60.34218984600005],[165.6709090500001,60.252020575000074],[165.461273634,60.21946849200003],[165.44499759200005,60.25885651200008],[165.4316512380001,60.227850653000075],[165.44499759200005,60.19676341400003],[165.29859459700003,60.14052969000005],[165.22925866000003,60.09723541900007],[165.18506920700008,60.09902578300006],[165.16000410200002,60.12909577000005],[165.19166100400003,60.17011139500005],[165.16228274800005,60.16876862200007],[165.08228600400003,60.11310455900008],[164.99927819100003,60.13532135600008],[165.02409915500004,60.07221100500004],[165.0439559250001,60.06785716400003],[165.06397545700008,60.091009833000044],[165.12964928500003,60.08417389500005],[165.15007571700005,60.03229401200008],[165.21208743600005,59.99135976800005],[165.16179446700005,59.973944403000075],[165.01351972700002,59.84796784100007],[164.93034915500004,59.833685614000046],[164.83863366000003,59.78742096600007],[164.8071395190001,59.78961823100008],[164.785980665,59.81268952000005],[164.77271569100003,59.841131903000075],[164.78638756600003,59.861029364000046],[164.7016707690001,59.98110586100006],[164.48853600400003,60.111029364000046],[164.41163170700008,60.11029694200005],[164.37671959700003,60.075384833000044],[164.32056725400003,60.08860911700003],[164.33611087300005,60.036037502000056],[164.36866295700008,60.025458075000074],[164.33912194100003,59.991522528000075],[164.20769290500004,59.97337474200003],[164.11793053500003,59.941392320000034],[164.10914147200003,59.90253327000005],[164.1904403000001,59.85419342700004],[164.06397545700008,59.874986070000034],[164.04167728000004,59.907538153000075],[164.089203321,59.91669342700004],[164.1132918630001,59.94354889500005],[164.20484459700003,59.99750397300005],[164.10914147200003,59.99135976800005],[164.01734459700003,60.03579336100006],[163.85523522200003,60.025458075000074],[163.87525475400003,60.046576239000046],[163.83383222700002,60.05914948100008],[163.7968856130001,60.04482656500005],[163.62867272200003,60.046576239000046],[163.63843834700003,60.00421784100007],[163.68311608200008,59.974269924000055],[163.72185306100005,59.97174713700008],[163.7656356130001,59.99750397300005],[163.793793165,59.99135976800005],[163.6884871750001,59.89834219000005],[163.534515821,59.90542226800005],[163.3618270190001,59.827460028000075],[163.37818444100003,59.81435781500005],[163.3618270190001,59.741522528000075],[163.39014733200008,59.63153717700004],[163.3212996750001,59.587103583000044],[163.247406446,59.58738841400003],[163.1801863940001,59.558254299000055],[163.21045983200008,59.55996328300006],[163.1709090500001,59.50568268400008],[163.27808678500003,59.450506903000075],[163.32146243600005,59.411037502000056],[163.3125106130001,59.287543036000045],[163.29509524800005,59.259019273000035],[163.244476759,59.23786041900007],[163.23015384200005,59.24957916900007],[163.28785241000003,59.28693268400008],[163.2861434250001,59.299261786000045],[163.13347415500004,59.291083075000074],[163.0805770190001,59.27130768400008],[163.0669051440001,59.234076239000046],[163.0747176440001,59.19310130400004],[163.21861594300003,59.15067832900007],[163.26186885100003,59.08083037600005],[163.16431725400003,59.03367747600004],[163.14600670700008,59.04706452000005],[163.1762801440001,59.07330963700008],[163.1650496750001,59.09666575700004],[163.0669051440001,59.12055084800005],[163.07447350400003,59.142238674000055],[162.9580184250001,59.16193268400008],[162.94353274800005,59.134751695000034],[162.88266035200002,59.132798570000034],[162.88656660200002,59.11351146000004],[162.96851647200003,59.05231354400007],[163.0777577780001,59.00759407900006],[163.06854930200006,58.968053169000086],[162.878189701,58.90647732700006],[162.91960696700005,58.97162506700005],[162.88990319100003,58.97874583500004],[162.81619549000004,58.88722415500007],[162.73422285200002,58.89126211100006],[162.676605665,58.87409088700008],[162.68230228000004,58.85602448100008],[162.71412194100003,58.846991278000075],[162.78589928500003,58.87409088700008],[162.78768745800005,58.83192124400006],[162.5133996410001,58.72119979300004],[162.40529447300003,58.65444486700005],[162.16986800300003,58.405916981000075],[162.04692665000005,58.20620273800006],[161.993228165,58.08739217500005],[162.02556399800005,57.92877838700008],[162.0820418630001,57.882473049000055],[162.21461022200003,57.82172272300005],[162.37005967000005,57.78482853200006],[162.45553948500003,57.78435082400006],[162.4662975760001,57.76441757300006],[162.3545028000001,57.68854401200008],[162.52178931900005,57.75415576100005],[162.4911549750001,57.88732033600007],[162.5297957690001,57.93650950700004],[162.6899520190001,57.96971263200004],[162.76539147200003,57.92877838700008],[162.850922071,57.91819896000004],[163.00387038100007,57.83752790300008],[163.218941847,57.81345838100003],[163.3295101120001,57.708944701000064],[163.2424690260001,57.67034507300008],[163.24288454700002,57.59499209400008],[163.16390967100006,57.56222854100008],[163.07483384600005,57.46100005200003],[162.9085174930001,57.416934283000046],[162.833119237,57.383312181000065],[162.80019579400005,57.346434455000065],[162.776384614,57.25514670000007],[162.7954395160001,57.18350500000008],[162.78589928500003,57.14545319200005],[162.8598508450001,57.051442541000085],[162.7895613940001,56.921861070000034],[162.78350026600003,56.763028714000086],[162.834629844,56.72235241800007],[162.9671869120001,56.70355994600004],[163.06851721100008,56.741309210000054],[163.12573437600008,56.727400945000056],[163.238968537,56.73302051100006],[163.22584069100003,56.72093333500004],[163.28057240200008,56.688011773000085],[163.238712696,56.62341543900004],[163.24097741000003,56.59316640800006],[163.27847118400007,56.563520683000036],[163.24698676100002,56.531536896000034],[163.27888941000003,56.46217663600004],[163.25025475400003,56.45111725500004],[163.35328432300003,56.32197948800007],[163.33689505200005,56.27752432200003],[163.36606862300005,56.18065866300003],[163.11793053500003,56.10643138200004],[163.053173367,56.02753392300008],[163.05120846300008,56.00540399300007],[162.93078402800006,56.01790373300008],[162.82161808400008,56.05619883800006],[162.7542531580001,56.10830804500006],[162.73826897000004,56.14952244700004],[162.63802459300007,56.22079404600004],[162.55681399800005,56.228501695000034],[162.70687729600002,56.27115451200007],[162.753632111,56.34703601400008],[162.87251276200004,56.358756190000065],[162.93992090300003,56.38168989800005],[162.94391812900005,56.40604395400004],[163.00018717900002,56.438354469000046],[163.05820178500005,56.44585045700006],[163.11605243200006,56.50050429500004],[163.100824902,56.517721186000074],[163.04334875300003,56.52092724000005],[163.0201332050001,56.53764086800004],[162.98994853,56.53343412600003],[162.95846822600004,56.499316268000086],[162.942609899,56.44902827400006],[162.909901772,56.42569068600005],[162.74018687500006,56.479778757000076],[162.68294384600006,56.48386681100004],[162.6281151830001,56.439562049000074],[162.57300866000003,56.42682526200008],[162.5117293630001,56.440619208000044],[162.41404181200005,56.38387026500004],[162.401189435,56.36976469500007],[162.526467422,56.32567415400007],[162.592540354,56.26849002800009],[162.49586142600003,56.24205817200004],[162.48821847300007,56.21686065200004],[162.14210045700008,56.12905508000006],[162.05675236700006,56.06913521800004],[162.04021243600005,56.04547760600008],[162.07692906800003,56.022471556000085],[162.0180770190001,55.97614166900007],[162.01933367100003,55.93124987600004],[161.96889410400001,55.895180793000065],[161.92096476400002,55.82549089300005],[161.9253382180001,55.79401693900007],[161.8406344880001,55.702639728000065],[161.7770811150001,55.608326555000076],[161.76413117700008,55.554845542000066],[161.74768552400008,55.37595448600007],[161.812980583,55.179183574000035],[161.87476647200003,55.07859935100004],[161.96013431100005,55.03461334800005],[162.046898436,54.95648790200005],[162.04948744900003,54.924283424000066],[162.151703321,54.862616278000075],[162.153168165,54.84992096600007],[162.1074324880001,54.82469310100004],[162.127609226,54.76040526500003],[162.04509524800005,54.725775458000044],[161.9765731130001,54.66250234600005],[161.8169051440001,54.59052155200004],[161.75318444100003,54.51976146000004],[161.72380618600005,54.509426174000055],[161.63697350400003,54.52570221600007],[161.311859571,54.49013906500005],[161.23755944100003,54.51788971600007],[161.2099715500001,54.57078685100004],[161.1508895190001,54.597316799000055],[160.89185631600003,54.57078685100004],[160.7412215500001,54.535223700000074],[160.4204207690001,54.37836334800005],[160.2373153000001,54.24872467700004],[160.16089928500003,54.23505280200004],[160.05298912900003,54.17572663000004],[160.00074303500003,54.13108958500004],[159.99089603000004,54.09788646000004],[159.90154056100005,53.98187897300005],[159.844086134,53.796942450000074],[159.84253991000003,53.73981354400007],[159.86670983200008,53.69448476800005],[159.81820722700002,53.65965403900003],[159.8730574880001,53.63422272300005],[159.9145613940001,53.59076569200005],[159.91871178500003,53.61074453300006],[159.87289472700002,53.66648997600004],[159.90308678500003,53.673041083000044],[159.9306746750001,53.64508698100008],[159.9692488940001,53.570298570000034],[159.96045983200008,53.49677155200004],[159.94874108200008,53.47475820500006],[159.92017662900003,53.47557200700004],[159.825043165,53.53620026200008],[159.7910262380001,53.51630280200004],[159.8154403000001,53.501166083000044],[159.79664147200003,53.48151276200008],[159.8593856130001,53.47475820500006],[159.875824415,53.40013255400004],[159.9355574880001,53.39276764500005],[159.928070509,53.337591864000046],[159.97535241000003,53.33161041900007],[159.9692488940001,53.30963776200008],[159.9145613940001,53.26862213700008],[159.9692488940001,53.21466705900008],[159.96216881600003,53.24437083500004],[159.9804793630001,53.265611070000034],[160.0175887380001,53.26520416900007],[160.0586043630001,53.097357489000046],[160.0156356130001,53.11542389500005],[159.96306399800005,53.11322663000004],[159.93116295700008,53.14594147300005],[159.7714949880001,53.20359935100004],[159.7568465500001,53.22089264500005],[159.76319420700008,53.24241771000004],[159.825043165,53.28294505400004],[159.73015384200005,53.23899974200003],[159.63249759200005,53.257147528000075],[159.47771243600005,53.22943756700005],[159.38152103000004,53.161769924000055],[159.29078209700003,53.17373281500005],[159.16382897200003,53.13491445500006],[159.003265821,53.07684967700004],[158.70866946700005,52.891791083000044],[158.65902754,52.97296784100007],[158.67367597700002,52.99494049700007],[158.59156334700003,53.062160549000055],[158.53972415500004,53.06875234600005],[158.437836134,53.02533600500004],[158.4150496750001,52.99274323100008],[158.45386803500003,52.98346588700008],[158.42741946700005,52.946519273000035],[158.4355574880001,52.91974518400008],[158.53044681100005,52.905585028000075],[158.48267662900003,52.940334377000056],[158.506195509,52.94745514500005],[158.60816491000003,52.93227773600006],[158.64714603000004,52.89935944200005],[158.60621178500003,52.878241278000075],[158.62842858200008,52.85687897300005],[158.592133009,52.82330963700008],[158.54468834700003,52.83730703300006],[158.56519616000003,52.79572174700007],[158.49976647200003,52.778957424000055],[158.4951278000001,52.75873444200005],[158.5712996750001,52.74103424700007],[158.59937584700003,52.713771877000056],[158.59782962300005,52.69245026200008],[158.5712996750001,52.68707916900007],[158.56470787900003,52.647365627000056],[158.50043947100005,52.62131502900007],[158.42115319100003,52.65912506700005],[158.44849694100003,52.61758047100005],[158.42733384300004,52.593767798000044],[158.4608048240001,52.574698656000066],[158.52361087300005,52.570379950000074],[158.51905358200008,52.516506252000056],[158.50318444100003,52.50153229400007],[158.53044681100005,52.48786041900007],[158.46208743600005,52.46051666900007],[158.46208743600005,52.43256256700005],[158.42115319100003,52.412095445000034],[158.50318444100003,52.43256256700005],[158.5434676440001,52.42072174700007],[158.5712996750001,52.39166901200008],[158.50318444100003,52.35809967700004],[158.55787194100003,52.31305573100008],[158.48951256600003,52.26813385600008],[158.42741946700005,52.26813385600008],[158.4384871750001,52.24331289300005],[158.39014733200008,52.226223049000055],[158.38648522200003,52.206691799000055],[158.42701256600003,52.18427155200004],[158.3720809250001,52.12958405200004],[158.31902103000004,52.13031647300005],[158.33122806100005,52.07318756700005],[158.28638756600003,52.03424713700008],[158.28687584700003,51.96751536700003],[158.13110742800006,51.851459857000066],[158.11890709700003,51.81622955900008],[158.01482181100005,51.76601797100005],[157.99927819100003,51.72801341400009],[157.9184676440001,51.66083405200004],[157.91334069100003,51.631293036000045],[157.85368899800005,51.622381903000075],[157.75919243400006,51.54398302900006],[157.712852418,51.55003466000005],[157.6064559250001,51.52606842700004],[157.53687584700003,51.48607005400004],[157.47311353600003,51.41111234400006],[157.48804772200003,51.39052969000005],[157.47573820900004,51.361473738000086],[157.4465378320001,51.34789779000005],[157.38850420400001,51.35131795400008],[157.35173587300005,51.32965729400007],[157.263031446,51.23773834800005],[156.87673144200005,51.01872394800006],[156.71969750900007,50.88645375100003],[156.6699884420001,50.86391690900007],[156.658235246,50.88260556800009],[156.76193729800002,50.98443058500004],[156.761545361,51.077973901000064],[156.70809358000008,51.08770360500006],[156.7002059250001,51.118394273000035],[156.72187403500004,51.195482086000084],[156.64210045700008,51.25836823100008],[156.5468856130001,51.27944570500006],[156.52361087300005,51.31150950700004],[156.5195418630001,51.42291901200008],[156.48161868600005,51.46369049700007],[156.50123131600003,51.775051174000055],[156.48601321700005,51.95766836100006],[156.43919187900008,52.21603094800008],[156.3727751560001,52.40462384300008],[156.30339603000004,52.48094310100004],[156.2822371750001,52.52944570500006],[156.37086022200003,52.49005768400008],[156.37232506600003,52.44684479400007],[156.41968834700003,52.47174713700008],[156.446625196,52.511419989000046],[156.33130944100003,52.53620026200008],[156.26572583000006,52.59817127300005],[156.11119584000005,52.93542032800008],[155.9546826940001,53.78610475000005],[155.88445071700005,53.98183828300006],[155.87134850400003,54.07123444200005],[155.72803795700008,54.42682526200008],[155.63851972700002,54.76947663000004],[155.6445418630001,54.83152903900003],[155.61003665500004,54.89492422100005],[155.551177167,55.28420485200007],[155.566422246,55.43301476100004],[155.62281334700003,55.63922760600008],[155.65308678500003,55.92133209800005],[155.68433678500003,55.99433014500005],[155.68620853000004,56.039129950000074],[155.71013431100005,56.08148834800005],[155.762054884,56.11945221600007],[155.7421981130001,56.12669505400004],[155.74284915500004,56.14590078300006],[155.76547285200002,56.174709377000056],[155.78003991000003,56.24750397300005],[155.8105574880001,56.29075755400004],[155.94654381600003,56.62189362200007],[156.04761599900007,56.76509066400007],[156.12525475400003,56.832017320000034],[156.17400149800005,56.84585195500006],[156.0825301440001,56.76707591400003],[156.06373131600003,56.71596914300005],[156.121918165,56.77496979400007],[156.20777428500003,56.825832424000055],[156.20582116000003,56.85431549700007],[156.46127480400003,56.94840631500006],[156.530361083,57.02116264600005],[156.53581790500004,57.08844635600008],[156.552093946,57.10895416900007],[156.5732528000001,57.113714911000045],[156.60515384200005,57.08584219000005],[156.6562606130001,57.07591380400004],[156.68384850400003,57.04832591400003],[157.00128759100005,57.42550531100005],[156.97771243600005,57.546087958000044],[156.9306746750001,57.65843333500004],[156.82007897200003,57.735988674000055],[156.7490340500001,57.72955963700008],[156.80103600400003,57.77338288000004],[156.9814559250001,57.857123114000046],[157.05103600400003,57.80508047100005],[157.24187259200005,57.77049388200004],[157.39185631600003,57.78119538000004],[157.46989993600005,57.803941148000035],[157.55738366000003,57.87641022300005],[157.58668053500003,57.95111725500004],[157.6533309250001,58.003892320000034],[157.6396590500001,58.02496979400007],[157.7231551440001,58.024603583000044],[157.78931725400003,57.996527411000045],[157.94703209700003,57.98309967700004],[158.2246199880001,58.025458075000074],[158.338226759,57.95302969000005],[158.34555097700002,57.96735260600008],[158.29078209700003,58.003892320000034],[158.295258009,58.02484772300005],[158.22877037900003,58.03864166900007],[158.6547957690001,58.26943594000005],[159.023773634,58.41478099200003],[159.14470462300005,58.488348700000074],[159.15251712300005,58.507879950000074],[159.18376712300005,58.50608958500004],[159.23698978000004,58.46784088700008],[159.23267662900003,58.48737213700008],[159.1875106130001,58.50804271000004],[159.193695509,58.54197825700004],[159.40162194100003,58.67804596600007],[159.50367272200003,58.696600653000075],[159.49683678500003,58.716457424000055],[159.60914147200003,58.79865143400008],[159.61980228000004,58.82632070500006],[159.72779381600003,58.88304271000004],[159.7529403000001,58.958197333000044],[159.72966556100005,59.01129791900007],[159.7920028000001,59.06753164300005],[159.80347741000003,59.09638092700004],[160.21461022200003,59.332464911000045],[160.336273634,59.36107005400004],[160.44646243600005,59.45526764500005],[160.46607506600003,59.52106354400007],[160.49732506600003,59.55247630400004],[160.6123153000001,59.570379950000074],[160.6679793630001,59.59467194200005],[160.84685306100005,59.61798737200007],[161.03858483200008,59.75177643400008],[161.09831790500004,59.762884833000044],[161.191742384,59.83038971600007],[161.28389595800002,59.870533943000055],[161.3379012380001,59.945298570000034],[161.4177242610001,59.98220434500007],[161.466655284,60.03223890700008],[161.5328486730001,60.06761537700004],[161.65418614600003,60.089464382000074],[161.897214502,60.202960662000066],[161.936326388,60.23647092900006],[161.94805044400005,60.270097504000034],[161.9223738940001,60.31346263200004],[161.89314403800006,60.30310640600004],[161.938555114,60.41678777200008],[162.16521243600005,60.50185781500005],[162.20622806100005,60.53803131700005],[162.40251712300005,60.560614325000074],[162.50180097700002,60.620794989000046],[162.6254988940001,60.610581773000035],[162.75367272200003,60.64594147300005],[162.86913250500004,60.71009159400006],[162.8912254930001,60.732026595000036],[162.888982543,60.75248384300005],[162.91668833100005,60.760006461000046],[163.02139804700005,60.77951130400004],[163.09905031200003,60.75468831300003],[163.12296475000005,60.76554949900003],[163.10230612600003,60.77712334800003],[163.17085031200008,60.78178521600006],[163.1936584770001,60.805210516000045],[163.32482050700003,60.80466475900005],[163.345658801,60.799292078000065],[163.2954207690001,60.72846100500004],[163.314789259,60.72174713700008],[163.3339949880001,60.72500234600005],[163.39480637600002,60.815134442000044],[163.436234206,60.83151180700008],[163.61540916800004,60.86915711600005],[163.699810254,60.85558840300007],[163.75103960500007,60.883058333000065],[163.7742630470001,60.91852002200005],[163.73414147200003,60.93854401200008],[163.48730334800007,61.001664093000045],[163.559207324,61.04704422000003],[163.6182050110001,61.05915804300008],[163.631337744,61.081979414000045],[163.6157332690001,61.10488515800006],[163.66625650700007,61.14485960800005],[163.93279056100005,61.23529694200005],[163.95085696700005,61.30097077000005],[164.02881920700008,61.34662506700005],[164.02295983200008,61.372381903000075],[163.95232181100005,61.43451569200005],[163.84782962300005,61.45286692900004],[163.77569297800005,61.413206691000084],[163.75147545700008,61.44330475500004],[163.7594941970001,61.479000549000034],[163.8462020190001,61.579779364000046],[163.86605657100006,61.64652369600003],[163.93123427600005,61.66792684900008],[163.98672916200007,61.65926112800008],[164.04481533500007,61.68343317700004],[164.06788170700008,61.78587474200003],[164.04249108200008,61.842962958000044],[164.08995686000003,61.89470406800007],[164.07270525500007,61.99570264600004],[164.10640413500005,62.023293823000074],[164.079598927,62.09050549300008],[164.126776252,62.128656602000035],[164.10538335700005,62.16784602800004],[164.125668571,62.19404599500007],[164.1271944140001,62.26237935100005],[164.24357761700003,62.32797695100004],[164.41806134800004,62.35348348300005],[164.4554539730001,62.404692570000066],[164.50254444400002,62.412681974000066],[164.53831287000003,62.45110951400005],[164.73902960500004,62.46036739300007],[164.94770394400007,62.40928021600007],[165.22543379,62.382879950000074],[165.2968856130001,62.32257721600007],[165.31617272200003,62.324204820000034],[165.28728274800005,62.366115627000056],[165.11087532400006,62.42941558600006],[165.1237820560001,62.45061397300003],[165.38729848000003,62.46591973300008],[165.595062696,62.44350820500006],[165.6508895190001,62.45917389500005],[165.353717244,62.486967889000084],[165.11002850300008,62.48532579300007],[164.92826166300006,62.53638233400005],[164.76565752500005,62.55832329100008],[164.5979370660001,62.67306541600004],[164.4469186880001,62.68941884900005],[164.37463146700009,62.690866490000076],[164.30826836800009,62.66100804800004],[164.055126147,62.656095813000036],[163.90840567500004,62.584373612000036],[163.85936235500003,62.60449907000003],[163.763869129,62.60220069200005],[163.625739351,62.588707216000046],[163.47553581900002,62.545069537000074],[163.39893368000003,62.575901669000075],[163.38758384000005,62.54844947000004],[163.26705047000007,62.52199464200004],[163.24982313300006,62.507735410000066],[163.2688080050001,62.465641781000045],[163.244098924,62.447745541000074],[163.16773073000002,62.43205473900008],[163.17653153000003,62.419058739000036],[163.234814283,62.41759862200007],[163.228589488,62.38489401700008],[163.3021460770001,62.375295522000044],[163.370212251,62.34000160900007],[163.36891835100005,62.32766953000004],[163.231523058,62.31139896600007],[163.2247766050001,62.29352059200005],[163.24133645900008,62.28533103800004],[163.179264289,62.27347211400007],[163.09148659700008,62.22663806200006],[163.10808353000004,62.15379466400003],[163.15040672600003,62.11330247800004],[163.10107854300009,62.09207637700007],[163.10502322000002,62.07997117300005],[163.19312365400003,62.066623191000076],[163.14778897300005,62.03763795900005],[163.11926050700004,61.98871407300004],[163.06865832200003,61.96662123500005],[163.08017639800005,61.954659390000074],[163.06709701900002,61.93601880300008],[163.02624276200004,61.92097114500007],[163.06405455100003,61.91732188800006],[163.0583823610001,61.89819857200007],[162.97673416600003,61.79957036900004],[163.14517149100004,61.74424491700006],[163.34338702500008,61.70568605300008],[163.3219729120001,61.69338672200007],[163.326549085,61.65785575400008],[163.20789906100003,61.63676951900004],[163.230211565,61.61111495800009],[163.16553795700008,61.62995026200008],[163.11209676800001,61.61592585600005],[163.07593834700003,61.585150458000044],[163.1076166480001,61.570855495000046],[163.112069141,61.548096686000065],[163.01728361200003,61.516584564000084],[162.98170006600003,61.53685130400004],[162.96763619400008,61.57182606200007],[162.907917257,61.57991025200005],[162.90882207800007,61.608737003000044],[162.85979835700005,61.60253557100003],[162.86014456200007,61.616675892000046],[162.943187836,61.650097488000085],[162.9306746750001,61.675482489000046],[162.83881723700006,61.70757119800004],[162.7655787440001,61.70510711700007],[162.6226667210001,61.659068809000075],[162.631493557,61.637245578000034],[162.74610925900004,61.62410244900008],[162.77483995600005,61.593885395000086],[162.67207616400003,61.604551497000045],[162.538663401,61.65249688800009],[162.41724694100003,61.675848700000074],[162.35061010200002,61.61504191900008],[162.2920028000001,61.617621161000045],[162.32782279600008,61.590454855000075],[162.25195771800009,61.55256437700007],[162.21648196700005,61.557847398000035],[162.22842195200008,61.52451221500007],[162.215449002,61.51291086900005],[162.139373341,61.49624871800006],[162.09531701900005,61.43638256100007],[162.04078209700003,61.43610260600008],[162.0607392720001,61.417204397000035],[161.9863902310001,61.37261949700007],[161.93939026300006,61.37655630000006],[161.88835696700005,61.43073151200008],[161.88933353000004,61.38458893400008],[161.91301846500005,61.357294327000034],[161.89023062800004,61.33551868500007],[161.807292642,61.37220707200004],[161.802100311,61.317111769000064],[161.595627497,61.25517756900007],[161.60305607600003,61.22591920600007],[161.56714538300002,61.18374418500008],[161.4711951920001,61.19559091700006],[161.46033710200004,61.17143331700004],[161.41190641800006,61.15175986400004],[161.4544108660001,61.13640610200008],[161.44583613500004,61.12096440600004],[161.29756609600008,61.05596127800004],[161.2122422550001,61.05418989600008],[161.21507002400006,61.03569603600005],[161.18209242,61.01443061400005],[161.18357358600008,60.99260704200003],[160.9782533030001,60.90944089800007],[160.91514924400008,60.89964503200008],[160.90196668400006,60.86036449800008],[160.8718704580001,60.848209275000045],[160.8471945240001,60.81360341200008],[160.8284889360001,60.75466130500007],[160.79647536100003,60.74689047800007],[160.79162375200008,60.717700269000034],[160.68675704300006,60.76011231400008],[160.660934106,60.752615766000076],[160.63587898700007,60.71557702600006],[160.5590642850001,60.74060699200004],[160.47018458900004,60.69904675600009],[160.41031937600007,60.70608607500009],[160.44293916700008,60.74274452700007],[160.43101627600004,60.74920412200004],[160.371617486,60.72269247400004],[160.38179385900003,60.70160571200006],[160.35758578700006,60.65862019500008],[160.28899248900007,60.63949319800008],[160.2818229940001,60.609231253000075],[160.18593291500008,60.578406234000056],[160.15439268300008,60.57633613300004],[160.136078321,60.60211823100008],[160.15969337400008,60.64083152200004],[160.146998671,60.66201063900007],[160.21962683900006,60.665107945000045],[160.201862527,60.69711010200007],[160.24481390100004,60.713920226000084],[160.2337691890001,60.72502246600004],[160.25141024000004,60.73481168300003],[160.251685091,60.772417637000046],[160.17009524800005,60.82489655200004],[160.21776347900004,60.845685669000034],[160.2537123730001,60.82455028600003],[160.24148908300003,60.87457707000004],[160.28154291500005,60.90555549100009],[160.35752555600004,60.91075495300004],[160.3534849,60.94515616400008],[160.42487601800008,60.98367803200006],[160.40767537400006,61.00505097700005],[160.444214536,61.03621952100008],[160.37182403500003,61.043209851000086],[160.28063719700003,61.01869649400004],[160.201973145,61.03821996600004],[160.071858743,61.00539355400008],[159.99845925400007,60.963495530000046],[159.96635276300003,60.96618706000004],[159.9506284900001,60.940912499000035],[159.88534872700006,60.941388810000035],[159.8986668660001,60.91552652200005],[159.79753908300006,60.931102543000065],[159.82849943300005,60.941518973000086],[159.83048809900004,60.978460435000045],[159.96811110200008,61.058779359000084],[159.95218378700008,61.07125520100004],[160.00014050000004,61.10611751200008],[159.96338811300006,61.18185998200005],[159.91819815200006,61.21363801600006],[159.9562327330001,61.22724702600004],[159.94329263100008,61.24377388900007],[159.90772545700008,61.259426174000055],[159.85549742700005,61.25757233200005],[159.82273114500003,61.232519807000074],[159.77561830500008,61.24220566100007],[159.789717364,61.26571929000005],[159.82761646000006,61.27878555700005],[159.81852211400007,61.28917825000008],[159.90863190100004,61.29351967800005],[159.9636568530001,61.27280935600004],[159.99638284900004,61.284324292000065],[160.00399262200006,61.292227843000035],[159.9101668630001,61.31391022300005],[159.97247211500007,61.33890865600006],[159.9652250270001,61.37803625400005],[160.052543183,61.378876105000074],[160.05092019300002,61.39541031600004],[160.10685275700007,61.429962523000086],[160.08805743800008,61.45315794800007],[160.03498934900006,61.45904615200004],[160.11323013000003,61.49967912000005],[160.21747640400008,61.51188389500004],[160.2851399870001,61.55410723500006],[160.251227718,61.575195102000066],[160.28482073400005,61.60631138500008],[160.2598315460001,61.62507038600006],[160.31295129900002,61.644860840000035],[160.31879412900003,61.66676993800007],[160.30707502200005,61.68295728800007],[160.25905516800003,61.69037821100005],[160.41395835100002,61.764781215000085],[160.3992876110001,61.79353666600008],[160.3619777680001,61.81354353200004],[160.4002547,61.83135352100004],[160.37133588100005,61.87186160200008],[160.39128806100007,61.88137730900007],[160.34595787900003,61.91669342700004],[160.3457137380001,61.94472890800006],[160.24080421300005,61.918878290000066],[160.181624133,61.88041563300004],[160.03901210200002,61.84624622300004],[159.96672440400005,61.75882770700008],[159.88074383000003,61.70520802500005],[159.8055154980001,61.722102616000086],[159.78764430700005,61.70006280500007],[159.726204499,61.70198508800007],[159.70772883000006,61.72099172500003],[159.70798735800008,61.685159103000046],[159.65265268300004,61.682896320000054],[159.57721252500005,61.652771070000085],[159.51941521600008,61.67464796100006],[159.51165642500007,61.70035418700007],[159.53985240100008,61.73503032900004],[159.53651098300008,61.78528391900005],[159.565585769,61.816648017000034],[159.5302506390001,61.819376814000066],[159.526066593,61.79611685100008],[159.48548479800002,61.79253453200005],[159.4775687030001,61.76355885300006],[159.35606834300006,61.81650585700004],[159.350909956,61.826469383000074],[159.392226618,61.833965324000076],[159.402489748,61.853085082000064],[159.39401809600008,61.87554579600004],[159.3598738940001,61.893011786000045],[159.117795677,61.91666008800007],[158.894867384,61.89435455900008],[158.84498131600003,61.858710028000075],[158.85303795700008,61.82632070500006],[158.83716881600003,61.82111237200007],[158.54849162100004,61.830418518000045],[158.52059921300008,61.798275372000035],[158.48498832100006,61.78969764700008],[158.402914602,61.82221944100007],[158.260226741,61.82593385800004],[158.16911868600005,61.76732005400004],[158.140050568,61.77118606200008],[158.08016358100008,61.733999544000085],[157.79365729200003,61.781176558000084],[157.5373414930001,61.79194583600008],[157.46450887100002,61.782105424000065],[157.3932951600001,61.745830408000074],[157.35654043,61.714752943000065],[157.36464373800004,61.68539352100004],[157.25660501200002,61.69313491500009],[157.02759850400003,61.65058014500005],[156.923833275,61.55181318400008],[156.79785460900007,61.515998515000035],[156.72231824300002,61.52709980100008],[156.67042344900005,61.51602696100008],[156.69329293700002,61.512058308000064],[156.671150581,61.49822382700006],[156.63168379,61.423895575000074],[156.62379370600001,61.37059138200004],[156.6485430030001,61.32798487600007],[156.61987699100007,61.27532768300006],[156.65145060700002,61.25070656100007],[156.65497125800005,61.19676019900004],[156.546888384,61.20922558600006],[156.37389675500003,61.148768450000034],[156.09117289000005,61.00156668200003],[156.04520198900002,60.97303276400004],[156.02992242300002,60.94472706500005],[156.0076310390001,60.949571733000084],[155.981820492,60.924022930000035],[155.963671761,60.93338411700006],[155.94305971300003,60.92262906500008],[155.9726209810001,60.904677304000074],[155.91677907000008,60.859377976000076],[155.92294603100004,60.83268521100007],[155.90338983800007,60.79596152100004],[155.92073903200003,60.754794496000045],[155.91362065400006,60.70358311700005],[155.82984459700003,60.72898997600004],[155.72482403700008,60.655100376000064],[155.68012464800006,60.657983253000054],[155.570962011,60.625548663000075],[155.54065241600006,60.59214889700007],[155.49207319000004,60.58198156000003],[155.4747238550001,60.555377013000054],[155.47977303300001,60.53392386000007],[155.43151060700006,60.51522206700008],[155.398348349,60.529571659000055],[155.34028056400007,60.52458236100006],[155.24059885300005,60.48427792600006],[155.13759274000006,60.41140989500008],[154.95240319100003,60.36741771000004],[154.8136908680001,60.271658011000056],[154.83325790100002,60.30317278000007],[154.80423451900003,60.288853406000044],[154.79360697100003,60.25537018000006],[154.761078321,60.228176174000055],[154.692119962,60.201314161000084],[154.50972934800006,60.02495554600006],[154.48758987500003,59.94630657200008],[154.47915692000004,59.97330741800005],[154.498975385,60.02884848300005],[154.56369836200008,60.09370475900005],[154.51157147100002,60.09430420500007],[154.40783527300005,60.062927667000054],[154.4066897890001,60.03617303800007],[154.46671460200002,59.967587266000066],[154.46178379700007,59.94506569200007],[154.48780358200008,59.89630768400008],[154.473480665,59.879339911000045],[154.397797071,59.84796784100007],[154.4326278000001,59.89630768400008],[154.28071987600003,59.89168275500003],[154.22077029800005,59.869620187000066],[154.21546486700004,59.78395505600008],[154.22877037900003,59.73037344000005],[154.36825131600006,59.574686270000086],[154.28580926900008,59.62362655700008],[154.276159248,59.650074275000065],[154.2200736100001,59.66397628000004],[154.1958113940001,59.626939195000034],[154.1966010320001,59.58316679600006],[154.158621627,59.56134515100007],[154.14928694800005,59.536419539000065],[154.1094631530001,59.539747258000034],[154.075043165,59.50918203300006],[154.13843834700003,59.45697663000004],[154.2978772040001,59.44255329300006],[154.35388118800006,59.48988445400005],[154.35694420700008,59.525824286000045],[154.40231052500008,59.53501503500007],[154.40990677700006,59.50650832900004],[154.3798934250001,59.470038153000075],[154.4268503730001,59.420881577000046],[154.51585640500002,59.410386379000045],[154.53677930000003,59.42284058800004],[154.4360457690001,59.48419830900008],[154.418304884,59.54629140800006],[154.42876225700002,59.54703399300007],[154.55412392800008,59.51339871600004],[154.64428707000002,59.54343440000008],[154.78295351200006,59.471286242000076],[154.8418074880001,59.475490627000056],[154.87759583700006,59.46080965200008],[154.9629012380001,59.496079820000034],[155.01494452200006,59.47641341500008],[155.02335309900002,59.43665715900005],[155.09734134200005,59.39545319200005],[155.16675866000003,59.379339911000045],[155.2097132140001,59.34387954200008],[155.193371812,59.32960990600009],[155.21575809900003,59.30549306900008],[155.15762512600008,59.29635834100009],[155.1971756590001,59.237229321000086],[155.14960807600005,59.22156873900008],[155.19410241000003,59.175767320000034],[155.0556727280001,59.19165253700004],[155.028604717,59.17344969000004],[154.9363931270001,59.192439086000036],[154.813301078,59.19417212600007],[154.78514094800005,59.15606246200008],[154.80487908400005,59.132225712000036],[154.79069792200005,59.13134748400006],[154.67751600400004,59.145639144000086],[154.57345538000004,59.20027846100004],[154.501565357,59.21788744600008],[154.438020693,59.215520509000044],[154.39652581000007,59.19557161700004],[154.332723095,59.19175311500004],[154.35771027400006,59.11058745000008],[154.34082187500007,59.118433071000084],[154.27894267500005,59.08592838800007],[154.1923934250001,59.101263739000046],[154.04867597700002,59.052801825000074],[153.90503991000003,59.08698151200008],[153.80201256600003,59.172308661000045],[153.6919747720001,59.185061060000066],[153.7216417850001,59.217656548000036],[153.76697617700006,59.231247615000086],[153.76855655300005,59.24658337900007],[153.6966335740001,59.225740158000065],[153.64802394900005,59.19077105700006],[153.49524235900003,59.23371639000004],[153.3691512380001,59.24127838700008],[153.34838997500003,59.15362505100006],[153.283539259,59.14899323100008],[153.284232857,59.131324050000046],[153.35022026700005,59.13401983700004],[153.35568007100005,59.11647530100004],[153.33727527500002,59.08988693900005],[153.09009992400001,59.08309410500004],[153.00670778000006,59.06056500600005],[152.9886073350001,59.02931048900007],[152.94331567100005,59.007020595000085],[152.89991295700008,58.903631903000075],[152.81678943000009,58.92627511400008],[152.731502428,58.909132266000086],[152.66481284400004,58.94042191700004],[152.556739526,58.94998146100005],[152.52263091600003,58.98256582400006],[152.43148847700002,59.00885651200008],[152.4047957690001,59.023423570000034],[152.4047957690001,59.04604726800005],[152.3632918630001,59.05971914300005],[152.33936608200008,59.05548737200007],[152.3564559250001,59.03237539300005],[152.3422957690001,59.01968008000006],[152.166128974,58.98406315300008],[152.1566519170001,58.926502775000074],[152.11026224900002,58.895286326000075],[152.0202983050001,58.87503653300007],[151.81188889700002,58.87050742000008],[151.71728006,58.84895640500008],[151.45284065300007,58.864754049000055],[151.35366454200005,58.83256228600004],[151.33727697900008,58.83886742900006],[151.35909319200005,58.85599278400008],[151.238067516,58.96250597100004],[151.23602798900004,58.998267490000046],[151.1836043630001,59.01675039300005],[151.088049855,59.10202038500006],[151.1020613940001,59.11432526200008],[151.21652762200006,59.091682053000056],[151.343374336,59.11954816900004],[151.4377313440001,59.170316693000075],[151.65748131600003,59.161444403000075],[151.76604112100006,59.13362772700003],[151.837997632,59.15270261100005],[151.924342012,59.13777929400004],[152.1093571250001,59.15579782400005],[152.22522859700007,59.20216855800004],[152.32223814000008,59.20740928400005],[152.31182746900004,59.22664875800007],[152.1367293630001,59.296210028000075],[151.9790145190001,59.26508209800005],[151.90135301200007,59.303015594000044],[151.734297835,59.30726402300007],[151.72759262600005,59.32219621100006],[151.77027772300005,59.34966422600007],[151.70524045500008,59.38954176000004],[151.69477478800002,59.431120081000074],[151.66550899100002,59.45943976500007],[151.58025280100003,59.503254876000085],[151.51587975400003,59.509100653000075],[151.49100859300006,59.541935969000065],[151.429408168,59.56456032400007],[151.46057857100004,59.56939232500008],[151.45091113,59.57714479500004],[151.39605662200006,59.60416294200007],[151.37097967700004,59.60099250700006],[151.32209981000005,59.55588838500006],[151.0630685650001,59.57933447400006],[150.90674250100005,59.55935156800007],[150.894866976,59.54648413100006],[150.904380199,59.531866351000076],[150.93835658600005,59.51879510100008],[150.9101668630001,59.49103424700007],[150.93718509200005,59.48419830900008],[150.94183317,59.461225048000074],[150.92583970200008,59.44764209300007],[150.7799119350001,59.43226300200007],[150.7401203930001,59.43977251800004],[150.77439646000005,59.46541307000007],[150.76562180500002,59.484321381000086],[150.50374051400001,59.488665913000034],[150.77155967700003,59.536957811000036],[150.77434801000004,59.561914982000076],[150.601303057,59.54096048300005],[150.51636803500003,59.55703359600005],[150.5187598010001,59.572240073000046],[150.46827233200008,59.58087799700007],[150.45680641,59.61258969100004],[150.306000196,59.646185614000046],[150.16773522200003,59.652777411000045],[150.00449000900005,59.70036332900008],[149.5977249560001,59.758204928000055],[149.4380063970001,59.736450464000086],[149.38013756600003,59.75381094000005],[149.37525475400003,59.77220286700003],[149.32683353000004,59.75861237200007],[149.3785930370001,59.72465426200006],[149.132906982,59.640736135000054],[149.08122806100005,59.653225002000056],[149.04070071700005,59.64288971600007],[149.04224694100003,59.614488023000035],[149.08948173400006,59.60969559800009],[149.1040187750001,59.592341170000054],[149.0810653000001,59.55996328300006],[149.20134524800005,59.52488841400003],[149.21208743600005,59.46914297100005],[149.114593946,59.493353583000044],[148.96843509200005,59.45221588700008],[148.95386803500003,59.47060781500005],[148.89226321700005,59.466782945000034],[148.840179884,59.501288153000075],[148.855804884,59.53119538000004],[148.88795006600003,59.54629140800006],[148.84595787900003,59.552720445000034],[148.74342886400007,59.47157799200005],[148.720245417,59.42086373900008],[148.73570520700002,59.36839086800006],[148.8140085870001,59.36353530000008],[148.86540774800005,59.40485260600008],[148.8750106130001,59.398871161000045],[148.8613387380001,59.35390859600005],[148.88168379,59.35643138200004],[148.91586347700002,59.39545319200005],[148.989905678,59.375376721000066],[148.99249162900003,59.35610229900004],[148.93374422600004,59.31727331500008],[148.93033277400002,59.29677990500005],[148.964190142,59.27327007900004],[148.93452246900006,59.23327292200008],[148.84156334700003,59.276556708000044],[148.799034936,59.27131065000003],[148.78793720700003,59.236484372000064],[148.739021579,59.23703164300008],[148.72803794000004,59.25954574300005],[148.685716071,59.26568369700004],[148.58978017000004,59.24158433300005],[148.43746589700004,59.26231739700006],[148.39372806100005,59.37929922100005],[148.2194364730001,59.40886989000006],[147.84546254100007,59.37661532700008],[147.78874759200005,59.34393952000005],[147.846569197,59.29691936000006],[147.82550079300006,59.269604611000034],[147.73853600400003,59.26239655200004],[147.65609785200002,59.301947333000044],[147.59107506600003,59.30414459800005],[147.56527754,59.293036200000074],[147.54599906600004,59.23754682200007],[147.43767337300005,59.26089101800005],[147.37452233200008,59.30296458500004],[147.2714949880001,59.332098700000074],[147.23064212300005,59.33177317900004],[147.1989388720001,59.31291908700007],[147.05583743600005,59.362982489000046],[146.86052493600005,59.361314195000034],[146.719574415,59.38190338700008],[146.6972762380001,59.39435455900008],[146.693477014,59.42361584900004],[146.5039168630001,59.46312083500004],[146.439641574,59.46040865500004],[146.31914097900005,59.40169361100004],[146.32496178500003,59.31940338700008],[146.31218509200005,59.27875397300005],[146.33326256600003,59.25934479400007],[146.31902103000004,59.23786041900007],[146.3631079060001,59.21281146400008],[146.3229571820001,59.17995188600008],[146.204619384,59.20462027900004],[146.15772881600003,59.19241602000005],[146.13578767900003,59.169389170000045],[146.09913170700008,59.17438385600008],[146.05029199900002,59.13887271900006],[145.9761986630001,59.14331643500003],[145.9899059920001,59.17241818300005],[145.9321395190001,59.21320221600007],[145.82496178500003,59.24127838700008],[145.843909134,59.292736028000036],[145.9464959180001,59.355321384000035],[145.975797006,59.39874877600005],[145.95700552900007,59.41672280700004],[145.88942810100002,59.401966852000044],[145.81812584700003,59.41596100500004],[145.80889757,59.366828259000044],[145.69263756600003,59.41168854400007],[145.67465254,59.436428127000056],[145.65162194100003,59.421942450000074],[145.35368899800005,59.39272695500006],[145.22871808700006,59.40797620600006],[145.00075857700006,59.36958296600005],[144.76295006600003,59.38117096600007],[144.80445397200003,59.39545319200005],[144.6132918630001,59.39545319200005],[144.69459069100003,59.37494538000004],[144.45484459700003,59.37494538000004],[144.3657332690001,59.38117096600007],[144.4482528000001,59.38117096600007],[144.37964928500003,59.40228913000004],[144.28109785200002,59.38764069200005],[143.93800957300004,59.405078496000044],[143.90391134100003,59.422709542000064],[143.49361686600002,59.31851801800008],[143.40798013800008,59.324321816000065],[143.31087109400005,59.36074116600008],[143.16480553500003,59.38100820500006],[143.1391707690001,59.361314195000034],[143.15967858200008,59.35390859600005],[142.58179804100007,59.226101948000064],[142.26238040500004,59.12457916900007],[142.01531009200005,58.997259833000044],[141.78191165500004,58.76471588700008],[141.5837338890001,58.617748978000066],[141.2485092070001,58.476891899000066],[141.18563293900002,58.45635649400003],[141.10542480200002,58.45921505200005],[140.9043074880001,58.38275788000004],[140.74000084700003,58.27130768400008],[140.66675866000003,58.191107489000046],[140.51872806100005,57.932521877000056],[140.49572797400003,57.84477360200003],[140.34577649200003,57.78683602500007],[140.30244593200007,57.74778842100005],[140.2802840500001,57.762600002000056],[140.22331790500004,57.76023997600004],[140.03484134200005,57.71308014500005],[139.93486959000006,57.65329794500008],[139.78967780100004,57.48273136900008],[139.71208743600005,57.49176666900007],[139.62057154000001,57.46734427300004],[139.563067897,57.43005573600004],[139.52220236200003,57.35963694900005],[139.41845893200002,57.29719375900004],[139.38002279700004,57.308161978000044],[139.3170680180001,57.27760841600008],[139.19654381600003,57.272650458000044],[139.068733392,57.207020585000066],[139.02562407000005,57.14000319000007],[138.989896831,57.15425542300005],[138.9329572260001,57.13502493300007],[138.92247585200005,57.05811634000008],[138.885110403,57.019112791000055],[138.806056947,57.03161416100005],[138.787305436,57.00615653400007],[138.71807182400005,56.980028667000056],[138.66161502700004,56.97794264700008],[138.60562841900003,56.94522447300005],[138.58595577300002,56.921675734000075],[138.56152027100006,56.82654751800004],[138.581736352,56.78450917500004],[138.563610067,56.77750924700007],[138.54336315500007,56.79385892000005],[138.54983493600002,56.859517536000055],[138.4544484820001,56.83933669600003],[138.46660924700006,56.81660738800008],[138.39600670700008,56.73126862200007],[138.2902050030001,56.69213054700003],[138.261874519,56.65430521400003],[138.26051050500007,56.61582066900007],[138.23098952300006,56.624487111000064],[138.21632512300005,56.60960711800004],[138.1484481130001,56.603583075000074],[138.12964928500003,56.585638739000046],[138.11483830300006,56.52810432900009],[138.12512578300004,56.50693344700005],[138.17469793400005,56.471757506000074],[138.25777321700002,56.466050049000046],[138.2234770990001,56.42416025300008],[138.16308130100003,56.45113569000006],[138.0694281540001,56.43775473200009],[138.0536825920001,56.38785083100004],[137.91406701200003,56.35952565000008],[137.83442839400004,56.22547623100007],[137.7762869830001,56.211273349000066],[137.72309635800002,56.15894868100008],[137.72359734000008,56.13632394700005],[137.57195071700005,56.116522528000075],[137.50025475400003,56.06281159100007],[137.44366089300001,56.04851152400005],[137.42599296600008,56.03114633100006],[137.41682345700008,55.97300702400008],[137.3908307700001,55.94560743800008],[137.33107513200002,55.96890483000004],[137.29563402600002,55.96132245700005],[137.23753284000009,55.91560875400006],[137.15568258300004,55.88755038600004],[137.0466999690001,55.81909016100008],[137.04979655600005,55.793115742000055],[136.97942587,55.792255399000055],[136.9099201790001,55.771266714000035],[136.77328535200002,55.66054922100005],[136.670964153,55.64639806900004],[136.62307164000003,55.61603679700005],[136.56551469300007,55.62319869800007],[136.5294769080001,55.58040343400006],[136.43016060000002,55.56524642800008],[136.31902103000004,55.48655833500004],[136.30767085500008,55.424624315000074],[136.268707801,55.41494016000007],[136.2197791000001,55.35458915400005],[136.17805986300004,55.343118813000046],[136.16162658400003,55.318283990000054],[135.98107865100008,55.24481068500006],[135.86894250500006,55.173885616000064],[135.810849781,55.17136206300006],[135.7063483510001,55.11541310500007],[135.6704687140001,55.12130586900008],[135.46906384600004,55.05666445900005],[135.45542427600003,55.02882688300008],[135.33921838600008,54.98071336300006],[135.2195714510001,54.894120841000074],[135.183724246,54.85915536300007],[135.17335045700008,54.82127513200004],[135.26514733200008,54.72166575700004],[135.2441512380001,54.701239325000074],[135.3408309250001,54.714829820000034],[135.65414472700002,54.66596100500004],[135.6801863940001,54.649603583000044],[135.698578321,54.59902578300006],[135.75017337300005,54.57094961100006],[135.97999108200008,54.58079661700003],[136.20671634200005,54.62067291900007],[136.53492272200003,54.59552643400008],[136.59839928500003,54.622707424000055],[136.662445509,54.685248114000046],[136.677093946,54.673895575000074],[136.65894616000003,54.63743724200003],[136.68140709700003,54.61469147300005],[136.72022545700008,54.614447333000044],[136.77556399800005,54.650824286000045],[136.82349694100003,54.64752838700008],[136.8144637380001,54.62612539300005],[136.8833113940001,54.59137604400007],[136.80746504,54.51626211100006],[136.84164472700002,54.488267320000034],[136.81804446700005,54.47345612200007],[136.8408309250001,54.43231842700004],[136.8066512380001,54.42401764500005],[136.758636915,54.43695709800005],[136.738617384,54.41380442900004],[136.76002037900003,54.38108958500004],[136.752289259,54.36542389500005],[136.820648634,54.316107489000046],[136.80062910200002,54.29718659100007],[136.755218946,54.29743073100008],[136.752289259,54.28351471600007],[136.8144637380001,54.24872467700004],[136.76286868600005,54.20404694200005],[136.8144637380001,54.15932851800005],[136.76880944100003,54.08022695500006],[136.7802840500001,54.063788153000075],[136.68913821700005,54.01227448100008],[136.69206790500004,53.980169989000046],[136.6591903000001,53.93504466400003],[136.68474368600005,53.80849844000005],[136.77515709700003,53.773098049000055],[136.82178795700008,53.788397528000075],[136.84205162900003,53.82876211100006],[136.89869225400003,53.846991278000075],[137.01978600400003,53.85150788000004],[137.1079207690001,53.807928778000075],[137.14275149800005,53.81391022300005],[137.18572024800005,53.85106028900003],[137.29086347700002,54.03571198100008],[137.27165774800005,54.05023834800005],[137.15699303500003,54.04401276200008],[137.13819420700008,54.08344147300005],[137.06137129,54.145697333000044],[137.17750084700003,54.20774974200003],[137.26050866000003,54.227443752000056],[137.300140821,54.271918036000045],[137.37671959700003,54.290269273000035],[137.39478600400003,54.308294989000046],[137.45142662900003,54.317613023000035],[137.54672285200002,54.29718659100007],[137.64332116000003,54.29718659100007],[137.71168053500003,54.33047109600005],[137.73585045700008,54.32099030200004],[137.72624759200005,54.29547760600008],[137.504242384,54.13654205900008],[137.48389733200008,54.08466217700004],[137.4502059250001,54.089056708000044],[137.46070397200003,54.12417226800005],[137.436859571,54.145697333000044],[137.30787194100003,54.118353583000044],[137.29363040500004,54.077460028000075],[137.32007897200003,54.04946523600006],[137.43816165500004,54.03701406500005],[137.59050540500004,53.95612213700008],[137.63624108200008,53.96759674700007],[137.77133222700002,53.94354889500005],[137.86280358200008,53.96759674700007],[137.7739363940001,53.899318752000056],[137.67896569100003,53.877834377000056],[137.6504012380001,53.86513906500005],[137.6396590500001,53.84125397300005],[137.60914147200003,53.834418036000045],[137.56592858200008,53.77094147300005],[137.56397545700008,53.72687409100007],[137.50025475400003,53.69818756700005],[137.48796634200005,53.67055898600006],[137.34538821700005,53.66474030200004],[137.277679884,53.616400458000044],[137.21762129,53.60057200700004],[137.22820071700005,53.56679922100005],[137.33513431100005,53.529364325000074],[137.678070509,53.550116278000075],[137.91822350400003,53.58661530200004],[138.047211134,53.650458075000074],[138.15007571700005,53.672756252000056],[138.2841903000001,53.73851146000004],[138.36638431100005,53.909491278000075],[138.5786238940001,53.999335028000075],[138.58472741000003,53.97724030200004],[138.5649520190001,53.94208405200004],[138.5888778000001,53.87938060100004],[138.57992597700002,53.82831452000005],[138.37875410200002,53.68414948100008],[138.35328209700003,53.66010163000004],[138.345062696,53.607123114000046],[138.2461043630001,53.56635163000004],[138.24683678500003,53.53278229400007],[138.21558678500003,53.49176666900007],[138.28443444100003,53.52484772300005],[138.43921959700003,53.513657945000034],[138.5278426440001,53.564154364000046],[138.65577233200008,53.731756903000075],[138.69678795700008,53.81867096600007],[138.68246504,53.875433661000045],[138.76059004,53.97524648600006],[138.771820509,54.01557038000004],[138.76710045700008,54.104681708000044],[138.66472415500004,54.077460028000075],[138.72543379,54.15932851800005],[138.72543379,54.20034414300005],[138.7465926440001,54.24249909100007],[138.7343856130001,54.26634349200003],[138.6435653000001,54.29718659100007],[138.73853600400003,54.31598541900007],[138.934418165,54.25307851800005],[139.30225670700008,54.190619208000044],[139.37183678500003,54.19586823100008],[139.7675887380001,54.303941148000035],[139.80355879,54.286810614000046],[139.7949324880001,54.23883698100008],[139.81592858200008,54.21515534100007],[139.883636915,54.18732330900008],[139.9184676440001,54.20034414300005],[139.90845787900003,54.18886953300006],[139.9204207690001,54.17568594000005],[140.00171959700003,54.12299225500004],[140.240570509,54.05695221600007],[140.22632897200003,54.01227448100008],[140.235687696,54.001288153000075],[140.33082116000003,53.97028229400007],[140.32252037900003,53.94708893400008],[140.2519637380001,53.89057038000004],[140.25733483200008,53.86855703300006],[140.35670006600003,53.79002513200004],[140.52173912900003,53.72703685100004],[140.53980553500003,53.67169830900008],[140.58122806100005,53.63930898600006],[140.65113366000003,53.61981842700004],[140.71314537900003,53.58161041900007],[141.09782962300005,53.47475820500006],[140.99439537900003,53.49518463700008],[140.9497176440001,53.48895905200004],[140.93376712300005,53.47650788000004],[140.93091881600003,53.43634674700007],[140.99537194100003,53.448431708000044],[141.03541100400003,53.40973541900007],[141.124359571,53.39276764500005],[141.1176863940001,53.37523021000004],[141.22925866000003,53.31598541900007],[141.40748131600003,53.30377838700008],[141.39812259200005,53.25560130400004],[141.357758009,53.22089264500005],[141.42400149800005,53.21784088700008],[141.412445509,53.194973049000055],[141.432953321,53.148871161000045],[141.3754988940001,53.12343984600005],[141.34978274800005,53.091131903000075],[141.36443118600005,53.07339101800005],[141.25367272200003,53.08783600500004],[141.18637129,53.05019765800006],[141.26156660200002,53.03587474200003],[141.188812696,52.987494208000044],[141.1318465500001,52.987494208000044],[140.96656334700003,53.06195709800005],[140.89478600400003,53.07684967700004],[140.860687696,53.118475653000075],[140.72999108200008,53.126939195000034],[140.70671634200005,53.111029364000046],[140.87623131600003,53.03847890800006],[140.93344160200002,53.03156159100007],[140.96607506600003,52.944647528000075],[140.99382571700005,52.925848700000074],[141.0449324880001,52.924261786000045],[141.0825301440001,52.883978583000044],[141.1977645190001,52.848822333000044],[141.26059004,52.85224030200004],[141.20101972700002,52.777411200000074],[141.27027428500003,52.735256252000056],[141.31625410200002,52.65912506700005],[141.280609571,52.57876211100006],[141.23511803500003,52.52631256700005],[141.1176863940001,52.44896067900004],[141.12818444100003,52.42291901200008],[141.18637129,52.35065338700008],[141.2583113940001,52.32371653900003],[141.27898196700005,52.29344310100004],[141.34978274800005,52.26813385600008],[141.40211022200003,52.22553131700005],[141.5400496750001,52.220770575000074],[141.55583743600005,52.16229889500005],[141.55062910200002,52.14984772300005],[141.49366295700008,52.172308661000045],[141.40259850400003,52.14020416900007],[141.35499108200008,52.105902411000045],[141.3427840500001,52.093817450000074],[141.36402428500003,52.08372630400004],[141.30258222700002,52.02167389500005],[141.41781660200002,51.954738674000055],[141.42554772200003,51.925482489000046],[141.28012129,51.88031647300005],[141.2002059250001,51.82367584800005],[141.16911868600005,51.75104401200008],[141.10922285200002,51.67877838700008],[140.98796634200005,51.65924713700008],[140.91529381600003,51.62384674700007],[140.9013778000001,51.49408600500004],[140.88795006600003,51.48041413000004],[140.8227645190001,51.48041413000004],[140.80005944100003,51.45416901200008],[140.8188582690001,51.41673411700003],[140.89600670700008,51.42877838700008],[140.87378991000003,51.37177155200004],[140.82960045700008,51.34324778900009],[140.70573978000004,51.33478424700007],[140.68628991000003,51.31281159100007],[140.71355228000004,51.261379299000055],[140.65894616000003,51.223822333000044],[140.67945397200003,51.199286200000074],[140.667328321,51.13141510600008],[140.70435631600003,51.09235260600008],[140.70671634200005,51.031683661000045],[140.66521243600005,51.00812409100007],[140.67359459700003,50.94830963700008],[140.59986412900003,50.92845286700003],[140.5297957690001,50.86237213700008],[140.54761803500003,50.835638739000046],[140.54224694100003,50.805121161000045],[140.48072350400003,50.747381903000075],[140.4633895190001,50.69896067900004],[140.51490319100003,50.61709219000005],[140.48389733200008,50.60716380400004],[140.44214928500003,50.53009674700007],[140.51490319100003,50.445746161000045],[140.511078321,50.41937897300005],[140.5454207690001,50.34406159100007],[140.51490319100003,50.294907945000034],[140.53695722700002,50.23607005400004],[140.52295983200008,50.15106842700004],[140.6005965500001,50.07518138200004],[140.68628991000003,50.103176174000055],[140.69092858200008,50.08026764500005],[140.48226972700002,49.97528717700004],[140.44605553500003,49.89085521000004],[140.41521243600005,49.87457916900007],[140.45850670700008,49.80560944200005],[140.53500410200002,49.777411200000074],[140.54224694100003,49.75678131700005],[140.50749759200005,49.69163646000004],[140.56080162900003,49.575384833000044],[140.52116946700005,49.52716705900008],[140.51832116000003,49.491400458000044],[140.45427493600005,49.42084381700005],[140.4355574880001,49.29437897300005],[140.3359481130001,49.287543036000045],[140.35035241000003,49.273098049000055],[140.39022871200007,49.275051174000055],[140.3457137380001,49.22919342700004],[140.35018964900007,49.19818756700005],[140.37680097700002,49.20563385600008],[140.35922285200002,49.17365143400008],[140.37680097700002,49.14354075700004],[140.3564559250001,49.095770575000074],[140.2949324880001,49.088324286000045],[140.33602949300007,49.067694403000075],[140.34359785200002,49.04706452000005],[140.2192488940001,49.01386139500005],[140.26449629,49.01227448100008],[140.2744246750001,49.00018952000005],[140.248383009,48.97630442900004],[140.28345787900003,48.976263739000046],[140.2812606130001,48.96539948100008],[140.301117384,48.96539948100008],[140.29664147200003,48.98041413000004],[140.32138105600006,49.00873444200005],[140.35914147200003,49.02130768400008],[140.37061608200008,49.00018952000005],[140.39795983200008,48.99274323100008],[140.35230553500003,48.910223700000074],[140.2539168630001,48.84804922100005],[140.21298261800007,48.76740143400008],[140.18580162900003,48.650091864000046],[140.19345136800007,48.58112213700008],[140.17196699300007,48.56818268400008],[140.19263756600003,48.53034088700008],[140.17701256600003,48.461818752000056],[140.07211347700002,48.39862702000005],[140.03492272200003,48.32794830900008],[139.95126386800007,48.30487702000005],[139.76734459700003,48.18768952000005],[139.65186608200008,48.06875234600005],[139.50733483200008,47.96149323100008],[139.39047285200002,47.90424225500004],[139.2617293630001,47.78790924700007],[139.2119246750001,47.70416901200008],[139.20565839900007,47.66380442900004],[139.1508895190001,47.62177155200004],[139.06519616000003,47.49632396000004],[139.03736412900003,47.40106842700004],[138.99048912900003,47.36322663000004],[138.96949303500003,47.31753164300005],[138.89071699300007,47.30516185100004],[138.56275475400003,47.02993398600006],[138.51327558700007,46.94082265800006],[138.50155683700007,46.86615631700005],[138.40975996200007,46.780951239000046],[138.34913170700008,46.66425202000005],[138.3564559250001,46.59438711100006],[138.344574415,46.54873281500005],[138.20240319100003,46.454331773000035],[138.11304772200003,46.289496161000045],[138.10035241000003,46.22797272300005],[138.03402754,46.155951239000046],[137.94442793100006,46.10781484600005],[137.93824303500003,46.07363515800006],[137.782074415,45.94599030200004],[137.67147871200007,45.794623114000046],[137.5244246750001,45.68935781500005],[137.39673912900003,45.623928127000056],[137.1445418630001,45.374660549000055],[137.08277428500003,45.35521067900004],[136.81080162900003,45.19318268400008],[136.78003991000003,45.107855536000045],[136.69052168100006,45.03896719000005],[136.66334069100003,45.03896719000005],[136.55819746200007,44.94830963700008],[136.55347741000003,44.894964911000045],[136.51587975400003,44.875067450000074],[136.49830162900003,44.845770575000074],[136.45028730600006,44.82664622600004],[136.44361412900003,44.78510163000004],[136.426117384,44.772650458000044],[136.35458418100006,44.78880442900004],[136.34107506600003,44.75775788000004],[136.306976759,44.74408600500004],[136.32886803500003,44.70734284100007],[136.27450605600006,44.69293854400007],[136.2353621750001,44.651678778000075],[136.22811933700007,44.56972890800006],[136.200531446,44.560532945000034],[136.16529381600003,44.496527411000045],[136.04639733200008,44.44989655200004],[135.9985457690001,44.45612213700008],[135.9848738940001,44.435614325000074],[135.8886824880001,44.40151601800005],[135.8379012380001,44.36269765800006],[135.8408309250001,44.32949453300006],[135.81942793100006,44.29059479400007],[135.78622480600006,44.25812409100007],[135.72095787900003,44.23655833500004],[135.70484459700003,44.19839101800005],[135.65585371200007,44.16868724200003],[135.65967858200008,44.116441148000035],[135.6240340500001,44.03847890800006],[135.54127037900003,44.003973700000074],[135.51197350400003,43.92169830900008],[135.46363366000003,43.949652411000045],[135.46363366000003,43.89443594000005],[135.48462975400003,43.89443594000005],[135.480804884,43.87799713700008],[135.51880944100003,43.88076406500005],[135.4257918630001,43.76316966400009],[135.2754012380001,43.68895091400009],[135.23560631600003,43.734076239000046],[135.18222089900007,43.710638739000046],[135.23072350400003,43.68211497600004],[135.22388756600003,43.644598700000074],[135.13795006600003,43.539496161000045],[135.13990319100003,43.50836823100008],[134.97470136800007,43.45954010600008],[134.956390821,43.43634674700007],[134.83570397200003,43.37970612200007],[134.77027428500003,43.31525299700007],[134.70289147200003,43.30418528900009],[134.58716881600003,43.22898997600004],[134.56006920700008,43.234808661000045],[134.43043053500003,43.157904364000046],[134.193695509,43.079779364000046],[134.10849043100006,42.99567291900007],[134.04957116000003,42.97329336100006],[133.9267684250001,42.88271719000005],[133.83961022200003,42.89760976800005],[133.72999108200008,42.84544505400004],[133.7172957690001,42.81663646000004],[133.67164147200003,42.852850653000075],[133.59335371200007,42.852850653000075],[133.5722762380001,42.826239325000074],[133.5244246750001,42.826239325000074],[133.42017662900003,42.77142975500004],[133.29859459700003,42.76349518400008],[133.23739668100006,42.74396393400008],[133.15772545700008,42.68842194200005],[133.0244246750001,42.69936758000006],[132.99634850400003,42.72256094000005],[133.038422071,42.74298737200007],[133.0766707690001,42.73810455900008],[133.07886803500003,42.74982330900008],[132.99634850400003,42.80442942900004],[133.01050866000003,42.81875234600005],[132.98975670700008,42.82697174700007],[132.90048261800007,42.81557851800005],[132.8877059250001,42.76349518400008],[132.86500084700003,42.748114325000074],[132.81592858200008,42.75641510600008],[132.7915145190001,42.79083893400008],[132.79110761800007,42.82050202000005],[132.75733483200008,42.83242422100005],[132.77369225400003,42.875067450000074],[132.76343834700003,42.90814850500004],[132.6816512380001,42.87335846600007],[132.6953231130001,42.85968659100007],[132.61890709700003,42.85919830900008],[132.57789147200003,42.84039948100008],[132.51050866000003,42.87140534100007],[132.50269616000003,42.92430247600004],[132.40438886800007,42.942287502000056],[132.39413496200007,42.92177969000005],[132.34579511800007,42.90070221600007],[132.36011803500003,42.85968659100007],[132.3115340500001,42.84544505400004],[132.28768964900007,42.89044830900008],[132.3012801440001,43.02391185100004],[132.29110761800007,43.044623114000046],[132.30494225400003,43.06403229400007],[132.29110761800007,43.085638739000046],[132.32056725400003,43.094183661000045],[132.3183699880001,43.120428778000075],[132.33961022200003,43.134019273000035],[132.32593834700003,43.14085521000004],[132.3291121750001,43.174994208000044],[132.35653730600006,43.17096588700008],[132.38168379,43.19122955900008],[132.30770918100006,43.23818594000005],[132.34579511800007,43.26715729400007],[132.35621178500003,43.28595612200007],[132.34579511800007,43.29791901200008],[132.30543053500003,43.31903717700004],[132.2895613940001,43.312567450000074],[132.28199303500003,43.278509833000044],[132.22665449300007,43.229803778000075],[132.09595787900003,43.180975653000075],[132.029633009,43.116522528000075],[131.92994225400003,43.069566148000035],[131.88648522200003,43.085638739000046],[131.92066491000003,43.120428778000075],[131.85914147200003,43.085638739000046],[131.84986412900003,43.100490627000056],[131.91171308700007,43.19757721600007],[131.99683678500003,43.238714911000045],[132.0449324880001,43.286444403000075],[132.05201256600003,43.31476471600007],[132.03101647200003,43.32514069200005],[131.99203535200002,43.273098049000055],[131.96835371200007,43.27057526200008],[131.97811933700007,43.29205963700008],[131.95679772200003,43.305853583000044],[131.89527428500003,43.31863027600008],[131.846039259,43.30536530200004],[131.82601972700002,43.31793854400007],[131.83863366000003,43.33270905200004],[131.8266707690001,43.337958075000074],[131.76425214900007,43.29169342700004],[131.7504988940001,43.22528717700004],[131.7226668630001,43.20978424700007],[131.76392662900003,43.18585846600007],[131.73072350400003,43.17413971600007],[131.694672071,43.202337958000044],[131.6469832690001,43.168850002000056],[131.66675866000003,43.15688711100006],[131.694672071,43.174994208000044],[131.664886915,43.12518952000005],[131.5629988940001,43.038316148000035],[131.5649520190001,42.99628327000005],[131.51767011800007,43.00934479400007],[131.49952233200008,42.999986070000034],[131.4961043630001,42.942287502000056],[131.393890821,42.945013739000046],[131.38624108200008,42.91429271000004],[131.41073652400007,42.90094635600008],[131.4004012380001,42.87335846600007],[131.4589949880001,42.884426174000055],[131.4716903000001,42.87323639500005],[131.3789168630001,42.83112213700008],[131.352017262,42.77432756700006],[131.300134285,42.793276509000066],[131.27312717100006,42.777331349000065],[131.23644697300006,42.70664411200005],[131.26229902400007,42.68109772300005],[131.22421308700007,42.660589911000045],[131.20118160800007,42.61402459700008],[131.2340899510001,42.588854379000054],[131.21275056900004,42.58393863500004],[131.21954721100008,42.554711688000054],[131.1670028000001,42.57562897300005],[131.1806497450001,42.60520533400006],[131.12690303800002,42.617256069000064],[131.12034658100004,42.66719049100004],[131.1057008360001,42.668348482000056],[131.08702706300005,42.64037532800006],[130.99488366000003,42.640692450000074],[130.8896590500001,42.599595445000034],[130.81547842700002,42.63417157900005],[130.88948072300002,42.63861172800006],[130.9115129810001,42.61682641200008],[130.9321395190001,42.618353583000044],[130.949713986,42.65312261400004],[130.78698147900002,42.65376356300004],[130.8320418630001,42.67405833500004],[130.825456917,42.69932245800004],[130.74534894300007,42.68109583000006],[130.7207578020001,42.70002462500008],[130.65667038900006,42.66407951200006],[130.66078899700005,42.643184543000075],[130.7329207690001,42.61554596600007],[130.7295028000001,42.57916901200008],[130.77418053500003,42.59682851800005],[130.87289472700002,42.52765534100007],[130.84302819100003,42.51976146000004],[130.83871504,42.472357489000046],[130.78663170700008,42.46185944200005],[130.70360316000006,42.29524132000006],[130.662752726,42.32057037400007],[130.6458028570001,42.40087554899999],[130.58740848900004,42.432010600000055],[130.53077111900006,42.53048004200009],[130.58451460800006,42.56890146900004],[130.57190555900002,42.621818136000016],[130.50389937400007,42.67780955100004],[130.40375044800015,42.67755116800005],[130.3796692310001,42.69667144800006],[130.40716109200008,42.73537709600008],[130.5864783130001,42.817258403000025],[130.734893026,42.82449310300008],[130.76951623600013,42.865808411],[130.79432092300016,42.869064026000004],[130.856229289,42.84976287800005],[130.9924483650001,42.848729350000056],[131.0238676360001,42.8962716680001],[131.10303592900004,42.91043101000004],[131.07430383400003,42.99339752200008],[131.078334595,43.031818950000016],[131.1839612230001,43.120805766000004],[131.16907841,43.20170522100007],[131.2377047120001,43.26583567400009],[131.24793664600008,43.344202982000084],[131.28090621000007,43.380221456000086],[131.2742916260001,43.45119903600006],[131.160706828,43.53277028400002],[131.19202274600002,43.588632507000014],[131.17031864400013,43.78110138000001],[131.2173441980001,43.90848378600002],[131.2066988530001,43.974784648000124],[131.21775761000004,44.01607411700006],[131.2644731040001,44.054211325000026],[131.06582889900005,44.682028301000074],[131.02138716700006,44.746882223000014],[130.97157108600004,44.77561431900001],[130.93012658700007,44.82496531200003],[130.93343387900006,44.84170847600008],[131.0247978120001,44.86243072600011],[131.05156620300016,44.90904286700008],[131.11006392400014,44.91953318300001],[131.176519816,44.90341013600003],[131.32948205600007,44.967643942000095],[131.4337650970001,44.96128774000006],[131.60905155500012,45.08970367400006],[131.62238407400002,45.12365509100009],[131.60522749900008,45.16463450100012],[131.62775842400004,45.19848256500002],[131.72315311800003,45.215329082],[131.78526818900002,45.30472930900008],[131.8180310470001,45.33278961200001],[131.85306766800005,45.33759552000002],[131.91456262200012,45.26013254900006],[131.96882287600016,45.233984274000065],[132.8397774660001,45.05916290300006],[132.92121952300016,45.027898662000055],[132.9661780200001,45.02888051400002],[133.098779745,45.10779042600008],[133.12720178300003,45.15538442000009],[133.09753951000005,45.243544413000066],[133.10188033100013,45.28721099900012],[133.13319624900015,45.419606019000085],[133.1798083910001,45.493813375000045],[133.3748352460001,45.573085022],[133.413489218,45.573343405000074],[133.42764856000014,45.61525299100005],[133.477257935,45.62770701100003],[133.45669071500004,45.648790995000056],[133.49152063000008,45.67338897800006],[133.48779992700008,45.68666982000006],[133.44304813700006,45.7096658330001],[133.470850057,45.72888946600004],[133.4849060470001,45.76847361300007],[133.51136438100002,45.77855051700003],[133.477257935,45.82009836900001],[133.514361613,45.87926788400007],[133.552292115,45.88841461200006],[133.58588179500015,45.876322327000096],[133.61761112500005,45.93626698800007],[133.65812544800008,45.934509989999995],[133.7200338140001,46.063752747000095],[133.687374309,46.14183583600003],[133.74101444500002,46.1590440880001],[133.79351770100004,46.21428619400011],[133.8301046150001,46.19687123700008],[133.86090376900006,46.223587952000045],[133.85532271400007,46.23655873700007],[133.90245162000008,46.25898630800005],[133.893769979,46.301877747000006],[133.915990845,46.31298818000003],[133.8963538010001,46.32719919900008],[133.87444299400016,46.31978363100008],[133.8633842370001,46.33929148400007],[133.92601607300008,46.37130503400009],[133.93387089100008,46.390761211000054],[133.90028121000006,46.426572978000095],[133.85439253800007,46.444659729000094],[133.84581425000016,46.47065297500008],[133.89190962700002,46.528969828000115],[133.90245162000008,46.57364410400005],[133.98802779200003,46.62516550700006],[134.0147961830001,46.66503387400009],[134.044665162,46.77200409000004],[134.0166565350001,46.819468892000046],[134.0627519130001,46.906853740000074],[134.06915979000007,46.981241964000006],[134.124246867,47.070513001000066],[134.1971106360001,47.085163269000034],[134.2272896730001,47.11774526000009],[134.18977258300004,47.172935689000084],[134.19721398900003,47.20533681300007],[134.15411584500015,47.25789174400008],[134.18357141100006,47.327499899000074],[134.24506636600006,47.355095113000075],[134.3128658450001,47.42012990400006],[134.414978475,47.43922434500003],[134.48463830600014,47.43018097000008],[134.55688195900007,47.47118621900002],[134.6242680260001,47.54963104300005],[134.68266239500014,47.58784576400002],[134.69289432900013,47.64890146900011],[134.77257938700006,47.710732321000094],[134.76978885900013,47.741014710000044],[134.67646122300005,47.82431711900007],[134.65775435400008,47.88669057200012],[134.58768111200004,47.92591298400008],[134.60132369100006,47.94412892700002],[134.55936242700005,48.00952545200009],[134.5864408770001,48.061150208000115],[134.68297245300005,48.13551259400002],[134.68741662600013,48.21984853100004],[134.71873254400015,48.26341176400008],[134.6113489180001,48.28542592400005],[134.542619263,48.35730784100009],[134.471305787,48.33989288300005],[134.3863497315548,48.38133738271404],[134.05717085800006,48.32718048200009],[133.96642704300012,48.27865631100012],[133.73791386000005,48.25108693500003],[133.67021773300007,48.189979553000015],[133.59383996600002,48.16419301400002],[133.55994022700008,48.11329172799999],[133.52438684100002,48.09543752100005],[133.30145471300006,48.101276957000024],[133.22373335800006,48.125978293000045],[133.09195845600004,48.10678049700003],[133.0328406170001,48.05675771100003],[132.94075321400015,48.02670786600005],[132.8058777270001,47.936196594000066],[132.774871867,47.93376780200002],[132.72247196500007,47.95893422500005],[132.67461958900003,47.95061431900008],[132.66035689300008,47.93133901000006],[132.66800500500005,47.88131622400006],[132.57643436700005,47.7942414350001],[132.57416060400016,47.73959360800005],[132.5246545820001,47.70752838100013],[132.33241825400006,47.73651886000003],[132.25076949100009,47.72535675100009],[132.16167932100007,47.69001007100009],[132.02535689300015,47.697864889000115],[131.914045858,47.66763417599999],[131.70299930900006,47.69615956700004],[131.60326379400016,47.66153635700003],[131.507765747,47.72153269400003],[131.44089644400003,47.741169739000085],[131.21010949700013,47.709207865000096],[131.10386275300004,47.676548360000126],[131.04412479700005,47.67722015400001],[130.96567997300014,47.70393687000005],[130.94180546100011,47.717967021000064],[130.94170210800007,47.820596415000054],[130.90697554600007,47.884261780000045],[130.67474165900006,48.06394073500009],[130.6633728440001,48.116443990000036],[130.67474165900006,48.13592600600005],[130.75277307200008,48.18961781900002],[130.773857056,48.24418813100006],[130.8239831950001,48.29415924100003],[130.8221228430001,48.333769226000086],[130.7796448160001,48.35637766500004],[130.743264608,48.41159393400004],[130.75897424300007,48.48572377500007],[130.71587609900013,48.4990562950001],[130.62637251800004,48.48226145500003],[130.62017134600006,48.56049957300009],[130.52973759000008,48.616258443000035],[130.67432824800005,48.870816549000025],[130.54089969900008,48.85345326800008],[130.48663944500004,48.86368520200007],[130.46534875600008,48.89133209300009],[130.439717245,48.89649973600008],[130.24934126800008,48.86451202400009],[130.20179895100006,48.88259877500012],[129.9742159430001,49.015148825000026],[129.92646692000005,49.02569081600008],[129.91344445800013,49.03954010000005],[129.9206791590001,49.081863099000046],[129.84151086400004,49.10919993099999],[129.84151086400004,49.16718088800003],[129.741775351,49.19570627800009],[129.71118290200008,49.27415110300011],[129.55181278500004,49.29048085600003],[129.53207238800007,49.32153839100006],[129.52773156800004,49.38484202100007],[129.48060266200002,49.42127390600008],[129.37869673700004,49.4250462860001],[129.37321903500003,49.369855856000086],[129.34097294100008,49.341175436000114],[129.21787968,49.390784811000074],[129.11535363800016,49.34877187100007],[129.06688114500002,49.361639303000075],[128.9981514900001,49.441272685000015],[128.879192342,49.479719951000064],[128.76012984200014,49.47088328100004],[128.75413537600002,49.50245758100003],[128.79950728400007,49.53186147100003],[128.80167769400015,49.565141093000065],[128.67186649600006,49.611443177000055],[128.62866499800015,49.575321350000124],[128.5512537030001,49.5884471640001],[128.38351200400012,49.57935211300013],[128.3447546800001,49.54798451800009],[128.26786014800007,49.55878489300004],[128.1983036700001,49.53899281900006],[128.06714888600004,49.546692607000054],[127.96793013500007,49.603226624000015],[127.92069787600008,49.581109111],[127.85465539500001,49.58488149100002],[127.70360518500001,49.660639141000004],[127.67998905500008,49.73918731800005],[127.64428064000009,49.76714426700006],[127.53865401200005,49.789933574000045],[127.50671797700011,49.844297181000016],[127.53400313300011,49.92248362200006],[127.49441898600003,49.973178203000046],[127.48666752200006,50.02562978200008],[127.57017663600004,50.13022288000009],[127.59064050300009,50.20871938100002],[127.35463423700008,50.298636374000054],[127.33065637200008,50.32819529199999],[127.3587166750001,50.38131866500002],[127.35850997,50.415115051],[127.28895349200002,50.46601633700003],[127.36481449400003,50.554744772000035],[127.36708825800014,50.57779246000011],[127.34398889200008,50.627763570000084],[127.28895349200002,50.675150859000055],[127.287351522,50.751011862000084],[127.2207406010001,50.788167216000076],[127.14425948100012,50.90350901300009],[127.03232832900011,50.97244537400003],[126.93176599200007,51.06378346800007],[126.90515262900016,51.20811574300008],[126.97775801700004,51.2965599570001],[126.97217696100006,51.32400014300005],[126.89936486800008,51.316507060000035],[126.88530887900004,51.30289032000012],[126.89068322800011,51.27149688700008],[126.869909302,51.251730652000035],[126.8458797610001,51.251472270000065],[126.80898278900008,51.289066875000074],[126.82701786300004,51.33898630800003],[126.89750451700007,51.36195648200008],[126.90944177300003,51.391101989999996],[126.89011478700007,51.40701833200002],[126.80030114800007,51.41895558700007],[126.7927047120001,51.459056498000066],[126.83037683200013,51.50812327100009],[126.8074324960001,51.53421986900007],[126.67689782700012,51.5765945430001],[126.72371667500016,51.635893249999995],[126.70733524600007,51.68563181600011],[126.72557702700016,51.70873118200008],[126.64790734900015,51.741261496000035],[126.43928959200008,51.99786082000004],[126.46709151200002,52.03165720700004],[126.514427125,52.042535096000094],[126.55597497600007,52.130643412000026],[126.53117028800006,52.15265757200011],[126.31671309500007,52.19976064100011],[126.31221724500006,52.22795013400007],[126.43928959200008,52.27528574700004],[126.31573124200008,52.31621348100005],[126.3507161870001,52.37690745100004],[126.27599206600007,52.46328460800002],[126.20033776900004,52.46708282500005],[126.21232670100011,52.53304779100007],[126.08277388500011,52.59335418700006],[126.02804854400011,52.56637909000001],[125.99084151200009,52.58642954500006],[125.97316817300009,52.63156890900002],[125.98277998900005,52.653040467000054],[126.06861454300014,52.67988637300006],[126.03512821500016,52.72711863299999],[126.1040645760001,52.75445546500002],[126.08804488100014,52.77541025800012],[126.01781661000007,52.78238657700011],[125.97694055200014,52.764997457999996],[125.86743819200001,52.8493592330001],[125.86371748900001,52.88858164500006],[125.83736250800013,52.9067200730001],[125.64646976800014,52.88488678000006],[125.66093916900007,52.91935496000012],[125.71985030200011,52.946304220000044],[125.73354455600008,52.98165090000005],[125.65019047100014,53.023379619000096],[125.6213550220001,53.06213694300003],[125.52130944900006,53.04242238400006],[125.47650598200005,53.08350514800013],[125.12743168100013,53.20654673300005],[125.07368819200013,53.21220530300009],[124.89767826400009,53.18551442500005],[124.8791781010001,53.15386261100004],[124.8962313240001,53.11766327000002],[124.87013472500013,53.107999776000085],[124.8013533940001,53.155154521],[124.72016971900007,53.14882415800007],[124.68828536000001,53.19360178700005],[124.65159509300014,53.20876882000006],[124.500493205,53.21367808000009],[124.38370446800008,53.24613088000011],[124.34251835200007,53.27248586000006],[124.29342574100014,53.35129242000009],[124.25306644700004,53.37550282800005],[124.18221805900009,53.3785517380001],[124.12180830900002,53.35268768400006],[124.017370239,53.40702545200013],[123.97055139200006,53.45518788700012],[123.85019698100007,53.49497874000012],[123.70178226800016,53.51006825800003],[123.6142940680001,53.56334666000002],[123.54189538600014,53.51409902000002],[123.51957116700015,53.51999013300012],[123.54747644100013,53.54050567600008],[123.51440352500003,53.56241648400005],[123.49476648000012,53.56009104500002],[123.4815373130001,53.5180781050001],[123.34025394700012,53.561434632000086],[123.25255904200003,53.56779083300002],[123.15359867400002,53.51311716700006],[123.0025484630001,53.507329407000086],[122.85966312700015,53.473946432000005],[122.47121138500012,53.46474802700003],[122.40160323100008,53.45095041900005],[122.31675052900005,53.496012269000104],[122.16869755100004,53.46914052300009],[122.08162276200005,53.42950470000004],[121.88897302300012,53.43058990500005],[121.64102950100005,53.384907939000115],[121.51214847800014,53.32982086200006],[121.34099613500013,53.323645529000075],[121.20348514900007,53.276749166000045],[121.05486372900009,53.290004171000035],[120.8742545980001,53.28015981100005],[120.825988811,53.26186635400008],[120.82387007700004,53.235227153000054],[120.714057658,53.185049337000024],[120.61478723100004,53.097070211000116],[120.450301147,53.00834177700001],[120.2801823320001,52.86592153000002],[120.0329622800001,52.76065663700011],[120.05290938400003,52.69301218700012],[120.03260054600003,52.658879903000056],[120.03378910300006,52.62536773700005],[120.07936771700014,52.589969381000046],[120.17595096800005,52.58374237100004],[120.2611137290001,52.611053365000046],[120.4540218510001,52.63903615400007],[120.72397953300009,52.542168681000035],[120.69038985300006,52.439125875000045],[120.626156047,52.34680592900007],[120.6549398200001,52.2991085820001],[120.75808597900004,52.237406922000034],[120.75374515800007,52.194463807000076],[120.7840792240001,52.158006083000075],[120.77126346900002,52.14097869900003],[120.77916996300007,52.11759511400008],[120.69731449400001,52.04871042900005],[120.7057894290001,51.979954936000084],[120.6476017660001,51.91101857500006],[120.56631473800013,51.905334168000095],[120.54114831600009,51.88298411100003],[120.49314091000008,51.87572357200007],[120.46482222500003,51.84019602500011],[120.31930139200011,51.776039734000065],[120.16561568200007,51.66855275500008],[120.10045170100005,51.65994862900003],[120.05673343900008,51.59638661700008],[120.05290938400003,51.55220326800007],[119.977203411,51.48701344900006],[119.98273278900007,51.44215830500006],[119.95286381100004,51.39766489700007],[119.89529626500013,51.38397064200005],[119.91565677900007,51.33074391700008],[119.81964196800004,51.274726665000074],[119.80594771400007,51.244005026000124],[119.81499109000009,51.21589304600009],[119.76217777600004,51.21504038500005],[119.75814701300015,51.19902069200002],[119.78543217000009,51.171658021000056],[119.75814701300015,51.158015442000064],[119.76522668500007,51.14243499800004],[119.74083540900006,51.07153493200006],[119.7103979900001,51.062465719],[119.71019128500012,51.0385395310001],[119.68321618700008,51.01606028300007],[119.60425459800007,50.978181458000094],[119.5179549560001,50.90480092400007],[119.5279801850001,50.86676707000002],[119.49749108900005,50.83591624000003],[119.51485437100007,50.79193959600009],[119.49666426700003,50.73705922500007],[119.44281742400005,50.68507273400006],[119.39165775600009,50.672050273000124],[119.37372603400001,50.642749736000056],[119.29357588700015,50.59923817900004],[119.25089115500015,50.50451527900002],[119.26458540900006,50.48275950200009],[119.24365645400007,50.44550079300005],[119.20675948100006,50.415115051],[119.15487634300013,50.411394348],[119.13756473800004,50.392532451000065],[119.14123376500004,50.37661611000006],[119.18050785300011,50.369794819999996],[119.17534021000012,50.35610056600008],[119.35662113400008,50.340752666000085],[119.365509481,50.31083201100007],[119.33378015200003,50.27626047800008],[119.34396040800004,50.14241851900003],[119.31621016500009,50.0926541140001],[119.20851648000013,50.015139466000036],[119.09167606600016,49.98656239800006],[118.99044193600008,49.97932769800009],[118.92377933800003,49.99162668900006],[118.74146488400004,49.95307607100007],[118.64436486800003,49.95457468700006],[118.52127160700002,49.89406158500013],[118.47703658100016,49.83597727500005],[118.39373417100006,49.8200092580001],[118.3729602460001,49.78631622400006],[118.22940311700006,49.72921376600006],[118.18847538300008,49.68125803700012],[117.89381636600001,49.54664093100003],[117.87376591000015,49.513206279000045],[117.7588375250001,49.51274119100002],[117.4728601490001,49.614285381000016],[117.25292525200007,49.62245025600005],[117.05758833800007,49.67288645400005],[116.7223116460001,49.80166412400003],[116.57544722500006,49.92176015300005],[116.21763960800007,50.01384755500008],[116.05361861200004,49.9984479780001],[115.71627486200015,49.877783509000025],[115.57819543400001,49.8936481730001],[115.38781945900013,49.891064352000015],[115.21015588400013,49.971679586000036],[115.06339481700007,50.077512920000075],[114.99735233600012,50.144330547000024],[114.75374963400014,50.236211243000085],[114.65969852800009,50.251404114000124],[114.47304325400006,50.23404083300001],[114.28628462800009,50.27688059500004],[114.2000883390001,50.25621002200005],[114.05529097500005,50.18381134000005],[113.97312544800002,50.16050527000003],[113.84982548000005,50.08071685800006],[113.7522603760001,50.07859812400007],[113.57966109200004,50.01994537400013],[113.18268274000008,49.80197418200002],[113.08749475100001,49.68740753200008],[113.06082971200016,49.59599192300006],[112.94734826700011,49.57609649700005],[112.77712609900004,49.50137237500003],[112.70147180200001,49.491295472000004],[112.58426965400008,49.52633209300002],[112.47326867800012,49.53413523400003],[112.03019494700004,49.41186879500002],[111.66101851400003,49.39636586500011],[111.47911747300009,49.34334584600002],[111.33845422400009,49.36473988900012],[111.27354862500005,49.32283030200004],[111.13856978400008,49.29156606000002],[110.96555708800003,49.20738515200007],[110.73135949700003,49.13767364600001],[110.60361535700008,49.14532175699999],[110.45127323500003,49.19456939800007],[110.37117476400005,49.24174998000008],[110.26833866400011,49.17705108600002],[110.1814189050001,49.1619615690001],[109.8177201740001,49.22774566700009],[109.72852665200003,49.266451315000026],[109.51623986800007,49.25590932300004],[109.4743819580001,49.26913848900004],[109.45071415200005,49.30593210900004],[109.41123335800012,49.30319325800009],[109.28669315600007,49.338539938000096],[109.16060266100004,49.34665313700002],[109.03296187300003,49.32789459300001],[108.93048750800011,49.348823548],[108.53805668100006,49.32742950500007],[108.33486495000005,49.43636342400008],[108.2363696700001,49.532481588000095],[108.10619673700006,49.554340719000024],[108.01571130400004,49.60224477200005],[108.00527266500012,49.61779937700008],[108.01581465700008,49.65572987900008],[107.92744795800007,49.67004425100008],[107.95576664300006,49.74554351799999],[107.9300317790001,49.851428528000056],[107.95261438000011,49.89747222900006],[107.94651656100007,49.93349070300006],[107.8079203690001,49.94387766600006],[107.72932051600003,49.97193796900008],[107.3640714930001,49.97612376000002],[107.30485030200003,50.01002349900004],[107.22490686100008,49.99705271500001],[107.19219567900012,50.00604441400007],[107.05711348500012,50.074102275000044],[106.97365604700013,50.19636871300007],[106.78829268400006,50.291505026000024],[106.65651778200004,50.32700673500007],[106.43978682500006,50.32793691000002],[106.22228072100006,50.29238352500006],[106.13530928600005,50.327110088],[106.05593428600008,50.33356964200006],[106.03893273900007,50.37139679000002],[105.98487919200005,50.399767151000034],[105.77925866800007,50.42891265900006],[105.63937056500009,50.42193634100006],[105.32864017800006,50.476454977000074],[105.24073856600006,50.45800649100006],[105.10575972600003,50.390051982],[104.90158614100005,50.38979360000003],[104.78955163600011,50.35263824500002],[104.67188440000012,50.34829742400005],[104.61044112100012,50.31419097900009],[104.40580245000012,50.300548401000086],[104.26896325700005,50.2288731900001],[104.19811486900011,50.17001373300012],[104.12168542500012,50.14825795500009],[104.0395198980001,50.14117828400008],[103.78527185100012,50.1861367800001],[103.66806970300007,50.131204733000075],[103.60140710400009,50.13353017200011],[103.43872969600005,50.192596334000044],[103.27677575700005,50.197557272],[103.20168990100007,50.296982727000014],[103.13001469000005,50.309126689000024],[102.92739139800011,50.302977193000046],[102.76259525600005,50.37480743500005],[102.6177978930001,50.39930206300001],[102.58658532800013,50.41527008100006],[102.51310144100006,50.50368845700008],[102.47186364800007,50.52492747000004],[102.32763472600004,50.54554636600004],[102.30293339000008,50.563891500000025],[102.27156579700005,50.62094228100004],[102.2759066160001,50.65019114200008],[102.32939172400006,50.71881744500003],[102.30753259300008,50.74822133400001],[102.21678877800014,50.798864237000075],[102.20304284700012,50.82935333300007],[102.23947473100003,50.912294007000085],[102.21523848500004,50.93818389900012],[102.22965620900004,50.97926666299999],[102.14650883000007,51.09763153100006],[102.15002282800003,51.18540395100008],[102.13529504400003,51.2402843230001],[102.19337935400011,51.307205303],[102.07467858900003,51.37482391400006],[101.97421960500003,51.38722625800004],[101.9018726000001,51.41706939800004],[101.82177413000011,51.413581239000095],[101.72369226100005,51.45058156300006],[101.64369714400004,51.45009063800002],[101.52639164300007,51.4758255010001],[101.35017500800006,51.4504523720001],[101.24155114700005,51.5151771040001],[101.11701094600005,51.52783783000005],[100.51089807200003,51.72689544700002],[100.00596765200004,51.731727193000054],[99.91791101100011,51.74947804800006],[99.70965498900006,51.880581156000076],[99.55684777900012,51.89145904600004],[99.32389042200003,51.93422129400007],[99.23283654800008,51.99424347000006],[98.99471154800011,52.05829640700007],[98.96246545500003,52.11255666100003],[98.92763553900005,52.12958404600003],[98.88639774600006,52.12855051700005],[98.85559859200009,52.10669138600012],[98.83854537000008,52.02527516700009],[98.80020145700013,51.99274485300005],[98.77663700400012,51.93011301700004],[98.68268925000012,51.819473776000066],[98.61871382700014,51.780664775000034],[98.33221968600009,51.7183171600001],[98.22824670400013,51.583415833000046],[98.23382775900006,51.51652069100005],[98.22039188600007,51.475205383000045],[98.1113546150001,51.48471384700012],[98.03973108000014,51.457299500000076],[97.92283899000006,51.31847076500004],[97.92904016200004,51.21504038500005],[97.87012902900005,51.08680531800012],[97.8063603110001,51.00112579400003],[97.80853072100007,50.97048166900002],[97.83571252400009,50.94071604500003],[97.98464400300003,50.84692332000013],[97.99022505800008,50.835606181000045],[97.94743697100006,50.79597035799999],[97.94402632700013,50.77447296200005],[98.03849084500007,50.622957663000065],[98.13595259600004,50.57097117100007],[98.25129439300008,50.55055898100001],[98.29346236200007,50.518622946000036],[98.29821659400005,50.46012522400004],[98.26628055800006,50.40069732700009],[98.26245650200013,50.283805237000124],[98.10556685400007,50.06387034100008],[98.04799930800004,50.02304596000009],[97.90619917800012,49.97307485],[97.8299247650001,49.92331044600009],[97.7563375250001,49.96149932900006],[97.56658166500006,49.9167992150001],[97.58125777200013,49.877938538000066],[97.57360966000005,49.847501119000086],[97.34333947800008,49.73417470300008],[97.26231083200008,49.7261131800001],[97.1529635010001,49.75024607400006],[97.11989058500006,49.793654277000044],[97.05725874900008,49.81272288000004],[96.96920210800005,49.88667185500013],[96.70193160000014,49.91375030500008],[96.5851428630001,49.85752634700002],[96.50328739400004,49.922121887000046],[96.34629439300011,49.88858388300004],[96.23560347500012,49.9492003380001],[96.05597619600013,49.998809713000085],[95.94631880700013,49.93850331600002],[95.92265100100008,49.94460113600006],[95.86704716000008,50.01498443600009],[95.82787642400012,50.020152079000084],[95.78767216000011,50.01172882100009],[95.72142297400012,49.95850209600003],[95.58396366400007,49.9366946410001],[95.50066125500013,49.88672353200003],[95.35472701000009,49.947701721],[95.07639774600005,49.945531311000124],[95.0283386640001,49.96341135700008],[94.98058964100005,50.024751282000054],[94.92157515500008,50.04588694300007],[94.60345503800005,50.01973866800007],[94.50909387300004,50.10986236600006],[94.49173059100008,50.15228871699999],[94.39178837100013,50.185568340000046],[94.35447798700011,50.223602193000076],[94.33225712100005,50.30101348900011],[94.32750288900007,50.40436635300007],[94.25866988200005,50.55753529900001],[93.5363367110001,50.584717103000074],[93.4215116790001,50.60936676100009],[93.10494185400012,50.59882476800003],[93.01140751200006,50.62331939700009],[92.97337365700014,50.69437449200008],[92.9616947830001,50.77788360600006],[92.92107710800013,50.79245636000003],[92.79612349500007,50.788012187000035],[92.76026005000006,50.77075225900005],[92.73524865800005,50.70522654300002],[92.64977583900003,50.674065653000056],[92.61184533700003,50.68765655500006],[92.55458785000008,50.7430020150001],[92.44327681500005,50.78630686500007],[92.39986861200003,50.85059234700013],[92.36090458200005,50.86836904000005],[92.30168339100004,50.84335764600006],[92.29444869000008,50.791267803000025],[92.24277225800006,50.72000600200006],[92.15884973100003,50.689103495000055],[91.8999508060001,50.70724192300007],[91.74977909300009,50.68409088200009],[91.65314416500013,50.64006256100002],[91.57573287000008,50.56197947200012],[91.47506717900006,50.53598622700004],[91.41574263500013,50.46136545800006],[91.26009322100003,50.4665847780001],[91.12976525900012,50.42617380800003],[91.01204634600003,50.42529530900008],[90.83996382700008,50.32080556300009],[90.72658573500007,50.29186676100004],[90.7126330970001,50.237968241000075],[90.6839010010001,50.216212464000066],[90.4752315670001,50.21461049400004],[90.42500207600006,50.186911927],[90.34387007600009,50.174664612000086],[90.22294722500004,50.1144098920001],[90.02053064000006,50.07074330700003],[89.99624271700003,49.992763570000065],[89.96942264900008,49.967080384000084],[89.86643151900006,49.942740784000065],[89.66768396000009,49.927289531000056],[89.62386234600007,49.90269154900007],[89.61533573400004,49.84192006500005],[89.64355106700003,49.8188723760001],[89.6264461670001,49.788021546000024],[89.70153202400007,49.75313995400005],[89.71264245600008,49.735156555000046],[89.70241052300008,49.719963685000025],[89.44159956900006,49.64358591700007],[89.37193973800004,49.581677552000045],[89.33943526200011,49.58079905200002],[89.21644535400009,49.63449086600009],[89.18735152200009,49.62198516800002],[89.17820479300008,49.59847239200012],[89.21561853000003,49.54545237300003],[89.16073816000005,49.502715963000085],[88.97532312000004,49.45584543900007],[88.88892012500008,49.54167999300007],[88.85874108900009,49.527365622000005],[88.85486535600012,49.47388051400007],[88.87062666800011,49.436001689000065],[88.69565026900005,49.44695709300005],[88.61575850500009,49.49294911700004],[88.53876062100005,49.46654246100006],[88.37877038600004,49.47579254200009],[88.19996993000007,49.45434682200006],[88.1617293700001,49.430110576000075],[88.11553064000003,49.35657501200008],[88.14839685100009,49.29657867499999],[88.14395267700007,49.270740459000066],[87.97548750900012,49.17581085200008],[87.71638187700012,49.158860982000064],[87.50605879700004,49.12087880500006],[87.47556970200009,49.08759918300011],[87.40043217000004,49.0710110480001],[87.32379602100013,49.08527374300009],[87.27175785300011,49.20511138900004],[87.19031579700004,49.237822571000024],[87.02453780100012,49.24893300400005],[87.01254886900006,49.28071401000007],[86.91302006100011,49.33869496700005],[86.90506189000007,49.35192413400004],[86.93307051600004,49.39011301700002],[86.81400801600012,49.45000600200008],[86.82434330300003,49.509227194000076],[86.73256595900006,49.55067169200002],[86.64254561400003,49.54746775400007],[86.59934411600011,49.57351267500003],[86.59598514800007,49.601883036000046],[86.64709314000004,49.653662822000015],[86.77587080900014,49.69500396800005],[86.74052413000004,49.722754212],[86.75959273300003,49.76771270800002],[86.7483789470001,49.782957255000056],[86.68492028800006,49.778203024000064],[86.61019616700014,49.79551462800005],[86.5651343180001,49.74270131500002],[86.47273685700009,49.70833648800006],[86.47547570800003,49.67081939700007],[86.27212894700006,49.58364125600009],[86.17725101700012,49.463338522000086],[86.11151859600005,49.520182597000044],[86.0704875080001,49.52628041600009],[85.98005375200012,49.48287221300011],[85.94625736500012,49.4813735960001],[85.93142622900012,49.492845765000126],[85.94057295700009,49.55961171500006],[85.88073164900004,49.56328074200006],[85.80921146700013,49.53651235000008],[85.7474064540001,49.57299591100009],[85.67330244900006,49.56043853800007],[85.61485640400008,49.61712758400007],[85.47569177300011,49.58307281600004],[85.38401778200006,49.61568064400008],[85.26309493000014,49.581522522000014],[85.2236141360001,49.59573354100009],[85.19503706900014,49.625654195000024],[85.18511519400005,49.70502919600007],[85.08171065300013,49.80001047800009],[85.05628584800013,49.873339336000086],[84.95458662900012,49.906929017000024],[84.95479333600014,49.99048980800005],[85.02543501800005,50.004080709000036],[85.02832889800004,50.020513815000086],[84.98672937000003,50.066970927000014],[84.91024825100004,50.09508290600006],[84.83867639200008,50.08082021100007],[84.79066898600007,50.132755026],[84.72028568500014,50.13663075800004],[84.64199589100008,50.18489654600005],[84.53569746900007,50.190942688000106],[84.44076786300008,50.24463450100008],[84.36878259300005,50.21181996700007],[84.33136885600004,50.21347361300012],[84.30439375800012,50.243239238000015],[84.24997847600014,50.259930725000046],[84.23938480600009,50.34462839800007],[84.17675297000005,50.43914459300005],[84.19561486800006,50.51143992099999],[84.10171879100005,50.62859039400011],[83.97583500200005,50.6863646450001],[83.94973840400007,50.71788726900006],[83.9505652260001,50.78041575200005],[83.88281742400011,50.81199005100005],[83.82049564600004,50.86800730400007],[83.71280196200007,50.88221832300012],[83.60975915500012,50.93203440300006],[83.49834476800004,50.945418599999996],[83.43395593300005,50.99265085900002],[83.10756758700006,50.99265085900002],[83.05785485800004,50.91715159100001],[82.9758960370001,50.881908265000035],[82.7264538980001,50.90071848500004],[82.69999556500011,50.880978089000095],[82.69803186100006,50.81095652300006],[82.6727620850001,50.7897691860001],[82.47582320100008,50.71401153600003],[82.40828210500007,50.74837636300005],[82.32839034000006,50.752097066000076],[82.28839278200007,50.73742096000008],[82.25573327600011,50.74522410100009],[82.19878584800011,50.708792216000106],[82.14731612100013,50.70160919200005],[82.09553633600007,50.708120423000125],[81.94536462400009,50.7692019660001],[81.82242639100008,50.76573964500007],[81.74413659700008,50.78491160099999],[81.67411503100004,50.736025696000084],[81.46022627700006,50.730341289000066],[81.41878177900008,50.76248402900008],[81.46611739100007,50.83374583000004],[81.41609460500007,50.88965972900006],[81.40079838100013,50.95911285400011],[81.27744673600012,50.96267852800007],[81.10438236500005,50.93668528200003],[81.05151737500012,50.9557022100001],[81.14717045100008,51.13594960600007],[81.1520280360001,51.186540833000024],[81.11285730000009,51.19594594400006],[81.07012089000006,51.17199391700005],[81.02211348500003,51.17739410400013],[80.92423832200012,51.216073914000035],[80.90573816000011,51.28356333500007],[80.88248376500007,51.28485524500012],[80.84253788300003,51.257518413000085],[80.68275435400011,51.30201182000009],[80.63242150900004,51.27795644100006],[80.59924523900014,51.20855499300008],[80.45207076000014,51.207934876000124],[80.42199507700008,51.18757436200009],[80.41052290800013,51.10484039400011],[80.45165734900013,51.0734986370001],[80.46447310400009,51.04370717400009],[80.43904829900009,50.95813100300005],[80.36019006400005,50.919218649000086],[80.26727583900004,50.915652975000015],[80.18128625500003,50.87565541600004],[80.14273563600005,50.81710601800005],[80.1016011960001,50.82155019200003],[80.0493046470001,50.85234934500001],[80.01540490800011,50.83948191300003],[80.08599491400008,50.75214874300009],[80.02129602100007,50.76687652599999],[79.9665190020001,50.810181376000045],[79.46980513500006,51.49259450400005],[79.04295780400008,51.992512309000105],[78.47648075400014,52.63792511100006],[77.8668022060001,53.27233083200004],[77.61276086400005,53.442785544000046],[76.5256954350001,53.961306865000026],[76.49520633900005,53.99231272400006],[76.47649947100012,54.04202545200006],[76.37666060400011,54.15426666300006],[76.47649947100012,54.16403350800003],[76.66460168500004,54.13406117800007],[76.76247684700013,54.20263580400011],[76.8377177320001,54.29689361600002],[76.83420373600012,54.345676168000054],[76.75296838400004,54.376682027000086],[76.80474816900005,54.41011667900007],[76.90355350800007,54.432595927000094],[76.91047815000007,54.45461008800005],[76.8959053960001,54.463860169000085],[76.78211389100005,54.43946889300004],[76.67276656100006,54.43647166000004],[76.65178592900008,54.42231231699999],[76.64093387800011,54.36650177000003],[76.62305383300009,54.35590810200004],[76.56186893800003,54.356269837000056],[76.47649947100012,54.32314524400006],[76.43309126800006,54.31658233700007],[76.23424035700003,54.347433167000034],[76.17708622300006,54.30676381500008],[76.18380415900003,54.2515733850001],[75.64037479600006,54.098869528000094],[75.42922489400007,54.09008453400013],[75.36070194600006,54.05954376300012],[75.43397912600005,53.98652496400008],[75.02790572200007,53.80793121300006],[74.8884827070001,53.83635325200008],[74.77200402800014,53.830875549],[74.73490035000003,53.765194804000046],[74.65449182200007,53.748399964000086],[74.61645796700003,53.6807038380001],[74.4534705000001,53.684992981000065],[74.43848433500011,53.67341746000001],[74.42081099500007,53.603085836999995],[74.45688114400008,53.56975453700004],[74.38835819500008,53.462215882000024],[74.26960575400011,53.51523590200013],[74.27032922400008,53.55321807900005],[74.25048547400013,53.55678375300003],[74.22330367000012,53.5946109020001],[74.14795943200005,53.59802154500004],[74.11871057200011,53.569547831000094],[74.07685266100003,53.56618886400007],[74.06279667200005,53.573216858000094],[74.05804244000012,53.624583232000035],[73.90415002500004,53.6391559850001],[73.78777469900007,53.59507598900002],[73.65289921100003,53.60918365600007],[73.64070357300005,53.563243307000064],[73.58251591000004,53.55864410500003],[73.54654911300014,53.50691599500006],[73.41095015500008,53.43002146500008],[73.34718143800006,53.45937367800006],[73.39120975700007,53.52024851500009],[73.23059940600012,53.57233835900006],[73.25881473800007,53.606289775000064],[73.22491499800009,53.62985422800007],[73.22966923000007,53.6624103810001],[73.30656376200005,53.685664775000035],[73.33116174300005,53.77516835500005],[73.34738814300005,53.787622376000044],[73.43782190000013,53.808499654000016],[73.39120975700007,53.82824005200008],[73.43182743300008,53.86544708300009],[73.48526086400011,53.87485219300005],[73.6342956950001,53.85743723500009],[73.68287154100011,53.874128724000045],[73.74064579300011,54.0579417930001],[73.68493859900008,54.048433330000094],[73.67046919800003,54.07592519200007],[73.6015328370001,54.07122263600009],[73.58851037600004,54.06615834600002],[73.60442671700008,54.03468739800006],[73.58685673000008,54.01944285100002],[73.52825565600006,54.01070953400004],[73.51802372200012,53.956035868000086],[73.48164351400004,53.945390523000114],[73.3927600510001,53.97401926700009],[73.36030725100005,53.938414205000115],[73.0627543540001,53.97908355700007],[73.02368697100007,54.03396392900008],[72.97676477100003,54.04770985900011],[72.96839318900004,54.104140524000044],[72.9420382080001,54.121762187000044],[72.62422814900003,54.13499135400012],[72.57306848200005,54.12868682900002],[72.52738651600004,54.10005808500004],[72.50309859300006,54.050862122000055],[72.63177290800007,54.053911031],[72.65616418500014,54.042542216000086],[72.69481815600005,53.99257110600003],[72.70019250500008,53.957637838000025],[72.67373417100009,53.95050649000008],[72.55684208200006,53.97722320600006],[72.47674361200006,53.913402812000115],[72.3922009690001,53.90823516900009],[72.37277063000005,53.93624379500004],[72.4186593020001,54.016032207000094],[72.36357222500004,54.05954376300012],[72.35840458200005,54.092978414000115],[72.40791060400005,54.08956777000007],[72.42320682800005,54.10868805000008],[72.46671838400005,54.10992828400002],[72.48294478400004,54.135611471000075],[72.29856327300007,54.17839955700002],[72.3329797770001,54.22377146500004],[72.32440149000007,54.25348541300012],[72.27871952400005,54.262735494000125],[72.25277795400012,54.303456523000094],[72.18477177000005,54.3568382780001],[72.04317834500006,54.378025615000055],[72.02467818200006,54.37094594400013],[72.0270552980001,54.35533966100009],[72.10301965400004,54.311569723000005],[72.07211714700014,54.262735494000125],[72.06674279800006,54.222376201000074],[72.16999230900012,54.19684804300003],[72.18735559100014,54.1794330850001],[72.17764042200008,54.1359732050001],[72.09950565600008,54.131890768000076],[72.01868371600011,54.214986471000046],[71.9836470950001,54.23157460600005],[71.76247196500003,54.247645976000044],[71.71544641200012,54.210749003000004],[71.7087284750001,54.13220082700006],[71.64723352100009,54.10858469700004],[71.57354292800005,54.12920359300004],[71.47711470600007,54.10966990200005],[71.45313684100006,54.18134511300012],[71.32058679300013,54.20103383400006],[71.21806075100011,54.116284486000055],[71.16126835100005,54.101970113000064],[71.09744795700004,54.1650670370001],[71.04396285000007,54.18594431600006],[71.0520760500001,54.26320058200007],[70.97714522300004,54.27012522400004],[70.97084069800013,54.30500681600002],[71.00339685000006,54.33311879500006],[71.11625817900011,54.311724752000046],[71.19062056500013,54.318184307000095],[71.19801029500013,54.399523011],[71.16591923000004,54.41704132100007],[71.17103519800008,54.45099273699999],[71.14519698100008,54.48060333300002],[71.14121789500012,54.563750712000015],[71.14757409700013,54.59144928000005],[71.25232222500011,54.62534901900007],[71.26467289200014,54.661729228000056],[71.20069746900009,54.72399932900005],[71.09724125100007,54.73304270500002],[71.00598067300007,54.77422882100011],[70.98996097800011,54.84864288400003],[70.94593265800006,54.88791697300009],[70.97445804800009,54.94693145800004],[70.95699141500006,54.973493144000045],[70.97714522300004,55.07798289000003],[70.96009200100008,55.10557810500005],[70.79317712400007,55.2331672160001],[70.78893965700007,55.26546498700007],[70.82035892800013,55.294145406000084],[70.7212435300001,55.313110657000024],[70.66574304200003,55.30918324800005],[70.56125329600013,55.269599101],[70.44115726700011,55.28334503300003],[70.38808557200008,55.230273336000025],[70.38245284100003,55.206243796000095],[70.28462935400006,55.183196106000125],[70.21367761300007,55.13198476100011],[70.05864831600007,55.18702016300007],[69.94030928600012,55.20024932900007],[69.80228153500013,55.29207834900011],[69.67386560100005,55.3340396120001],[69.4772884520001,55.34943918900008],[69.33455814700005,55.385147604000096],[69.18614343200011,55.32577138300006],[69.12258142100012,55.397860006000045],[68.9431608480001,55.43455027300003],[68.90243981900011,55.41248443600004],[68.91783939600009,55.37093658500005],[68.97726729300007,55.34670033800005],[68.97060103400014,55.27864247700005],[68.92280033400004,55.27636871400004],[68.8460091550001,55.336778463000044],[68.70059167500006,55.36049794600011],[68.67640710500012,55.273216451000096],[68.61367191600004,55.243089092000005],[68.6053003340001,55.19559844999999],[68.47734948800013,55.182834372000045],[68.3767871500001,55.19508168500006],[68.30578373200012,55.18138743100003],[68.26237552900011,55.19404815700007],[68.17710941600006,55.17053538000009],[68.20697839300004,55.154153951000026],[68.19054528800007,55.125370179000114],[68.30816084800006,55.07281524700004],[68.30423343900009,55.052609762000046],[68.23478031400003,55.03850209500011],[68.16605065900012,54.956129863000044],[68.00967777500006,54.943004049000066],[67.88224369300013,54.970444235000016],[67.81733809400009,54.95215077700006],[67.69848230000008,54.86791819200006],[67.62272465000012,54.85386220300005],[67.3113224700001,54.8599083460001],[67.2133439530001,54.797173157000046],[67.0985189210001,54.79200551400005],[66.97733768700004,54.76368682900004],[66.78179406800012,54.75820912700006],[66.70030033400008,54.71924509700007],[66.44651737500004,54.710925191000015],[65.97745039900008,54.611706442000056],[65.96065555800004,54.627984518000076],[65.95187056500004,54.69366526300011],[65.93280196100005,54.70255360900005],[65.82696862800009,54.6726846320001],[65.74397627800005,54.600854391],[65.4497823480001,54.62746775400002],[65.44900720200008,54.55661936400007],[65.34157190000008,54.56147694900001],[65.19816980000013,54.51615671800009],[65.20225223800014,54.47254180900005],[65.18132328300004,54.449132385000084],[65.21294925900014,54.343040670000065],[65.18421716400007,54.31043284100009],[65.08541182500011,54.30857249000009],[64.97771813900005,54.38660390200009],[64.91064213100003,54.40272695000006],[64.72016280100007,54.33384226500006],[64.65267338100011,54.347123109000066],[64.57851770100007,54.38557037300011],[64.51139001500013,54.36510650700005],[64.46705163600006,54.37197947200012],[64.4325317790001,54.351515605000046],[64.29403894000006,54.35337595600005],[64.1766300860001,54.32050974600013],[64.09374108900005,54.32417877300013],[64.05953129100004,54.30371490600005],[64.00449589100003,54.319734599000114],[63.978967733000104,54.296480205000094],[64.02542484600008,54.255242411],[64.00785485900013,54.228680725000075],[63.897473999000056,54.1941608690001],[63.70864831600005,54.25043650400009],[63.54493737800004,54.20645986000004],[63.47755131000014,54.20397939100006],[63.368307333000075,54.16284495100008],[63.15674401900009,54.18005320300007],[63.110028523000096,54.15798736600006],[63.127443481000114,54.110445048000045],[63.08465539600007,54.08564036100002],[62.98548832200004,54.09287506200009],[62.90239261900007,54.078457337000074],[62.81206221500014,54.094993795000065],[62.580965210000045,54.053600973000115],[62.55057946700009,54.02683258100005],[62.58654626400005,53.96983347600006],[62.53176924700006,53.93035268100003],[62.54510176600007,53.883688863000046],[62.525258016000066,53.87185496100004],[62.38996911600003,53.94156646700007],[62.39958093300004,53.974484355000115],[62.444022664000045,53.99231272400006],[62.44614139800012,54.01453359],[62.41270674600008,54.02662587500008],[62.00260258000009,54.017375794000074],[62.00363610900007,53.93200632800007],[61.85640995300008,53.94270334900007],[61.836152791000075,53.95112660800005],[61.82054650900011,53.99257110600003],[61.79129764800007,54.00078765900007],[61.74210168400003,53.981564026000044],[61.619938599000136,53.99257110600003],[61.61105025300009,53.959549866000046],[61.581801392000045,53.94766428600012],[61.55616988100007,53.96094513000013],[61.55275923600004,53.992519430000115],[61.47855188000011,54.00290639300003],[61.41767704200004,54.05597808900005],[61.33768192500014,54.06316111300002],[61.249831990000075,54.02073476200009],[61.193504680000046,54.018254293],[61.23050500500011,53.94306508400008],[61.210764608000034,53.90766672800005],[61.17624475100007,53.916503398000046],[61.14523889100013,53.950144755000096],[60.996100708000085,53.94141143900002],[60.97181278500011,53.915831604000076],[60.97801395700009,53.882603659000054],[61.08498417200008,53.87531728100008],[61.20197961500014,53.819610087000044],[61.19908573400005,53.79713083900002],[61.12746219900009,53.747159729000046],[61.10689497900012,53.7124331670001],[61.052221313000075,53.70328643800012],[61.0427128500001,53.65424550400009],[61.00757287600004,53.63574534200008],[60.90473677600011,53.65708770800008],[60.88024214700005,53.632799785000074],[60.90732059700008,53.61362782800008],[61.096352987000046,53.59921010400005],[61.14038130700004,53.56272654300004],[61.28073449700014,53.542417704000016],[61.31608117700006,53.545208232000064],[61.361246379000136,53.58257029200003],[61.50304650900006,53.58897817000006],[61.52836796100013,53.57166656500006],[61.55534305900005,53.50572743800005],[61.41230269400012,53.43575754900003],[61.35349491400012,53.44981353800004],[61.28765913900014,53.50319529200006],[61.23525923700009,53.503040264000035],[61.21820601400009,53.4926533000001],[61.200946086000044,53.43622263700006],[61.13717736800004,53.37312571300002],[61.13366337100007,53.34814015800002],[61.16270552600008,53.299150899000026],[61.20290979000009,53.27643910700006],[61.379849894000074,53.26186635400008],[61.51431197200009,53.208665467000046],[61.643089640000085,53.24334035300005],[61.764219198000035,53.16946889200007],[62.05066166200004,53.124768779000036],[62.08321781400008,53.113296611000024],[62.11603234900008,53.06459157300007],[62.094173218000094,52.99247711200009],[62.034848674000045,52.95271209800008],[61.95924605400012,52.93493540500005],[61.81982303900014,52.97824025500002],[61.67533573400004,52.97361521400008],[61.60557255000003,52.948319600999994],[61.448269491000076,53.02141591400006],[61.34936079900007,52.98490651500005],[61.28734908000007,52.985164897000104],[61.1903007410001,53.01314768500002],[61.08860152200003,52.97805938800006],[60.974603312000056,52.97123809800003],[61.05842248500005,52.92217132600008],[60.8848930260001,52.82525217700005],[60.829082479000135,52.771637879000096],[60.696170695000035,52.73492177400003],[60.672606242000086,52.67216074700006],[60.724489380000136,52.626220398000086],[60.80314091000008,52.627744853000095],[60.81492313700011,52.521911520000046],[60.93646610500008,52.48858022100008],[60.96137414600008,52.40197052000006],[61.03992232300004,52.334997864000044],[60.89667525200008,52.25469268900004],[60.78123010300004,52.220612081000084],[60.672192830000085,52.144337667000045],[60.506518189000076,52.15164988200003],[60.42579960100005,52.12958404600003],[60.20276412000004,51.99274485300005],[60.00318973800012,51.99258982300002],[59.9857231040001,51.95228220700007],[60.06075728400009,51.858670349000036],[60.11780806400009,51.86355377200006],[60.138065226000094,51.888875224000046],[60.27449100700005,51.832832134000014],[60.45205122900006,51.80546946300008],[60.47551232900008,51.776194764000124],[60.44016565000004,51.75394806000007],[60.437375122000105,51.72839406400003],[60.35603641800003,51.69227223700001],[60.35510624200003,51.67142079700007],[60.375880167000105,51.66253245100005],[60.48471073400009,51.65103444500001],[60.51509647600011,51.61790985100002],[60.937396281000076,51.61116607700008],[60.944630981000046,51.54437428800013],[61.02938033000004,51.48267262800006],[61.30491906800012,51.45288116500008],[61.35618208800014,51.459650778000096],[61.47379764800013,51.42580271400003],[61.56299117000003,51.29552642900002],[61.66365686000012,51.25839691200004],[61.56733199100012,51.233876445000064],[61.534155721000104,51.2060745240001],[61.42687544800003,50.83307403600007],[61.37209843000005,50.78248280800004],[60.718494914000075,50.65267161100006],[60.300432577000095,50.68465932300005],[60.17671919700007,50.74217519200006],[60.13620487500009,50.844494528000084],[60.02127648900006,50.85405466700006],[59.962158651000095,50.829508362000084],[59.91461633300008,50.74589589500009],[59.91513309700008,50.67380727199999],[59.81570764200006,50.56290964800006],[59.77467655500004,50.53371246400003],[59.62223107900013,50.524100647000026],[59.522805623000124,50.47464630200007],[59.466271606000134,50.507357483000064],[59.451698853000096,50.53727813800002],[59.47815718600009,50.55241933300003],[59.56042606600005,50.553814596000095],[59.56342330000007,50.57985951800008],[59.437642863000065,50.6311225380001],[59.27331180800013,50.61598134399999],[59.19745080600012,50.66274851600009],[58.925942830000054,50.678148092000086],[58.811531209000066,50.72548370400004],[58.74776249200005,50.79509185800005],[58.664356730000065,50.789924215000056],[58.64668339000008,50.801293030000025],[58.64099898300003,50.86340810100002],[58.57144250500011,50.86351145500005],[58.55015181500005,50.89327707900013],[58.5543892820001,50.92541982100006],[58.59635054600011,50.96247182200004],[58.595006959000045,51.023372498000086],[58.52048954300005,51.061948954000044],[58.37796594300005,51.070656433000025],[58.3659770110001,51.10892283200012],[58.30840946500007,51.1500314340001],[58.22376346900006,51.12313385099999],[58.19058719900005,51.06554046600003],[58.16764286300008,51.0551793420001],[58.113692667000066,51.065178732000035],[58.07731245900004,51.09794159000005],[57.96021366400004,51.07747772300009],[57.91225793400008,51.10339345400011],[57.76880415800014,51.11967153000005],[57.73438765500009,51.0738862110001],[57.73728153500008,50.938235576000054],[57.72239872300014,50.90872833300004],[57.68922245300013,50.89673940100006],[57.55589725800007,50.91875356100006],[57.46763391200011,50.85849884100007],[57.41812788900006,50.862374573000025],[57.334308716000066,50.89741119400004],[57.27291711400011,50.99745676700003],[57.1974695240001,51.017352194000054],[57.181243123000115,51.0734986370001],[57.15447473200004,51.09995697100008],[57.07241255700012,51.069726257000056],[56.86508671100006,51.0517686970001],[56.76008020000006,51.08024241100013],[56.716051880000066,51.07246510800012],[56.68029178900008,51.04977915500005],[56.70964400200006,50.98159210200002],[56.68835331200006,50.96913808200004],[56.59657596800014,50.984020895000086],[56.508002564000094,51.06626393700013],[56.47834029100011,51.07303354900007],[56.42118615800007,51.03352691700003],[56.43203820800005,50.976217754000075],[56.35049279800006,50.94800242100008],[56.33571333800006,50.895860901000034],[56.315456177000044,50.883820293000056],[56.15835982300007,50.90552439400007],[56.10006880700013,50.74785959900002],[56.078881470000056,50.724760234000044],[55.659992310000064,50.53004343700003],[55.570385376000104,50.58833445300006],[55.524289998000086,50.60068512000002],[55.46775598100004,50.656960755000014],[55.34776330600005,50.651379700000106],[55.305388631000085,50.664970602],[55.08400679500005,50.796900534000045],[55.0613725180001,50.82268707300004],[55.063232870000036,50.86216786700008],[55.047729940000124,50.88423370400007],[54.894250936000105,50.912397359000025],[54.811671997000076,50.97239369700013],[54.685788208000076,51.02355336600003],[54.638245890000064,51.02768748000004],[54.53375614500004,51.00324452700001],[54.52528120900007,50.991100566000014],[54.54595178300008,50.95327341800002],[54.502956991000076,50.928262024000034],[54.638245890000064,50.88573232000009],[54.65178511500011,50.846251526000046],[54.62687707600014,50.81157664000004],[54.65023482300012,50.78630686500007],[54.639072713000076,50.706983541000014],[54.6762797450001,50.60254547100003],[54.591427042000134,50.54234242800008],[54.499442993000116,50.5232738240001],[54.43577762800004,50.54751007099999],[54.379760376000036,50.61944366500002],[54.42192834500008,50.76868520100008],[54.48528365100009,50.8254259240001],[54.47856571500006,50.85348622700012],[54.275787395000066,50.90428416000002],[54.14535607900012,50.99265085900002],[54.11155969200013,51.09600372400011],[54.01761193800013,51.119077251000064],[53.99404748600011,51.153390401000095],[53.9358598230001,51.185610657000055],[53.857725057000096,51.18460296700009],[53.67386031100011,51.21987213200008],[53.59407189900014,51.28942861000006],[53.59324507700012,51.33911549900007],[53.574434855000106,51.3532231650001],[53.617946411000105,51.37213673900003],[53.610298300000125,51.38841481500005],[53.45340865100013,51.44189992300009],[53.40731327300011,51.48417124500007],[53.34633508300004,51.50303314200001],[53.21414676900008,51.494764913000054],[53.16577762900005,51.514556987000034],[53.14862105300011,51.50476430300007],[53.15719934100014,51.48701344900006],[53.03710331200011,51.48972646099999],[52.94429244000008,51.45288116500008],[52.88279748500008,51.467143861000054],[52.89654341700003,51.48528228800008],[52.82068241400009,51.48701344900006],[52.77975468000005,51.50812327100009],[52.66854699700008,51.455129090000085],[52.545815470000036,51.459521586000065],[52.47884281400013,51.504867656],[52.44452966300008,51.58018605600007],[52.37766036000005,51.660103659000086],[52.33487227300009,51.76371490500013],[52.307793823000054,51.77454111700008],[52.258184448000065,51.724208273],[52.14801029400013,51.71606923500009],[52.09178633600004,51.65870839500009],[51.86916426600004,51.67307444300009],[51.76472619600008,51.59331187000002],[51.782296184000074,51.49285288500003],[51.6933093670001,51.4540955610001],[51.64736901800012,51.45122751900003],[51.62442468200004,51.48101898200012],[51.620497274000115,51.51869110200006],[51.58432377100007,51.534917501000066],[51.559829143000115,51.53458160400008],[51.51497399900012,51.49269785600008],[51.461850626000114,51.47528289900005],[51.304237508000085,51.471639710000076],[51.2365413820001,51.53589935300003],[51.358962850000125,51.56147918699999],[51.38113203900008,51.58705902100003],[51.37193363500006,51.62958872500009],[51.28842452000009,51.642869567999995],[51.233854207000036,51.68547678600008],[51.16977543100012,51.66948293100002],[50.92544926000005,51.679689026000105],[50.83925297000013,51.74552480100009],[50.76700931792567,51.75939992276818],[50.7441683350001,51.74237253900013],[50.74737227400004,51.709041240000076],[50.794501180000054,51.625971375000105],[50.790677124000126,51.59729095500002],[50.71998376500011,51.567421976999995],[50.67089115400006,51.56752533000012],[50.65869551600008,51.57618113200009],[50.69419722500004,51.61116607700008],[50.58169763200004,51.63529897100004],[50.57570316600004,51.58842844700011],[50.52537032100014,51.56558746400002],[50.527230672000144,51.47008941700004],[50.47896488400005,51.45373382600009],[50.45746748800008,51.42688792000011],[50.3595923260001,51.41332285600002],[50.376232137000045,51.397018942],[50.33757816600013,51.372033387],[50.34894698000011,51.32260487900008],[50.325382528000034,51.30345876100007],[50.207456909000086,51.26594167100008],[49.98685022000012,51.22981984500008],[49.77905928600006,51.10217905700007],[49.43654789200008,51.112333476000046],[49.34735437000006,50.96428049700002],[49.423732137000115,50.88206329300009],[49.40843591400005,50.848266906999996],[49.369420207000076,50.82676951200007],[49.14405928500014,50.7817076620001],[49.01269779400013,50.68341908800001],[48.83043501800012,50.596034241000055],[48.739587850000134,50.597532858000065],[48.60879480000011,50.64791737900005],[48.56828047700009,50.63654856400008],[48.57293135600014,50.61685984400002],[48.64848230000007,50.60156361900006],[48.67339034000014,50.57954946000008],[48.67442386900012,50.478470358000024],[48.70129561400012,50.33460317000002],[48.78904219600008,50.173010966000035],[48.782841024000106,50.11146433500001],[48.851829061000046,50.09725331600005],[48.8741016030001,50.06981313100009],[48.88567712400004,50.01989369700003],[48.78459802200007,49.93338735000002],[48.47908695500007,49.84316029900002],[48.42989099100009,49.80967397100001],[48.30287032100006,49.866724752000025],[48.23930830900008,49.86476104800006],[48.200447632000134,49.92501576800005],[48.14236332200005,49.96377309200007],[48.074563843000135,50.10526316300012],[48.02474776200012,50.13125640900007],[47.99322513900006,50.18179596000003],[47.80822351000006,50.31992706300004],[47.59929569500008,50.4526838180001],[47.55692102100011,50.452580465],[47.469794555000135,50.411756084000004],[47.39222823000006,50.323234355000054],[47.322878459000094,50.304475810000056],[47.29476648000008,50.27543365500004],[47.32231001800005,50.237399801000024],[47.265104207000036,50.18634348600004],[47.27306237800008,50.15843821300005],[47.327632691000076,50.10929392600012],[47.32856286700007,50.07296539300005],[47.30871911600008,50.04480173800009],[47.17735762500007,49.94718495800008],[46.95855961100011,49.88413970900005],[46.92259281400004,49.86135040300006],[46.89990686100009,49.820319316000095],[46.77510827700007,49.332545472000064],[46.97923018400013,49.24428212500008],[47.02863285300003,49.20149403900005],[47.04000166800006,49.150334371000056],[47.020881388000134,49.09684926400003],[46.930034220000096,49.00403839100001],[46.75381758600008,48.914069723000054],[46.47827884900005,48.410560405000055],[47.09891280100004,48.265375468000016],[47.11214196800006,48.24155263300004],[47.07524499600004,48.20512074800003],[47.11648278800004,48.153857727000016],[47.103563680000036,48.101199443],[47.19203373200014,48.071795553000115],[47.13705000800013,48.02725046800002],[47.0442391360001,47.986219381000055],[47.15865075700009,47.87154937800001],[47.12516442900011,47.83209442100009],[47.12382084200004,47.80803904200006],[47.359672078000074,47.68334381100006],[47.38292647300011,47.705357971000055],[47.38881758700012,47.811914775000005],[47.412175334000096,47.83586680100011],[47.64973189300014,47.765586854000006],[48.04448815900008,47.76969512900003],[48.17435103400004,47.71285105400007],[48.41108077000007,47.44576141400002],[48.525078980000046,47.41023386600007],[48.697264852000046,47.100976258000046],[49.00628991700012,46.76911021000005],[48.91688968900013,46.70257680300007],[48.76403080200009,46.68283640600002],[48.739536174000136,46.690562033000035],[48.67659427900014,46.75802561500005],[48.618199910000044,46.77042795800013],[48.55670495600003,46.76174631800005],[48.50575199400009,46.73260081000005],[48.455109090000064,46.660796407000035],[48.530039917000124,46.63818796800008],[48.56300948100005,46.59131744500006],[48.53939335100006,46.567959697000006],[48.70501631700006,46.55044138600006],[48.819634643000086,46.4792571010001],[48.91797489400011,46.47432200200008],[49.03316166200011,46.40489471500011],[49.22713051952735,46.32787918423311],[49.30600019600007,46.26312897300005],[49.281993035000085,46.24990469000005],[49.15967858200008,46.29193756700005],[49.14210045700008,46.30996328300006],[49.16822350400008,46.32754140800006],[49.15015709700003,46.33576080900008],[49.076182488000086,46.28620026200008],[49.058929884000065,46.25177643400008],[49.10474694100009,46.240668036000045],[49.11451256600009,46.151271877000056],[49.069021030000044,46.19196198100008],[49.04224694100009,46.19623444200005],[48.93482506600009,46.141913153000075],[48.95533287900008,46.10781484600005],[48.93181399800005,46.085272528000075],[48.89926191500007,46.14838288000004],[48.88013756600009,46.15619538000004],[48.88697350400008,46.10781484600005],[48.83920332100007,46.14935944200005],[48.87419681100005,46.078192450000074],[48.85962975400008,46.07363515800006],[48.81853274800005,46.124701239000046],[48.791351759000065,46.128241278000075],[48.82764733200008,46.08771393400008],[48.81788170700008,46.05621979400007],[48.78174889400009,46.09666575700004],[48.71412194100009,46.12958405200004],[48.70199629000007,46.115220445000034],[48.67855879000007,46.120306708000044],[48.66423587300005,46.08978913000004],[48.626963738000086,46.08730703300006],[48.688487175000034,46.06679922100005],[48.72901451900009,46.019964911000045],[48.64730879000007,45.97060781500005],[48.65479576900009,45.95693594000005],[48.69906660200007,45.97260163000004],[48.75220787900008,45.96556224200003],[48.74244225400008,45.914129950000074],[48.791351759000065,45.84088776200008],[48.76547285200007,45.85219961100006],[48.721446160000085,45.838324286000045],[48.71631920700008,45.81354401200008],[48.68669681100005,45.84857819200005],[48.71013431100005,45.88182200700004],[48.63038170700008,45.90973541900007],[48.593760613000086,45.958197333000044],[48.55494225400008,45.96747467700004],[48.50953209700003,45.940619208000044],[48.465586785000085,45.94017161700003],[48.393565300000034,45.86815013200004],[48.35694420700008,45.86937083500004],[48.407237175000034,45.85187409100007],[48.399424675000034,45.83539459800005],[48.28874759200005,45.83734772300005],[48.27719160200007,45.78620026200008],[48.22087649800005,45.76520416900007],[48.242849155000044,45.70990631700005],[48.17986087300005,45.73969147300005],[48.14779707100007,45.743353583000044],[48.133555535000085,45.72418854400007],[48.078868035000085,45.75153229400007],[48.00749759200005,45.700506903000075],[47.96900475400008,45.731634833000044],[47.89698326900009,45.693793036000045],[47.85914147200003,45.72418854400007],[47.834727410000085,45.659857489000046],[47.852305535000085,45.642279364000046],[47.81820722700007,45.60809967700004],[47.75171959700003,45.69086334800005],[47.66521243600005,45.70750560100004],[47.619476759000065,45.75893789300005],[47.56006920700008,45.771551825000074],[47.555349155000044,45.74359772300005],[47.59229576900009,45.74461497600004],[47.62614993600005,45.709051825000074],[47.60873457100007,45.63882070500006],[47.661143425000034,45.62177155200004],[47.645518425000034,45.59218984600005],[47.65365644600007,45.55906810100004],[47.61500084700003,45.57021719000005],[47.585948113000086,45.62579987200007],[47.54070071700005,45.66583893400008],[47.482432488000086,45.66893138200004],[47.432627800000034,45.69448476800005],[47.455088738000086,45.71735260600008],[47.50342858200008,45.71735260600008],[47.384776238000086,45.75018952000005],[47.427744988000086,45.67641836100006],[47.55128014400009,45.62799713700008],[47.57211347700007,45.56696198100008],[47.54232832100007,45.53705475500004],[47.508799675000034,45.57111237200007],[47.50961347700007,45.59389883000006],[47.49431399800005,45.585150458000044],[47.53825931100005,45.50649648600006],[47.50147545700008,45.480454820000034],[47.496755405000044,45.42999909100007],[47.38135826900009,45.411037502000056],[47.46013431100005,45.39081452000005],[47.38404381600009,45.29946523600006],[47.370127800000034,45.185614325000074],[47.29712975400008,45.18744538000004],[47.201182488000086,44.970038153000075],[47.16578209700003,44.96698639500005],[47.14600670700008,44.92910390800006],[47.09880618600005,44.956366278000075],[47.111664259000065,44.869574286000045],[47.07829837300005,44.78510163000004],[47.02361087300005,44.842962958000044],[47.00318444100009,44.921576239000046],[46.988942905000044,44.91543203300006],[46.98389733200008,44.89337799700007],[47.01002037900008,44.830064195000034],[46.961599155000044,44.76520416900007],[46.923838738000086,44.77204010600008],[46.867930535000085,44.74046458500004],[46.83130944100009,44.69635651200008],[46.791677280000044,44.70604075700004],[46.74626712300005,44.65403880400004],[46.72201582100007,44.65534088700008],[46.707774285000085,44.56972890800006],[46.72315514400009,44.54946523600006],[46.680430535000085,44.52846914300005],[46.70093834700003,44.446193752000056],[46.75896243600005,44.40058014500005],[46.851898634000065,44.39760976800005],[47.02564537900008,44.35960521000004],[47.055430535000085,44.32770416900007],[47.07829837300005,44.26434967700004],[47.12224368600005,44.222723700000074],[47.180023634000065,44.20286692900004],[47.221690300000034,44.23078034100007],[47.24594160200007,44.21198151200008],[47.28988691500007,44.093003648000035],[47.35792076900009,44.02057526200008],[47.432627800000034,43.876166083000044],[47.461924675000034,43.86029694200005],[47.441416863000086,43.81928131700005],[47.482758009000065,43.82489655200004],[47.50277754000007,43.78099192900004],[47.44459069100009,43.73847077000005],[47.433929884000065,43.71625397300005],[47.455088738000086,43.68895091400009],[47.393565300000034,43.60639069200005],[47.36573326900009,43.62067291900007],[47.379893425000034,43.55971914300005],[47.404958530000044,43.54376862200007],[47.404307488000086,43.511379299000055],[47.42432701900009,43.503973700000074],[47.44849694100009,43.51813385600008],[47.46534264400009,43.55215078300006],[47.47779381600009,43.643744208000044],[47.50733483200008,43.68573639500005],[47.502696160000085,43.71503327000005],[47.533864780000044,43.77594635600008],[47.54444420700008,43.865220445000034],[47.595713738000086,43.90119049700007],[47.701508009000065,43.87449778900009],[47.64380944100009,43.82990143400008],[47.601573113000086,43.765692450000074],[47.490896030000044,43.46283600500004],[47.49341881600009,43.29633209800005],[47.50961347700007,43.29169342700004],[47.570323113000086,43.33372630400004],[47.58570397200003,43.29954661700003],[47.56495201900009,43.26805247600004],[47.48585045700008,43.21283600500004],[47.482432488000086,43.12726471600007],[47.455088738000086,43.09992096600007],[47.461924675000034,43.020819403000075],[47.53012129000007,42.962103583000044],[47.589854363000086,42.942694403000075],[47.62159264400009,42.90509674700007],[47.69809004000007,42.86713288000004],[47.727305535000085,42.66278717700004],[47.75180097700007,42.63666413000004],[47.86768639400009,42.58466217700004],[47.992930535000085,42.41966380400004],[48.09595787900008,42.34979889500005],[48.22234134200005,42.175116278000075],[48.30404707100007,42.102728583000044],[48.386729363000086,41.937201239000046],[48.416351759000065,41.91502513200004],[48.55290774800005,41.87555573100008],[48.57894941500007,41.84528229400007],[48.455419149000136,41.714405823000064],[48.41325118000009,41.627615255000094],[48.370153035000044,41.5801504520001],[48.20184289500014,41.493489075000056],[48.05353153500005,41.461294658],[48.001648397000054,41.36207590800005],[47.95322758000009,41.35577138300003],[47.89214603700009,41.28326934800002],[47.89886397300012,41.22906077099999],[47.87111372900006,41.20818349200003],[47.74373132300008,41.19268056200009],[47.62249841300013,41.22906077099999],[47.54730920500009,41.20565134700003],[47.5009554450001,41.246320699000094],[47.37558842000004,41.25944651300004],[47.26841149900008,41.30280304000003],[47.24091963700005,41.338924866000056],[47.23905928500005,41.41571604400009],[47.15932255100006,41.503514303000074],[47.14139082800011,41.55240020800004],[47.107491089000064,41.56991851800011],[47.02703088400011,41.556947734000076],[47.00393151800006,41.60542022700007],[46.915978230000064,41.68094533300008],[46.90223230000004,41.7127521770001],[46.83479455600008,41.730244650000074],[46.76911381100007,41.77571991000012],[46.740795125000034,41.85124501600005],[46.5675757250001,41.78667531400002],[46.54432133000006,41.81476145400005],[46.543546183000046,41.874292705000116],[46.525511109000036,41.88230255200007],[46.43089156100007,41.890441590000094],[46.38205733300009,41.925245667000056],[46.294155721000095,41.93862986300009],[46.224340861000144,41.993484395000095],[46.09918054200011,41.9850611370001],[46.05845951300006,42.02033030200009],[45.9341260170001,42.0284951790001],[45.881364380000036,42.10203074200008],[45.81160119600008,42.115492452000055],[45.631405477000044,42.201171977000016],[45.62138024900008,42.22447804800005],[45.736411987000054,42.44753936800005],[45.73961592600011,42.47146555600007],[45.69868819200008,42.50758738200007],[45.53683760600012,42.541357931000064],[45.35597009300011,42.51996388800005],[45.322690470000055,42.53011830700011],[45.28269291200007,42.586393941],[45.18419763200012,42.67483815600012],[45.12296106000008,42.70227834100008],[45.02978845200005,42.68876495400009],[44.90297448700011,42.753076274000065],[44.859359579000056,42.759509990000126],[44.77347334800004,42.60964833700011],[44.736369670000045,42.67755116800005],[44.679422242000044,42.723672384000096],[44.60097741700014,42.74912302700001],[44.50811486800012,42.7502857460001],[44.36068200700004,42.703751119000074],[44.272005249000074,42.70238169400001],[44.197384481000086,42.6291045120001],[44.05506758600012,42.615306905000054],[43.93972578900008,42.55220998200009],[43.8853621830001,42.579210918000044],[43.751106812000046,42.598744609000036],[43.722581421000086,42.624867045000045],[43.725682007000046,42.65440012700007],[43.8117749430001,42.71726450700005],[43.800612834000106,42.74646169000009],[43.66284346600014,42.779844666000045],[43.586258992000126,42.835629374000106],[43.517425985000045,42.860459900000066],[43.15558760600004,42.942392884000114],[42.998852986000145,43.04220591300013],[43.0000932210001,43.09866241500008],[42.91482710800011,43.121942648000086],[42.829767700000104,43.16876149500003],[42.67360152200007,43.16589345300004],[42.615207153000085,43.13698049],[42.42286747300005,43.22899037700007],[42.354551229000094,43.236018372000004],[42.185362590000125,43.22547638000013],[42.04335575400012,43.18056956000002],[41.91933231600012,43.205942689000025],[41.57754439300004,43.21529612300007],[41.50612756400005,43.25978953100007],[41.41310998500006,43.291286317000115],[41.380657185000075,43.334772034000125],[41.27875126100008,43.333195903000004],[41.146666300000106,43.379859721000074],[41.01179081300006,43.37541554800008],[40.87495161900006,43.45564320900006],[40.740179484000066,43.495279033000045],[40.65191613800005,43.53897145600011],[40.51962447100004,43.50517506900003],[40.2331303310001,43.575765076000025],[40.164297323000085,43.57584259000002],[40.07283003800012,43.551063742000096],[39.985976355436605,43.38898960974838]]],[[[21.750640910000072,55.12795400000003],[21.942773885000065,55.078292948000026],[22.003442017000054,55.093485820000055],[22.027729940000143,55.04439320900012],[22.076822551000078,55.0285802210001],[22.251282186000083,55.070851542000085],[22.436283814000063,55.05777740500004],[22.54108361900012,55.07576080400004],[22.580667765000072,55.057622376000026],[22.63348107900012,54.95793853800002],[22.715543253000135,54.95137563100003],[22.752130168000065,54.931118469000026],[22.749236287000087,54.90987945600007],[22.821273234000046,54.88548818000005],[22.845767863000106,54.79613962800006],[22.72484501100007,54.7233792120001],[22.727015422000136,54.7053441370001],[22.700867147000054,54.679557597000084],[22.70810184700011,54.63563262900006],[22.68174686700013,54.56990020799999],[22.680403279000075,54.453214824000085],[22.76721968600006,54.356269837000056],[22.698386678000077,54.34293731800004],[19.680276326000126,54.43667836499999],[19.609548373000052,54.456732489000046],[19.73406009200005,54.52570221600007],[19.90015709700009,54.66705963700008],[19.90015709700009,54.687567450000074],[19.961680535000085,54.77317942900004],[19.920664910000085,54.88959381700005],[19.94076582100007,54.93439362200007],[19.976735873000052,54.96458567900004],[20.03370201900009,54.94818756700005],[20.205821160000085,54.95844147300005],[20.365570509000065,54.946193752000056],[20.482432488000086,54.97553131700005],[20.634043816000087,55.04877350500004],[20.822276238000086,55.180975653000075],[20.924568700365,55.28265777882994],[20.989512566000087,55.270412502000056],[20.91309655000009,55.23322174700007],[20.823741082000083,55.14313385600008],[20.687836134000065,55.05068594000005],[20.533376498000052,54.97357819200005],[20.533946160000085,54.95966217700004],[20.576914910000085,54.93891022300005],[20.763682488000086,54.947699286000045],[20.86036217500009,54.911322333000044],[20.969086134000065,54.89980703300006],[21.055918816000087,54.91445547100005],[21.090668165000068,54.901556708000044],[21.23015384200005,54.93891022300005],[21.243418816000087,54.96124909100007],[21.219411655000044,55.01325104400007],[21.183441602000073,55.20172760600008],[21.20167076900009,55.21442291900007],[21.259043816000087,55.20498281500005],[21.267588738000086,55.24868398600006],[21.34983850100005,55.28778920500004],[21.405545695000086,55.272389628000056],[21.50393762200011,55.19440989200008],[21.605120076000105,55.19249786400006],[21.750640910000072,55.12795400000003]]],[[[29.78687584700009,59.97508372600004],[29.657399936000047,60.025458075000074],[29.713552280000044,60.02187734600005],[29.80054772200009,59.985541083000044],[29.78687584700009,59.97508372600004]]],[[[27.82007897200009,60.03082916900007],[27.885020379000082,60.011053778000075],[27.89234459700009,59.995021877000056],[27.804860873000052,59.989488023000035],[27.82007897200009,60.03082916900007]]],[[[26.967539910000085,60.04368724200003],[26.950043165000068,60.09955475500004],[26.976573113000086,60.08844635600008],[27.027354363000086,60.02676015800006],[26.99577884200005,60.01422760600008],[26.967539910000085,60.04368724200003]]],[[[28.694590691000087,60.26113515800006],[28.551036004000082,60.302720445000034],[28.541351759000065,60.347357489000046],[28.580332879000082,60.348944403000075],[28.721364780000044,60.287543036000045],[28.694590691000087,60.26113515800006]]],[[[28.50367272200009,60.31102122600004],[28.427989129000082,60.36591217700004],[28.48487389400009,60.36188385600008],[28.524261915000068,60.331366278000075],[28.50367272200009,60.31102122600004]]],[[[28.617849155000044,60.63922760600008],[28.634613477000073,60.60138580900008],[28.599457227000073,60.57664622600004],[28.57553144600007,60.58038971600007],[28.56104576900009,60.62946198100008],[28.588715040000068,60.64630768400008],[28.617849155000044,60.63922760600008]]],[[[35.97510826900009,64.33258698100008],[35.85678144600007,64.38735586100006],[35.85629316500007,64.40338776200008],[35.91846764400009,64.41372304900005],[36.044932488000086,64.36033763200004],[36.033213738000086,64.34251536700003],[35.97510826900009,64.33258698100008]]],[[[-172.67784583199992,64.60358307500007],[-172.72504635299993,64.62645091400003],[-172.72028561099992,64.64435455900008],[-172.47529049399992,64.64183177300004],[-172.4533585279999,64.62352122600004],[-172.5193985669999,64.59300364800004],[-172.67784583199992,64.60358307500007]]],[[[40.11101321700005,64.63035716400003],[40.021820509000065,64.65867747600004],[39.824229363000086,64.67975495000007],[39.85531660200007,64.69916413000004],[39.98422285200007,64.71922435100004],[40.04322350400008,64.70087311400005],[40.188487175000034,64.70823802300004],[40.25359134200005,64.68886953300006],[40.26807701900009,64.65623607000003],[40.30225670700008,64.63548411700003],[40.43140709700003,64.61269765800006],[40.46119225400008,64.57387929900005],[40.19483483200008,64.57416413000004],[40.14698326900009,64.59174225500004],[40.11101321700005,64.63035716400003]]],[[[40.40056399800005,64.71124909100007],[40.40674889400009,64.64248281500005],[40.36939537900008,64.62811920800004],[40.32569420700008,64.63764069200005],[40.25220787900008,64.69891998900005],[40.201833530000044,64.71995677300004],[40.03484134200005,64.76056549700007],[40.11068769600007,64.78119538000004],[40.33350670700008,64.77240631700005],[40.40056399800005,64.71124909100007]]],[[[39.94971764400009,64.74192942900004],[39.98658287900008,64.74347565300008],[40.001963738000086,64.73737213700008],[39.943695509000065,64.72797272300005],[39.94971764400009,64.74192942900004]]],[[[-172.63319292999992,64.68443931500008],[-172.5774488399999,64.75949953800006],[-172.4613440789999,64.82759459800008],[-172.4005204849999,64.83669621900003],[-172.11256257699992,64.79049780000008],[-172.0433560109999,64.75118299700006],[-172.3847247139999,64.69848106200004],[-172.50089733299993,64.70428798900008],[-172.5468039289999,64.68538553700006],[-172.63319292999992,64.68443931500008]]],[[[35.89991295700008,65.02655670800004],[35.89185631600009,65.04071686400005],[35.92741946700005,65.05410390800006],[36.006602410000085,65.05365631700005],[36.02564537900008,65.03656647300005],[35.89991295700008,65.02655670800004]]],[[[35.74465999000006,64.96155085700008],[35.730181523000056,64.97284604900005],[35.723317905000044,65.02635325700004],[35.56326054900006,65.05213822600007],[35.505162443000074,65.09555240800006],[35.506113249000066,65.12128825600007],[35.524099155000044,65.14447663000004],[35.649995593000085,65.15398639900008],[35.68603975600007,65.17133130900004],[35.81530696200008,65.15421069400008],[35.86687259200005,65.07599518400008],[35.84310957100007,65.06830475500004],[35.79664147200009,65.11440664300005],[35.781260613000086,65.07273997600004],[35.85922285200007,65.04490794500003],[35.86451256600009,65.01251862200007],[35.82374108200008,64.98379140800006],[35.74465999000006,64.96155085700008]]],[[[36.07398522200009,65.12738678600005],[35.95199629000007,65.14638906500005],[35.943369988000086,65.16811758000006],[35.99040774800005,65.19122955900008],[36.05884850400008,65.15867747600004],[36.26099694100009,65.15452708500004],[36.07398522200009,65.12738678600005]]],[[[-169.09369869699992,65.76194896000004],[-169.09337317599991,65.79905833500004],[-169.0632218089999,65.82819245000007],[-168.99461829299992,65.81586334800005],[-169.0513809889999,65.75787995000007],[-169.09369869699992,65.76194896000004]]],[[[-179.5227758449999,68.96454498900005],[-179.48578854099992,68.95132070500006],[-179.43797766799992,68.90322500200006],[-179.33377862299992,68.85844102800007],[-179.36342940499992,68.85510089500008],[-179.3573670129999,68.82781128200008],[-179.31953039299992,68.81195171400003],[-179.1726942749999,68.80854632100005],[-179.12830316499992,68.78730892900006],[-178.8448125769999,68.75236095300005],[-178.48493404899992,68.59153880400004],[-178.54645748599992,68.59210846600007],[-178.7246181209999,68.67568568900003],[-178.73615817599992,68.67039605700006],[-178.7119604829999,68.62212023300003],[-178.7196637589999,68.58305756300007],[-178.6999279919999,68.54318931600005],[-178.45824133999992,68.50967031500005],[-178.3381241529999,68.47492096600007],[-178.2484024729999,68.47601959800005],[-178.04181881399992,68.42767975500004],[-178.0213516919999,68.41596100500004],[-177.99071204299992,68.35285065300008],[-177.9505102199999,68.33771393400008],[-178.07367916599992,68.25926341400003],[-177.9970596999999,68.25653717700004],[-177.96479244699992,68.26947663000004],[-177.9557999339999,68.29547760600008],[-177.8743790359999,68.30483633000006],[-177.82237708199992,68.32770416900007],[-177.73237057199992,68.32611725500004],[-177.70470130099991,68.34454987200007],[-178.3558243479999,68.53701406500005],[-178.37507076699993,68.55744049700007],[-177.49225826699993,68.29173411700003],[-177.6017960279999,68.30805084800005],[-177.63646399599992,68.30418528900003],[-177.62901770699992,68.28314850500004],[-177.76557369699992,68.26264069200005],[-177.63914954299992,68.22549062700006],[-177.6221817699999,68.21426015800006],[-177.63471432199992,68.19529857000003],[-177.4615372389999,68.24628327000005],[-177.33808346299992,68.24457428600005],[-177.17353268099993,68.19867584800005],[-177.2591039699999,68.21112702000005],[-177.26451575399992,68.20184967700004],[-177.22492428299992,68.17328522300005],[-177.24482174399992,68.16705963700008],[-177.2187393869999,68.13955312700006],[-177.06725012899992,68.15277741100005],[-177.10822506399992,68.16705963700008],[-177.07542883999992,68.16425202000005],[-176.56453810699992,68.01031561500008],[-176.72504454799991,68.03785176100007],[-176.71798576499992,68.02626621500008],[-176.7791418059999,68.00190168300009],[-176.78933581599992,67.97861818800004],[-176.6619024659999,67.93442091700007],[-176.55538414699993,67.91660325900006],[-176.53937136599993,67.89509672100007],[-176.20879499199992,67.90177004200007],[-176.53078489299992,67.99052682800004],[-176.53331889499992,68.00296202500004],[-175.92072506399992,67.85101959800005],[-176.04858234199992,67.85215067000007],[-176.1159099729999,67.80653715300008],[-176.1373801999999,67.77735890800005],[-176.0480601399999,67.73552887700004],[-176.0696593449999,67.72731413300005],[-176.3004632109999,67.72424411400004],[-176.3408732169999,67.69590243100004],[-176.2831569989999,67.69238845900009],[-176.26842328599992,67.66872766000006],[-176.20579216899992,67.64515193000005],[-176.12179181599993,67.62704630900004],[-175.9733981009999,67.63898505300006],[-175.88242260299992,67.62895416200007],[-175.9135961019999,67.58796550100004],[-175.7392054819999,67.58237574100008],[-175.72499080999992,67.56960240200004],[-175.6817892169999,67.58957938200007],[-175.67189410299991,67.61871810000008],[-175.76735116999993,67.65164718300008],[-175.8967422869999,67.64991331300007],[-175.84860174399992,67.70455590600005],[-176.01196591099992,67.72734776500005],[-175.8531558749999,67.76833473000005],[-175.8338441479999,67.77834492400007],[-175.8240291509999,67.81296012700005],[-175.2655287309999,67.65855507900005],[-175.26098866599992,67.64595824700007],[-175.3123622319999,67.63465150900004],[-175.29077365799992,67.60561657100004],[-175.24015802199992,67.57429932900004],[-175.24795837999991,67.55928950800006],[-175.1267700349999,67.49988984300006],[-175.2265299149999,67.53258846500006],[-175.1904172419999,67.49413191600007],[-175.18907309099993,67.44450396400003],[-175.17239762999992,67.43511393100005],[-175.2337410529999,67.42698907400006],[-175.24922442899992,67.39540795900007],[-175.35045325399992,67.38251373900005],[-175.3668831669999,67.35778862900008],[-175.1595889749999,67.33747679100009],[-175.0233376459999,67.37418178000007],[-174.9934107629999,67.41601663100005],[-174.96894807299992,67.42474840500006],[-175.07982337099992,67.48114655200004],[-174.92902584499993,67.42649974200003],[-174.91336157599991,67.41337642300005],[-174.91491959899992,67.38099552700004],[-174.84711666599992,67.38556549700007],[-174.8061090209999,67.36467088600006],[-174.7564355799999,67.30323678100007],[-174.86025459899992,67.27545843700005],[-174.8538402469999,67.25261696000007],[-174.87614934599992,67.24468886500006],[-174.8637989689999,67.23525978200007],[-174.88993201399992,67.21156313600005],[-174.8774956599999,67.19504446300004],[-174.8906465999999,67.12095512200005],[-174.9124270579999,67.08781287600004],[-174.8977546259999,67.05395728900004],[-174.90760809399993,67.03738496100004],[-174.86080989299992,67.01225544100004],[-174.8707259349999,66.99962328700008],[-174.8522894589999,66.97836398900006],[-174.8098240569999,66.96660326700004],[-174.7903946609999,66.93968333500004],[-174.7000211509999,66.91652040700006],[-174.76285577299993,66.89940429200004],[-174.70779521199992,66.82202716300003],[-174.68782013799992,66.73241687900008],[-174.7071025909999,66.71791400800004],[-174.7117516049999,66.74604338000006],[-174.76369773099992,66.75365557200007],[-174.85561293299992,66.69893119800008],[-174.9741104809999,66.68211497600004],[-174.97133461099992,66.66541324800005],[-174.8064438069999,66.59251683700006],[-174.6993024919999,66.60035328800006],[-174.4356631629999,66.53154498900005],[-174.42930295999992,66.50261413500004],[-174.39524152099992,66.47452336100008],[-174.4613142259999,66.45923143400006],[-174.46567888599992,66.40135683800008],[-174.4560440749999,66.37140534100007],[-174.3914332139999,66.35538382700008],[-174.3893764579999,66.33751094000007],[-174.4380787279999,66.34351564100007],[-174.45712274899992,66.32398071400007],[-174.43810489799992,66.31119989200005],[-174.46349997599992,66.27974813800006],[-174.35367570399993,66.27701985200008],[-174.30482728299992,66.30252528800008],[-174.29605750599993,66.34252755600005],[-174.3681907989999,66.33748571700005],[-174.29596437599992,66.35444836800008],[-174.23621835999992,66.38842011100007],[-174.16597401599992,66.39937549400008],[-174.1528169949999,66.43082973700007],[-174.1632513099999,66.44701260900007],[-174.2228895449999,66.44456538000009],[-174.2055564249999,66.47260996400007],[-174.13329599899993,66.45800820400007],[-174.01590711799992,66.47217131500008],[-173.95251013299992,66.44559444700008],[-173.9788707099999,66.40570543300004],[-173.9328914419999,66.36637275300006],[-173.92918743099992,66.34081798100004],[-174.01890673999992,66.30536535400006],[-174.0306869759999,66.23638934400003],[-173.9993126649999,66.21924953300004],[-173.9287036279999,66.26330938800004],[-173.79653885599993,66.30799286200005],[-173.8872877359999,66.31766776600006],[-173.8953599019999,66.33644210100005],[-173.77222143799992,66.34533370500003],[-173.70525593699992,66.37052394700004],[-173.7189498529999,66.39851951100007],[-173.69112981599991,66.43909886800003],[-173.81140337699992,66.47059658400008],[-173.80792809099992,66.48838502600006],[-173.83314134399993,66.50625119600005],[-174.1264524769999,66.54612499700005],[-174.1584406609999,66.53279017900007],[-174.2143592879999,66.56142552200004],[-174.2639499779999,66.56587565500007],[-174.0268042799999,66.62679684500006],[-173.93055139799992,66.66762694600004],[-173.9345919939999,66.78043832000003],[-173.96559322599992,66.84605082300004],[-174.0229994489999,66.90067897400007],[-174.0262143619999,66.96111089800007],[-174.1607612079999,66.98100239200005],[-174.2391915929999,66.97178522600007],[-174.25003073899993,66.97606007200005],[-174.1843583209999,67.00911759500008],[-174.19069055999992,67.02702024200005],[-174.28212658899992,67.04676114200004],[-174.49605294999992,67.02138688200006],[-174.3563086119999,67.06135792100008],[-174.5572114439999,67.03501562800005],[-174.61620982099993,67.04095538300004],[-174.61200038899992,67.06141402900005],[-174.5749309839999,67.07677291800007],[-173.7508386549999,67.07343162900008],[-173.6540457449999,67.08835062300005],[-173.6464688849999,67.11561485300007],[-173.4465938349999,67.07460627600005],[-173.4952850599999,67.06299543500006],[-173.4937402159999,67.04420250300007],[-173.46358158799993,67.02948733000005],[-173.43058568599992,67.03352311000003],[-173.43168436899992,67.06254986100004],[-173.3893955899999,67.07845929400008],[-173.07125959799993,67.04423252400005],[-173.15048373599993,67.03384663300005],[-173.27215908099993,67.05195053300008],[-173.25788326699993,67.02187734600005],[-173.14337041599993,66.99964548900005],[-173.1462063269999,66.98602411100006],[-173.17037455699992,66.98282946700004],[-173.2949550529999,66.98132764100006],[-173.30947076099991,66.95076876700006],[-173.2908523979999,66.93018410800005],[-173.3073415099999,66.90390520400007],[-173.2672925519999,66.87804859200008],[-173.32017067299992,66.86226538100004],[-173.3194375369999,66.83159802900008],[-173.30254162499992,66.82210510500005],[-173.14204683999992,66.82424096400007],[-173.08657591099993,66.84674686800008],[-173.1615367009999,66.86441903900004],[-173.17637086699992,66.87135477800007],[-173.1747056849999,66.90198788100008],[-173.22647860299992,66.91093506300007],[-173.1609065039999,66.91548892400004],[-173.1535440039999,66.96989421400008],[-173.07396264699992,66.99307322900006],[-173.06322712099993,66.99042516500003],[-173.0775460669999,66.96754857800005],[-173.0511850869999,66.93410909900007],[-172.7823289709999,66.89400418600007],[-172.6658300899999,66.88504259400008],[-172.61549480099993,66.89126831500005],[-172.6153431459999,66.92191705300007],[-172.50384436599992,66.90439096900008],[-172.36248657099992,66.93321336000008],[-172.49784803799992,66.97841619400003],[-173.03523508299992,67.02341461900005],[-172.98634417699992,67.03917524300005],[-172.78810445899992,67.03204967300007],[-172.05637464199992,66.95021111000005],[-171.92840968099992,66.96613384900007],[-171.94287795399993,66.97319273300008],[-171.93354215199992,66.97901301200005],[-171.82106272099992,66.95077416600003],[-171.71851680999993,66.95077749600006],[-171.64021530699992,66.92981461300008],[-171.6296686759999,66.90830623100004],[-171.69416894399993,66.87957169800006],[-171.63003331099992,66.83005821200004],[-171.4262695299999,66.77485204900006],[-171.35340067299992,66.77185259800007],[-171.33090093599992,66.74498193500006],[-171.37495186299992,66.73544908700006],[-171.3880787509999,66.71518316100008],[-171.3633593289999,66.67482907200008],[-171.07823645699992,66.56720612200007],[-170.8597305979999,66.51105377800008],[-170.7283829419999,66.45477936400005],[-170.56525631399992,66.35358307500007],[-170.3851928839999,66.31653175600007],[-170.51403204699992,66.28343582600007],[-170.53823185399992,66.23440452200003],[-170.6530655589999,66.24848053600005],[-170.62568111899992,66.23480866100005],[-170.51093647399992,66.22543399500006],[-170.3903529209999,66.28520683700003],[-170.27425708799993,66.29040386700007],[-170.15385774599991,66.24902390700004],[-170.10620437999992,66.19304745300008],[-170.2038325259999,66.17423011100004],[-170.33836829299992,66.18577708500004],[-170.22358150899993,66.14813873900005],[-170.1362673579999,66.13924380800006],[-170.0858318699999,66.16928963400005],[-169.97492428299992,66.14569733300004],[-169.92267818899992,66.15029531500005],[-169.91645260299993,66.16404857000003],[-169.93256588399993,66.17153554900005],[-170.0435684889999,66.19330475500004],[-169.95209713399993,66.18378327000005],[-169.70746822799993,66.13117096600007],[-169.6413841899999,66.06832743700005],[-169.7186102839999,66.00613326900003],[-169.82500733299992,66.00443151000007],[-169.89144713699991,66.04285290500007],[-169.98151607999992,66.03900788000004],[-170.14303148699992,66.00382917400003],[-170.2365645749999,65.95517185800009],[-170.3752978199999,65.92589097200005],[-170.50974791399992,65.86994319300004],[-170.60631262899992,65.86131419500003],[-170.62580318899992,65.85065338700008],[-170.53241939999992,65.85272858300004],[-170.51593990799992,65.83014557500007],[-170.57115637899992,65.76121653900003],[-170.53022213399993,65.72028229400007],[-170.5432022779999,65.69985586100006],[-170.53022213399993,65.67934804900005],[-170.48877325299992,65.67075769100006],[-170.53527673699992,65.61814693500008],[-170.5881657239999,65.60456584500008],[-170.6673561279999,65.59954598500008],[-170.87543697799993,65.62335846600007],[-170.89948482999992,65.64826080900008],[-171.14731026099992,65.69499983000009],[-171.20837718399991,65.75094263400007],[-171.46326546999993,65.83258962800005],[-171.38914954299992,65.74607982000003],[-171.3178604809999,65.73395416900007],[-171.3718155589999,65.72772858300004],[-171.3603002589999,65.70966217700004],[-171.26386471299992,65.65558502800008],[-171.08283849999992,65.63412664400005],[-171.04496814799992,65.62220487700006],[-171.02363033799992,65.58315664300005],[-170.98181232699991,65.59205382800008],[-170.9753256219999,65.51114361400005],[-171.0386539159999,65.46698723200006],[-171.15998287699992,65.47939687700006],[-171.25089279199992,65.52199102500003],[-171.55566310999993,65.51008013100005],[-171.9037423569999,65.46077102500004],[-172.03420330199992,65.47443813600006],[-171.74361916599992,65.49966127400006],[-171.95762051399993,65.51654791200008],[-172.09333248599992,65.56801992400005],[-172.17093371899992,65.52741088500005],[-172.26008053299992,65.54523346600007],[-172.2640261679999,65.55687991500008],[-172.2060288039999,65.58076598200006],[-172.32235176799992,65.62211315500008],[-172.2720514279999,65.64775043800006],[-172.2904819789999,65.66617407000007],[-172.3396755109999,65.65371640900008],[-172.3519180979999,65.67251211100006],[-172.4015617819999,65.68101703100007],[-172.6838272779999,65.70425039300005],[-172.79072018099993,65.68768952000005],[-172.8596085279999,65.69985586100006],[-172.8245743479999,65.67153554900005],[-172.66100012899992,65.67251211100006],[-172.68378658799992,65.65322500200006],[-172.67441767699992,65.62351809300009],[-172.48370358199992,65.60622178300008],[-172.3897221039999,65.58181650700004],[-172.37923567599992,65.56350791300008],[-172.3981173539999,65.52745335800006],[-172.3251846999999,65.48749420800004],[-172.31968738199993,65.46525450600006],[-172.38476972599992,65.47927506500008],[-172.42802695199993,65.47045908600006],[-172.3979198669999,65.45709013200008],[-172.38860854499993,65.43223648800006],[-172.2641044659999,65.41821282600006],[-172.1692456719999,65.44476786900003],[-172.1213764899999,65.48397874300008],[-172.0934031179999,65.48357052100005],[-172.1624865059999,65.42069229300006],[-172.20294967899991,65.32453682600004],[-172.18521136099992,65.29867673100006],[-172.1885387799999,65.24244984100005],[-172.2495011059999,65.23362864800004],[-172.30793209499993,65.26732005400004],[-172.37677975199992,65.27521393400008],[-172.57746334499993,65.24770742400005],[-172.66816158799992,65.27521393400008],[-172.70197506399992,65.24762604400007],[-172.68329830599993,65.23041413000004],[-172.55064299799992,65.20602686700005],[-172.4570206369999,65.21938711100006],[-172.36547073499992,65.20841635900007],[-172.2015312899999,65.21687429900004],[-172.16551785399992,65.17797398700003],[-172.17086372999992,65.15232895700007],[-172.2037247389999,65.13222890800006],[-172.25629635299993,65.13743724200003],[-172.22675533799992,65.09975820500006],[-172.1951798169999,65.08372630400004],[-172.15392005099991,65.10394928600005],[-172.0866144059999,65.09363786300008],[-172.08009296199992,65.07590477000008],[-172.0930914459999,65.05035869200003],[-172.21863108699992,64.98424716700004],[-172.32300410699992,64.94834493600007],[-172.4963272779999,64.91738515800006],[-172.5579727859999,64.92519765800006],[-172.70090423699992,64.87759791400003],[-172.76284560699992,64.83786813500006],[-173.0001332919999,64.85526782700003],[-173.05721064199992,64.83788292700007],[-173.0811666699999,64.78183365100006],[-173.16411638999992,64.76460266000004],[-173.05892267399992,64.76888659000008],[-172.97476539599992,64.81345359300008],[-172.9216594399999,64.82123425000003],[-172.80573482999992,64.80337148600006],[-172.75046719699992,64.76236555200006],[-172.75530909399993,64.73346798300008],[-173.0428716079999,64.65968467800008],[-173.0394822819999,64.64680873300006],[-172.8928482489999,64.66522957000006],[-172.8446332039999,64.64886999800007],[-172.9671928429999,64.56113681800008],[-172.8998242609999,64.56396847200006],[-172.8159056289999,64.61173484800008],[-172.4650772779999,64.55841705900008],[-172.41063391799992,64.48916250200006],[-172.2202440599999,64.40733818600006],[-172.3876578949999,64.40736443800006],[-172.59007258199992,64.37042419200003],[-172.71153944399992,64.40034959100007],[-172.7135992949999,64.44390385500003],[-172.7685440749999,64.45848216400003],[-172.76972408799992,64.48094310100004],[-172.81525631399992,64.50405508000006],[-172.88334560599992,64.49471075100007],[-173.0130509109999,64.46157461100006],[-172.9782297779999,64.43888648500007],[-172.83620521199992,64.45420716300004],[-172.78832359799992,64.43786076300006],[-172.78906374399992,64.41692831100005],[-172.8157972059999,64.39770916300006],[-172.8221713789999,64.32036164200008],[-172.87473544999992,64.30130812600004],[-172.91805308899993,64.33866376600008],[-172.95145533299993,64.33884318500003],[-172.9522955919999,64.31141060300007],[-172.9241038639999,64.26442928800003],[-173.10626457599992,64.24098028000003],[-173.27057857999992,64.28839752800008],[-173.36825284199992,64.28547821500007],[-173.37903722899992,64.31442511900008],[-173.36337612699992,64.36595284700007],[-173.30707775699992,64.39006035700004],[-173.2636612619999,64.44599030200004],[-173.31212317599991,64.45221588700008],[-173.2841690749999,64.52114492400005],[-173.3349096339999,64.55109284100007],[-173.3541153639999,64.59149811400005],[-173.41454016799992,64.61664459800005],[-173.4169815749999,64.59634023600006],[-173.35309811099992,64.50747304900005],[-173.3769425119999,64.46035390800006],[-173.36599356999992,64.42247487300006],[-173.3851778149999,64.39504074400008],[-173.50507923299992,64.34353097200005],[-173.63543374999992,64.33223063900004],[-173.98932955299992,64.41234776500005],[-174.0232206819999,64.44284607300006],[-174.04229298099992,64.52825823400008],[-174.17731686099992,64.58466217700004],[-174.28477942599991,64.60797760600008],[-174.3467911449999,64.64398834800005],[-174.28473873599992,64.65143463700008],[-174.30589758999992,64.66616445500006],[-174.46662350199992,64.67047760600008],[-174.65229244699992,64.72532786700003],[-174.6383132039999,64.78442774400008],[-174.59197431599992,64.81740485700004],[-174.6079330409999,64.85775375800006],[-174.6532230809999,64.89790099300006],[-174.68262550799992,64.90081730700007],[-174.70351242799993,64.87113266700004],[-174.69123937299992,64.83543548900008],[-174.72308215299992,64.80720989700006],[-174.89798275099992,64.79813808000006],[-174.91874824899992,64.85554260600009],[-174.9519345619999,64.86149669800005],[-174.96958502899992,64.84734734100005],[-174.96761288599993,64.80378754900005],[-174.98779897999992,64.76625591500004],[-175.0567762599999,64.75941447000008],[-175.36487879299992,64.78739365900003],[-175.41145202899992,64.77126366200008],[-175.4568409849999,64.79721539300004],[-175.35252561599992,64.82645911800006],[-175.36835533099992,64.84650781800008],[-175.4371918969999,64.83322988400005],[-175.4817938429999,64.84358610600003],[-175.4947982939999,64.87613030000006],[-175.54023189999992,64.87612539300005],[-175.63129635299993,64.92059967700004],[-175.7747927929999,64.93936498300008],[-175.7883309959999,64.97185668100008],[-175.8647354809999,64.99921295800004],[-175.7674611399999,65.03750375900006],[-175.77320353399992,65.06387502400008],[-175.81224524599992,65.07599518400008],[-175.81049557199992,65.08722565300008],[-175.7406772809999,65.12343527900003],[-175.73504126999993,65.14684510600006],[-175.7481100759999,65.17156649200007],[-175.79670162699992,65.18292877800008],[-175.88155353899992,65.25845450000008],[-175.8625098439999,65.29918862700004],[-175.9088393119999,65.40295276000006],[-176.0440567699999,65.45209381700005],[-176.1827731729999,65.46343680300004],[-176.9765518869999,65.60805898600006],[-177.2459944149999,65.53886308500006],[-177.30862848599992,65.48903656700008],[-177.4159254729999,65.44074849100008],[-178.2839866489999,65.44434628200008],[-178.4611005609999,65.47274127600008],[-178.53227950399992,65.52298646600008],[-178.49388159999992,65.56138467600005],[-178.49398759399992,65.60367767400004],[-178.45824674199991,65.62024010800008],[-178.4612868399999,65.64191901400005],[-178.4110886039999,65.68176542500004],[-178.4242348919999,65.71287875000007],[-178.5135391919999,65.76264069200005],[-178.58869769799992,65.73047183700004],[-178.6282169419999,65.72949982600005],[-178.65046139199993,65.76972077000005],[-178.6357315749999,65.77488841400003],[-178.6923721999999,65.78449127800008],[-178.7667130199999,65.84686920800004],[-178.9032690089999,65.91958242400005],[-178.86884518099993,65.93817780200004],[-178.9783829419999,66.04926178600005],[-178.79889889199993,65.99408600500004],[-178.72533417499992,65.99192556700007],[-178.6842561139999,66.01257187500005],[-178.66941898099992,66.04728953400007],[-178.6987198559999,66.07640208500004],[-178.68244381399992,66.10187409100007],[-178.5592881809999,66.10307311300005],[-178.4956754549999,66.14012730100006],[-178.5283778969999,66.17106140400006],[-178.49328659699992,66.21121980300006],[-178.52936764199993,66.22467682500007],[-178.52216549399992,66.24607982000003],[-178.5401505199999,66.26837799700007],[-178.4982804029999,66.30890534100007],[-178.51288814999992,66.33380768400008],[-178.4623019469999,66.36789054000008],[-178.4771240439999,66.38276195900005],[-178.52006810999993,66.37289154400008],[-178.5391675969999,66.35215304300004],[-178.60371913999992,66.36075604500007],[-178.62239802899992,66.29577707300007],[-178.78513456099992,66.16724307800007],[-178.89578144299992,66.14971082000005],[-178.9824393229999,66.15894745300005],[-179.11766516799992,66.24266185100004],[-179.12922115799992,66.25161367400005],[-179.1218155589999,66.27045319200005],[-179.0820206369999,66.30621979400007],[-179.12616939999992,66.38906484600005],[-179.1642960279999,66.41437409100007],[-179.19810950399992,66.39931875200006],[-179.18073482999992,66.37323639500005],[-179.17145748599992,66.28945547100005],[-179.2892960279999,66.29970937700006],[-179.3235977859999,66.32465241100005],[-179.42402096299992,66.34406159100007],[-179.3904923169999,66.29564036700003],[-179.33604895699992,66.28302643400008],[-179.28962154899992,66.23016998900005],[-179.2179477669999,66.18219585500003],[-179.25195469699992,66.14517039100008],[-179.30930190299992,66.12553168600004],[-179.57458280799992,66.11129726600007],[-179.69135494699992,66.14166901200008],[-179.5911759109999,66.14443594000005],[-179.58165442599991,66.15851471600007],[-179.69298255099991,66.18390534100007],[-179.76825924399992,66.10293203300006],[-179.8287247389999,65.94684479400007],[-179.76667232999992,65.81981028900003],[-179.7232559889999,65.78148021000004],[-179.4572647779999,65.67450592700004],[-179.27704439299993,65.63025620200006],[-179.32126554899992,65.57452462000003],[-179.2605104109999,65.53217898500003],[-179.4990030319999,65.39571123800005],[-179.4861593759999,65.34972299400005],[-179.52141756799992,65.33042975700005],[-179.5242098969999,65.23536073200006],[-179.66308983899992,65.14126325700005],[-179.7400033229999,65.14276027200003],[-179.83101257299992,65.09143235200008],[-179.99999999999991,65.06622947500006],[-179.99999999999991,68.98236981000008],[-179.71271725199992,68.91791413000004],[-179.57990475199992,68.90863678600005],[-179.5140274729999,68.92112864800004],[-179.54755611899992,68.94790273600006],[-179.5227758449999,68.96454498900005]]],[[[32.34148196700005,67.13605377800008],[32.40756269600007,67.12042877800008],[32.40707441500007,67.10712311400005],[32.34424889400009,67.11684804900005],[32.34148196700005,67.13605377800008]]],[[[33.98226972700007,69.38141510600008],[34.215830925000034,69.40778229400007],[34.406911655000044,69.35252513200004],[34.38070722700007,69.34145742400005],[34.02662194100009,69.35390859600005],[33.984385613000086,69.36298248900005],[33.98226972700007,69.38141510600008]]],[[[-179.73595130099991,71.58641185100004],[-179.6108292309999,71.58519114800004],[-179.3267716139999,71.55548737200007],[-179.0745743479999,71.60004303600005],[-178.39484615799992,71.54071686400005],[-178.2596329419999,71.51068756700005],[-178.34154212099992,71.51752350500004],[-178.21532141799992,71.47801341400003],[-178.1477758449999,71.48517487200007],[-178.0057266919999,71.44863515800006],[-178.0541886059999,71.42877838700008],[-178.02623450399992,71.41510651200008],[-178.03990637899992,71.40766022300005],[-177.97089596299992,71.39642975500004],[-177.71837317599991,71.30524323100008],[-177.58759518099993,71.28595612200007],[-177.51410885299993,71.29340241100005],[-177.4986466139999,71.28473541900007],[-177.5062149729999,71.26862213700008],[-177.44343014199993,71.23700592700004],[-177.5078018869999,71.17377350500004],[-177.6376440089999,71.11701080900008],[-177.8192846339999,71.08466217700004],[-177.93049068899992,71.04144928600005],[-178.20661373599992,71.03839752800008],[-178.31012936099992,71.01361725500004],[-178.8759252589999,70.98102448100008],[-178.98029537699992,70.95066966400003],[-179.34211178299992,70.90802643400008],[-179.3222550119999,70.92169830900008],[-179.50121008999992,70.91966380400004],[-179.6660050119999,70.96548086100006],[-179.8533829419999,70.97943756700005],[-179.9075414699999,70.99677155200004],[-179.99999999999991,70.99201035500005],[-179.99999999999991,71.53668798800004],[-179.86286373599992,71.53864166900007],[-179.91222083199992,71.55585358300004],[-179.73595130099991,71.58641185100004]]],[[[-175.62865149599992,71.35175202000005],[-175.73810787699992,71.38369375200006],[-175.8107804029999,71.41168854400007],[-175.58568274599992,71.37986888200004],[-175.57477779899992,71.36416250200006],[-175.62865149599992,71.35175202000005]]],[[[36.65259850400008,80.17487213700008],[36.85368899800005,80.15192291900007],[36.785899285000085,80.13983795800004],[36.59359785200007,80.15875885600008],[36.65259850400008,80.17487213700008]]],[[[47.68409264400009,43.939520575000074],[47.68018639400009,43.95140208500004],[47.63298587300005,43.95254140800006],[47.637380405000044,43.981350002000056],[47.66570071700005,43.99628327000005],[47.86695397200003,43.991441148000035],[47.76295006600009,43.92841217700004],[47.68409264400009,43.939520575000074]]],[[[47.92798912900008,45.53400299700007],[47.91456139400009,45.623032945000034],[47.957041863000086,45.650458075000074],[47.997080925000034,45.52049388200004],[47.996836785000085,45.44790273600006],[47.95980879000007,45.475775458000044],[47.92798912900008,45.53400299700007]]],[[[42.42649975100005,66.75200894200003],[42.45486800000003,66.77366208700005],[42.58475686400004,66.77029366600004],[42.64583765200007,66.74234467000008],[42.68097318300005,66.68188634200004],[42.66802874200005,66.66669125900006],[42.58263240300005,66.67851162700003],[42.48342151700007,66.70732598600006],[42.42649975100005,66.75200894200003]]],[[[54.19947350400008,68.25649648600006],[54.21273847700007,68.29108307500007],[54.30290774800005,68.32737864800004],[54.338877800000034,68.32705312700006],[54.29656009200005,68.31391022300005],[54.340505405000044,68.30670807500007],[54.338552280000044,68.27643463700008],[54.31690514400003,68.25910065300008],[54.22095787900008,68.24518463700008],[54.19947350400008,68.25649648600006]]],[[[53.85873457100007,68.31818268400008],[53.85792076900003,68.34552643400008],[53.91228274800005,68.36196523600006],[53.99146569100009,68.34585195500006],[53.957692905000044,68.29336172100005],[53.91968834700003,68.28754303600005],[53.85873457100007,68.31818268400008]]],[[[50.93726647200003,68.39647044500003],[50.79249108200008,68.37929922100005],[50.871836785000085,68.42829010600008],[51.17172285200007,68.50145091400003],[51.49830162900008,68.48859284100007],[51.45980879000007,68.47394440300008],[51.17237389400003,68.45709870000007],[51.09742272200003,68.42523834800005],[50.998789910000085,68.42536041900007],[50.93726647200003,68.39647044500003]]],[[[49.12427819100009,68.66766998900005],[48.76587975400008,68.69037506700005],[48.765961134000065,68.69660065300008],[49.04908287900008,68.67841217700004],[49.12427819100009,68.66766998900005]]],[[[49.570323113000086,68.81708405200004],[49.59848066500007,68.81476471600007],[49.49195397200003,68.79242584800005],[49.570323113000086,68.81708405200004]]],[[[49.75171959700003,68.87742747600004],[49.82390384200005,68.90257396000004],[49.841807488000086,68.90623607000003],[49.75171959700003,68.87742747600004]]],[[[50.000743035000085,68.93231842700004],[50.10767662900008,68.96352773600006],[50.06983483200008,68.94306061400005],[50.000743035000085,68.93231842700004]]],[[[50.12322024800005,69.03896719000005],[50.223317905000044,69.15395742400005],[50.13298587300005,69.14158763200004],[49.95492597700007,69.07469310100004],[49.85401451900003,69.00934479400007],[49.91138756600009,69.00999583500004],[49.89234459700003,68.98354726800005],[49.826182488000086,68.96527741100005],[49.68539472700007,68.87897370000007],[49.42139733200008,68.81126536700003],[49.305349155000044,68.81126536700003],[49.31275475400008,68.80390045800004],[49.24854576900009,68.77997467700004],[48.797618035000085,68.72939687700006],[48.72022545700008,68.75702545800004],[48.68572024800005,68.73444245000007],[48.59205162900008,68.73086172100005],[48.29053795700008,68.86591217700004],[48.332041863000086,68.88580963700008],[48.28370201900009,68.89948151200008],[48.23585045700008,68.88239166900007],[48.219411655000044,68.89565664300005],[48.22901451900009,68.94415924700007],[48.26587975400008,68.98285553600005],[48.211680535000085,69.00165436400005],[48.25635826900009,69.04409414300005],[48.221364780000044,69.05048248900005],[48.21697024800005,69.06443919500003],[48.27003014400009,69.13279857000003],[48.26319420700008,69.19745514500005],[48.288096550000034,69.25617096600007],[48.43100019600007,69.36277903900003],[48.80632571700005,69.49323151200008],[49.08529707100007,69.51703522300005],[49.27173912900008,69.50796133000006],[50.164398634000065,69.26089101800005],[50.323008660000085,69.15053945500006],[50.31169681100005,69.10980866100005],[50.16928144600007,69.01162344000005],[50.11345462300005,68.99567291900007],[50.13396243600005,69.01679108300004],[50.12322024800005,69.03896719000005]]],[[[53.16163170700008,71.10879140800006],[53.142588738000086,71.09088776200008],[53.06202233200008,71.08836497600004],[53.046885613000086,71.07245514500005],[53.041351759000065,71.03432851800005],[53.139333530000044,70.99363841400003],[53.12045332100007,70.97711823100008],[53.009776238000086,70.96820709800005],[53.01514733200008,71.00438060100004],[52.97201582100007,71.02912018400008],[52.95630944100009,71.05707428600005],[52.799815300000034,71.09296295800004],[52.772471550000034,71.16803620000007],[52.75635826900003,71.17670319200005],[52.684336785000085,71.18854401200008],[52.64283287900008,71.22333405200004],[52.55836022200003,71.24900950700004],[52.45004316500007,71.23578522300005],[52.254893425000034,71.27326080900008],[52.21176191500007,71.30809153900003],[52.21705162900008,71.33319733300004],[52.52955162900008,71.38784414300005],[52.64665774800005,71.38051992400005],[52.73845462300005,71.35366445500006],[52.68767337300005,71.38410065300008],[52.70866946700005,71.40721263200004],[52.88363691500007,71.37763092700004],[53.019541863000086,71.28131745000007],[52.91651451900003,71.30898672100005],[52.861989780000044,71.35366445500006],[52.803070509000065,71.37225983300004],[52.74463951900003,71.37417226800005],[52.87549889400003,71.33319733300004],[52.779307488000086,71.31891510600008],[53.06104576900003,71.23818594000005],[53.15674889400003,71.24380117400005],[53.08171634200005,71.25063711100006],[53.14242597700007,71.27045319200005],[53.211273634000065,71.25747304900005],[53.196055535000085,71.22646719000005],[53.23178144600007,71.21588776200008],[53.20460045700008,71.19196198100008],[53.21810957100007,71.16803620000007],[53.14991295700008,71.12710195500006],[53.16163170700008,71.10879140800006]]],[[[53.242198113000086,71.30947500200006],[53.16146894600007,71.35488515800006],[53.23991946700005,71.35443756700005],[53.39535566500007,71.28050364800004],[53.242198113000086,71.30947500200006]]],[[[50.045258009000065,79.97443268400008],[50.23015384200005,79.99485911700003],[50.55250084700003,79.98802317900004],[50.65381920700008,80.04433828300006],[50.85474694100009,80.06720612200007],[51.000987175000034,80.10252513200004],[51.086680535000085,80.06256745000007],[51.26482181100005,80.05634186400005],[51.19971764400003,80.03241608300004],[51.201182488000086,80.01089101800005],[51.25611412900008,79.98285553600005],[51.38843834700003,79.96698639500005],[51.34685306100005,79.95331452000005],[51.50513756600009,79.93341705900008],[51.42009524800005,79.91644928600005],[50.045258009000065,79.97443268400008]]],[[[49.550791863000086,80.14350006700005],[49.531260613000086,80.15875885600008],[49.56072024800005,80.17291901200008],[49.89861087300005,80.23395416900007],[50.228526238000086,80.22601959800005],[50.33562259200005,80.18158600500004],[50.31763756600009,80.16779205900008],[50.125987175000034,80.14215729400007],[50.05201256600009,80.08364492400005],[50.08130944100009,80.06806061400005],[50.00017337300005,80.05634186400005],[49.550791863000086,80.14350006700005]]],[[[54.40609785200007,80.22113678600005],[54.15845787900008,80.18903229400007],[54.13795006600009,80.19647858300004],[54.16822350400008,80.23688385600008],[54.110362175000034,80.25267161700003],[54.10124759200005,80.27289459800005],[54.10922285200007,80.28676992400005],[54.19353274800005,80.30711497600004],[54.39478600400008,80.28961823100008],[54.42750084700003,80.27187734600005],[54.39958743600005,80.25885651200008],[54.40609785200007,80.22113678600005]]],[[[52.30551191500007,80.29291413000004],[52.59555097700007,80.29531484600005],[52.60043379000007,80.31513092700004],[52.73096764400003,80.32318756700005],[52.684336785000085,80.35797760600008],[52.85954837300005,80.40546295800004],[52.95053144600007,80.41258372600004],[53.046885613000086,80.39899323100008],[53.14958743600005,80.41258372600004],[53.34107506600009,80.39899323100008],[53.322927280000044,80.37872955900008],[53.34880618600005,80.36054108300004],[53.531993035000085,80.30955638200004],[53.869476759000065,80.27094147300005],[53.733409050000034,80.21767812700006],[53.66391035200007,80.24494049700007],[53.589854363000086,80.24237702000005],[53.539724155000044,80.22077057500007],[53.51295006600009,80.17987702000005],[53.48991946700005,80.17182038000004],[52.64503014400003,80.17230866100005],[52.60132897200003,80.19940827000005],[52.35661868600005,80.20868561400005],[52.18287194100009,80.27606842700004],[52.30551191500007,80.29291413000004]]],[[[51.70093834700003,80.67694733300004],[51.174571160000085,80.61815013200004],[50.949554884000065,80.53676992400005],[50.12134850400008,80.52708567900004],[50.04664147200003,80.49860260600008],[49.72779381600009,80.49433014500005],[49.67530358200008,80.48151276200008],[49.79810631600009,80.45209381700005],[49.79867597700007,80.42690664300005],[49.82960045700008,80.40888092700004],[49.49040774800005,80.36351146000004],[48.83952884200005,80.38784414300005],[48.791351759000065,80.36420319200005],[48.81812584700003,80.35053131700005],[48.65447024800005,80.31704336100006],[48.626963738000086,80.29531484600005],[48.94263756600009,80.27301666900007],[49.037852410000085,80.24127838700008],[48.97575931100005,80.21336497600004],[49.10718834700003,80.18952057500007],[49.08562259200005,80.17243073100008],[48.98943118600005,80.16620514500005],[48.969086134000065,80.15192291900007],[48.73389733200008,80.15908437700006],[48.528330925000034,80.20913320500006],[48.49659264400009,80.19285716400003],[48.551768425000034,80.15875885600008],[48.51059004000007,80.12421295800004],[48.37240644600007,80.09178294500003],[48.22315514400009,80.13467031500005],[48.11605879000007,80.13678620000007],[48.04468834700003,80.11782461100006],[48.048838738000086,80.09955475500004],[48.01921634200005,80.08905670800004],[47.627696160000085,80.07221100500004],[47.60531660200007,80.08885325700004],[47.637461785000085,80.10260651200008],[47.633148634000065,80.11782461100006],[47.73650149800005,80.16201406500005],[48.04664147200003,80.18903229400007],[48.08513431100005,80.20718008000006],[47.900401238000086,80.20148346600007],[47.84546959700003,80.21336497600004],[47.96900475400008,80.23509349200003],[47.92937259200005,80.24713776200008],[47.45134524800005,80.23981354400007],[47.33838951900009,80.21336497600004],[47.38689212300005,80.18671295800004],[47.21208743600005,80.19009023600006],[47.10181725400008,80.17031484600005],[46.894541863000086,80.19179922100005],[46.90642337300005,80.22768789300005],[46.89014733200008,80.23663971600007],[46.65951582100007,80.27415599200003],[46.61841881600009,80.29531484600005],[46.64975019600007,80.31386953300006],[47.088552280000044,80.37164948100008],[47.163096550000034,80.35854726800005],[47.190196160000085,80.34324778900003],[47.173838738000086,80.32318756700005],[47.22388756600009,80.30898672100005],[47.42798912900008,80.32269928600005],[47.55616295700008,80.30390045800004],[47.637054884000065,80.31647370000007],[48.01685631600009,80.30955638200004],[47.97095787900008,80.32184479400007],[48.13298587300005,80.32648346600007],[48.18873131600009,80.33755117400005],[47.910817905000044,80.36908600500004],[47.68930097700007,80.37295156500005],[47.619476759000065,80.40517812700006],[48.23585045700008,80.42690664300005],[48.09937584700003,80.44611237200007],[48.14039147200003,80.46784088700008],[48.10010826900009,80.47630442900004],[47.81983483200008,80.47638580900008],[47.42335045700008,80.44293854400007],[47.37940514400009,80.45355866100005],[48.01335696700005,80.54657623900005],[48.19516035200007,80.53546784100007],[48.37549889400009,80.57111237200007],[48.565440300000034,80.54291413000004],[48.53077233200008,80.51504140800006],[48.569021030000044,80.50560130400004],[48.70199629000007,80.51504140800006],[48.82740319100009,80.49774811400005],[48.960948113000086,80.53074778900003],[49.188243035000085,80.52142975500004],[49.22966556100005,80.53676992400005],[49.17505944100009,80.55597565300008],[49.35572350400008,80.58722565300008],[49.40707441500007,80.61741771000004],[49.34197024800005,80.62002187700006],[49.28492272200003,80.64533112200007],[49.428721550000034,80.65460846600007],[49.63103274800005,80.63959381700005],[49.66846764400003,80.65277741100005],[49.63428795700008,80.66583893400008],[49.65479576900003,80.68012116100005],[49.613291863000086,80.68695709800005],[49.681976759000065,80.72113678600005],[49.627940300000034,80.73090241100005],[49.20289147200003,80.69379303600005],[49.26319420700008,80.72797272300005],[49.33952884200005,80.73476797100005],[49.242930535000085,80.74477773600006],[49.045909050000034,80.71458567900004],[48.95533287900008,80.73476797100005],[49.11353600400008,80.76947663000004],[49.00367272200003,80.77570221600007],[49.67725670700008,80.85350169500003],[49.801768425000034,80.89337799700007],[50.23715254000007,80.93349844000005],[50.44304446700005,80.90607330900008],[50.13135826900003,80.88971588700008],[49.99732506600009,80.86505768400008],[50.72429446700005,80.89545319200005],[50.85596764400003,80.91852448100008],[51.04517662900008,80.85146719000005],[50.98210696700005,80.83124420800004],[50.47038821700005,80.80988190300008],[50.54542076900003,80.78998444200005],[50.31267337300005,80.76487864800004],[50.25123131600009,80.74160390800006],[50.37240644600007,80.71344635600008],[50.65259850400008,80.76581452000005],[50.76490319100009,80.74176666900007],[50.88298587300005,80.77423737200007],[51.008555535000085,80.77773672100005],[51.101573113000086,80.74819570500006],[51.16187584700003,80.75519440300008],[51.14405358200008,80.76752350500004],[51.15650475400008,80.77570221600007],[51.31267337300005,80.78998444200005],[51.30640709700003,80.77570221600007],[51.48292076900003,80.73663971600007],[51.73422285200007,80.72357819200005],[51.74398847700007,80.71426015800006],[51.73096764400003,80.69379303600005],[51.70093834700003,80.67694733300004]]],[[[53.85873457100007,80.55442942900004],[53.84131920700008,80.57367584800005],[53.853526238000086,80.60008372600004],[53.88331139400003,80.61074453300006],[54.26905358200008,80.58869049700007],[54.31495201900003,80.57709381700005],[54.17042076900003,80.57257721600007],[54.13607832100007,80.55597565300008],[54.40984134200005,80.54291413000004],[54.387054884000065,80.52496979400007],[54.45826256600009,80.50136953300006],[54.46509850400008,80.48151276200008],[54.28825931100005,80.42035553600005],[53.79802493600005,80.47288646000004],[53.853851759000065,80.48212311400005],[53.83757571700005,80.50511302300004],[53.84750410200007,80.51019928600005],[53.97291100400008,80.52928294500003],[53.85873457100007,80.55442942900004]]],[[[46.53012129000007,80.47406647300005],[46.480479363000086,80.45970286700003],[46.083994988000086,80.43988678600005],[46.03044681100005,80.46507396000004],[46.02125084700003,80.48859284100007],[46.029307488000086,80.51504140800006],[46.083994988000086,80.55597565300008],[46.043711785000085,80.57355377800008],[45.835948113000086,80.55125560100004],[45.75025475400008,80.56146881700005],[45.51531009200005,80.51976146000004],[45.37720787900008,80.57318756700005],[45.27116946700005,80.58950429900005],[44.857432488000086,80.61741771000004],[45.094737175000034,80.64915599200003],[46.516612175000034,80.72113678600005],[46.39926191500007,80.73476797100005],[46.44157962300005,80.74534739800004],[46.92074629000007,80.74868398600006],[47.02320397200003,80.76032135600008],[47.201182488000086,80.80988190300008],[47.09197024800005,80.83095937700006],[47.13819420700008,80.84223053600005],[47.53630618600005,80.85667552300004],[47.86548912900008,80.81207916900007],[48.03858483200008,80.80719635600008],[48.27515709700003,80.83051178600005],[48.49634850400008,80.79808177300004],[48.65479576900009,80.75519440300008],[48.49976647200003,80.74941640800006],[48.45557701900009,80.72728099200003],[48.764008009000065,80.65961334800005],[48.75049889400009,80.61741771000004],[48.72681725400008,80.61074453300006],[48.43441816500007,80.65277741100005],[48.06373131600009,80.66242096600007],[47.98951256600009,80.68012116100005],[48.000010613000086,80.70872630400004],[47.920909050000034,80.71124909100007],[47.779958530000044,80.76459381700005],[47.715830925000034,80.76837799700007],[47.55811608200008,80.74843984600005],[47.61264082100007,80.72728099200003],[47.475596550000034,80.73476797100005],[47.57178795700008,80.68012116100005],[47.35865319100009,80.68817780200004],[47.30420983200008,80.65277741100005],[47.43327884200005,80.61066315300008],[47.442149285000085,80.60065338700008],[47.430674675000034,80.59381745000007],[47.20004316500007,80.62555573100008],[47.061208530000044,80.59568919500003],[46.99244225400008,80.55272044500003],[46.66684004000007,80.56610748900005],[46.63257897200003,80.55597565300008],[46.68726647200003,80.52928294500003],[46.66773522200003,80.51679108300004],[46.54509524800005,80.52338288000004],[46.49545332100007,80.50824616100005],[46.53012129000007,80.47406647300005]]],[[[50.53858483200008,81.13882070500006],[50.490896030000044,81.15924713700008],[50.778005405000044,81.17023346600007],[50.912119988000086,81.14301178600005],[50.97681725400008,81.10590241100005],[50.93799889400003,81.09170156500005],[50.765961134000065,81.08836497600004],[50.744802280000044,81.07737864800004],[50.77914472700007,81.06244538000004],[50.774424675000034,81.04401276200008],[50.574554884000065,81.04637278900003],[50.451508009000065,81.01654694200005],[50.37427819100009,81.02277252800008],[50.476573113000086,81.06997304900005],[50.34742272200003,81.09100983300004],[50.38786868600005,81.10529205900008],[50.36736087300005,81.12518952000005],[50.49756920700008,81.12518952000005],[50.53858483200008,81.13882070500006]]],[[[67.39307701900003,68.75731028900003],[67.33326256600003,68.75849030200004],[67.20720462300005,68.80154043200008],[67.15821373800009,68.78754303600005],[67.11581464900007,68.79836660400008],[67.23560631600003,68.82037995000007],[67.33781985800005,68.80894603100006],[67.40739993600005,68.77578359600005],[67.39307701900003,68.75731028900003]]],[[[54.19271894600007,68.81370677300004],[54.26677493600005,68.81683991100005],[54.39535566500007,68.78253815300008],[54.22820071700005,68.79621002800008],[54.19271894600007,68.81370677300004]]],[[[54.91187584700003,68.93097565300008],[55.01295006600009,68.93585846600007],[55.022227410000085,68.92820872600004],[55.019541863000086,68.91543203300006],[54.988291863000086,68.91193268400008],[54.91187584700003,68.93097565300008]]],[[[55.22543379000007,68.91376373900005],[55.369476759000065,68.94790273600006],[55.442393425000034,68.94037506700005],[55.506602410000085,68.91376373900005],[55.36670983200008,68.92739492400005],[55.22543379000007,68.91376373900005]]],[[[54.602549675000034,68.95457591400003],[54.57081139400003,68.96405670800004],[54.628916863000086,69.00584544500003],[54.69483483200008,68.99725983300004],[54.68572024800005,68.96869538000004],[54.602549675000034,68.95457591400003]]],[[[59.16195722700007,69.17454661700003],[59.06023196700005,69.24262116100005],[58.762054884000065,69.33893463700008],[58.815440300000034,69.34076569200005],[59.150726759000065,69.25462474200003],[59.20036868600005,69.22907135600008],[59.17994225400008,69.21539948100008],[59.23414147200003,69.19000885600008],[59.24463951900003,69.14569733300004],[59.16195722700007,69.17454661700003]]],[[[67.13217207100007,69.36391836100006],[66.99537194100003,69.38886139500005],[66.93864993600005,69.43939850500004],[66.96843509200005,69.45941803600005],[67.01319420700008,69.43634674700007],[67.16529381600003,69.41982656500005],[67.30827884200005,69.43768952000005],[67.13217207100007,69.36391836100006]]],[[[67.22934004000007,69.43353913000004],[67.05892988400007,69.45050690300008],[67.02182050900007,69.47695547100005],[67.15455162900008,69.56012604400007],[67.31820722700007,69.58307526200008],[67.34506269600007,69.54865143400008],[67.34498131600003,69.52212148600006],[67.27906334700003,69.45026276200008],[67.22934004000007,69.43353913000004]]],[[[60.44849694100009,69.76593659100007],[60.443695509000065,69.75043366100005],[60.47592207100007,69.72247955900008],[60.373708530000044,69.73090241100005],[60.35173587300005,69.72247955900008],[60.35857181100005,69.71503327000005],[60.20101972700007,69.68512604400007],[60.09489993600005,69.71552155200004],[60.00245201900003,69.71987539300005],[59.92042076900003,69.68773021000004],[59.93409264400003,69.66787344000005],[59.85401451900003,69.69867584800005],[59.563487175000034,69.71503327000005],[59.580088738000086,69.73078034100007],[59.535492384000065,69.75971100500004],[59.546885613000086,69.77899811400005],[59.622080925000034,69.78733958500004],[59.623708530000044,69.80434804900005],[59.43148847700007,69.88947174700007],[59.30486087300005,69.88434479400007],[59.178477410000085,69.91901276200008],[58.93970787900008,69.94220612200007],[59.13209069100009,69.87327708500004],[59.10914147200003,69.85976797100005],[59.015961134000065,69.85968659100007],[59.022227410000085,69.87327708500004],[58.95720462300005,69.88800690300008],[58.898773634000065,69.92865631700005],[58.69556725400008,70.00283437700006],[58.57048587300005,70.07880280200004],[58.604502800000034,70.11286041900007],[58.549164259000065,70.13397858300004],[58.611338738000086,70.14020416900007],[58.57667076900003,70.15387604400007],[58.590830925000034,70.18121979400007],[58.52198326900003,70.17495351800005],[58.50993899800005,70.19037506700005],[58.45297285200007,70.19546133000006],[58.50147545700008,70.22955963700008],[58.42351321700005,70.23956940300008],[58.412119988000086,70.26032135600008],[58.46762129000007,70.27114492400005],[58.824229363000086,70.21588776200008],[58.77719160200007,70.25824616100005],[58.65992272200003,70.29946523600006],[58.49463951900003,70.33197663000004],[58.51970462300005,70.34760163000004],[58.638682488000086,70.33197663000004],[58.631846550000034,70.34564850500004],[58.75521894600007,70.38690827000005],[58.76140384200005,70.39687734600005],[58.73064212300005,70.41819896000004],[58.740977410000085,70.42820872600004],[58.87281334700003,70.43455638200004],[59.02361087300005,70.47980377800008],[59.05982506600009,70.44428131700005],[59.315114780000044,70.37164948100008],[59.43995201900003,70.28705475500004],[59.533213738000086,70.26487864800004],[59.535492384000065,70.20848216400003],[59.55396569100009,70.19961172100005],[59.63917076900003,70.20229726800005],[59.766286655000044,70.17137278900003],[59.78288821700005,70.13149648600006],[59.92725670700008,70.09857819200005],[60.03646894600007,70.09857819200005],[60.328461134000065,69.95726146000004],[60.42986087300005,69.95502350500004],[60.47592207100007,69.92047760600008],[60.45443769600007,69.89704010600008],[60.461599155000044,69.86587148600006],[60.54769941500007,69.81537506700005],[60.44849694100009,69.76593659100007]]],[[[66.64014733200008,70.52631256700005],[66.67554772200003,70.53546784100007],[66.67115319100003,70.50755442900004],[66.69971764400003,70.47748444200005],[66.80738366000008,70.40082428600005],[66.86752363400007,70.38080475500004],[66.76368248800009,70.40314362200007],[66.59034264400003,70.47304922100005],[66.64014733200008,70.52631256700005]]],[[[57.12134850400008,70.51605866100005],[57.13843834700003,70.49705638200004],[56.92904707100007,70.53217194200005],[56.89820397200003,70.55853913000004],[56.932383660000085,70.56537506700005],[56.859711134000065,70.58527252800008],[56.84302819100009,70.60635000200006],[57.07211347700007,70.55491771000004],[57.11736087300005,70.55853913000004],[57.221690300000034,70.52606842700004],[57.18930097700007,70.51121653900003],[57.03541100400008,70.54486725500004],[57.12134850400008,70.51605866100005]]],[[[66.38892662900008,70.66762929900005],[66.40552819100003,70.76923248900005],[66.44117272200003,70.79791901200008],[66.48218834700003,70.75324127800008],[66.45435631600003,70.68402741100005],[66.54623457100007,70.60333893400008],[66.58253014400003,70.50165436400005],[66.52833092500003,70.50678131700005],[66.43881269600007,70.56826406500005],[66.38892662900008,70.66762929900005]]],[[[66.50847415500004,70.82794830900008],[66.43392988400007,70.82713450700004],[66.52344811300009,70.94269440300008],[66.60572350400008,71.00324127800008],[66.61304772200003,70.98285553600005],[66.58383222700007,70.94684479400007],[66.60043379000007,70.91376373900005],[66.50847415500004,70.82794830900008]]],[[[51.84310957100007,72.15794505400004],[51.97282962300005,72.10944245000007],[52.053070509000065,72.10781484600005],[52.04867597700007,72.08466217700004],[52.066742384000065,72.07428620000007],[52.18775475400008,72.12921784100007],[52.21078535200007,72.12763092700004],[52.19125410200007,72.10171133000006],[52.20036868600005,72.08274974200003],[52.238942905000044,72.09149811400005],[52.36841881600009,72.07534414300005],[52.40943444100009,72.08608633000006],[52.38257897200003,72.10521067900004],[52.40943444100009,72.12763092700004],[52.36841881600009,72.16242096600007],[52.49008222700007,72.16421133000006],[52.40202884200005,72.22321198100008],[52.44483483200008,72.22858307500007],[52.48454837300005,72.20962148600006],[52.46461022200003,72.23065827000005],[52.49138431100005,72.24433014500005],[52.41358483200008,72.26951732000003],[52.41651451900003,72.28929271000004],[52.58757571700005,72.26422760600008],[52.567067905000044,72.27789948100008],[52.684336785000085,72.32257721600007],[52.66928144600007,72.34536367400005],[52.60010826900003,72.35541413000004],[52.580739780000044,72.37409088700008],[52.72291100400008,72.34516022300005],[52.868174675000034,72.34674713700008],[52.68995201900003,72.36717357000003],[52.70362389400003,72.38617584800005],[52.66334069100009,72.42869700700004],[52.68409264400003,72.44692617400005],[52.820323113000086,72.45038483300004],[52.76107832100007,72.47435130400004],[52.680023634000065,72.47874583500004],[52.73015384200005,72.51093170800004],[52.86890709700003,72.51874420800004],[52.881846550000034,72.54824453300006],[52.93018639400003,72.55902741100005],[52.90967858200008,72.57330963700008],[53.10206139400003,72.60065338700008],[52.91423587300005,72.59699127800008],[52.72396894600007,72.55902741100005],[52.75212649800005,72.59259674700007],[52.81177819100009,72.61391836100006],[52.79818769600007,72.62604401200008],[52.73845462300005,72.62051015800006],[52.754893425000034,72.63837311400005],[52.98023522200003,72.67584870000007],[53.110118035000085,72.64980703300006],[53.21810957100007,72.64842357000003],[53.005869988000086,72.68317291900007],[52.57504316500007,72.67064036700003],[52.37525475400008,72.73037344000005],[52.39405358200008,72.75202057500007],[52.467784050000034,72.76170482000003],[52.48454837300005,72.79857005400004],[52.61670983200008,72.86322663000004],[53.02686608200008,72.92499420800004],[53.30844160200007,72.87763092700004],[53.38200931100005,72.88861725500004],[53.293304884000065,72.90843333500004],[53.389414910000085,72.90843333500004],[53.39568118600005,72.92963288000004],[53.23178144600007,72.93642812700006],[53.14193769600007,72.96246979400007],[53.13689212300005,73.00348541900007],[53.15284264400003,73.01422760600008],[53.38200931100005,73.01154205900008],[53.30014082100007,73.03266022300005],[53.26929772200003,73.06232330900008],[53.183604363000086,73.06989166900007],[53.12191816500007,73.10089752800008],[53.16130618600005,73.11200592700004],[53.15479576900003,73.14679596600007],[53.170258009000065,73.16233958500004],[53.32252037900008,73.22085195500006],[53.43384850400008,73.24428945500006],[53.53272545700008,73.22955963700008],[53.75318444100009,73.29889557500007],[54.19076582100007,73.27220286700003],[54.39698326900003,73.31561920800004],[54.531993035000085,73.37641022300005],[54.93482506600009,73.42536041900007],[55.12549889400003,73.39378489800004],[55.30420983200008,73.33934153900003],[55.48975670700008,73.32062409100007],[55.75806725400008,73.32794830900008],[55.80836022200003,73.31317780200004],[55.81804446700005,73.29035065300008],[56.43523196700005,73.23012929900005],[56.55990644600007,73.16620514500005],[56.582041863000086,73.12958405200004],[55.80836022200003,73.06610748900005],[56.387054884000065,73.06854889500005],[56.46615644600007,73.05247630400004],[56.37720787900008,73.00665924700007],[56.32195071700005,72.99673086100006],[56.22543379000007,73.00897858300004],[55.61646569100009,72.96369049700007],[55.972666863000086,72.94110748900005],[56.115977410000085,72.96954987200007],[56.25180097700007,72.97235748900005],[56.21989993600005,72.90843333500004],[56.23812910200007,72.89801666900007],[56.21989993600005,72.82656484600005],[56.177744988000086,72.81712474200003],[56.13795006600009,72.78229401200008],[56.06267337300005,72.77777741100005],[55.86736087300005,72.80206940300008],[55.73853600400008,72.78424713700008],[55.48072350400008,72.80581289300005],[55.431651238000086,72.78558991100005],[55.60279381600009,72.78558991100005],[55.716807488000086,72.75364817900004],[55.81072024800005,72.75836823100008],[55.946055535000085,72.66889069200005],[55.61646569100009,72.69684479400007],[55.72348066500007,72.63833242400005],[55.62273196700005,72.62051015800006],[55.68482506600009,72.57330963700008],[55.618174675000034,72.54218170800004],[55.55160566500007,72.54266998900005],[55.45687910200007,72.58222077000005],[55.26710045700008,72.58698151200008],[55.44898522200003,72.56329987200007],[55.46566816500007,72.53856028900003],[55.54273522200003,72.52684153900003],[55.55225670700008,72.51284414300005],[55.536143425000034,72.47247955900008],[55.377696160000085,72.45831940300008],[55.15211022200003,72.46279531500005],[55.115570509000065,72.45038483300004],[55.46566816500007,72.43618398600006],[55.469493035000085,72.40086497600004],[55.48682701900003,72.39516836100006],[55.475596550000034,72.37055084800005],[55.376963738000086,72.30267975500004],[55.512461785000085,72.25934479400007],[55.520274285000085,72.23688385600008],[55.574961785000085,72.19965241100005],[55.56495201900003,72.18170807500007],[55.389659050000034,72.10773346600007],[55.342784050000034,72.06557851800005],[55.45264733200008,72.05878327000005],[55.38363691500007,72.01776764500005],[55.349619988000086,71.97626373900005],[55.39047285200007,71.94269440300008],[55.24659264400003,71.95571523600006],[55.26026451900003,71.94269440300008],[55.22543379000007,71.92902252800008],[55.39763431100005,71.92226797100005],[55.50635826900003,71.89801666900007],[55.528005405000044,71.86371491100005],[55.52865644600007,71.78514232000003],[55.67212975400008,71.61102936400005],[55.80836022200003,71.53119538000004],[55.916026238000086,71.43170807500007],[56.014414910000085,71.38715241100005],[56.07056725400008,71.28021881700005],[56.10572350400008,71.25897858300004],[56.580414259000065,71.05654531500005],[56.64820397200003,71.01288483300004],[56.86378014400003,70.95270416900007],[56.918711785000085,70.91425202000005],[57.03874759200005,70.86981842700004],[57.311534050000034,70.80975983300004],[57.466807488000086,70.81801992400005],[57.47974694100009,70.78925202000005],[57.638682488000086,70.72988515800006],[57.432627800000034,70.74355703300006],[57.53931725400008,70.70477936400005],[57.52759850400008,70.68146393400008],[57.45834394600007,70.63743724200003],[57.39779707100007,70.62620677300004],[57.45248457100007,70.60635000200006],[57.25896243600005,70.62811920800004],[57.06967207100007,70.67283763200004],[56.96957441500007,70.65916575700004],[56.776377800000034,70.71063873900005],[56.74048912900008,70.70258209800005],[56.853526238000086,70.64793528900003],[57.03882897200003,70.62620677300004],[57.13982181100005,70.64004140800006],[57.16456139400003,70.63369375200006],[57.171885613000086,70.61318594000005],[57.34327233200008,70.57160065300008],[57.29574629000007,70.56468333500004],[56.72087649800005,70.64057038000004],[56.59652754000007,70.67462799700007],[56.69898522200003,70.63369375200006],[56.58529707100007,70.64232005400004],[56.49350019600007,70.69513580900008],[56.52076256600009,70.72988515800006],[56.58130944100009,70.73773834800005],[56.55209394600007,70.75397370000007],[56.45923912900008,70.74579498900005],[56.41163170700008,70.71360911700003],[56.22413170700008,70.74160390800006],[56.23878014400003,70.72113678600005],[56.322276238000086,70.70258209800005],[56.199229363000086,70.70937734600005],[56.301768425000034,70.68146393400008],[56.21989993600005,70.66779205900008],[56.23796634200005,70.65314362200007],[56.36182701900003,70.64720286700003],[56.38363691500007,70.66095612200007],[56.329112175000034,70.68146393400008],[56.433604363000086,70.67621491100005],[56.52759850400008,70.64052969000005],[56.45329837300005,70.62620677300004],[56.58285566500007,70.61318594000005],[56.65455162900008,70.58999258000006],[56.64478600400008,70.57444896000004],[56.514008009000065,70.54486725500004],[56.40064537900008,70.56386953300006],[56.500987175000034,70.55853913000004],[56.46615644600007,70.57904694200005],[56.562510613000086,70.57904694200005],[56.53492272200003,70.59686920800004],[56.354258660000085,70.59796784100007],[56.09001712300005,70.66852448100008],[56.041026238000086,70.64793528900003],[56.15935306100005,70.62913646000004],[56.17823326900003,70.60976797100005],[56.16423587300005,70.59463125200006],[56.131521030000044,70.59589264500005],[55.96599368600005,70.66095612200007],[55.80836022200003,70.69513580900008],[55.85141035200007,70.65094635600008],[55.99382571700005,70.61786530200004],[56.047862175000034,70.58527252800008],[56.020518425000034,70.57379791900007],[55.946055535000085,70.59951406500005],[55.88404381600009,70.58527252800008],[55.81755618600005,70.61334870000007],[55.71924889400003,70.61139557500007],[55.62525475400008,70.63373444200005],[55.60279381600009,70.64793528900003],[55.69874108200008,70.62051015800006],[55.72632897200003,70.62620677300004],[55.69874108200008,70.64716217700004],[55.79151451900003,70.63369375200006],[55.80005944100009,70.64451732000003],[55.78345787900008,70.66876862200007],[55.73804772200003,70.70758698100008],[55.63013756600009,70.73725006700005],[55.59937584700003,70.72142161700003],[55.693695509000065,70.69867584800005],[55.746836785000085,70.64793528900003],[55.662852410000085,70.68915436400005],[55.49529056100005,70.71287669500003],[55.40479576900003,70.75039297100005],[55.405284050000034,70.73639557500007],[55.349619988000086,70.70258209800005],[55.420664910000085,70.69623444200005],[55.47250410200007,70.65412018400008],[55.40479576900003,70.68891022300005],[55.250010613000086,70.67853424700007],[55.23267662900008,70.66657135600008],[55.236338738000086,70.65106842700004],[55.295583530000044,70.60635000200006],[55.27515709700003,70.61204661700003],[55.26710045700008,70.58527252800008],[55.207367384000065,70.58063385600008],[55.21314537900008,70.56537506700005],[55.16260826900003,70.55312734600005],[54.99463951900003,70.61603424700007],[54.98601321700005,70.63369375200006],[54.76059004000007,70.68060944200005],[54.70728600400008,70.72215403900003],[54.71216881600009,70.75779857000003],[54.59009850400008,70.77899811400005],[54.51343834700003,70.82542552300004],[54.56812584700003,70.77704498900005],[54.49244225400008,70.78449127800008],[54.47877037900008,70.73602936400005],[54.65015709700003,70.69513580900008],[54.62273196700005,70.68891022300005],[54.660166863000086,70.67853424700007],[54.73414147200003,70.66986725500004],[54.76742597700007,70.64793528900003],[54.57081139400003,70.67479075700004],[54.54444420700008,70.68650950700004],[54.54769941500007,70.70258209800005],[54.45297285200007,70.71751536700003],[54.28695722700007,70.77704498900005],[54.269541863000086,70.76361725500004],[54.29444420700008,70.74355703300006],[54.22510826900003,70.72955963700008],[54.140961134000065,70.75690338700008],[54.04509524800005,70.74787018400008],[53.85482832100007,70.82221100500004],[53.83448326900003,70.81517161700003],[53.88982181100005,70.78449127800008],[53.797536655000044,70.80609772300005],[53.71900475400008,70.79877350500004],[53.56080162900008,70.83974844000005],[53.56763756600009,70.85276927300004],[53.536143425000034,70.84430573100008],[53.539724155000044,70.80499909100007],[53.45923912900008,70.82355377800008],[53.40748131600009,70.85032786700003],[53.30014082100007,70.86640045800004],[53.520518425000034,70.86957428600005],[53.576833530000044,70.88873932500007],[53.69060306100005,70.83421458500004],[53.70476321700005,70.84593333500004],[53.684336785000085,70.85712311400005],[53.67359459700003,70.89036692900004],[53.73812910200007,70.94794342700004],[53.672618035000085,71.00482819200005],[53.49187259200005,71.07245514500005],[53.50171959700003,71.09442780200004],[53.67750084700003,71.07868073100008],[53.66382897200003,71.09296295800004],[53.69548587300005,71.09861888200004],[53.904307488000086,71.05463288000004],[53.93685957100007,71.05947500200006],[53.80713951900003,71.13397858300004],[54.008799675000034,71.14020416900007],[54.06788170700008,71.11969635600008],[53.93897545700008,71.13031647300005],[53.917002800000034,71.10602448100008],[53.935883009000065,71.10130442900004],[54.078135613000086,71.09979889500005],[54.24398847700007,71.12287018400008],[54.211924675000034,71.14077383000006],[54.13990319100009,71.12710195500006],[54.063243035000085,71.13617584800005],[53.992198113000086,71.16058991100005],[54.03345787900008,71.18545156500005],[54.09522545700008,71.18854401200008],[54.056651238000086,71.20892975500004],[54.164073113000086,71.20966217700004],[54.064463738000086,71.23700592700004],[53.94304446700005,71.17641836100006],[53.80103600400008,71.20966217700004],[53.83228600400008,71.17011139500005],[53.795909050000034,71.15534088700008],[53.70476321700005,71.17487213700008],[53.724619988000086,71.18854401200008],[53.708018425000034,71.19537995000007],[53.627940300000034,71.20868561400005],[53.57699629000007,71.19928620000007],[53.509776238000086,71.22459544500003],[53.45093834700003,71.26430898600006],[53.59489993600005,71.30182526200008],[53.653005405000044,71.34845612200007],[53.682383660000085,71.39834219000005],[53.888682488000086,71.42230866100005],[53.951182488000086,71.46222565300008],[53.89975019600007,71.47101471600007],[53.830821160000085,71.43569570500006],[53.57634524800005,71.39081452000005],[53.539724155000044,71.36050039300005],[53.543630405000044,71.31683991100005],[53.48764082100007,71.30341217700004],[53.41334069100009,71.31175364800004],[53.36158287900008,71.33319733300004],[53.34791100400008,71.36733633000006],[53.25171959700003,71.45604075700004],[53.32056725400008,71.47313060100004],[53.358164910000085,71.51487864800004],[53.444102410000085,71.54547760600008],[53.365244988000086,71.56903717700004],[53.205739780000044,71.50983307500007],[53.14242597700007,71.46222565300008],[53.15007571700005,71.44037506700005],[53.13461347700007,71.42617422100005],[53.10206139400003,71.43219635600008],[53.09717858200008,71.45278554900005],[53.046885613000086,71.48403554900005],[53.05713951900003,71.49823639500005],[53.012705925000034,71.49359772300005],[53.00700931100005,71.48346588700008],[53.046885613000086,71.45604075700004],[53.03874759200005,71.44277578300006],[52.97185306100005,71.44236888200004],[52.96810957100007,71.40521881700005],[52.92823326900003,71.40989817900004],[52.903086785000085,71.39272695500006],[52.86841881600009,71.40224844000005],[52.855479363000086,71.45697663000004],[52.821299675000034,71.46991608300004],[52.79769941500007,71.46478913000004],[52.820323113000086,71.42877838700008],[52.73991946700005,71.44212474200003],[52.71810957100007,71.48973216400003],[52.635427280000044,71.46222565300008],[52.60987389400003,71.46869538000004],[52.64966881600009,71.52496979400007],[52.64380944100009,71.54608795800004],[52.57390384200005,71.57587311400005],[52.56137129000007,71.62799713700008],[52.547211134000065,71.63483307500007],[52.52068118600005,71.62815989800004],[52.498789910000085,71.56590403900003],[52.38559004000007,71.54954661700003],[52.36841881600009,71.53489817900004],[52.41627037900008,71.47654857000003],[52.28044681100005,71.51373932500007],[52.258555535000085,71.53864166900007],[52.26880944100009,71.58795807500007],[52.14185631600009,71.54547760600008],[52.16325931100005,71.51837799700007],[52.27906334700003,71.47654857000003],[51.96208743600005,71.47964101800005],[51.861989780000044,71.45624420800004],[51.82195071700005,71.46088288000004],[51.70980879000007,71.51752350500004],[51.60084069100009,71.53668854400007],[51.53239993600005,71.56590403900003],[51.54965254000007,71.61351146000004],[51.467539910000085,71.69253164300005],[51.47185306100005,71.71059804900005],[51.41627037900008,71.75092194200005],[51.401377800000034,71.87051015800006],[51.43962649800005,71.94220612200007],[51.610036655000044,72.09170156500005],[51.84310957100007,72.15794505400004]]],[[[56.62680097700007,74.69354889500005],[56.531260613000086,74.74628327000005],[56.41684004000007,74.75311920800004],[56.500987175000034,74.79352448100008],[56.46599368600005,74.79926178600005],[55.93775475400008,74.78070709800005],[55.832692905000044,74.80003489800004],[55.81568444100009,74.81720612200007],[55.88493899800005,74.84617747600004],[56.678477410000085,74.94867584800005],[56.65552819100009,74.96796295800004],[56.514333530000044,74.94822825700004],[56.431976759000065,74.95799388200004],[56.36638431100005,74.94009023600006],[56.38363691500007,74.96482982000003],[56.294932488000086,74.96482982000003],[56.46648196700005,75.01276276200008],[56.420583530000044,75.03725820500006],[55.903330925000034,74.99127838700008],[55.86500084700003,75.00360748900005],[55.946055535000085,75.07404205900008],[55.90414472700007,75.08771393400008],[55.72632897200003,75.08148834800005],[55.746836785000085,75.10822174700007],[55.79468834700003,75.12872955900008],[55.80836022200003,75.15664297100005],[55.87037194100009,75.16339752800008],[55.91822350400008,75.19757721600007],[56.07113691500007,75.21893952000005],[56.10320071700005,75.21124909100007],[56.082041863000086,75.19757721600007],[56.11410566500007,75.18829987200007],[56.23357181100005,75.19757721600007],[56.13721764400003,75.15664297100005],[56.17359459700003,75.15021393400008],[56.37134850400008,75.18817780200004],[56.45337975400008,75.11896393400008],[56.47120201900003,75.08783600500004],[56.44581139400003,75.06728750200006],[56.53044681100005,75.07843659100007],[56.90707441500007,75.24017975500004],[56.89210045700008,75.28046295800004],[56.73324629000007,75.29657623900005],[56.75798587300005,75.31842682500007],[56.83619225400008,75.35521067900004],[57.04623457100007,75.39813873900005],[57.148448113000086,75.37909577000005],[57.425791863000086,75.37567780200004],[57.420664910000085,75.36237213700008],[57.43482506600009,75.35687897300005],[57.55616295700008,75.33417389500005],[57.74105879000007,75.32786692900004],[57.71998131600009,75.34153880400004],[57.73365319100009,75.35521067900004],[57.672211134000065,75.37909577000005],[57.666677280000044,75.41669342700004],[57.64039147200003,75.43939850500004],[57.54249108200008,75.45148346600007],[57.543711785000085,75.46710846600007],[57.50082441500007,75.49921295800004],[57.56364993600005,75.51968008000006],[58.164724155000044,75.57835521000004],[58.195648634000065,75.60321686400005],[58.146820509000065,75.62885163000004],[57.92554772200003,75.62897370000007],[57.944346550000034,75.65485260600008],[58.01929772200003,75.68134186400005],[58.604502800000034,75.73261139500005],[58.536143425000034,75.75995514500005],[58.723399285000085,75.79214101800005],[58.726898634000065,75.81903717700004],[58.750010613000086,75.83299388200004],[58.93100019600007,75.86762116100005],[59.13689212300005,75.86542389500005],[59.33350670700008,75.89166901200008],[59.358083530000044,75.90326569200005],[59.358083530000044,75.92377350500004],[59.39869225400008,75.93744538000004],[59.748789910000085,75.93060944200005],[60.04818769600007,75.99266185100004],[60.347666863000086,76.00568268400008],[60.29867597700007,76.02887604400007],[60.08448326900003,76.03636302300004],[60.04273522200003,76.05414459800005],[60.26807701900003,76.11009349200003],[60.83838951900003,76.12299225500004],[60.46843509200005,76.01312897300005],[60.55713951900003,76.02065664300005],[60.54965254000007,76.01312897300005],[60.603526238000086,75.99876536700003],[60.66976972700007,75.99607982000003],[60.734711134000065,76.00535716400003],[60.818369988000086,76.06012604400007],[61.08545983200008,76.08454010600008],[61.14576256600003,76.11611562700006],[61.14673912900008,76.14350006700005],[61.11931399800005,76.15119049700007],[60.947601759000065,76.14061107000003],[60.89975019600007,76.15717194200005],[61.02328535200007,76.21857330900008],[60.99366295700008,76.23078034100007],[60.99577884200005,76.24640534100007],[61.076914910000085,76.27997467700004],[61.48226972700007,76.29433828300006],[61.56006920700008,76.28363678600005],[61.67514082100007,76.31517161700003],[61.75668379000007,76.29433828300006],[61.92758222700007,76.29743073100008],[61.97836347700007,76.26337311400005],[62.093760613000086,76.25340403900003],[62.38249759200005,76.27118561400005],[62.406260613000086,76.25116608300004],[62.37330162900008,76.22199127800008],[62.38892662900008,76.19708893400008],[62.50367272200003,76.17767975500004],[62.55445397200003,76.21906159100007],[62.651052280000044,76.20978424700007],[62.64771569100003,76.23163483300004],[62.77947024800005,76.27069733300004],[62.86687259200005,76.24591705900008],[62.846364780000044,76.23163483300004],[62.92139733200008,76.23163483300004],[62.90154056100005,76.21857330900008],[62.95679772200003,76.20693594000005],[63.22038821700005,76.26268138200004],[63.46265709700003,76.28685130400004],[63.52955162900008,76.31679922100005],[63.71924889400003,76.34967682500007],[63.85987389400003,76.34149811400005],[63.956065300000034,76.36322663000004],[64.03451582100007,76.31525299700007],[64.09083092500003,76.31281159100007],[64.31299889400003,76.36322663000004],[64.43588300900007,76.36322663000004],[64.47527103000004,76.39866771000004],[64.62647545700008,76.37490469000005],[64.67603600400008,76.38312409100007],[64.65406334700003,76.39354075700004],[64.66976972700007,76.41860586100006],[64.71998131600003,76.44501373900005],[64.80640709700003,76.45136139500005],[64.78589928500008,76.47186920800004],[64.82593834700003,76.48419830900008],[65.03126061300009,76.50104401200008],[65.10206139400003,76.46954987200007],[65.16895592500003,76.47528717700004],[65.33863366000008,76.51312897300005],[65.40316816500007,76.55853913000004],[65.48487389400003,76.57489655200004],[65.61068769600007,76.58038971600007],[65.99878991000008,76.53335195500006],[66.03288821700005,76.54755280200004],[65.94166100400008,76.57916901200008],[65.88803144600007,76.63678620000007],[65.75342858200008,76.68284739800004],[65.88892662900008,76.73940664300005],[66.10808353000004,76.75307851800005],[66.23503665500004,76.79462311400005],[66.35157311300009,76.80565013200004],[66.40967858200008,76.84918854400007],[66.62256920700008,76.87653229400007],[66.65406334700003,76.90070221600007],[66.87956790500004,76.92308177300004],[66.94353274800005,76.94896067900004],[67.21094811300009,76.95229726800005],[67.34555097700007,76.98554108300004],[67.58806399800005,77.01337311400005],[68.03443444100003,76.99848053600005],[68.15853925900007,76.96759674700007],[68.29411868600005,76.95913320500006],[68.46290123800009,76.96670156500005],[68.51319420700008,76.95229726800005],[68.47803795700008,76.93170807500007],[68.48829186300009,76.92621491100005],[68.56934655000003,76.92548248900005],[68.67335045700008,76.88019440300008],[68.80860436300009,76.86908600500004],[68.75912519600007,76.82737864800004],[68.93091881600003,76.78717682500007],[68.89356530000003,76.74835846600007],[68.93067467500003,76.71938711100006],[69.03394616000008,76.71206289300005],[68.89389082100007,76.67914459800005],[68.78760826900003,76.58856842700004],[68.93832441500007,76.56806061400005],[68.54965254000007,76.42938873900005],[68.41700280000003,76.41722239800004],[68.40919030000003,76.40094635600008],[68.43734785200007,76.39671458500004],[68.39136803500008,76.36713288000004],[68.17774498800009,76.31460195500006],[68.32748457100007,76.29433828300006],[68.28793379000007,76.28131745000007],[67.91236412900008,76.25849030200004],[67.36605879000007,76.16730377800008],[67.14649498800009,76.10464101800005],[66.68628991000008,76.06024811400005],[66.43018639400003,75.99884674700007],[66.29184004000007,75.99648672100005],[66.17855879000007,75.96198151200008],[65.21664472700007,75.85419342700004],[65.07829837300005,75.80744049700007],[64.88917076900003,75.80878327000005],[64.31055748800009,75.72247955900008],[64.10377037900008,75.71893952000005],[63.761729363000086,75.64158763200004],[63.709646030000044,75.63580963700008],[63.72592207100007,75.66657135600008],[63.662119988000086,75.68817780200004],[63.67554772200003,75.70465729400007],[63.648448113000086,75.71954987200007],[63.55201256600003,75.71149323100008],[63.62037194100003,75.69106679900005],[63.52133222700007,75.63271719000005],[63.30437259200005,75.58860911700003],[63.029958530000044,75.58771393400008],[62.734711134000065,75.51886627800008],[62.62134850400008,75.51557038000004],[62.27279707100007,75.44009023600006],[62.02881920700008,75.44879791900007],[61.85564212300005,75.38100820500006],[61.845713738000086,75.36204661700003],[61.69418379000007,75.37567780200004],[61.71265709700003,75.36078522300005],[61.660166863000086,75.32786692900004],[61.68799889400003,75.31427643400008],[61.632823113000086,75.29999420800004],[61.65398196700005,75.27952708500004],[61.579112175000034,75.27505117400005],[61.53337649800005,75.23798248900005],[61.48170006600003,75.22345612200007],[61.40512129000007,75.23631419500003],[61.379649285000085,75.25967031500005],[61.387054884000065,75.29999420800004],[61.366221550000034,75.32208893400008],[61.379649285000085,75.33417389500005],[61.27662194100003,75.32786692900004],[61.295583530000044,75.30072663000004],[61.27165774800005,75.26349518400008],[61.107432488000086,75.19765859600005],[60.81275475400008,75.14614492400005],[60.79802493600005,75.12083567900004],[60.74968509200005,75.10822174700007],[60.803721550000034,75.08592357000003],[60.76685631600003,75.04450104400007],[60.72478274800005,75.02765534100007],[60.59148196700005,75.03416575700004],[60.56959069100009,75.06199778900003],[60.61182701900003,75.10138580900008],[60.571055535000085,75.11790599200003],[60.49382571700005,75.11025625200006],[60.502614780000044,75.09516022300005],[60.44109134200005,75.06728750200006],[60.45476321700005,75.05418528900003],[60.434336785000085,75.04677969000005],[60.46843509200005,75.03245677300004],[60.416026238000086,75.01093170800004],[60.264659050000034,74.99160390800006],[60.235036655000044,74.99152252800008],[60.262461785000085,75.00580475500004],[60.233409050000034,75.01935455900008],[60.11182701900003,74.99152252800008],[59.92725670700008,75.00580475500004],[60.01124108200008,74.97980377800008],[60.62126712300005,74.96841054900005],[60.687510613000086,74.92381419500003],[60.560557488000086,74.86627838700008],[60.194102410000085,74.85496653900003],[60.37232506600009,74.79352448100008],[60.276377800000034,74.74966054900005],[59.93376712300005,74.72528717700004],[59.81755618600005,74.74510325700004],[59.723317905000044,74.74160390800006],[59.508799675000034,74.79975006700005],[59.64193769600007,74.72699616100005],[59.77003014400003,74.72581614800004],[59.87256920700008,74.67682526200008],[59.87476647200003,74.62848541900007],[59.80909264400003,74.61713288000004],[59.75521894600007,74.58746979400007],[59.601898634000065,74.59723541900007],[59.15748131600009,74.73794179900005],[59.090505405000044,74.73826732000003],[59.289805535000085,74.64264557500007],[59.206065300000034,74.64618561400005],[59.16228274800005,74.66730377800008],[59.08366946700005,74.64887116100005],[59.221446160000085,74.61542389500005],[59.13331139400003,74.55048248900005],[59.14576256600009,74.52602773600006],[59.09115644600007,74.49494049700007],[59.094493035000085,74.48126862200007],[59.143321160000085,74.46401601800005],[59.14576256600009,74.44403717700004],[58.86451256600009,74.45709870000007],[58.744802280000044,74.47821686400005],[58.71998131600009,74.50332265800006],[58.18677819100009,74.58124420800004],[58.17310631600009,74.56073639500005],[58.42628014400003,74.51235586100006],[58.42628014400003,74.49803294500003],[58.47348066500007,74.47382233300004],[58.638682488000086,74.42357005400004],[58.57048587300005,74.38886139500005],[58.656586134000065,74.34048086100006],[58.65219160200007,74.31370677300004],[58.72803795700008,74.30003489800004],[58.70687910200007,74.28644440300008],[58.740977410000085,74.27277252800008],[58.680349155000044,74.25165436400005],[58.72803795700008,74.23859284100007],[58.536143425000034,74.23859284100007],[58.65902754000007,74.21747467700004],[58.50831139400003,74.21747467700004],[58.590830925000034,74.18402741100005],[58.52947024800005,74.17177969000005],[58.39975019600007,74.20294830900008],[58.34205162900008,74.19013092700004],[58.318369988000086,74.22687409100007],[58.29224694100009,74.22162506700005],[58.24830162900008,74.19017161700003],[58.30062910200007,74.16063060100004],[58.52198326900003,74.14923737200007],[58.48324629000007,74.13190338700008],[58.38502037900008,74.14008209800005],[58.34327233200008,74.12872955900008],[58.336924675000034,74.09398021000004],[58.30795332100007,74.08763255400004],[58.30290774800005,74.10830312700006],[58.26970462300005,74.12604401200008],[58.162119988000086,74.15037669500003],[58.139008009000065,74.13898346600007],[58.17310631600009,74.10138580900008],[58.09742272200003,74.05988190300008],[58.19849694100009,74.04612864800004],[58.21338951900003,74.00836823100008],[58.12330162900008,73.98672109600005],[57.93132571700005,74.00828685100004],[57.739268425000034,74.05093008000006],[57.53174889400003,74.19183991100005],[57.412119988000086,74.18402741100005],[57.512705925000034,74.12343984600005],[57.53565514400003,74.09398021000004],[57.47510826900003,74.07367584800005],[57.32699629000007,74.09271881700005],[57.260752800000034,74.08030833500004],[57.54769941500007,74.06077708500004],[57.91187584700003,73.91583893400008],[57.80941816500007,73.89541250200006],[57.905039910000085,73.87547435100004],[57.90992272200003,73.84320709800005],[57.93287194100009,73.84137604400007],[57.945974155000044,73.80658600500004],[57.748708530000044,73.72601959800005],[57.627696160000085,73.74518463700008],[57.59229576900003,73.77895742400005],[57.39535566500007,73.84552643400008],[56.555674675000034,73.88857656500005],[56.63461347700007,73.86334870000007],[56.931651238000086,73.85398997600004],[57.09555097700007,73.83014557500007],[57.34986412900008,73.82758209800005],[57.38306725400008,73.79498932500007],[57.48991946700005,73.75433991100005],[57.508148634000065,73.72768789300005],[57.590586785000085,73.70384349200003],[57.58643639400003,73.68545156500005],[57.617523634000065,73.66885000200006],[57.58578535200007,73.61367422100005],[57.32960045700008,73.57387929900005],[57.35010826900003,73.55341217700004],[57.020192905000044,73.58421458500004],[56.78834069100009,73.67625560100004],[56.735118035000085,73.68024323100008],[56.719493035000085,73.66885000200006],[56.746429884000065,73.64838288000004],[56.850352410000085,73.61481354400007],[56.746755405000044,73.60736725500004],[56.920258009000065,73.59593333500004],[57.08025149800005,73.53656647300005],[57.23755944100009,73.50958893400008],[57.253916863000086,73.49135976800005],[57.24268639400003,73.46865469000005],[57.253916863000086,73.45718008000006],[57.200205925000034,73.45307038000004],[57.178721550000034,73.44204336100006],[57.178721550000034,73.42304108300004],[56.90845787900008,73.31468333500004],[56.81413821700005,73.35736725500004],[56.74927819100009,73.36151764500005],[56.74626712300005,73.33380768400008],[56.79517662900008,73.32062409100007],[56.72315514400003,73.28241608300004],[56.76099694100009,73.25169505400004],[56.72982832100007,73.24453359600005],[56.12086022200003,73.29002513200004],[56.04623457100007,73.33026764500005],[56.01579837300005,73.41229889500005],[55.971446160000085,73.43927643400008],[55.91749108200008,73.44839101800005],[55.87037194100009,73.43610260600008],[55.936208530000044,73.41901276200008],[55.98650149800005,73.38519928600005],[55.98023522200003,73.32965729400007],[55.92400149800005,73.31199778900003],[55.77230879000007,73.34804922100005],[55.43490644600007,73.33209870000007],[55.02068118600005,73.44354889500005],[54.90007571700005,73.44839101800005],[54.65943444100009,73.40680573100008],[54.56812584700003,73.40875885600008],[54.250010613000086,73.32827383000006],[54.03305097700007,73.37466054900005],[54.13021894600007,73.41010163000004],[54.293630405000044,73.41771067900004],[54.31495201900003,73.44969310100004],[54.41732832100007,73.47768789300005],[54.31495201900003,73.46881745000007],[54.184580925000034,73.49135976800005],[54.54151451900003,73.61098867400005],[54.78492272200003,73.65932851800005],[54.94076582100007,73.66547272300005],[55.088633660000085,73.70551178600005],[55.349619988000086,73.71723053600005],[54.96452884200005,73.71710846600007],[54.856455925000034,73.68353913000004],[54.82829837300005,73.69057851800005],[54.869883660000085,73.73151276200008],[54.664073113000086,73.70477936400005],[54.530039910000085,73.70416901200008],[54.49195397200003,73.69733307500007],[54.40357506600009,73.64150625200006],[54.26026451900003,73.61481354400007],[54.28077233200008,73.60053131700005],[53.96648196700005,73.62665436400005],[53.930674675000034,73.64150625200006],[53.958018425000034,73.64891185100004],[53.88982181100005,73.66266510600008],[53.76002037900008,73.72064850500004],[53.66749108200008,73.73501211100006],[53.63111412900008,73.75958893400008],[53.65357506600009,73.81248607000003],[53.75896243600005,73.77968984600005],[53.86866295700008,73.77871328300006],[54.08155358200008,73.83392975500004],[54.06275475400008,73.84861888200004],[54.078135613000086,73.86200592700004],[54.31592858200008,73.93097565300008],[54.62777754000007,73.95148346600007],[54.72584069100009,73.97793203300006],[54.801524285000085,73.97044505400004],[54.79997806100005,73.98541901200008],[54.76937910200007,73.99628327000005],[54.60678144600007,74.00560130400004],[54.588633660000085,74.01886627800008],[54.67798912900008,74.06818268400008],[55.01889082100007,74.17300039300005],[55.181651238000086,74.18707916900007],[55.27881920700008,74.15477122600004],[55.39372806100005,74.14069245000007],[55.48682701900003,74.14923737200007],[55.81413821700005,74.10049062700006],[55.86443118600005,74.10594310100004],[55.87037194100009,74.12128327000005],[55.85670006600009,74.12933991100005],[55.63249759200005,74.16290924700007],[55.62273196700005,74.19017161700003],[55.23764082100007,74.24567291900007],[55.14771569100009,74.24209219000005],[55.07585696700005,74.26593659100007],[55.143565300000034,74.27277252800008],[55.150401238000086,74.28644440300008],[55.22836347700007,74.30744049700007],[55.26710045700008,74.29262929900005],[55.25342858200008,74.27960846600007],[55.286143425000034,74.27435944200005],[55.52857506600009,74.28204987200007],[55.65788821700005,74.30499909100007],[55.68287194100009,74.27265045800004],[55.708994988000086,74.27081940300008],[55.746836785000085,74.29633209800005],[55.63697350400008,74.33421458500004],[55.592539910000085,74.32538483300004],[55.44939212300005,74.35443756700005],[55.29810631600009,74.35472239800004],[55.23292076900003,74.37579987200007],[55.38835696700005,74.44505442900004],[55.506602410000085,74.44403717700004],[55.61841881600009,74.46576569200005],[56.039805535000085,74.46539948100008],[56.28736412900008,74.49168528900003],[56.25440514400003,74.50495026200008],[56.014414910000085,74.49188873900005],[56.082041863000086,74.51976146000004],[55.86654707100007,74.55329010600008],[55.656911655000044,74.51976146000004],[55.705821160000085,74.54987213700008],[55.657237175000034,74.57440827000005],[55.49976647200003,74.56696198100008],[55.56104576900003,74.61448802300004],[55.522471550000034,74.63886139500005],[55.52955162900008,74.65485260600008],[55.75554446700005,74.69171784100007],[55.87037194100009,74.68366120000007],[55.86296634200005,74.67059967700004],[55.89600670700008,74.66063060100004],[56.387054884000065,74.72138092700004],[56.41822350400008,74.72052643400008],[56.418304884000065,74.70408763200004],[56.555674675000034,74.68366120000007],[56.986989780000044,74.69049713700008],[56.89307701900003,74.71271393400008],[56.77881920700008,74.69350820500006],[56.62680097700007,74.69354889500005]]],[[[59.23715254000007,75.94822825700004],[58.81031334700003,75.90208567900004],[58.69320722700007,75.90326569200005],[59.200205925000034,75.98924388200004],[59.26002037900008,75.98407623900005],[59.262461785000085,75.96539948100008],[59.23715254000007,75.94822825700004]]],[[[58.584727410000085,79.92645905200004],[58.52947024800005,79.93329498900005],[58.24830162900008,79.93341705900008],[58.613942905000044,79.97943756700005],[58.644867384000065,79.97532786700003],[58.637380405000044,79.95913320500006],[58.71607506600009,79.92890045800004],[58.87037194100009,79.90131256700005],[58.76335696700005,79.88300202000005],[58.65406334700003,79.89276764500005],[58.584727410000085,79.92645905200004]]],[[[59.78630618600005,80.09418366100005],[59.84156334700003,80.07074616100005],[59.83611087300005,80.02728913000004],[59.85141035200007,80.01536692900004],[59.92725670700008,79.99485911700003],[59.542979363000086,79.93964264500005],[59.44068444100009,79.94806549700007],[59.43311608200008,79.93341705900008],[59.372080925000034,79.91966380400004],[59.20679772200003,79.92890045800004],[59.17367597700007,79.93964264500005],[59.20036868600005,79.95331452000005],[58.76872806100005,80.02106354400007],[58.79639733200008,80.04364655200004],[59.52914472700007,80.12091705900008],[59.78630618600005,80.09418366100005]]],[[[59.89975019600007,80.18305084800005],[60.10132897200003,80.18366120000007],[60.21045983200008,80.14915599200003],[60.17302493600005,80.13865794500003],[59.993174675000034,80.14695872600004],[59.90259850400008,80.16766998900005],[59.89975019600007,80.18305084800005]]],[[[56.00757897200003,80.23509349200003],[55.95232181100005,80.26178620000007],[55.98796634200005,80.29035065300008],[55.99390709700003,80.30272044500003],[55.97282962300005,80.32318756700005],[55.989268425000034,80.33665599200003],[56.129893425000034,80.35122304900005],[56.64275149800005,80.32453034100007],[56.692149285000085,80.34369538000004],[56.69027754000007,80.36009349200003],[56.71225019600007,80.36835358300004],[57.02198326900003,80.36399974200003],[57.097666863000086,80.34516022300005],[57.13103274800005,80.30613841400003],[57.08366946700005,80.25812409100007],[57.09888756600009,80.22089264500005],[57.15357506600009,80.19896067900004],[57.046885613000086,80.15436432500007],[57.13843834700003,80.11782461100006],[57.117930535000085,80.09601471600007],[56.95679772200003,80.06631094000005],[55.94857832100007,80.07843659100007],[55.71208743600005,80.10346100500004],[56.047862175000034,80.20034414300005],[55.99390709700003,80.21336497600004],[56.00757897200003,80.23509349200003]]],[[[55.49830162900008,80.27716705900008],[55.23487389400003,80.22793203300006],[55.07569420700008,80.21930573100008],[54.942067905000044,80.24087148600006],[54.929698113000086,80.25958893400008],[55.15381920700008,80.27562083500004],[55.06657962300005,80.29214101800005],[55.29639733200008,80.33218008000006],[55.524099155000044,80.30634186400005],[55.49830162900008,80.27716705900008]]],[[[57.30225670700008,80.20718008000006],[57.219737175000034,80.24127838700008],[57.26539147200003,80.26886627800008],[57.265961134000065,80.28603750200006],[57.240244988000086,80.29531484600005],[57.25896243600005,80.32587311400005],[57.192393425000034,80.36420319200005],[57.274424675000034,80.39154694200005],[57.20655358200008,80.42462799700007],[56.946055535000085,80.48151276200008],[58.45240319100009,80.46808502800008],[58.774180535000085,80.42816803600005],[58.89869225400008,80.42690664300005],[59.193369988000086,80.37848541900007],[59.276133660000085,80.33002350500004],[58.590830925000034,80.33755117400005],[58.58757571700005,80.32119375200006],[58.55787194100009,80.31525299700007],[58.390961134000065,80.32021719000005],[58.13843834700003,80.28229401200008],[58.076914910000085,80.26178620000007],[58.12330162900008,80.24213288000004],[58.42937259200005,80.24188873900005],[58.47486412900008,80.22235748900005],[58.42628014400003,80.18671295800004],[58.44678795700008,80.17987702000005],[58.40650475400008,80.16559479400007],[58.25131269600007,80.18671295800004],[58.08619225400008,80.18329498900005],[58.041351759000065,80.20575592700004],[57.913096550000034,80.18406810100004],[57.914398634000065,80.16339752800008],[57.97046959700003,80.14850495000007],[57.990977410000085,80.11709219000005],[58.01490319100009,80.11098867400005],[57.97046959700003,80.09894440300008],[57.71306399800005,80.09882233300004],[57.56568444100009,80.12860748900005],[57.42628014400003,80.12775299700007],[57.29021243600005,80.16901276200008],[57.28060957100007,80.19041575700004],[57.30225670700008,80.20718008000006]]],[[[55.270518425000034,80.41864655200004],[55.26319420700008,80.39052969000005],[55.129893425000034,80.37433502800008],[54.97250410200007,80.40753815300008],[55.19874108200008,80.43838125200006],[55.24496504000007,80.43846263200004],[55.270518425000034,80.41864655200004]]],[[[54.783864780000044,80.39508698100008],[54.52588951900003,80.37490469000005],[54.39039147200003,80.38654205900008],[54.45826256600009,80.40253327000005],[54.51343834700003,80.44562409100007],[54.62671959700003,80.47724030200004],[54.72429446700005,80.47207265800006],[54.85108483200008,80.42617422100005],[54.783864780000044,80.39508698100008]]],[[[55.07162519600007,80.49160390800006],[55.04607181100005,80.46723053600005],[54.98194420700008,80.44891998900005],[54.82146243600005,80.46478913000004],[54.62240644600007,80.51129791900007],[54.88624108200008,80.53310781500005],[55.07162519600007,80.49160390800006]]],[[[62.037445509000065,80.66583893400008],[62.14730879000007,80.63914622600004],[62.072276238000086,80.61416250200006],[61.70622806100005,80.59747955900008],[61.68799889400003,80.57709381700005],[61.58765709700003,80.55597565300008],[61.606211785000085,80.52928294500003],[61.31080162900008,80.51072825700004],[61.27662194100003,80.50136953300006],[61.38306725400008,80.49079010600008],[61.32740319100003,80.45746491100005],[61.04460696700005,80.40517812700006],[60.56080162900008,80.44647858300004],[60.307383660000085,80.49555084800005],[60.180430535000085,80.48834870000007],[60.15756269600007,80.46906159100007],[59.963226759000065,80.44310130400004],[59.63640384200005,80.43121979400007],[59.49594160200007,80.48261139500005],[59.24195397200003,80.52928294500003],[59.37232506600009,80.57025788000004],[59.286143425000034,80.58197663000004],[59.26148522200003,80.59788646000004],[59.289805535000085,80.61741771000004],[59.221446160000085,80.65277741100005],[59.31023196700005,80.68695709800005],[59.282237175000034,80.70001862200007],[59.36548912900008,80.72113678600005],[59.404633009000065,80.75031159100007],[59.533864780000044,80.76341380400004],[59.57081139400003,80.78998444200005],[59.508799675000034,80.80365631700005],[59.69385826900003,80.83714427300004],[60.170909050000034,80.85394928600005],[60.256195509000065,80.83095937700006],[59.96810957100007,80.80988190300008],[60.31202233200008,80.81077708500004],[60.361989780000044,80.78998444200005],[60.56397545700008,80.82282135600008],[61.54468834700003,80.86505768400008],[61.53044681100005,80.87872955900008],[61.602549675000034,80.89565664300005],[62.06771894600007,80.87986888200004],[62.27523847700007,80.78388092700004],[62.25945071700005,80.74144114800004],[62.037445509000065,80.66583893400008]]],[[[55.431651238000086,80.71426015800006],[55.60962975400008,80.74160390800006],[55.72388756600009,80.73261139500005],[55.78239993600005,80.76113515800006],[56.53044681100005,80.78709544500003],[56.57601972700007,80.77570221600007],[56.55844160200007,80.76341380400004],[56.570323113000086,80.75739166900007],[56.84489993600005,80.72752513200004],[56.946055535000085,80.69379303600005],[56.92790774800005,80.66299062700006],[56.329112175000034,80.62490469000005],[56.349619988000086,80.63914622600004],[56.31202233200008,80.65509674700007],[55.83765709700003,80.63178131700005],[55.74830162900008,80.65045807500007],[55.64437910200007,80.64935944200005],[55.60279381600009,80.66583893400008],[55.705821160000085,80.70001862200007],[55.49545332100007,80.70026276200008],[55.431651238000086,80.71426015800006]]],[[[54.656993035000085,80.78803131700005],[54.011729363000086,80.79621002800008],[53.98031660200007,80.81622955900008],[53.98462975400008,80.82851797100005],[54.10084069100009,80.85171133000006],[54.32341556100005,80.86444733300004],[54.40674889400003,80.85146719000005],[54.72242272200003,80.87189362200007],[54.76482181100005,80.86444733300004],[54.772471550000034,80.85590241100005],[54.75318444100009,80.84463125200006],[54.822927280000044,80.83592357000003],[54.983164910000085,80.89240143400008],[55.09701582100007,80.90281810100004],[55.25700931100005,80.89028554900005],[55.36898847700007,80.86176178600005],[55.98650149800005,80.80365631700005],[54.87671959700003,80.72113678600005],[54.66382897200003,80.74160390800006],[54.68995201900003,80.76898834800005],[54.656993035000085,80.78803131700005]]],[[[57.84424889400003,80.82469310100004],[58.15739993600005,80.87124258000006],[58.74586022200003,80.90273672100005],[58.92888431100005,80.88214752800008],[59.02906334700003,80.82412344000005],[58.895518425000034,80.77374909100007],[58.696055535000085,80.77887604400007],[58.42123457100007,80.74876536700003],[58.089854363000086,80.78774648600006],[57.88249759200005,80.78729889500005],[57.81568444100009,80.80988190300008],[57.84424889400003,80.82469310100004]]],[[[54.55396569100009,81.06370677300004],[54.53646894600007,81.07436758000006],[54.54428144600007,81.08380768400008],[54.670909050000034,81.12518952000005],[54.86304772200003,81.08417389500005],[55.32162519600007,81.05003489800004],[55.520274285000085,81.00844961100006],[56.01921634200005,81.04360586100006],[56.62330162900008,80.98175690300008],[56.652354363000086,80.94354889500005],[57.68132571700005,80.81679922100005],[57.71607506600009,80.79315827000005],[57.56234785200007,80.74843984600005],[57.05876712300005,80.69183991100005],[56.84302819100009,80.76203034100007],[56.705821160000085,80.78253815300008],[56.66846764400003,80.80923086100006],[55.798838738000086,80.85443756700005],[55.77393639400003,80.86139557500007],[55.75733483200008,80.88873932500007],[55.547211134000065,80.89769114800004],[55.376963738000086,80.93333567900004],[55.40479576900003,80.95758698100008],[55.38062584700003,80.96857330900008],[54.99830162900008,80.95115794500003],[54.883555535000085,80.97801341400003],[54.85954837300005,81.00165436400005],[54.56413821700005,80.99542877800008],[54.41732832100007,81.00844961100006],[54.45492597700007,81.04857005400004],[54.55396569100009,81.06370677300004]]],[[[64.16911868600005,81.01019928600005],[64.21680748800009,81.05687083500004],[64.12037194100003,81.09357330900008],[64.27475019600007,81.16913483300004],[64.42286217500003,81.19383372600004],[64.70484459700003,81.20526764500005],[64.86793053500008,81.19342682500007],[65.26107832100007,81.12396881700005],[65.45004316500007,81.02277252800008],[65.30616295700008,80.99542877800008],[65.38868248800009,80.98615143400008],[65.46566816500007,80.93488190300008],[65.44581139400003,80.91962311400005],[65.07829837300005,80.84137604400007],[64.99976647200003,80.80882396000004],[64.66895592500003,80.77643463700008],[64.58668053500008,80.75519440300008],[63.77515709700003,80.71356842700004],[63.68580162900008,80.72728099200003],[63.13070722700007,80.68309153900003],[62.61654707100007,80.79808177300004],[62.53077233200008,80.80475495000007],[62.50367272200003,80.82412344000005],[62.52979576900003,80.84381745000007],[62.938161655000044,80.91022370000007],[63.14226321700005,80.97138092700004],[64.03646894600007,80.98688385600008],[64.16911868600005,81.01019928600005]]],[[[56.932383660000085,80.97431061400005],[56.89730879000007,80.99282461100006],[56.918711785000085,81.00844961100006],[56.89673912900008,81.01609935100004],[56.09555097700007,81.09100983300004],[56.147146030000044,81.12319570500006],[56.22486412900008,81.10785553600005],[56.70289147200003,81.11310455900008],[56.944346550000034,81.07245514500005],[57.25635826900003,81.06476471600007],[57.644541863000086,81.02435944200005],[57.750010613000086,80.97068919500003],[58.28239993600005,80.92649974200003],[57.96566816500007,80.88833242400005],[57.83814537900008,80.85333893400008],[57.53435306100005,80.86269765800006],[57.19857832100007,80.90607330900008],[57.23406009200005,80.93333567900004],[57.20142662900008,80.95392487200007],[56.932383660000085,80.97431061400005]]],[[[61.70167076900003,81.10529205900008],[61.606211785000085,81.07737864800004],[61.62826582100007,81.05512116100005],[61.59978274800005,81.03139883000006],[60.98780358200008,80.92202383000006],[60.34327233200008,80.94855377800008],[60.25440514400003,80.97211334800005],[60.06999759200005,80.97964101800005],[60.02271569100009,80.99542877800008],[60.61280358200008,81.09247467700004],[61.70167076900003,81.10529205900008]]],[[[57.84099368600005,81.04767487200007],[57.864024285000085,81.06517161700003],[58.00114993600005,81.08417389500005],[57.99048912900008,81.09760163000004],[58.06950931100005,81.11151764500005],[58.65365644600007,81.04376862200007],[58.69662519600007,81.02472565300008],[58.60670006600009,80.99485911700003],[58.604502800000034,80.97431061400005],[58.561289910000085,80.95701732000003],[58.36695397200003,80.94594961100006],[58.25359134200005,80.95514557500007],[57.84099368600005,81.04767487200007]]],[[[58.08375084700003,81.21454498900005],[57.85181725400008,81.19013092700004],[57.77076256600009,81.14801666900007],[57.70045006600009,81.13715241100005],[57.38982181100005,81.12376536700003],[56.99439537900008,81.16616445500006],[57.39730879000007,81.21629466400003],[57.88786868600005,81.24555084800005],[58.02654056100005,81.23403554900005],[58.08375084700003,81.21454498900005]]],[[[59.00171959700003,81.20453522300005],[59.097666863000086,81.21312083500004],[59.73715254000007,81.18976471600007],[59.758555535000085,81.17853424700007],[59.72966556100005,81.16486237200007],[59.014659050000034,81.19306061400005],[59.00171959700003,81.20453522300005]]],[[[59.84205162900008,81.28701406500005],[60.031993035000085,81.31110260600008],[60.514008009000065,81.28953685100004],[60.57146243600005,81.26813385600008],[60.432302280000044,81.24437083500004],[59.84205162900008,81.28701406500005]]],[[[55.58611087300005,81.26361725500004],[55.60906009200005,81.27594635600008],[55.431651238000086,81.28343333500004],[55.54078209700003,81.29710521000004],[55.46566816500007,81.32440827000005],[55.58545983200008,81.31696198100008],[55.71208743600005,81.33055247600004],[55.73414147200003,81.31704336100006],[55.86963951900003,81.32440827000005],[55.95362389400003,81.30084870000007],[56.07447350400008,81.30194733300004],[56.21599368600005,81.27724844000005],[56.54476972700007,81.25478750200006],[56.60279381600009,81.26911041900007],[56.472992384000065,81.28969961100006],[56.39112389400003,81.32440827000005],[56.418304884000065,81.33808014500005],[56.335948113000086,81.38519928600005],[56.72624759200005,81.39716217700004],[56.78101647200003,81.38519928600005],[56.76099694100009,81.37905508000006],[56.789073113000086,81.36847565300008],[56.89820397200003,81.37905508000006],[57.40870201900003,81.34113190300008],[57.498789910000085,81.31232330900008],[57.68873131600009,81.33112213700008],[57.905039910000085,81.29710521000004],[57.81080162900008,81.27464427300004],[57.047536655000044,81.25324127800008],[56.61451256600009,81.17853424700007],[56.43116295700008,81.17446523600006],[56.38363691500007,81.17983633000006],[56.38998457100007,81.20376211100006],[56.343760613000086,81.21857330900008],[56.24040774800005,81.22821686400005],[55.82439212300005,81.18646881700005],[55.610362175000034,81.20294830900008],[55.560557488000086,81.22308991100005],[55.588633660000085,81.24188873900005],[55.58611087300005,81.26361725500004]]],[[[59.017914259000065,81.40338776200008],[59.24594160200007,81.37653229400007],[59.385427280000044,81.33055247600004],[59.342458530000044,81.30426666900007],[59.05437259200005,81.28705475500004],[58.654633009000065,81.30658600500004],[58.46412194100009,81.33494700700004],[58.469493035000085,81.34747955900008],[58.66920006600009,81.38157786700003],[59.017914259000065,81.40338776200008]]],[[[57.00749759200005,81.50873444200005],[56.946055535000085,81.52240631700005],[57.01303144600007,81.53681061400005],[57.48226972700007,81.53335195500006],[57.51449629000007,81.54291413000004],[57.48454837300005,81.55141836100006],[57.51417076900003,81.56000397300005],[57.78402754000007,81.56476471600007],[57.823008660000085,81.55027903900003],[57.79574629000007,81.53607819200005],[57.864024285000085,81.51618073100008],[57.84351647200003,81.49506256700005],[57.88884524800005,81.48558177300004],[58.39991295700008,81.47418854400007],[58.57048587300005,81.41315338700008],[58.305674675000034,81.37689850500004],[57.797618035000085,81.37889232000003],[57.57667076900003,81.39887116100005],[57.56234785200007,81.41998932500007],[57.43873131600009,81.43773021000004],[57.26612389400003,81.42682526200008],[56.74048912900008,81.45351797100005],[56.79249108200008,81.47231679900005],[56.935883009000065,81.48281484600005],[57.00749759200005,81.50873444200005]]],[[[61.828135613000086,81.56439850500004],[61.65398196700005,81.60492584800005],[62.01099694100003,81.60293203300006],[62.196299675000034,81.56484609600005],[62.06804446700005,81.54730866100005],[61.828135613000086,81.56439850500004]]],[[[58.611664259000065,81.63393789300005],[58.70232181100005,81.61261627800008],[58.66529381600009,81.59613678600005],[58.49301191500007,81.57908763200004],[58.275726759000065,81.59271881700005],[58.41358483200008,81.62518952000005],[58.611664259000065,81.63393789300005]]],[[[62.53834069100003,81.70571523600006],[62.804698113000086,81.72162506700005],[62.765961134000065,81.70661041900007],[63.67758222700007,81.69497304900005],[63.80591881600003,81.66014232000003],[63.71216881600003,81.61473216400003],[63.467458530000044,81.58905670800004],[62.69092858200008,81.61416250200006],[62.533864780000044,81.63792552300004],[62.50367272200003,81.65277741100005],[62.51734459700003,81.66014232000003],[62.106455925000034,81.67324453300006],[62.22486412900008,81.70184967700004],[62.461273634000065,81.71649811400005],[62.53834069100003,81.70571523600006]]],[[[57.891286655000044,81.70795319200005],[57.96314537900008,81.75971100500004],[58.145274285000085,81.77684153900003],[57.93970787900008,81.80361562700006],[58.15609785200007,81.83026764500005],[59.21469160200007,81.85871002800008],[59.403086785000085,81.83657461100006],[59.43995201900003,81.81781647300005],[59.33130944100009,81.78986237200007],[59.37232506600009,81.77374909100007],[59.35564212300005,81.75332265800006],[57.98943118600005,81.69013092700004],[57.891286655000044,81.70795319200005]]],[[[70.08912194100003,66.52220286700003],[70.04363040500004,66.50128815300008],[69.89779707100007,66.49494049700007],[69.87061608200008,66.47785065300008],[69.54542076900003,66.59100983300004],[69.53760826900003,66.60138580900008],[69.57520592500003,66.61098867400005],[69.57520592500003,66.63825104400007],[69.42457116000008,66.76837799700007],[69.37403405000003,66.77814362200007],[69.25709069100003,66.74628327000005],[69.15088951900003,66.77537669500003],[69.13070722700007,66.79657623900005],[69.17758222700007,66.81142812700006],[69.27979576900003,66.79450104400007],[69.47299238400007,66.79767487200007],[69.51677493600005,66.73895905200004],[69.63550866000008,66.69383372600004],[69.66456139400003,66.69354889500005],[69.57520592500003,66.73139069200005],[69.54037519600007,66.76365794500003],[69.72738691500007,66.76557038000004],[69.78126061300009,66.74811432500007],[69.75391686300009,66.74192942900004],[69.77466881600003,66.73525625200006],[69.89112389400003,66.72768789300005],[69.92530358200008,66.70722077000005],[70.04981530000003,66.70892975500004],[70.08570397200003,66.69013092700004],[70.07984459700003,66.63910553600005],[70.02711022200003,66.62523021000004],[70.13062584700003,66.55634186400005],[70.06153405000003,66.56207916900007],[70.04127037900008,66.55011627800008],[70.08668053500008,66.54852936400005],[70.08912194100003,66.52220286700003]]],[[[83.26451660800006,70.51112655900005],[83.30869606100003,70.48080660800008],[83.30957222200004,70.44310013300003],[83.19442277300004,70.37889519700008],[83.06527091900006,70.36532894700008],[83.13223168700006,70.43380736600005],[83.11773234300006,70.48016611700007],[83.14705910100008,70.64990855900004],[83.20724549000005,70.68635389600007],[83.23118613800006,70.76906195100008],[83.25672166800007,70.80103268100004],[83.37163680800006,70.78827661800005],[83.46940813200007,70.73773494400007],[83.44388361200004,70.69130566400008],[83.30476002900008,70.64460434500006],[83.30134887900005,70.60546065100004],[83.25919110200005,70.54880653600009],[83.26451660800006,70.51112655900005]]],[[[77.81137129000007,72.31509023600006],[77.58643639400003,72.28530508000006],[77.20093834700003,72.28994375200006],[77.12712649800005,72.27789948100008],[76.91797936300003,72.29303620000007],[76.86988366000008,72.30744049700007],[76.85271243600005,72.33307526200008],[76.91260826900003,72.37213776200008],[77.24878991000008,72.46938711100006],[77.31299889400003,72.54523346600007],[77.61019941500007,72.63471100500004],[77.79468834700003,72.62860748900005],[78.23080488400007,72.56915924700007],[78.39454186300003,72.49140045800004],[78.18018639400003,72.42177969000005],[77.98389733200008,72.38910553600005],[77.81137129000007,72.31509023600006]]],[[[78.67156009200005,72.80353424700007],[78.63868248800003,72.84943268400008],[78.61426842500003,72.84023672100005],[78.60914147200003,72.80634186400005],[78.58464603000004,72.84186432500007],[78.59229576900003,72.86212799700007],[79.17310631600003,73.10138580900008],[79.36850019600007,73.03473541900007],[79.40211022200003,72.98818594000005],[79.54135175900007,72.92552317900004],[79.55958092500003,72.90843333500004],[79.49073326900003,72.90843333500004],[79.52068118600005,72.88373444200005],[79.51921634200005,72.84699127800008],[79.54590905000003,72.81232330900008],[79.53223717500003,72.79242584800005],[79.57203209700003,72.74054596600007],[79.39527428500008,72.70404694200005],[79.00123131600003,72.74457428600005],[78.90992272200003,72.74127838700008],[78.67156009200005,72.80353424700007]]],[[[74.70264733200008,73.07876211100006],[74.68539472700007,73.05499909100007],[74.69459069100003,73.02578359600005],[74.63941491000008,72.96027252800008],[74.66391035200007,72.92157623900005],[74.70826256600003,72.90167877800008],[74.68034915500004,72.86408112200007],[74.65626061300003,72.85862864800004],[74.58472741000008,72.87498607000003],[74.59839928500008,72.89545319200005],[74.46501712300005,72.89960358300004],[74.34408613400007,72.92767975500004],[74.32471764400003,72.94745514500005],[74.20053144600007,72.96613190300008],[74.12077884200005,72.99884674700007],[74.09327233200008,73.02777741100005],[74.18458092500003,73.10700104400007],[74.47461998800003,73.13442617400005],[74.84522545700008,73.09369538000004],[74.96159915500004,73.05996328300006],[74.76823978000004,73.09178294500003],[74.70264733200008,73.07876211100006]]],[[[76.31836998800003,73.14809804900005],[76.17090905000003,73.18162669500003],[76.13331139400003,73.20831940300008],[76.18458092500003,73.21698639500005],[76.52751712300005,73.18964264500005],[76.65577233200008,73.19700755400004],[76.73658287900008,73.15550364800004],[76.63257897200003,73.13125234600005],[76.31836998800003,73.14809804900005]]],[[[71.49467709100009,73.15011707400004],[71.34099368600005,73.17658112200007],[71.27930748800009,73.14313385600008],[70.66195722700007,73.10285065300008],[70.46192467500003,73.05117422100005],[70.25660241000008,73.03827545800004],[70.20386803500008,73.04657623900005],[70.10954837300005,73.10089752800008],[69.99935957100007,73.06098053600005],[70.08521569100003,73.03754303600005],[70.10084069100003,73.01797109600005],[69.87484785200007,73.03827545800004],[69.91163170700008,73.11456940300008],[70.02084394600007,73.18280670800004],[70.06495201900003,73.23712799700007],[70.05795332100007,73.27924225500004],[69.95932050900007,73.39883047100005],[70.46957441500007,73.49921295800004],[70.56324303500008,73.48102448100008],[70.65007571700005,73.50014883000006],[70.94874108200008,73.51748281500005],[71.22917728000004,73.46474844000005],[71.26783287900008,73.44354889500005],[71.11150149800005,73.44733307500007],[71.13648522200003,73.39252350500004],[71.08676191500007,73.35757070500006],[71.09644616000008,73.31317780200004],[70.99708092500003,73.28839752800008],[70.98031660200007,73.26536692900004],[71.06234785200007,73.27903880400004],[71.21192467500003,73.27440013200004],[71.28891035200007,73.25169505400004],[71.27686608200008,73.27798086100006],[71.29639733200008,73.29564036700003],[71.40235436300009,73.31915924700007],[71.43572024800005,73.35297272300005],[71.45915774800005,73.34837474200003],[71.60792076900003,73.27533600500004],[71.66911868600005,73.22748444200005],[71.75012580600009,73.04211181700003],[71.73023628800007,73.03440871000004],[71.49467709100009,73.15011707400004]]],[[[71.34961998800009,73.34731679900005],[71.21412194100003,73.28506094000005],[71.13746178500008,73.29266998900005],[71.14869225400008,73.30097077000005],[71.14380944100003,73.34731679900005],[71.24952233200008,73.41787344000005],[71.34253991000008,73.40228913000004],[71.35336347700007,73.38519928600005],[71.32984459700003,73.36782461100006],[71.34961998800009,73.34731679900005]]],[[[75.49642988400007,73.44969310100004],[75.53500410200007,73.46918366100005],[75.54428144600007,73.49811432500007],[75.37973066500007,73.44969310100004],[75.36296634200005,73.43524811400005],[75.37305748800003,73.40875885600008],[75.36003665500004,73.39695872600004],[75.30420983200008,73.40875885600008],[75.33529707100007,73.45091380400004],[75.42090905000003,73.49811432500007],[75.61939537900008,73.55341217700004],[76.03386478000004,73.57904694200005],[76.07935631600003,73.55955638200004],[75.87305748800003,73.50999583500004],[75.87045332100007,73.49290599200003],[75.90064537900008,73.47085195500006],[75.80258222700007,73.45384349200003],[75.49642988400007,73.44969310100004]]],[[[76.16211998800003,73.56256745000007],[76.73121178500008,73.46979401200008],[76.75660241000008,73.44969310100004],[76.75440514400003,73.42987702000005],[76.56275475400008,73.48631419500003],[76.07195071700005,73.52545807500007],[76.16211998800003,73.56256745000007]]],[[[86.79615319100003,73.61481354400007],[86.39893639400003,73.59438711100006],[86.50961347700007,73.64183177300004],[86.90601647200003,73.70416901200008],[86.80990644600007,73.65835195500006],[86.78939863400007,73.63788483300004],[86.79615319100003,73.61481354400007]]],[[[83.89649498800003,73.99823639500005],[83.88453209700003,74.01886627800008],[83.98015384200005,74.03314850500004],[84.15788821700005,74.01886627800008],[84.37940514400003,74.04767487200007],[84.41830488400007,74.03998444200005],[84.39307701900003,74.02098216400003],[84.32813561300003,74.01251862200007],[84.41830488400007,73.97044505400004],[84.37859134200005,73.95604075700004],[84.22868899800005,73.96694570500006],[84.17872155000003,73.98476797100005],[83.89649498800003,73.99823639500005]]],[[[83.53484134200005,74.08250560100004],[83.39551842500003,74.07453034100007],[83.46558678500003,74.04682038000004],[83.39234459700003,74.03579336100006],[83.08130944100003,74.08710358300004],[82.82813561300003,74.08030833500004],[82.81446373800003,74.09398021000004],[82.91749108200008,74.13092682500007],[83.18002363400007,74.15517812700006],[83.53956139400003,74.11961497600004],[83.62012780000003,74.09088776200008],[83.52759850400008,74.06732819200005],[83.53484134200005,74.08250560100004]]],[[[82.33432050900007,74.08563873900005],[82.31755618600005,74.11684804900005],[82.33326256600003,74.13446686400005],[82.45435631600003,74.16071198100008],[82.56804446700005,74.16290924700007],[82.74000084700003,74.10138580900008],[82.61963951900003,74.05499909100007],[82.55176842500003,74.07391998900005],[82.33432050900007,74.08563873900005]]],[[[84.54184004000007,74.45709870000007],[84.76783287900008,74.40989817900004],[84.73275800900007,74.39569733300004],[84.43921959700003,74.42552317900004],[84.38656660200007,74.45766836100006],[84.59180748800003,74.49892812700006],[84.87086022200003,74.50556061400005],[84.93482506600003,74.48200104400007],[84.85084069100003,74.46800364800004],[84.67359459700003,74.47760651200008],[84.54184004000007,74.45709870000007]]],[[[86.03907311300003,74.51532623900005],[85.96827233200008,74.51235586100006],[86.00855553500003,74.49188873900005],[85.97787519600007,74.46942780200004],[85.85840905000003,74.44403717700004],[85.65845787900008,74.47138092700004],[85.72730553500003,74.50177643400008],[85.79053795700008,74.56761302300004],[85.82545006600003,74.57819245000007],[85.98926842500003,74.57729726800005],[86.20215905000003,74.53388092700004],[86.20720462300005,74.51235586100006],[86.11304772200003,74.48725006700005],[86.03907311300003,74.51532623900005]]],[[[85.20850670700008,74.48981354400007],[85.14812259200005,74.53717682500007],[85.23747806100005,74.57526276200008],[85.53891035200007,74.57440827000005],[85.64478600400008,74.54645416900007],[85.63070722700007,74.51129791900007],[85.49537194100003,74.49941640800006],[85.50131269600007,74.46454498900005],[85.31185957100007,74.46564362200007],[85.20850670700008,74.48981354400007]]],[[[79.14869225400008,74.60789622600004],[79.28321373800003,74.57949453300006],[79.31690514400003,74.59080638200004],[79.31072024800005,74.60871002800008],[79.18279056100005,74.62905508000006],[79.20378665500004,74.65143463700008],[79.24431399800005,74.65863678600005],[79.32056725400008,74.65631745000007],[79.29273522200003,74.63589101800005],[79.33375084700003,74.62531159100007],[79.61410566500007,74.60175202000005],[79.52125084700003,74.55003489800004],[79.53223717500003,74.52602773600006],[79.49000084700003,74.51691315300008],[79.42904707100007,74.52265045800004],[79.14869225400008,74.60789622600004]]],[[[85.46664472700007,74.81395091400003],[85.65845787900008,74.79352448100008],[85.66195722700007,74.75385163000004],[85.70622806100005,74.73143138200004],[85.67896569100003,74.72313060100004],[85.60377037900008,74.73826732000003],[85.50603274800005,74.71625397300005],[85.36573326900003,74.75250885600008],[85.09669030000003,74.75560130400004],[85.34620201900003,74.77789948100008],[85.46664472700007,74.81395091400003]]],[[[86.92359459700003,74.88873932500007],[86.85523522200003,74.91282786700003],[86.72657311300003,74.91620514500005],[86.68685957100007,74.89594147300005],[86.82618248800003,74.85126373900005],[86.94703209700003,74.84072500200006],[86.91960696700005,74.81981028900003],[86.87159264400003,74.82046133000006],[86.73243248800003,74.84951406500005],[86.31983483200008,74.85089752800008],[86.27906334700003,74.88251373900005],[86.21338951900003,74.90338776200008],[86.25114993600005,74.91864655200004],[86.32007897200003,74.90029531500005],[86.50945071700005,74.89032623900005],[86.56592858200008,74.89691803600005],[86.59750410200007,74.91705963700008],[86.50131269600007,74.93065013200004],[86.52930748800003,74.95058828300006],[86.49512780000003,74.97846100500004],[86.52393639400003,74.98696523600006],[86.63917076900003,74.97223541900007],[86.61866295700008,74.95058828300006],[87.02898196700005,74.99152252800008],[87.13884524800005,74.93691640800006],[87.05355879000007,74.89081452000005],[86.92359459700003,74.88873932500007]]],[[[82.08253014400003,75.15802643400008],[82.13656660200007,75.14232005400004],[82.15040123800003,75.09516022300005],[82.02670332100007,75.12872955900008],[82.08253014400003,75.15802643400008]]],[[[82.05128014400003,75.30711497600004],[82.03370201900003,75.28009674700007],[82.04542076900003,75.25580475500004],[81.99268639400003,75.23236725500004],[82.01172936300003,75.20962148600006],[82.01303144600007,75.17715078300006],[81.98454837300005,75.17739492400005],[81.90658613400007,75.20815664300005],[81.87077884200005,75.31590403900003],[81.81763756600003,75.32371653900003],[81.80201256600003,75.31614817900004],[81.81397545700008,75.29315827000005],[81.75855553500008,75.29319896000004],[81.71159915500004,75.31427643400008],[81.72510826900003,75.28701406500005],[81.68848717500003,75.27704498900005],[81.55388431100005,75.32050202000005],[81.58171634200005,75.34845612200007],[81.49244225400008,75.36204661700003],[81.75180097700007,75.46328359600005],[81.79330488400007,75.46507396000004],[81.74122155000003,75.42426178600005],[81.73194420700008,75.40692780200004],[81.77295983200008,75.39679596600007],[81.73878014400003,75.38251373900005],[81.93962649800005,75.39350006700005],[81.96534264400003,75.40302155200004],[81.92139733200008,75.43301015800006],[81.86915123800003,75.44403717700004],[81.95101972700007,75.46507396000004],[81.95101972700007,75.47874583500004],[81.89698326900003,75.49237702000005],[81.95997155000003,75.50975169500003],[82.17074629000007,75.51972077000005],[82.13013756600003,75.45722077000005],[82.13428795700008,75.44082265800006],[82.16456139400003,75.43773021000004],[82.13135826900003,75.42430247600004],[82.01303144600007,75.44403717700004],[82.05290774800005,75.41962311400005],[82.20394941500007,75.41494375200006],[82.29428144600007,75.33417389500005],[82.07691491000008,75.34613678600005],[82.04118899800005,75.33783600500004],[82.05128014400003,75.30711497600004]]],[[[81.55388431100005,75.93060944200005],[82.22803795700008,75.88703034100007],[82.25904381600003,75.87596263200004],[82.22315514400003,75.86041901200008],[81.76140384200005,75.89386627800008],[81.55388431100005,75.93060944200005]]],[[[83.06153405000003,75.93060944200005],[82.84327233200008,75.92487213700008],[82.85613040500004,75.94428131700005],[82.82398522200003,75.95477936400005],[82.70728600400008,75.94428131700005],[82.53394616000008,75.95795319200005],[82.38941491000008,75.94428131700005],[82.27784264400003,75.95538971600007],[82.25904381600003,75.97223541900007],[82.41529381600003,75.96507396000004],[82.56120853000004,75.99884674700007],[82.65748131600003,75.99884674700007],[83.24447675900007,75.96230703300006],[83.29712975400008,75.94310130400004],[83.21290123800003,75.91693756700005],[83.06153405000003,75.93060944200005]]],[[[94.36231530000003,76.57489655200004],[93.86833743600005,76.58856842700004],[93.94410241000003,76.61644114800004],[94.31641686300003,76.58966705900008],[94.36231530000003,76.57489655200004]]],[[[88.81633380600005,76.98540998400006],[88.69981186600006,77.03972270500003],[88.66387512900008,77.08035050300003],[88.78564889000006,77.12357191300003],[89.04712791500003,77.14089453200006],[89.13589831700006,77.12711443300003],[88.96883685300003,77.03943478000008],[89.01868583200007,77.01307845500008],[88.98926217300004,76.98987672600003],[88.91957126100004,76.97710091000005],[88.81633380600005,76.98540998400006]]],[[[89.16293379000007,77.24994538000004],[89.30437259200005,77.30792877800008],[89.60401451900003,77.31256745000007],[89.65316816500007,77.30243561400005],[89.72755137700005,77.24407664100005],[89.81702034700004,77.21058966400005],[89.74679532600004,77.16442435900007],[89.49279048500006,77.14075702300005],[89.30121631000003,77.14722236400007],[89.13461347700007,77.21771881700005],[89.16293379000007,77.24994538000004]]],[[[91.88086998800003,77.61200592700004],[91.86597741000003,77.62864817900004],[91.89128665500004,77.64179108300004],[92.11036217500003,77.62164948100008],[92.03272545700008,77.58808014500005],[91.88086998800003,77.61200592700004]]],[[[93.59956353600006,78.18767964700004],[93.79272336600008,78.20302473900006],[93.92087436700007,78.15702430600004],[93.80767323100008,78.14311167200003],[93.62907962300005,78.15704987200007],[93.59291351000007,78.17239763200007],[93.59956353600006,78.18767964700004]]],[[[92.21338951900003,79.13955312700006],[92.72437584700003,79.07684967700004],[92.51661217500003,79.08038971600007],[92.17562910200007,79.13084544500003],[92.21338951900003,79.13955312700006]]],[[[92.59351647200003,79.40521881700005],[92.58725019600007,79.41950104400007],[92.79127037900008,79.44000885600008],[92.99057050900007,79.41950104400007],[92.90430748800003,79.39793528900003],[92.81324303500003,79.39899323100008],[92.82056725400008,79.39158763200004],[92.79184004000007,79.38324616100005],[92.59351647200003,79.40521881700005]]],[[[92.24382571700005,79.38231028900003],[91.78467858200008,79.41950104400007],[92.07056725400008,79.41388580900008],[92.22388756600003,79.45343659100007],[92.47055097700007,79.43256256700005],[92.26514733200008,79.41266510600008],[92.30543053500003,79.39158763200004],[92.24382571700005,79.38231028900003]]],[[[91.19483483200008,79.51508209800005],[90.82007897200003,79.55670807500007],[90.79379316500007,79.56354401200008],[91.14421634200005,79.53733958500004],[91.53126061300003,79.44928620000007],[91.38502037900008,79.46088288000004],[91.36011803500003,79.46727122600004],[91.36361738400007,79.47785065300008],[91.19483483200008,79.51508209800005]]],[[[76.69483483200008,79.51044342700004],[76.68433678500008,79.52777741100005],[76.62061608200008,79.54857005400004],[76.55201256600003,79.53620026200008],[76.17432701900003,79.56907786700003],[76.05201256600003,79.62929922100005],[76.05144290500004,79.64850495000007],[76.10303795700008,79.66193268400008],[76.22437584700003,79.65737539300005],[76.27735436300003,79.64545319200005],[76.14014733200008,79.63861725500004],[76.19947350400008,79.60858795800004],[76.26880944100003,79.60431549700007],[76.40699303500008,79.61749909100007],[76.42302493600005,79.63703034100007],[76.48226972700007,79.64374420800004],[77.59473717500003,79.53318919500003],[77.61378014400003,79.50897858300004],[77.58285566500007,79.49551015800006],[76.69605553500008,79.47760651200008],[76.64096113400007,79.48712799700007],[76.69483483200008,79.51044342700004]]],[[[93.66993248800003,79.83173248900005],[93.05209394600007,79.71527741100005],[92.62476647200003,79.67279694200005],[91.92188561300003,79.67894114800004],[91.97022545700008,79.69326406500005],[91.91570071700005,79.70693594000005],[91.94450931100005,79.71588776200008],[92.14812259200005,79.73419830900008],[92.28321373800003,79.71181875200006],[92.35328209700003,79.73419830900008],[92.28077233200008,79.77106354400007],[92.09945722700007,79.80988190300008],[91.07252037900008,79.85097890800006],[91.05909264400003,79.86078522300005],[91.08277428500003,79.88397858300004],[91.26238040500004,79.90302155200004],[91.29859459700003,79.91913483300004],[91.23243248800003,79.94179922100005],[91.01758873800003,79.96698639500005],[91.18189537900008,79.99485911700003],[91.16146894600007,80.02684153900003],[91.11361738400007,80.04889557500007],[90.86654707100007,80.06256745000007],[90.90211022200003,80.07363515800006],[91.59644616000003,80.03782786700003],[91.78207441500007,80.06378815300008],[92.04029381600003,80.03729889500005],[92.42432701900003,80.03070709800005],[92.64877363400007,79.98379140800006],[93.72388756600003,79.92731354400007],[93.81373131600003,79.89866771000004],[93.74683678500003,79.85614655200004],[93.66993248800003,79.83173248900005]]],[[[93.99398847700007,79.96478913000004],[93.92986087300005,79.97443268400008],[93.98438561300003,80.01536692900004],[94.25025475400008,80.04010651200008],[94.32764733200003,80.02899811400005],[94.16944420700003,80.00853099200003],[94.18295332100007,79.99485911700003],[94.15414472700007,79.98334381700005],[93.99398847700007,79.96478913000004]]],[[[97.74048912900008,80.66925690300008],[97.55534915500004,80.67426178600005],[97.37322024800005,80.65277741100005],[97.29420006600003,80.67072174700007],[97.13062584700003,80.66583893400008],[97.19157962300005,80.64533112200007],[97.04737389400003,80.58392975500004],[97.05941816500007,80.57225169500003],[97.01978600400008,80.54804108300004],[97.02076256600003,80.52586497600004],[97.14877363400007,80.48700592700004],[97.14698326900003,80.45368073100008],[97.20850670700003,80.43085358300004],[97.19157962300005,80.39154694200005],[97.20582116000003,80.35561758000006],[97.42286217500003,80.32697174700007],[97.38998457100007,80.29572174700007],[97.21949303500003,80.26178620000007],[97.23308353000004,80.24811432500007],[97.18799889400003,80.23358795800004],[95.03394616000003,80.13825104400007],[94.86304772200003,80.15155670800004],[94.71802819100003,80.11782461100006],[94.53003991000003,80.13100820500006],[94.45777428500003,80.09442780200004],[94.17253665500004,80.04157135600008],[93.85059655000003,80.02020905200004],[93.74984785200007,79.99677155200004],[92.98438561300003,80.09731679900005],[92.96501712300005,80.11102936400005],[92.50489342500003,80.15766022300005],[92.06576582100007,80.17243073100008],[92.16732832100007,80.18829987200007],[92.19532311300003,80.20815664300005],[92.83741295700008,80.16014232000003],[92.88819420700008,80.17243073100008],[92.85726972700007,80.18797435100004],[92.69996178500003,80.20368073100008],[92.43897545700008,80.21010976800005],[92.28101647200003,80.23041413000004],[92.21762129000007,80.26532623900005],[92.10743248800003,80.28974030200004],[92.69206790500004,80.29913971600007],[93.28939863400007,80.26683177300004],[93.32016035200007,80.27606842700004],[93.24439537900008,80.30955638200004],[91.53199303500003,80.28974030200004],[91.64128665500004,80.31704336100006],[91.42212975400008,80.30955638200004],[91.47242272200003,80.35040924700007],[91.68897545700008,80.37164948100008],[91.66236412900008,80.38523997600004],[92.12094160200007,80.39899323100008],[92.10010826900003,80.40436432500007],[92.56226647200003,80.37946198100008],[92.62761478000004,80.39154694200005],[92.09685306100005,80.41889069200005],[91.88770592500003,80.46039459800005],[92.27662194100003,80.50946686400005],[92.76929772200003,80.51675039300005],[92.79265384200005,80.52928294500003],[92.82056725400008,80.58392975500004],[92.77898196700005,80.59690989800004],[92.81324303500003,80.61741771000004],[92.82520592500003,80.65062083500004],[92.88868248800003,80.68048737200007],[93.23959394600007,80.76943594000005],[93.27247155000003,80.78253815300008],[93.27027428500003,80.79710521000004],[92.89844811300003,80.76203034100007],[92.75513756600003,80.77570221600007],[92.68238366000003,80.75519440300008],[92.53467858200008,80.75307851800005],[92.50261478000004,80.75861237200007],[92.49724368600005,80.77570221600007],[92.73121178500003,80.85146719000005],[92.67652428500003,80.87872955900008],[92.88884524800005,80.91058991100005],[93.10694420700008,80.92072174700007],[93.16260826900003,80.94696686400005],[93.07585696700005,80.97345612200007],[93.05274498800003,80.99542877800008],[93.47136478000004,81.04389069200005],[93.65495853000004,81.03229401200008],[93.69971764400003,81.05402252800008],[94.05884850400008,81.06903717700004],[94.38599694100003,81.11408112200007],[94.55713951900003,81.10398997600004],[94.88965905000003,81.14435455900008],[95.18702233200003,81.21759674700007],[95.54721113400007,81.22077057500007],[95.03394616000003,81.24868398600006],[95.10352623800003,81.27130768400008],[95.77662194100003,81.28880442900004],[96.02027428500003,81.23444245000007],[95.96558678500003,81.22280508000006],[95.96753991000003,81.20502350500004],[96.13526451900003,81.20246002800008],[96.17115319100003,81.19342682500007],[96.15739993600005,81.17983633000006],[96.18458092500003,81.17145416900007],[96.27491295700003,81.16107819200005],[96.29395592500003,81.13882070500006],[96.55469811300003,81.07737864800004],[96.53288821700005,81.06464264500005],[96.54411868600005,81.02985260600008],[96.73275800900007,81.00844961100006],[96.64405358200003,80.98798248900005],[96.72584069100003,80.97431061400005],[96.76636803500003,80.94993724200003],[96.91089928500003,80.93333567900004],[96.97299238400007,80.90607330900008],[97.42481530000003,80.85146719000005],[97.41065514400003,80.83714427300004],[97.75464928500003,80.82929108300004],[97.78858483200003,80.81663646000004],[97.74708092500003,80.79621002800008],[97.88355553500003,80.76947663000004],[97.74708092500003,80.74160390800006],[97.92652428500003,80.74095286700003],[97.97291100400008,80.72113678600005],[97.94410241000003,80.70014069200005],[97.78028405000003,80.69106679900005],[97.74048912900008,80.66925690300008]]],[[[80.32642662900008,80.86054108300004],[79.12761478000004,80.80670807500007],[78.97461998800003,80.84259674700007],[79.12110436300003,80.92991771000004],[79.21070397200003,80.96133047100005],[79.72999108200008,80.98012929900005],[80.43718509200005,80.94017161700003],[80.39991295700008,80.88593170800004],[80.32642662900008,80.86054108300004]]],[[[91.18620853000004,81.05683014500005],[89.99634850400008,81.10529205900008],[89.91456139400003,81.13263580900008],[89.92302493600005,81.15802643400008],[89.89389082100007,81.17357005400004],[90.07154381600003,81.21454498900005],[91.45484459700003,81.19261302300004],[91.57390384200005,81.13556549700007],[91.18620853000004,81.05683014500005]]],[[[132.45826256600003,42.79828522300005],[132.40154056100005,42.83197663000004],[132.42750084700003,42.89590078300006],[132.4536238940001,42.86090729400007],[132.44988040500004,42.828111070000034],[132.47771243600005,42.803900458000044],[132.45826256600003,42.79828522300005]]],[[[131.79118899800005,42.99628327000005],[131.76937910200002,43.01536692900004],[131.79118899800005,43.01740143400008],[131.77751712300005,43.044623114000046],[131.8593856130001,43.03725820500006],[131.826508009,43.06517161700003],[131.9209090500001,43.02415599200003],[131.92400149800005,43.005845445000034],[131.8833113940001,42.96076080900008],[131.837250196,42.96112702000005],[131.75700931100005,42.99005768400008],[131.79118899800005,42.99628327000005]]],[[[137.86353600400003,54.446519273000035],[137.819672071,54.38495514500005],[137.71509850400003,54.367173570000034],[137.71648196700005,54.39215729400007],[137.74830162900003,54.394598700000074],[137.8164168630001,54.44432200700004],[137.83228600400003,54.49103424700007],[137.9179793630001,54.509426174000055],[137.92172285200002,54.464097398000035],[137.86353600400003,54.446519273000035]]],[[[137.6504012380001,54.482123114000046],[137.60889733200008,54.441107489000046],[137.6411238940001,54.400458075000074],[137.56812584700003,54.39663320500006],[137.54672285200002,54.41380442900004],[137.5688582690001,54.42633698100008],[137.57203209700003,54.44863515800006],[137.54672285200002,54.51626211100006],[137.60808353000004,54.565741278000075],[137.62256920700008,54.57078685100004],[137.6504012380001,54.482123114000046]]],[[[138.19001337200007,54.71557892000004],[138.226782555,54.715626317000044],[138.24099507800008,54.71371165900007],[138.19594380500007,54.70111044100008],[138.19001337200007,54.71557892000004]]],[[[138.02100670700008,54.93724192900004],[137.98617597700002,54.88275788000004],[138.004730665,54.819525458000044],[137.98617597700002,54.79743073100008],[137.87907962300005,54.75971100500004],[137.843109571,54.71507396000004],[137.7426863940001,54.660223700000074],[137.71892337300005,54.624335028000075],[137.64625084700003,54.661322333000044],[137.4853621750001,54.879339911000045],[137.225922071,54.77781810100004],[137.27491295700008,54.89826080900008],[137.39014733200008,55.006293036000045],[137.4614363940001,55.02680084800005],[137.49089603000004,55.07050202000005],[137.4921981130001,55.11953359600005],[137.56788170700008,55.194647528000075],[137.63884524800005,55.19253164300005],[137.70492597700002,55.16791413000004],[137.7021590500001,55.151271877000056],[137.78638756600003,55.137600002000056],[137.9521590500001,55.14687734600005],[137.98617597700002,55.09906647300005],[137.883148634,55.00287506700005],[138.04672285200002,55.05805084800005],[138.1836043630001,55.05760325700004],[138.21216881600003,55.036363023000035],[138.11280358200008,55.006293036000045],[138.047699415,54.94082265800006],[138.02100670700008,54.93724192900004]]],[[[137.08814537900003,54.954413153000075],[137.07496178500003,54.93317291900007],[137.017914259,54.920355536000045],[136.94304446700005,54.92283763200004],[136.92335045700008,54.95783112200007],[136.895843946,54.960150458000044],[136.84131920700008,54.93781159100007],[136.74887129,54.93109772300005],[136.738617384,54.92031484600005],[136.7597762380001,54.893011786000045],[136.73812910200002,54.88507721600007],[136.6704207690001,54.90729401200008],[136.70093834700003,54.96478913000004],[136.80925540500004,55.01805247600004],[137.04607181100005,55.10643138200004],[137.08814537900003,55.08539459800005],[137.1220809250001,55.12128327000005],[137.171234571,55.11953359600005],[137.1806746750001,55.09320709800005],[137.113617384,55.025376695000034],[137.06511478000004,55.00023021000004],[137.08814537900003,54.954413153000075]]],[[[137.48218834700003,71.48403554900005],[137.3950301440001,71.48114655200004],[137.31812584700003,71.49917226800005],[137.26685631600003,71.49017975500004],[137.41089928500003,71.45604075700004],[137.37671959700003,71.44863515800006],[137.38982181100005,71.43561432500007],[137.344086134,71.42755768400008],[136.99187259200005,71.51752350500004],[137.21827233200008,71.57623932500007],[137.47250410200002,71.58673737200007],[137.5800887380001,71.57684967700004],[137.7060653000001,71.59642161700003],[137.8701278000001,71.57953522300005],[137.9658309250001,71.51068756700005],[137.76742597700002,71.43073151200008],[137.6933699880001,71.41937897300005],[137.58619225400003,71.43740469000005],[137.48218834700003,71.48403554900005]]],[[[128.816742384,72.55902741100005],[128.76905358200008,72.55219147300005],[128.78272545700008,72.54535553600005],[128.6533309250001,72.52749258000006],[128.383148634,72.55304596600007],[128.10368899800005,72.63471100500004],[128.65251712300005,72.67576732000003],[128.870453321,72.65151601800005],[128.97445722700002,72.59381745000007],[128.87224368600005,72.59186432500007],[128.816742384,72.55902741100005]]],[[[129.3986125460001,72.86602262700006],[129.41713899900003,72.81259570200007],[129.33406087900005,72.77370331900005],[129.207042752,72.76189459800008],[128.31714928500003,72.81232330900008],[128.32154381600003,72.82855866100005],[128.41900670200005,72.86926187200004],[128.73566124900003,72.88414824600005],[128.99408262200006,72.93247107700006],[129.21965983500002,72.92640602700004],[129.3986125460001,72.86602262700006]]],[[[119.72071373800009,73.03384023600006],[119.70264733200008,73.04629140800006],[119.76465905000009,73.07294342700004],[119.63445071700005,73.12815989800004],[119.79200280000009,73.16233958500004],[120.02198326900009,73.16811758000006],[120.27857506600003,73.10089752800008],[120.20972741000003,73.05247630400004],[120.23023522200003,73.03949616100005],[119.72071373800009,73.03384023600006]]],[[[128.063324415,73.49135976800005],[127.69743899800005,73.50543854400007],[127.61768639400009,73.50031159100007],[127.39234459700003,73.52545807500007],[127.52027428500003,73.54564036700003],[127.69092858200008,73.54287344000005],[128.063324415,73.49135976800005]]],[[[124.43824303500003,73.85516998900005],[124.39047285200002,73.84662506700005],[124.28785241000003,73.88092682500007],[124.31251061300009,73.90424225500004],[124.37647545700008,73.91583893400008],[124.32178795700008,73.92328522300005],[124.38103274800005,73.93939850500004],[124.57569420700008,73.95001862200007],[124.45883222700002,73.92328522300005],[124.63331139400009,73.91014232000003],[124.66065514400009,73.89199453300006],[124.51417076900009,73.84137604400007],[124.43824303500003,73.85516998900005]]],[[[136.14616946700005,73.87710195500006],[136.08073978000004,73.89817942900004],[136.04167728000004,73.93805573100008],[135.73267662900003,74.04120514500005],[135.6601668630001,74.11017487200007],[135.55298912900003,74.15102773600006],[135.43930097700002,74.16111888200004],[135.4091903000001,74.18402741100005],[135.39128665500004,74.23456452000005],[135.3540145190001,74.25910065300008],[135.58952884200005,74.23505280200004],[135.7451278000001,74.17039622600004],[136.0107528000001,74.10346100500004],[136.2627059250001,73.98899974200003],[136.26978600400003,73.93162669500003],[136.14616946700005,73.87710195500006]]],[[[113.36638431100005,74.35122304900005],[113.24122155000009,74.30003489800004],[113.28158613400001,74.27960846600007],[113.22348066500001,74.26390208500004],[113.20704186300009,74.25165436400005],[113.22006269600001,74.24481842700004],[112.96656334700003,74.19358958500004],[112.84571373800009,74.10834381700005],[112.77491295700008,74.08808014500005],[112.16285241000003,74.13857656500005],[111.93873131600003,74.21710846600007],[111.58130944100003,74.26015859600005],[111.45923912900003,74.31370677300004],[111.46851647200003,74.34479401200008],[111.51099694100003,74.36005280200004],[111.64771569100003,74.37995026200008],[111.85157311300003,74.35053131700005],[111.95134524800005,74.37079498900005],[111.98682701900003,74.39569733300004],[111.97291100400003,74.42059967700004],[112.00416100400003,74.44769928600005],[111.97315514400003,74.47821686400005],[112.00733483200008,74.53815338700008],[112.11011803500003,74.55121491100005],[112.74976647200003,74.49579498900005],[113.31446373800009,74.47980377800008],[113.40577233200008,74.44403717700004],[113.42953535200002,74.40619538000004],[113.42945397200003,74.39419179900005],[113.36475670700008,74.38263580900008],[113.36638431100005,74.35122304900005]]],[[[116.05298912900003,74.28522370000007],[115.88998457100001,74.30369700700004],[115.89877363400001,74.34259674700007],[115.98072350400003,74.37750885600008],[116.06332441500001,74.37099844000005],[116.12484785200002,74.32322825700004],[116.09148196700005,74.29262929900005],[116.05298912900003,74.28522370000007]]],[[[136.97144616000003,75.60162995000007],[136.99203535200002,75.58832428600005],[137.08130944100003,75.56818268400008],[136.99732506600003,75.57933177300004],[136.97144616000003,75.60162995000007]]],[[[135.450043165,75.37567780200004],[135.46159915500004,75.46206289300005],[135.51579837300005,75.48403554900005],[135.594086134,75.56818268400008],[135.539398634,75.67796458500004],[135.5879012380001,75.70465729400007],[135.57349694100003,75.72577545800004],[135.607758009,75.75250885600008],[135.60474694100003,75.76984284100007],[135.67107181100005,75.80166250200006],[135.6782332690001,75.85976797100005],[135.69312584700003,75.86933014500005],[135.70850670700008,75.86481354400007],[135.703949415,75.84808991100005],[135.8164168630001,75.78058502800008],[135.8212996750001,75.74567291900007],[135.86475670700008,75.70465729400007],[136.18433678500003,75.61591217700004],[135.959320509,75.50202057500007],[135.967133009,75.47947825700004],[136.03296959700003,75.44403717700004],[135.9834090500001,75.41718170800004],[135.84449303500003,75.38263580900008],[135.450043165,75.37567780200004]]],[[[136.97022545700008,75.60968659100007],[137.071136915,75.64325592700004],[137.13990319100003,75.65281810100004],[136.97022545700008,75.60968659100007]]],[[[96.69857832100007,75.99579498900005],[96.71314537900008,76.02163320500006],[96.74773196700005,76.03099192900004],[97.33480879000007,76.10871002800008],[97.30486087300005,76.08340078300006],[97.04737389400003,76.00633372600004],[96.74805748800003,75.98102448100008],[96.69857832100007,75.99579498900005]]],[[[95.00603274800005,76.17767975500004],[95.10157311300003,76.22540924700007],[95.15894616000003,76.20160553600005],[95.19727623800003,76.16400788000004],[95.10157311300003,76.15497467700004],[95.00603274800005,76.17767975500004]]],[[[96.56666100400008,76.15839264500005],[96.51986738400007,76.19065989800004],[96.56153405000003,76.23163483300004],[96.42554772200003,76.27362702000005],[96.34685306100005,76.25470612200007],[96.42432701900003,76.21238841400003],[96.27849368600005,76.22223541900007],[96.24610436300003,76.20498281500005],[96.39649498800003,76.17767975500004],[96.40056399800005,76.15517812700006],[96.32129967500003,76.13605377800008],[96.36963951900003,76.11562734600005],[96.34473717500003,76.10504791900007],[96.18140709700003,76.15468984600005],[95.89136803500003,76.15363190300008],[95.70411217500003,76.17609284100007],[95.66334069100003,76.19065989800004],[95.67017662900008,76.19814687700006],[95.31055748800003,76.20115794500003],[95.26612389400003,76.21857330900008],[95.32129967500003,76.23908112200007],[95.31397545700003,76.27659739800004],[95.34994550900007,76.28876373900005],[95.46949303500003,76.28583405200004],[95.57016035200007,76.23818594000005],[95.72706139400003,76.29071686400005],[95.81226647200003,76.30292389500005],[95.87232506600003,76.27952708500004],[96.06812584700003,76.28001536700003],[96.07227623800003,76.23578522300005],[96.10417728000004,76.23163483300004],[96.21957441500007,76.30121491100005],[96.28296959700003,76.30927155200004],[96.64405358200003,76.26703522300005],[96.64633222700007,76.24787018400008],[96.57837975400008,76.19464752800008],[96.59555097700007,76.15717194200005],[96.56666100400008,76.15839264500005]]],[[[94.84888756600003,76.18610260600008],[94.55762780000003,76.20441315300008],[94.50025475400008,76.18964264500005],[94.41016686300003,76.21238841400003],[94.49219811300003,76.23908112200007],[94.77865644600007,76.21092357000003],[94.79997806100005,76.21857330900008],[94.74537194100003,76.25958893400008],[94.91407311300003,76.29279205900008],[94.99919681100005,76.27326080900008],[94.85523522200003,76.23908112200007],[94.90357506600003,76.21238841400003],[94.84888756600003,76.18610260600008]]],[[[96.72934004000007,76.18109772300005],[96.71697024800005,76.22272370000007],[96.74024498800003,76.25202057500007],[96.72584069100003,76.25958893400008],[96.87680097700007,76.32225169500003],[96.82837975400008,76.34149811400005],[96.85401451900003,76.35565827000005],[97.03142337300005,76.34186432500007],[97.07545006600003,76.30801015800006],[96.98560631600003,76.28217194200005],[96.85954837300005,76.27216217700004],[96.78736412900008,76.21238841400003],[96.92994225400008,76.26154205900008],[97.04127037900008,76.23908112200007],[96.90894616000003,76.22040436400005],[96.76091556100005,76.17641836100006],[96.72934004000007,76.18109772300005]]],[[[96.69792728000004,76.29751211100006],[96.61060631600003,76.32322825700004],[96.43376712300005,76.32111237200007],[96.38331139400003,76.33527252800008],[96.72461998800003,76.34638092700004],[96.76693769600007,76.33527252800008],[96.71973717500003,76.32225169500003],[96.69792728000004,76.29751211100006]]],[[[113.26172936300009,76.39671458500004],[113.40870201900009,76.38711172100005],[113.44662519600001,76.36945221600007],[113.11768639400009,76.37689850500004],[113.20826256600003,76.43305084800005],[113.26433353000004,76.44432200700004],[113.30941816500001,76.42348867400005],[113.26172936300009,76.39671458500004]]],[[[112.14584394600001,76.63694896000004],[112.27222741000003,76.61554596600007],[112.30892988400001,76.62270742400005],[112.32935631600003,76.65741608300004],[112.38843834700003,76.65387604400007],[112.41480553500003,76.63641998900005],[112.52808678500003,76.62270742400005],[112.48650149800005,76.60219961100006],[112.54851321700005,76.58173248900005],[112.52068118600005,76.56806061400005],[112.56967207100001,76.55499909100007],[112.50757897200003,76.54071686400005],[112.71412194100003,76.52045319200005],[112.57593834700003,76.49974192900004],[112.61801191500001,76.45880768400008],[112.56788170700008,76.44350820500006],[112.42310631600003,76.46572500200006],[112.31006920700008,76.53400299700007],[112.11939537900003,76.54922109600005],[112.04566491000003,76.58795807500007],[111.95883222700007,76.60219961100006],[112.02100670700008,76.60960521000004],[111.96631920700003,76.63007233300004],[112.14584394600001,76.63694896000004]]],[[[97.52540123800003,76.58222077000005],[97.31495201900003,76.60960521000004],[97.39136803500003,76.63495514500005],[97.38697350400008,76.65399811400005],[97.37191816500007,76.67230866100005],[97.28825931100005,76.69159577000005],[97.41814212300005,76.71889883000006],[97.46753991000003,76.69672272300005],[97.48487389400003,76.63027578300006],[97.59620201900003,76.60219961100006],[97.52540123800003,76.58222077000005]]],[[[96.31348717500003,76.62254466400003],[95.88990319100003,76.61644114800004],[95.88990319100003,76.65062083500004],[95.96436608200003,76.67645905200004],[96.08008873800003,76.66815827000005],[96.23243248800003,76.71206289300005],[96.46583092500003,76.71206289300005],[96.47201582100007,76.69159577000005],[96.39421634200005,76.67987702000005],[96.36133873800003,76.66547272300005],[96.36963951900003,76.64321523600006],[96.31348717500003,76.62254466400003]]],[[[94.81763756600003,76.65399811400005],[94.86784915500004,76.67397695500006],[95.06592858200003,76.68138255400004],[95.12208092500003,76.71889883000006],[95.19662519600007,76.68675364800004],[95.32748457100007,76.66425202000005],[95.28516686300003,76.64252350500004],[95.22779381600003,76.63996002800008],[95.11841881600003,76.65062083500004],[94.84669030000003,76.63784414300005],[94.81763756600003,76.65399811400005]]],[[[95.47974694100003,76.65424225500004],[95.43734785200007,76.67108795800004],[95.41700280000003,76.70526764500005],[95.52084394600007,76.71678294500003],[95.61915123800003,76.67039622600004],[95.73365319100003,76.69843170800004],[95.83472741000003,76.69159577000005],[95.79265384200005,76.66933828300006],[95.68441816500007,76.65106842700004],[95.47974694100003,76.65424225500004]]],[[[97.45403079500005,76.72129954600007],[97.44752037900008,76.74233633000006],[97.16073652400007,76.75360748900005],[97.63900800900007,76.77309804900005],[97.64795983200003,76.74860260600008],[97.62305748800003,76.73749420800004],[97.56552168100006,76.75230540600006],[97.45403079500005,76.72129954600007]]],[[[96.26596113400007,77.03424713700008],[96.30762780000003,77.01365794500003],[96.23503665500004,76.99046458500004],[96.11980228000004,77.00674062700006],[95.68441816500007,76.95229726800005],[95.79712975400008,76.99262116100005],[95.95142662900008,77.01365794500003],[95.91846764400003,77.03070709800005],[95.86988366000003,77.03046295800004],[95.78003991000003,77.01365794500003],[95.25709069100003,76.99160390800006],[95.23194420700003,77.00629303600005],[95.42066491000003,77.05548737200007],[95.58082116000003,77.07855866100005],[95.70484459700003,77.07514069200005],[96.30201256600003,77.16063060100004],[96.46216881600003,77.21027252800008],[96.52735436300003,77.20551178600005],[96.58936608200003,77.14411041900007],[96.47722415500004,77.08222077000005],[96.26596113400007,77.03424713700008]]],[[[105.86182701900003,77.25486888200004],[105.78492272200003,77.28058502800008],[105.90267988400007,77.30402252800008],[105.97038821700005,77.30508047100005],[106.01148522200003,77.28742096600007],[105.91195722700007,77.27627187700006],[105.86182701900003,77.25486888200004]]],[[[107.72169030000003,77.26972077000005],[107.34457441500007,77.23285553600005],[107.20484459700003,77.23432038000004],[107.23796634200005,77.25332265800006],[107.45704186300003,77.28058502800008],[107.27955162900003,77.30170319200005],[107.39535566500007,77.36025625200006],[107.60580488400007,77.32859935100004],[107.74512780000003,77.32904694200005],[107.74317467500003,77.31305573100008],[107.70411217500003,77.29425690300008],[107.72169030000003,77.26972077000005]]],[[[106.33301842500003,77.32160065300008],[106.40845787900003,77.33100006700005],[106.45655358200003,77.32160065300008],[106.39039147200003,77.30475495000007],[106.33301842500003,77.32160065300008]]],[[[106.70093834700003,77.38361237200007],[106.52475019600007,77.39044830900008],[106.52670332100007,77.40550364800004],[106.56234785200007,77.42153554900005],[106.55958092500003,77.43829987200007],[106.73031660200007,77.47044505400004],[106.94312584700003,77.45872630400004],[106.86117597700007,77.44574616100005],[106.88249759200005,77.43374258000006],[106.86475670700003,77.41901276200008],[106.76612389400003,77.42645905200004],[106.70093834700003,77.38361237200007]]],[[[107.43458092500003,78.09080638200004],[107.39063561300003,78.10248444200005],[107.20386803500003,78.08250560100004],[106.39503014400003,78.13092682500007],[106.47706139400003,78.16250234600005],[106.92986087300005,78.18329498900005],[106.93628991000003,78.17194245000007],[107.25904381600003,78.16449616100005],[107.33790123800003,78.19074127800008],[107.56511478000004,78.18756745000007],[107.70411217500003,78.13715241100005],[107.70411217500003,78.12348053600005],[107.57357832100007,78.06757233300004],[107.45101972700007,78.05316803600005],[107.42156009200005,78.07412344000005],[107.43458092500003,78.09080638200004]]],[[[106.02564537900003,78.25702545800004],[106.06885826900003,78.27057526200008],[106.33790123800003,78.26585521000004],[106.38892662900003,78.28864166900007],[106.38070722700007,78.29539622600004],[106.41724694100003,78.32819245000007],[106.47006269600007,78.34259674700007],[106.60523522200003,78.34149811400005],[106.76563561300003,78.30849844000005],[106.73308353000004,78.26585521000004],[106.65992272200003,78.26365794500003],[106.62094160200007,78.28603750200006],[106.45020592500003,78.26129791900007],[106.53223717500003,78.25385163000004],[106.50033613400007,78.24144114800004],[106.19385826900003,78.19306061400005],[105.99097741000003,78.21914297100005],[106.02564537900003,78.25702545800004]]],[[[104.78736412900008,78.33637116100005],[104.63038170700003,78.35675690300008],[104.35328209700003,78.34145742400005],[103.71257571700005,78.25629303600005],[103.12110436300003,78.24412669500003],[103.01596113400007,78.25649648600006],[102.86573326900003,78.21914297100005],[102.89307701900003,78.20673248900005],[102.83741295700003,78.18573639500005],[102.66032962300005,78.16449616100005],[102.68148847700007,78.21287669500003],[102.60710696700005,78.22553131700005],[102.23853600400008,78.21979401200008],[102.02540123800003,78.18528880400004],[101.97486412900008,78.21206289300005],[101.61378014400003,78.19013092700004],[101.20980879000007,78.19350820500006],[101.01238040500004,78.13035716400003],[100.58277428500003,78.06146881700005],[100.48316491000003,78.02997467700004],[100.36622155000003,78.02285390800006],[100.03728274800005,77.96161530200004],[99.87126712300005,77.95221588700008],[99.65870201900003,77.96588776200008],[99.51465905000003,77.94354889500005],[99.47380618600005,77.95966217700004],[99.37134850400008,77.95966217700004],[99.42603600400008,77.98700592700004],[99.26832116000003,78.04157135600008],[99.42603600400008,78.07566966400003],[99.53581790500004,78.14459870000007],[99.52214603000004,78.16526927300004],[99.54314212300005,78.17967357000003],[99.60352623800003,78.19236888200004],[99.75513756600003,78.26455312700006],[99.96876061300003,78.33441803600005],[100.04965254000007,78.34320709800005],[99.99805748800003,78.38483307500007],[100.01563561300003,78.40468984600005],[100.00074303500003,78.41771067900004],[100.09693444100003,78.44904205900008],[100.15040123800003,78.48676178600005],[100.13111412900008,78.50092194200005],[100.14234459700003,78.51056549700007],[100.27564537900008,78.57973867400005],[100.28858483200003,78.59267812700006],[100.25464928500003,78.62376536700003],[100.25464928500003,78.66535065300008],[100.33130944100003,78.69358958500004],[100.38526451900003,78.75161367400005],[100.60157311300003,78.79816315300008],[100.73389733200003,78.77562083500004],[100.99398847700007,78.76406484600005],[101.03093509200005,78.74339427300004],[101.16635175900007,78.76097239800004],[101.08220462300005,78.78595612200007],[100.90430748800003,78.78839752800008],[100.82374108200003,78.80878327000005],[100.83277428500003,78.83152903900003],[100.78223717500003,78.86334870000007],[100.78492272200003,78.89508698100008],[100.87826582100007,78.94594961100006],[100.90723717500003,78.98509349200003],[101.07007897200003,79.03465403900003],[101.59164472700007,78.97699616100005],[101.62566165500004,78.98688385600008],[100.98812910200007,79.06264883000006],[101.04265384200005,79.13300202000005],[101.19564863400007,79.14716217700004],[101.12598717500003,79.16502513200004],[101.19418379000007,79.20286692900004],[101.30990644600007,79.23875560100004],[101.49756920700003,79.24022044500003],[101.55738366000003,79.25438060100004],[101.54102623800003,79.27399323100008],[101.56364993600005,79.29596588700008],[101.52947024800005,79.30219147300005],[101.55054772200003,79.33014557500007],[101.54371178500003,79.34076569200005],[101.64673912900008,79.36424388200004],[101.81755618600005,79.37103913000004],[101.95199629000007,79.30231354400007],[101.96705162900008,79.28412506700005],[101.96078535200007,79.26121653900003],[102.24626712300005,79.24164459800005],[102.26319420700003,79.25438060100004],[102.16781660200007,79.29238515800006],[102.13965905000003,79.35683828300006],[102.19703209700003,79.40818919500003],[102.30290774800005,79.43280670800004],[102.60572350400008,79.41718170800004],[102.75220787900008,79.38882070500006],[102.89372806100005,79.38133372600004],[102.94434655000003,79.34121328300006],[103.13835696700005,79.32514069200005],[103.15316816500007,79.30963776200008],[103.06397545700003,79.28172435100004],[102.92994225400008,79.27570221600007],[102.82545006600003,79.22711823100008],[102.85962975400008,79.22028229400007],[102.74293053500003,79.15884023600006],[102.79761803500003,79.13833242400005],[102.67400149800005,79.07684967700004],[102.70004316500007,79.05182526200008],[102.69141686300003,79.03221263200004],[102.63990319100003,79.01422760600008],[102.63648522200003,78.99746328300006],[102.44027754000007,78.88580963700008],[102.37916100400008,78.82245514500005],[102.53003991000003,78.84349192900004],[102.66578209700003,78.89240143400008],[102.68775475400008,78.91844310100004],[102.79004967500003,78.95604075700004],[102.88656660200007,79.04523346600007],[102.92115319100003,79.05841705900008],[103.14429772200003,79.05776601800005],[103.27767988400007,79.08319733300004],[103.30469811300003,79.09674713700008],[103.29712975400008,79.10358307500007],[103.34913170700003,79.11635976800005],[103.46265709700003,79.11391836100006],[103.51685631600003,79.12742747600004],[103.53101647200003,79.15936920800004],[103.62427819100003,79.17121002800008],[103.64665774800005,79.16502513200004],[103.60629316500007,79.13833242400005],[103.80795332100007,79.15350983300004],[104.00131269600007,79.12767161700003],[104.02328535200007,79.09674713700008],[103.97624759200005,79.06264883000006],[104.07374108200003,79.03278229400007],[104.07349694100003,79.00482819200005],[104.38314863400007,78.98859284100007],[104.45533287900008,78.96674225500004],[104.50375410200007,78.92544179900005],[104.48340905000003,78.89069245000007],[104.52491295700003,78.88507721600007],[104.49919681100005,78.86375560100004],[104.36670983200003,78.85712311400005],[104.63257897200003,78.84284088700008],[104.65455162900008,78.82990143400008],[104.63835696700005,78.79051341400003],[104.57886803500003,78.77521393400008],[104.72510826900003,78.79083893400008],[104.75709069100003,78.81928131700005],[104.72291100400008,78.84349192900004],[104.75904381600003,78.85333893400008],[105.05876712300005,78.84349192900004],[105.17505944100003,78.80927155200004],[105.25733483200003,78.74046458500004],[105.23959394600007,78.72500234600005],[105.24976647200003,78.71332428600005],[105.34376061300003,78.64232005400004],[105.33350670700003,78.60480377800008],[105.41553795700003,78.58344147300005],[105.36768639400003,78.54319896000004],[105.38021894600007,78.53506094000005],[105.35743248800003,78.50625234600005],[105.20948326900003,78.47357819200005],[104.78736412900008,78.33637116100005]]],[[[99.45834394600007,78.82880280200004],[99.13306725400008,78.82746002800008],[98.92750084700003,78.80731842700004],[98.60271243600005,78.81586334800005],[98.55518639400003,78.80255768400008],[98.60271243600005,78.79254791900007],[98.57960045700003,78.78217194200005],[98.32740319100003,78.78473541900007],[98.24048912900008,78.80878327000005],[98.08961022200003,78.80878327000005],[98.11695397200003,78.81622955900008],[98.08277428500003,78.82420482000003],[97.94556725400008,78.80878327000005],[97.76075280000003,78.80878327000005],[97.67351321700005,78.82811107000003],[97.44223066500007,78.81720612200007],[97.40447024800005,78.82990143400008],[97.60303795700003,78.84349192900004],[97.26392662900008,78.85301341400003],[96.91871178500003,78.94135163000004],[96.84205162900008,78.94594961100006],[96.86939537900008,78.96698639500005],[96.79851321700005,78.98920319200005],[96.28028405000003,78.99433014500005],[96.36963951900003,79.02167389500005],[95.93246504000007,78.99290599200003],[95.67253665500004,79.00096263200004],[95.65349368600005,79.01113515800006],[95.64283287900008,79.04897695500006],[95.67017662900008,79.06940338700008],[95.57520592500003,79.08307526200008],[95.52377363400007,79.10907623900005],[95.42212975400008,79.10626862200007],[95.17969811300003,79.05215078300006],[95.01823978000004,79.03851959800005],[94.97934004000007,79.05516185100004],[94.99244225400008,79.06264883000006],[94.82667076900003,79.06663646000004],[94.63233483200003,79.12742747600004],[94.62281334700003,79.13764069200005],[94.64975019600007,79.17926666900007],[94.61736087300005,79.20132070500006],[94.33399498800003,79.24860260600008],[94.32325280000003,79.28253815300008],[94.35482832100007,79.31586334800005],[94.31332441500007,79.35000234600005],[94.32081139400003,79.39158763200004],[94.36231530000003,79.44000885600008],[94.31226647200003,79.47919342700004],[94.05323326900003,79.47353750200006],[94.08057701900003,79.44684479400007],[93.98804772200003,79.42715078300006],[93.69695071700005,79.45986562700006],[93.92457116000003,79.47052643400008],[93.99122155000003,79.49404531500005],[93.79249108200008,79.52090078300006],[93.74887129000007,79.54385000200006],[93.69019616000003,79.54242584800005],[93.80005944100003,79.56293366100005],[93.88200931100005,79.60382721600007],[93.72095787900008,79.59540436400005],[93.68539472700007,79.56317780200004],[93.55827884200005,79.54938385600008],[93.44312584700003,79.50145091400003],[93.53931725400008,79.48712799700007],[93.36378014400003,79.46991608300004],[93.23585045700008,79.43895091400003],[93.11410566500007,79.46727122600004],[93.32016035200007,79.50145091400003],[93.27881920700008,79.51976146000004],[93.17628014400003,79.52875397300005],[93.05445397200003,79.51854075700004],[93.01856530000003,79.52875397300005],[93.04175866000003,79.53432851800005],[92.85417728000004,79.55609772300005],[92.90333092500003,79.57469310100004],[93.15707441500007,79.54266998900005],[93.28028405000003,79.55247630400004],[93.76148522200003,79.65070221600007],[93.78565514400003,79.65851471600007],[93.79444420700008,79.68817780200004],[93.84791100400008,79.70966217700004],[94.16944420700003,79.77521393400008],[94.69011478000004,79.81610748900005],[94.51587975400008,79.85398997600004],[94.35987389400003,79.86790599200003],[94.32276451900003,79.89398834800005],[94.22461998800003,79.89866771000004],[94.29664147200003,79.92658112200007],[94.38233483200003,79.93341705900008],[94.32081139400003,79.96698639500005],[94.35124759200005,79.97699616100005],[94.45118248800003,79.96698639500005],[94.74976647200003,80.00747304900005],[94.79997806100005,80.02899811400005],[94.79371178500003,80.04266998900005],[94.93555748800003,80.07127513200004],[94.90984134200005,80.09731679900005],[94.95199629000007,80.10447825700004],[95.10775800900007,80.07343170800004],[95.10775800900007,80.05634186400005],[95.24187259200005,80.02155182500007],[95.34929446700005,80.03253815300008],[95.36304772200003,80.07916901200008],[95.50212649800005,80.11147695500006],[96.10962975400008,80.11098867400005],[96.10279381600003,80.09048086100006],[96.17408287900008,80.09149811400005],[96.27003014400003,80.11782461100006],[96.36003665500004,80.09870026200008],[96.50147545700003,80.10663483300004],[96.60792076900003,80.13825104400007],[96.71566816500007,80.11782461100006],[97.59213300900007,80.17487213700008],[97.82943769600007,80.13141510600008],[97.94369550900007,80.07859935100004],[98.08961022200003,80.05634186400005],[98.00717207100007,80.01459381700005],[97.84782962300005,79.99652741100005],[97.85621178500003,79.97748444200005],[97.76807701900003,79.94647858300004],[97.82943769600007,79.93341705900008],[97.81421959700003,79.91632721600007],[97.75196373800003,79.88617584800005],[97.58253014400003,79.85712311400005],[97.65821373800003,79.82977936400005],[97.52051842500003,79.80927155200004],[97.63038170700003,79.78880442900004],[97.60873457100007,79.77659739800004],[97.19157962300005,79.70693594000005],[97.24683678500003,79.69953034100007],[97.70582116000003,79.76316966400003],[97.72315514400003,79.80536530200004],[97.91773522200003,79.85712311400005],[97.88404381600003,79.87718333500004],[97.92611738400007,79.90216705900008],[98.08790123800003,79.90550364800004],[98.25562584700003,79.87287018400008],[98.37720787900008,79.87787506700005],[98.45281009200005,79.90550364800004],[98.41863040500004,79.91913483300004],[98.48682701900003,79.93964264500005],[98.47315514400003,79.94647858300004],[98.48731530000003,79.95555247600004],[98.58236738400007,79.97597890800006],[98.43913821700005,80.01536692900004],[98.51539147200003,80.05231354400007],[98.75619550900007,80.03778717700004],[99.19898522200003,80.04999420800004],[99.24781334700003,80.03583405200004],[99.15845787900008,80.01536692900004],[99.33171634200005,80.01976146000004],[99.37582441500007,80.00043366100005],[99.35027103000004,79.98802317900004],[99.37582441500007,79.97955963700008],[99.56316165500004,79.96698639500005],[99.50171959700003,79.95331452000005],[99.53581790500004,79.93573639500005],[99.66553795700003,79.93341705900008],[99.80339603000004,79.90550364800004],[99.88062584700003,79.85927969000005],[100.02247155000003,79.82355377800008],[100.00171959700003,79.80548737200007],[100.07699629000007,79.78266022300005],[100.01392662900008,79.75633372600004],[99.81706790500004,79.74164459800005],[99.88111412900008,79.71141185100004],[99.88599694100003,79.69326406500005],[99.76791425900007,79.64545319200005],[99.77816816500007,79.62494538000004],[99.70720462300005,79.56907786700003],[99.78907311300003,79.52191803600005],[99.68604576900003,79.47353750200006],[99.73373457100007,79.41950104400007],[99.69629967500003,79.38816966400003],[99.74805748800003,79.36424388200004],[99.66667728000004,79.31224192900004],[99.60352623800003,79.29596588700008],[99.58301842500003,79.27488841400003],[99.47006269600007,79.26630280200004],[99.46013431100005,79.24754466400003],[99.14698326900003,79.31069570500006],[99.03492272200003,79.29596588700008],[99.61085045700003,79.15884023600006],[99.48804772200003,79.14516836100006],[99.52702884200005,79.12376536700003],[99.85450280000003,79.08991120000007],[99.88599694100003,79.04148997600004],[99.86304772200003,79.02435944200005],[99.94662519600007,78.97011953300006],[99.92554772200003,78.94599030200004],[99.87720787900008,78.93113841400003],[99.68604576900003,78.89813873900005],[99.63038170700003,78.86762116100005],[99.45834394600007,78.82880280200004]]],[[[99.90577233200003,79.60382721600007],[99.94044030000003,79.64545319200005],[99.93604576900003,79.67430247600004],[99.98292076900003,79.69790273600006],[100.09693444100003,79.70062897300005],[100.08326256600003,79.68642812700006],[100.25733483200003,79.68081289300005],[100.30982506600003,79.66596100500004],[100.07016035200007,79.63861725500004],[99.94410241000003,79.59076569200005],[99.90577233200003,79.60382721600007]]],[[[146.102956576,43.43301015800017],[146.04509524800017,43.402777411000045],[146.02645918100018,43.41075267100018],[146.04517662900003,43.43142324400014],[146.08090254000012,43.43109772300011],[146.09929446700016,43.44704824400009],[146.102956576,43.43301015800017]]],[[[145.90007571700005,43.41876862200007],[145.890961134,43.44489166900013],[145.86500084700015,43.456162828000174],[145.93816165500004,43.45534902600019],[145.9467879570002,43.42434316600014],[145.90007571700005,43.41876862200007]]],[[[146.20915774800005,43.48346588700008],[146.13404381600003,43.46303945500006],[146.123383009,43.48969147300005],[146.07935631600003,43.517645575000074],[146.15748131600003,43.54633209800005],[146.2295028000001,43.531317450000074],[146.20492597700002,43.501166083000044],[146.20915774800005,43.48346588700008]]],[[[146.317718946,43.650580145000106],[146.35238691500012,43.63816966400009],[146.356781446,43.621975002000056],[146.26970462300005,43.628159898000035],[146.317718946,43.650580145000106]]],[[[146.9145613940001,43.802720445000034],[146.81902103000004,43.78192780200004],[146.78345787900003,43.75348541900007],[146.7094832690001,43.74359772300005],[146.71631920700008,43.72992584800005],[146.68189537900003,43.711371161000045],[146.60222415500004,43.73607005400004],[146.60466556100005,43.808579820000034],[146.8462020190001,43.87832265800006],[146.9101668630001,43.844631252000056],[146.94214928500003,43.84662506700005],[146.9145613940001,43.802720445000034]]],[[[146.5293074880001,44.37335846600007],[146.50318444100003,44.36212799700007],[146.45923912900003,44.38104889500005],[146.41431725400003,44.36786530200004],[146.3642684250001,44.31793854400007],[146.2734481130001,44.273423570000034],[146.13941491000003,44.265692450000074],[146.08521569100003,44.234076239000046],[146.05640709700003,44.19432200700004],[145.93140709700003,44.12091705900008],[145.88697350400003,44.06940338700008],[145.8837996750001,44.026597398000035],[145.81324303500003,44.00653717700004],[145.778168165,43.93256256700005],[145.72681725400003,43.90656159100007],[145.6621199880001,43.89817942900004],[145.58871504,43.84756094000005],[145.55616295700008,43.65265534100007],[145.544281446,43.674709377000056],[145.5517684250001,43.71625397300005],[145.5141707690001,43.73574453300006],[145.44312584700003,43.72451406500005],[145.41089928500003,43.836004950000074],[145.72877037900003,44.04376862200007],[145.79127037900003,44.15135325700004],[145.85962975400003,44.18927643400008],[145.8696395190001,44.22703685100004],[145.89722741000003,44.25438060100004],[145.96949303500003,44.28538646000004],[146.01978600400003,44.38263580900008],[146.11931399800005,44.50604889500005],[146.18311608200008,44.51080963700008],[146.25416100400003,44.46356842700004],[146.36345462300005,44.42202383000006],[146.57211347700002,44.44989655200004],[146.5293074880001,44.37335846600007]]],[[[148.7583113940001,45.31268952000005],[148.584320509,45.31549713700008],[148.43824303500003,45.24852122600004],[148.34351647200003,45.23891836100006],[148.2158309250001,45.195746161000045],[147.99030926,45.005797994000034],[147.91302404500004,44.96300168400006],[147.80925540500004,44.96381256700005],[147.76832116000003,44.943345445000034],[147.70077651500003,45.007986257000084],[147.6538007470001,44.99485105500008],[147.6209180940001,44.950685846000056],[147.64544915500005,44.90809570000005],[147.5864363940001,44.867621161000045],[147.55543053500003,44.823553778000075],[147.38837682200005,44.73665873400006],[147.28891035200002,44.660589911000045],[147.2260268020001,44.58100204600004],[147.15326665700002,44.55911948900007],[147.1132569250001,44.57038670800006],[147.05469895800002,44.537169815000084],[146.99366295700008,44.48037344000005],[146.958343946,44.42104726800005],[146.86179580400005,44.44533723400008],[146.873383009,44.489894924000055],[146.94985470300003,44.54894331300005],[146.93130800200004,44.58600917400008],[146.93702654900005,44.62482239700006],[146.95163947600008,44.622260338000046],[146.96193723300007,44.58393584200007],[147.00074303500003,44.56598541900007],[147.03782467200006,44.599012264000066],[146.99862314400002,44.66261245700008],[147.0311005860001,44.668953155000054],[147.09142733400006,44.63735817400004],[147.1291597080001,44.647109957000055],[147.19658000100003,44.71368175500004],[147.2039314010001,44.755435427000066],[147.12188569900002,44.77630120400005],[147.09652754,44.795803127000056],[147.10919889900003,44.82714813000007],[147.1515775580001,44.834477193000055],[147.21654031600008,44.79900713600006],[147.24987793100001,44.820875879000084],[147.240570509,44.850897528000075],[147.26441491000003,44.867621161000045],[147.36052493600005,44.90110911700003],[147.46656334700003,44.96694570500006],[147.49488366000003,45.00495026200008],[147.51140384200005,45.08734772300005],[147.54167728000004,45.09284088700008],[147.6196395190001,45.065334377000056],[147.6689559250001,45.09357330900008],[147.75700931100005,45.18573639500005],[147.894867384,45.223944403000075],[147.867523634,45.26829661700003],[147.874359571,45.30955638200004],[147.860687696,45.35423411700003],[147.8715926440001,45.38035716400009],[147.9399520190001,45.42625560100004],[147.95826256600003,45.42340729400007],[148.00147545700008,45.32591380400004],[148.00464928500003,45.28119538000004],[148.06959069100003,45.251166083000044],[148.311859571,45.27529531500005],[148.4472762380001,45.36733633000006],[148.47730553500003,45.405462958000044],[148.56031334700003,45.46344635600008],[148.60075931100005,45.47089264500005],[148.629242384,45.50096263200004],[148.76392662900003,45.52789948100008],[148.85132897200003,45.48151276200008],[148.85621178500003,45.46434153900009],[148.79672285200002,45.429388739000046],[148.84400475400003,45.37103913000004],[148.84343509200005,45.35175202000005],[148.7583113940001,45.31268952000005]]],[[[150.3632918630001,46.08152903900009],[150.24536862600007,46.03703213700004],[150.1899744440001,45.983828611000035],[150.179611723,45.94870304600005],[150.197601759,45.92963288000004],[150.15696537200006,45.921620947000065],[150.14234459700003,45.89801666900007],[150.0229505960001,45.82379688600008],[149.92287366900007,45.81071206200005],[149.92139733200008,45.79376862200007],[149.842133009,45.760199286000045],[149.6377659110001,45.61094607900009],[149.603745388,45.605364835000046],[149.5771590500001,45.63727448100008],[149.57374108200008,45.60846588700008],[149.54997806100005,45.59039948100008],[149.43669681100005,45.58698151200008],[149.48230892200002,45.66937736600005],[149.5122176440001,45.67401764500005],[149.55339603000004,45.70990631700005],[149.597992384,45.78900788000004],[149.62574303500003,45.796128648000035],[149.667328321,45.853216864000046],[149.8110457690001,45.87982819200005],[149.92335045700008,45.99795156500005],[150.02016890700008,46.07302358000004],[150.1806746750001,46.10541413000004],[150.2114363940001,46.134751695000034],[150.1819053270001,46.159732715000075],[150.245075983,46.190836052000066],[150.397406143,46.23110152700008],[150.47822867900004,46.20998136900005],[150.569349547,46.23175790200008],[150.3632918630001,46.08152903900009]]],[[[150.80848058100003,46.48643753400006],[150.83918878400004,46.455078779000075],[150.84645675900003,46.442049833000056],[150.78007698300007,46.45715948600008],[150.80848058100003,46.48643753400006]]],[[[152.0864363940001,46.97675202000005],[152.0200301440001,46.90289948100008],[151.920258009,46.855536200000074],[151.88891253200006,46.81676595400006],[151.80141489300001,46.76603202100006],[151.71216881600003,46.806626695000034],[151.70533287900003,46.84829336100006],[151.745453321,46.861761786000045],[151.83765709700003,46.85626862200007],[151.87330162900003,46.87181224200003],[151.9502059250001,46.95209381700005],[152.04965254,47.014960028000075],[152.15894616000003,47.13385651200008],[152.22543379,47.17658112200007],[152.19874108200008,47.12881094000005],[152.2778426440001,47.16185130400004],[152.2949324880001,47.14248281500005],[152.184418165,47.071478583000044],[152.157074415,47.01894765800006],[152.0864363940001,46.97675202000005]]],[[[152.4133727100001,47.367127861000085],[152.4262801440001,47.38349030200004],[152.50342858200008,47.383246161000045],[152.54029381600003,47.32514069200005],[152.52444390900007,47.298645934000035],[152.48168840000005,47.301350650000074],[152.42973104500004,47.31919081700005],[152.4133727100001,47.367127861000085]]],[[[153.02800540500004,47.697333075000074],[152.97825383500003,47.68433281800009],[152.9661079880001,47.69528769300007],[152.9701891960001,47.75157035600006],[153.04928631200005,47.80789084400004],[153.0688187940001,47.743296497000074],[153.02800540500004,47.697333075000074]]],[[[153.2754727360001,48.03273889500008],[153.15906880900002,48.09218029900006],[153.16455577400006,48.12141547200008],[153.21472652400007,48.125724698000056],[153.25922627500006,48.10413783200005],[153.29704837300005,48.054673570000034],[153.2754727360001,48.03273889500008]]],[[[154.06023196700005,48.74872467700004],[154.03882897200003,48.73322174700007],[153.97331790500004,48.739488023000035],[153.99366295700008,48.779364325000074],[154.06592858200008,48.807847398000035],[154.10035241000003,48.83881256700005],[154.10035241000003,48.87299225500004],[154.11736087300005,48.876654364000046],[154.119476759,48.899603583000044],[154.2129012380001,48.917669989000046],[154.230804884,48.89716217700004],[154.22136478000004,48.87287018400008],[154.1787215500001,48.83567942900004],[154.08741295700008,48.794256903000075],[154.06267337300005,48.77423737200007],[154.06023196700005,48.74872467700004]]],[[[153.92554772200003,48.931301174000055],[153.90211022200003,48.95648834800005],[153.9150496750001,48.982489325000074],[154.01433353000004,48.944525458000044],[153.98357181100005,48.929388739000046],[153.92554772200003,48.931301174000055]]],[[[154.48780358200008,49.088324286000045],[154.4394637380001,49.15717194200005],[154.44947350400003,49.16974518400008],[154.5629988940001,49.15717194200005],[154.5996199880001,49.12995026200008],[154.60132897200003,49.11107005400004],[154.5800887380001,49.10260651200008],[154.5117293630001,49.08022695500006],[154.48780358200008,49.088324286000045]]],[[[154.8759871750001,49.54352448100008],[154.8027449880001,49.47866445500006],[154.8012801440001,49.43301015800006],[154.83464603000004,49.352728583000044],[154.81511478000004,49.310207424000055],[154.71998131600003,49.26703522300005],[154.6059676440001,49.292669989000046],[154.60824629,49.374986070000034],[154.76099694100003,49.55849844000005],[154.7509871750001,49.59564850500004],[154.83668053500003,49.650051174000055],[154.88347415500004,49.62482330900008],[154.90503991000003,49.63080475500004],[154.8759871750001,49.54352448100008]]],[[[154.37390441700006,49.778467248000084],[154.42237181100006,49.816015640000046],[154.48006287400005,49.81103513900007],[154.49133796500007,49.783252395000034],[154.447928434,49.72951019800007],[154.41191697800002,49.73309557400006],[154.37390441700006,49.778467248000084]]],[[[142.5869246750001,54.24705638200004],[142.57007897200003,54.276597398000035],[142.635101759,54.266058661000045],[142.64909915500004,54.28339264500005],[142.6254988940001,54.32729726800005],[142.68677819100003,54.369126695000034],[142.67310631600003,54.39207591400003],[142.68148847700002,54.41596100500004],[142.7231551440001,54.42560455900008],[142.80543053500003,54.33893463700008],[142.819672071,54.30190664300005],[143.0039168630001,54.13548411700003],[143.0087996750001,54.091050523000035],[142.98845462300005,54.04718659100007],[142.927093946,53.97532786700003],[142.9004012380001,53.901597398000035],[142.86548912900003,53.89248281500005],[142.85181725400003,53.871975002000056],[142.9165145190001,53.87409088700008],[142.93376712300005,53.85765208500004],[143.00212649800005,53.70062897300005],[142.9267684250001,53.829779364000046],[142.89014733200008,53.81313711100006],[142.90650475400003,53.766791083000044],[142.93970787900003,53.74974192900004],[142.96436608200008,53.69953034100007],[142.98845462300005,53.69448476800005],[142.9677840500001,53.66648997600004],[143.0039168630001,53.66616445500006],[143.0293074880001,53.64606354400007],[142.99586022200003,53.62555573100008],[143.0708113940001,53.59821198100008],[143.01636803500003,53.59076569200005],[142.98845462300005,53.56289297100005],[143.04273522200003,53.53620026200008],[143.090668165,53.559759833000044],[143.1211043630001,53.51805247600004],[143.1254988940001,53.46792226800005],[143.08318118600005,53.47357819200005],[143.0708113940001,53.46108633000006],[143.11060631600003,53.41974518400008],[143.094086134,53.38190338700008],[143.18287194100003,53.39899323100008],[143.21062259200005,53.36322663000004],[143.2544051440001,53.21552155200004],[143.2900496750001,53.15192291900007],[143.32699629,52.93634674700007],[143.36052493600005,52.87140534100007],[143.32488040500004,52.80931224200003],[143.33708743600005,52.759426174000055],[143.3310653000001,52.60390859600005],[143.2968856130001,52.45368073100008],[143.193695509,52.33698151200008],[143.207367384,52.39533112200007],[143.1977645190001,52.425848700000074],[143.27230879,52.463324286000045],[143.2353621750001,52.48094310100004],[143.2934676440001,52.591864325000074],[143.26140384200005,52.59760163000004],[143.15967858200008,52.39166901200008],[143.11866295700008,52.33779531500005],[143.1464949880001,52.32786692900004],[143.1665145190001,52.34442780200004],[143.17750084700003,52.313788153000075],[143.1513778000001,52.12006256700005],[143.115570509,52.15302155200004],[143.0976668630001,52.10423411700003],[143.1391707690001,52.089911200000074],[143.13697350400003,52.03034088700008],[143.15935306100005,51.99567291900007],[143.14909915500004,51.96759674700007],[143.1254988940001,51.96702708500004],[143.14210045700008,51.92495351800005],[143.16480553500003,51.91364166900007],[143.1630965500001,51.87396881700005],[143.21306399800005,51.854803778000075],[143.23845462300005,51.89154694200005],[143.25505618600005,51.837103583000044],[143.31039472700002,51.754339911000045],[143.31788170700008,51.706366278000075],[143.29656009200005,51.71308014500005],[143.261078321,51.67820872600004],[143.2353621750001,51.61391836100006],[143.241547071,51.569240627000056],[143.22413170700008,51.52216217700004],[143.24170983200008,51.50763580900008],[143.27320397200003,51.520738023000035],[143.3379012380001,51.50836823100008],[143.34400475400003,51.54865143400008],[143.3252059250001,51.59284088700008],[143.36508222700002,51.644964911000045],[143.39421634200005,51.56464264500005],[143.4477645190001,51.50836823100008],[143.474945509,51.34324778900009],[143.427093946,51.37055084800005],[143.3794051440001,51.35008372600004],[143.474945509,51.28925202000005],[143.474945509,51.24087148600006],[143.495453321,51.23338450700004],[143.48308353000004,51.21356842700004],[143.51710045700008,51.22011953300006],[143.52125084700003,51.24677155200004],[143.495453321,51.30914948100008],[143.52165774800005,51.28510163000004],[143.58668053500003,51.01072825700004],[143.67896569100003,50.73651764500005],[143.701508009,50.60537344000005],[143.79029381600003,50.30923086100006],[144.00269616000003,50.01284414300005],[144.04420006600003,49.897650458000044],[144.12614993600005,49.74689362200007],[144.1372176440001,49.63959381700005],[144.2285262380001,49.51715729400007],[144.2216903000001,49.438381252000056],[144.28272545700008,49.25018952000005],[144.38502037900003,49.072699286000045],[144.4414168630001,49.01386139500005],[144.68474368600005,48.87323639500005],[144.70826256600003,48.794134833000044],[144.687836134,48.75653717700004],[144.70289147200003,48.688666083000044],[144.75660241000003,48.64325592700004],[144.67725670700008,48.65643952000005],[144.6816512380001,48.67804596600007],[144.63257897200003,48.808294989000046],[144.50367272200003,48.94871653900009],[144.43384850400003,49.00018952000005],[144.3657332690001,49.020697333000044],[144.29029381600003,49.069647528000075],[144.24594160200002,49.131740627000056],[144.05787194100003,49.25340403900009],[143.68970787900003,49.31240469000005],[143.72828209700003,49.33535390800006],[143.47974694100003,49.35309479400007],[143.40349368600005,49.400458075000074],[143.258636915,49.39337799700007],[143.24976647200003,49.37327708500004],[143.32960045700008,49.341131903000075],[143.31910241000003,49.32412344000005],[143.33130944100003,49.31391022300005],[143.66675866000003,49.314886786000045],[143.3711043630001,49.29922109600005],[143.174164259,49.24599844000005],[143.0703231130001,49.184881903000075],[143.0087996750001,49.123032945000034],[142.9746199880001,49.04588450700004],[142.98845462300005,48.91669342700004],[142.79273522200003,48.562567450000074],[142.537445509,48.01007721600007],[142.54957116000003,47.988714911000045],[142.534515821,47.889960028000075],[142.545258009,47.76666901200008],[142.592133009,47.64207591400009],[142.7480574880001,47.44476959800005],[142.71404056100005,47.43724192900004],[142.73511803500003,47.42365143400008],[142.7871199880001,47.42820872600004],[142.87859134200005,47.38934967700004],[143.01636803500003,47.253607489000046],[143.0429793630001,47.14923737200007],[143.03248131600003,47.070746161000045],[143.06950931100005,47.01947663000004],[143.11996504,46.88711172100005],[143.1196395190001,46.87490469000005],[143.0976668630001,46.87555573100008],[143.12281334700003,46.85736725500004],[143.1513778000001,46.87384674700007],[143.17408287900003,46.86273834800005],[143.15121504,46.83958567900004],[143.09001712300005,46.83856842700004],[143.08383222700002,46.81346263200004],[143.13550866000003,46.77997467700004],[143.1728621750001,46.70783112200007],[143.241547071,46.71727122600004],[143.34131920700008,46.68378327000005],[143.3896590500001,46.70807526200008],[143.348968946,46.749212958000044],[143.193695509,46.77997467700004],[143.17302493600005,46.81354401200008],[143.19711347700002,46.84080638200004],[143.32097415500004,46.79572174700007],[143.41871178500003,46.799709377000056],[143.45460045700008,46.84829336100006],[143.47820071700005,46.82843659100007],[143.51148522200003,46.77020905200004],[143.520843946,46.64940013200004],[143.53695722700002,46.61713288000004],[143.5258895190001,46.58551666900007],[143.576508009,46.44749583500004],[143.57992597700002,46.41819896000004],[143.5576278000001,46.39642975500004],[143.62574303500003,46.374701239000046],[143.58179772200003,46.34454987200007],[143.57056725400003,46.29954661700003],[143.54167728000004,46.28400299700007],[143.52328535200002,46.23810455900008],[143.47584069100003,46.19000885600008],[143.474945509,46.08730703300006],[143.430511915,46.02521393400008],[143.4130965500001,46.08535390800006],[143.42896569100003,46.12742747600004],[143.42139733200008,46.22313060100004],[143.3379012380001,46.409409898000035],[143.35084069100003,46.43268463700008],[143.3310653000001,46.48822663000004],[143.37322024800005,46.49201080900008],[143.3930770190001,46.53294505400004],[143.36866295700008,46.55548737200007],[143.2763778000001,46.560248114000046],[143.31039472700002,46.525458075000074],[143.3032332690001,46.51439036700003],[143.2353621750001,46.566473700000074],[143.159515821,46.59829336100006],[143.06714928500003,46.587591864000046],[142.93376712300005,46.614894924000055],[142.79664147200003,46.59438711100006],[142.7548934250001,46.63825104400007],[142.7246199880001,46.74079010600008],[142.61841881600003,46.71857330900008],[142.52906334700003,46.68378327000005],[142.45720462300005,46.63080475500004],[142.40650475400003,46.55365631700005],[142.28191165500004,46.327460028000075],[142.24634850400003,46.16836172100005],[142.20386803500003,46.07965729400007],[142.2016707690001,46.03066640800006],[142.11996504,45.992173570000034],[142.085297071,45.900824286000045],[142.03980553500003,45.92430247600004],[141.9326278000001,46.03579336100006],[141.9360457690001,46.09955475500004],[141.89909915500004,46.27912018400008],[141.83757571700005,46.41559479400007],[141.81421959700003,46.538397528000075],[141.8222762380001,46.60228099200003],[142.0566512380001,47.05369700700004],[142.0566512380001,47.16974518400008],[142.02857506600003,47.232489325000074],[141.9751082690001,47.29759349200003],[141.9912215500001,47.369574286000045],[141.96371504,47.415676174000055],[141.9516707690001,47.48114655200004],[141.9658309250001,47.612494208000044],[142.09302819100003,47.85561758000006],[142.17741946700005,47.93040599200003],[142.19109134200005,47.96674225500004],[142.16586347700002,48.11570872600004],[142.17400149800005,48.15131256700005],[142.133148634,48.333685614000046],[142.097015821,48.39687734600005],[141.91960696700005,48.60911692900004],[141.8730574880001,48.68854401200008],[141.8574324880001,48.77423737200007],[141.9672957690001,48.86237213700008],[141.96045983200008,48.903998114000046],[141.996429884,48.94293854400007],[142.0361434250001,49.06167226800005],[142.0239363940001,49.099310614000046],[142.0771590500001,49.19818756700005],[142.062836134,49.314886786000045],[142.1250106130001,49.46230703300006],[142.15967858200008,49.67796458500004],[142.15186608200008,49.825506903000075],[142.1250106130001,49.897650458000044],[142.1455184250001,49.921576239000046],[142.1386824880001,49.94179922100005],[142.15967858200008,49.97650788000004],[142.1738387380001,50.08641185100004],[142.15552819100003,50.23965078300006],[142.1352645190001,50.29120514500005],[142.1508895190001,50.32721588700008],[142.1455184250001,50.36383698100008],[142.041351759,50.55097077000005],[142.062836134,50.65802643400008],[142.0927840500001,50.714097398000035],[142.097015821,50.821926174000055],[142.12842858200008,50.856634833000044],[142.12842858200008,50.894517320000034],[142.20069420700008,50.95966217700004],[142.24984785200002,51.03082916900007],[142.26921634200005,51.11241282800006],[142.25513756600003,51.15912506700005],[142.17302493600005,51.25849030200004],[142.17855879,51.314154364000046],[142.0771590500001,51.41901276200008],[142.09782962300005,51.44330475500004],[142.078949415,51.47138092700004],[141.942718946,51.55927155200004],[141.93921959700003,51.61188385600008],[141.86670983200008,51.61245351800005],[141.81714928500003,51.67226797100005],[141.703461134,51.72402578300006],[141.68677819100003,51.747300523000035],[141.80811608200008,51.72085195500006],[141.82300866000003,51.744208075000074],[141.80974368600005,51.754787502000056],[141.8095809250001,51.80621979400007],[141.639008009,51.88450755400004],[141.67554772200003,51.91242096600007],[141.6450301440001,52.08478424700007],[141.69988040500004,52.165716864000046],[141.65894616000003,52.21662018400008],[141.67310631600003,52.27558014500005],[141.64185631600003,52.31818268400008],[141.660980665,52.382473049000055],[141.78296959700003,52.46735260600008],[141.8437606130001,52.59080638200004],[141.80974368600005,52.60390859600005],[141.84302819100003,52.66876862200007],[141.87183678500003,52.88882070500006],[141.92839603000004,53.02065664300005],[141.91334069100003,53.073431708000044],[141.83757571700005,53.159409898000035],[141.83668053500003,53.20978424700007],[141.80339603000004,53.27138906500005],[141.81714928500003,53.302801825000074],[141.80974368600005,53.337591864000046],[141.76880944100003,53.37164948100008],[141.88542728000004,53.41266510600008],[141.9570418630001,53.456284898000035],[142.24105879,53.529364325000074],[142.22974694100003,53.520819403000075],[142.25538170700008,53.488348700000074],[142.24236087300005,53.453558661000045],[142.25538170700008,53.43992747600004],[142.23707116000003,53.419989325000074],[142.26392662900003,53.380072333000044],[142.32740319100003,53.364894924000055],[142.45533287900003,53.38027578300006],[142.52116946700005,53.420355536000045],[142.5766707690001,53.500067450000074],[142.62525475400003,53.52594635600008],[142.67530358200008,53.51821523600006],[142.68726647200003,53.529364325000074],[142.66627037900003,53.55263906500005],[142.58619225400003,53.575832424000055],[142.514008009,53.54559967700004],[142.49773196700005,53.658270575000074],[142.53337649800005,53.676214911000045],[142.58708743600005,53.66648997600004],[142.64136803500003,53.68178945500006],[142.69800866000003,53.63816966400003],[142.71851647200003,53.64020416900007],[142.80005944100003,53.69757721600007],[142.78532962300005,53.80581289300005],[142.739105665,53.845689195000034],[142.67310631600003,53.71430084800005],[142.60417728000004,53.69757721600007],[142.7060653000001,53.86432526200008],[142.71851647200003,53.90729401200008],[142.70826256600003,53.94822825700004],[142.46753991000003,54.145697333000044],[142.409515821,54.231634833000044],[142.282562696,54.303941148000035],[142.4433699880001,54.269191799000055],[142.53695722700002,54.296535549000055],[142.52019290500004,54.28563060100004],[142.54322350400003,54.237209377000056],[142.5869246750001,54.24705638200004]]],[[[156.15251712300005,50.51902903900009],[156.0493270190001,50.47931549700007],[156.0376082690001,50.40989817900004],[155.9882918630001,50.37840403900009],[155.88493899800005,50.25372955900008],[155.82154381600003,50.23505280200004],[155.77320397200003,50.18659088700008],[155.62281334700003,50.179388739000046],[155.50147545700008,50.13727448100008],[155.39576256600003,49.995794989000046],[155.3642684250001,50.000067450000074],[155.37671959700003,50.046861070000034],[155.29460696700005,50.064520575000074],[155.22779381600003,50.054754950000074],[155.21656334700003,50.06708405200004],[155.22087649800005,50.10993073100008],[155.25505618600005,50.15468984600005],[155.24984785200002,50.21576569200005],[155.18734785200002,50.26154205900008],[155.20191491000003,50.29352448100008],[155.26783287900003,50.306708075000074],[155.32016035200002,50.28888580900008],[155.441742384,50.37055084800005],[155.549164259,50.37689850500004],[155.5703231130001,50.397365627000056],[155.6318465500001,50.383693752000056],[155.68962649800005,50.40371328300006],[155.775726759,50.47931549700007],[155.7895613940001,50.52024974200003],[155.86207116000003,50.614569403000075],[155.87818444100003,50.67853424700007],[155.97779381600003,50.747381903000075],[156.0732528000001,50.78156159100007],[156.10474694100003,50.767279364000046],[156.12322024800005,50.728176174000055],[156.12037194100003,50.65033600500004],[156.15943444100003,50.59662506700005],[156.15251712300005,50.51902903900009]]],[[[156.51099024300004,50.76584855100003],[156.40577233200008,50.65420156500005],[156.40577233200008,50.630113023000035],[156.27244270300002,50.63340604900009],[156.180023634,50.68842194200005],[156.16627037900003,50.713324286000045],[156.19939212300005,50.780503648000035],[156.2544051440001,50.79319896000004],[156.3574324880001,50.85618724200003],[156.43376712300005,50.87592194200005],[156.46045983200008,50.87372467700004],[156.49187259200005,50.83808014500005],[156.51099024300004,50.76584855100003]]],[[[155.6728621750001,50.870306708000044],[155.66994119900005,50.811953876000075],[155.5634871750001,50.808254299000055],[155.4921981130001,50.82843659100007],[155.44678795700008,50.88458893400008],[155.47413170700008,50.92182038000004],[155.54379066400008,50.929819818000055],[155.6312646,50.91228352200005],[155.6728621750001,50.870306708000044]]],[[[142.60417728000004,54.310207424000055],[142.58806399800005,54.303900458000044],[142.54070071700005,54.29779694200005],[142.56763756600003,54.309759833000044],[142.60417728000004,54.310207424000055]]],[[[139.21372548300008,54.585579271000086],[139.239606105,54.58926016400005],[139.276750074,54.61310968300006],[139.24359328000003,54.58103164400006],[139.21372548300008,54.585579271000086]]],[[[167.98585045700008,54.55540599200003],[167.93734785200002,54.594183661000045],[167.82007897200003,54.647365627000056],[167.7348738940001,54.663397528000075],[167.50114993600005,54.78510163000004],[167.44890384200005,54.82046133000006],[167.43913821700005,54.86627838700008],[167.55779056100005,54.839178778000075],[167.57740319100003,54.79755280200004],[167.73406009200005,54.76264069200005],[167.78402754,54.70172760600008],[167.9243270190001,54.64447663000004],[168.101898634,54.52496979400007],[168.1103621750001,54.50348541900007],[167.98585045700008,54.55540599200003]]],[[[166.664398634,54.68008047100005],[166.5019637380001,54.780462958000044],[166.48585045700008,54.80133698100008],[166.5000106130001,54.82469310100004],[166.3564559250001,54.839544989000046],[166.28191165500004,54.908270575000074],[166.1953231130001,54.944525458000044],[166.1626082690001,54.999701239000046],[166.082855665,55.060614325000074],[166.0805770190001,55.120428778000075],[166.02361087300005,55.17755768400008],[165.969574415,55.205511786000045],[165.99293053500003,55.221909898000035],[165.746429884,55.29706452000005],[165.8584090500001,55.30878327000005],[165.9404403000001,55.36497630400004],[166.17994225400003,55.31940338700008],[166.25367272200003,55.33185455900008],[166.28777103000004,55.303900458000044],[166.22632897200003,55.250067450000074],[166.25025475400003,55.15228913000004],[166.44809004,54.96112702000005],[166.5732528000001,54.91242096600007],[166.649750196,54.84454987200007],[166.6372176440001,54.81110260600008],[166.664398634,54.75641510600008],[166.664398634,54.68008047100005]]],[[[164.40772545700008,58.864894924000055],[164.25600978500006,58.79860358700006],[164.16081790500004,58.821600653000075],[164.121246541,58.78071756800006],[163.95484887500004,58.70752698900009],[163.84603488200003,58.69051468100008],[163.7899395820001,58.642870594000044],[163.58546241400006,58.55789026900004],[163.514999729,58.497146755000074],[163.490018932,58.44450321800008],[163.445648634,58.47557200700004],[163.44518303900009,58.50549532600007],[163.41285435400005,58.53536894400008],[163.44499633700002,58.56139059600008],[163.555287291,58.57302892900003],[163.61054268600003,58.607463142000086],[163.65437805800002,58.69050542200006],[163.77955161300008,58.81040226200008],[163.76632706600003,58.87212445700004],[163.78175768000006,58.89387347500008],[163.91319136000004,58.994291270000076],[163.8935653000001,59.01007721600007],[163.78980553500003,59.01813385600008],[163.696386341,58.99194479100004],[163.71720185700008,59.00627132500006],[163.80418487100007,59.03127791600008],[163.9666983740001,59.02856146600004],[164.28305097700002,59.113714911000045],[164.45337975400003,59.208644924000055],[164.58082116000003,59.234076239000046],[164.58082116000003,59.18317291900007],[164.6162215500001,59.18317291900007],[164.6372176440001,59.09935130400004],[164.68767337300005,59.07709381700005],[164.73407172300006,59.02325303300006],[164.70954073100006,59.00617528400005],[164.6855574880001,58.91502513200004],[164.6318735430001,58.865365928000074],[164.40772545700008,58.864894924000055]]],[[[150.610699887,59.00571978800008],[150.47207555900002,59.00415294700008],[150.48683983700005,59.02574819800003],[150.54828142400004,59.06189591400005],[150.68391665600006,59.10833700200004],[150.698530441,59.14044604400004],[150.77915858200004,59.10951608400006],[150.782800263,59.09086381600008],[150.722590761,59.07322615700008],[150.610699887,59.00571978800008]]],[[[149.14110770700006,59.20769035300003],[149.098370306,59.17538719700008],[149.10348110900009,59.16152900800006],[149.03436267400002,59.169473982000056],[149.04002865500001,59.20292969500008],[149.14110770700006,59.20769035300003]]],[[[155.50771059200008,59.328127136000035],[155.56693249700004,59.340423609000084],[155.6001496450001,59.33514669600004],[155.60004935200004,59.31942877700004],[155.50771059200008,59.328127136000035]]],[[[161.4555770190001,69.00096263200004],[161.305511915,69.06024811400005],[161.1347762380001,69.09186432500007],[161.127289259,69.23525625200006],[161.1689559250001,69.32526276200008],[161.1513778000001,69.35464101800005],[161.08155358200008,69.39297109600005],[161.06592858200008,69.41742584800005],[161.09245853000004,69.46478913000004],[161.27849368600005,69.53815338700008],[161.37452233200008,69.54588450700004],[161.3886824880001,69.46181875200006],[161.31430097700002,69.43724192900004],[161.29249108200008,69.41400788000004],[161.35084069100003,69.38043854400007],[161.35108483200008,69.33209870000007],[161.374359571,69.29604726800005],[161.31910241000003,69.24266185100004],[161.3886824880001,69.18805573100008],[161.39177493600005,69.10211823100008],[161.48707116000003,69.02667877800008],[161.5175887380001,68.97988515800006],[161.514984571,68.93463776200008],[161.48210696700005,68.90216705900008],[161.4091903000001,68.89325592700004],[161.477386915,68.97516510600008],[161.4555770190001,69.00096263200004]]],[[[161.6157332690001,69.45038483300004],[161.54835045700008,69.42621491100005],[161.360687696,69.41400788000004],[161.42562910200002,69.46499258000006],[161.42758222700002,69.52130768400008],[161.39478600400003,69.59210846600007],[161.45427493600005,69.60236237200007],[161.4873153000001,69.64057038000004],[161.59009850400003,69.61839427300004],[161.63550866000003,69.57029857000003],[161.60767662900003,69.51703522300005],[161.62671959700003,69.48285553600005],[161.60718834700003,69.46865469000005],[161.6157332690001,69.45038483300004]]],[[[161.77943945700008,69.54852676300004],[161.67564795300007,69.60205220300008],[161.6672436350001,69.63668263100004],[161.81711706700003,69.65755330600007],[161.90787918600006,69.64744246400005],[161.88562390900006,69.61914024200007],[161.89863658700006,69.57404028700006],[161.86693604800007,69.55455380300003],[161.77943945700008,69.54852676300004]]],[[[170.0698256070001,69.70907357300007],[169.9552103750001,69.72674171800008],[170.05370073400002,69.76376360100005],[170.275276857,69.77337143300008],[170.10148466500004,69.68721106100008],[170.065968547,69.69403181500007],[170.0698256070001,69.70907357300007]]],[[[169.41228274800005,69.76341380400004],[169.2856551440001,69.76707591400003],[169.282562696,69.75043366100005],[169.30250084700003,69.74298737200007],[169.27849368600005,69.71995677300004],[169.309906446,69.66445547100005],[169.30054772200003,69.64533112200007],[169.1894637380001,69.57518138200004],[168.87452233200008,69.56785716400003],[168.17253665500004,69.69521719000005],[168.059906446,69.76365794500003],[167.79086347700002,69.80833567900004],[167.75375410200002,69.83234284100007],[167.82252037900003,69.88100820500006],[167.99105879,69.95709870000007],[168.2646590500001,70.02411530200004],[168.63786868600005,69.98602936400005],[168.82984459700003,69.93988678600005],[169.37232506600003,69.88475169500003],[169.4238387380001,69.87299225500004],[169.44646243600005,69.84910716400003],[169.45142662900003,69.81867096600007],[169.40845787900003,69.78481679900005],[169.41228274800005,69.76341380400004]]],[[[162.23780358200008,70.65412018400008],[162.34555097700002,70.66205475500004],[162.38168379,70.68146393400008],[162.48414147200003,70.65412018400008],[162.35075931100005,70.64052969000005],[162.23780358200008,70.65412018400008]]],[[[161.69459069100003,70.75043366100005],[161.46314537900003,70.80499909100007],[161.48698978000004,70.81736888200004],[161.48365319100003,70.83974844000005],[161.6562606130001,70.81338125200006],[161.69459069100003,70.75043366100005]]],[[[160.55281050300005,70.88478811400006],[160.50367272200003,70.89061107000003],[160.4507459790001,70.87218586000006],[160.40796959700003,70.91425202000005],[160.45655358200008,70.93475983300004],[160.51783287900003,70.93528880400004],[160.67438511800003,70.91421070000007],[160.76397367800007,70.80404488700003],[160.59724964500003,70.79296921000008],[160.50406569100005,70.80501215600003],[160.50956163500007,70.83354572000007],[160.54555211900004,70.85147368700007],[160.55281050300005,70.88478811400006]]],[[[179.13103274800005,70.87872955900008],[178.793304884,70.80499909100007],[178.78345787900003,70.84284088700008],[178.65691165500004,70.98680247600004],[178.62224368600005,71.05101146000004],[178.66765384200005,71.09902578300006],[178.8476668630001,71.18378327000005],[178.8691512380001,71.20966217700004],[178.8486434250001,71.20966217700004],[178.90544681100005,71.23700592700004],[179.182953321,71.30353424700007],[179.44027754,71.39227936400005],[179.49976647200003,71.43219635600008],[179.5634871750001,71.45148346600007],[179.7666121750001,71.46971263200004],[179.7529403000001,71.48403554900005],[179.86540774800005,71.49884674700007],[179.8486434250001,71.51752350500004],[180.0,71.53641963400008],[180.0,70.99242290800004],[179.87486895400002,70.96034587100007],[179.80698045100007,70.91309659900008],[179.6669933610001,70.87477850900007],[179.13103274800005,70.87872955900008]]],[[[142.538281653,73.21383151300006],[141.5124347950001,73.29935170900006],[140.78862075100005,73.41000535200004],[140.50265405100004,73.40544238800004],[139.9651000030001,73.32656662500005],[139.81669593900006,73.33906922000006],[139.76708783100003,73.41834474900008],[139.9065184970001,73.47102948500003],[140.2348738940001,73.45229726800005],[140.4933024390001,73.48504391600005],[140.65992272200003,73.57998281500005],[140.89918053500003,73.80145905200004],[141.12720787900003,73.88165924700007],[141.368011915,73.86383698100008],[141.5947371750001,73.90607330900008],[142.04517662900003,73.91657135600008],[142.273773634,73.86570872600004],[142.58277428500003,73.82534414300005],[143.009125196,73.66571686400005],[143.1533309250001,73.64240143400008],[143.4072371750001,73.54279205900008],[143.53695722700002,73.44354889500005],[143.44092858200008,73.40875885600008],[143.474945509,73.32062409100007],[143.56511332800005,73.23115028900008],[143.52628679200006,73.20780655700008],[143.40655699,73.18839427200004],[143.17494506900005,73.17658021600005],[142.75718066500008,73.22086551000007],[142.538281653,73.21383151300006]]],[[[141.07536868600005,74.13312409100007],[141.0810653000001,74.06460195500006],[141.05681399800005,74.04682038000004],[141.04867597700002,74.01211172100005],[140.98796634200005,73.98476797100005],[140.79615319100003,73.97044505400004],[140.54509524800005,73.91583893400008],[140.43775475400003,73.90843333500004],[140.3266707690001,73.93862539300005],[140.1983621170001,74.02558188400008],[140.16471625500003,74.07063819000007],[140.1779748990001,74.15436468500008],[140.22188882800003,74.22008231800004],[140.349900026,74.25421572500005],[140.891449415,74.27651601800005],[141.05836022200003,74.23444245000007],[141.112640821,74.16608307500007],[141.07536868600005,74.13312409100007]]],[[[150.78736412900003,75.06728750200006],[150.6464949880001,75.00238678600005],[150.69068444100003,74.95978424700007],[150.680511915,74.93378327000005],[150.60922285200002,74.89350006700005],[149.7959090500001,74.80512116100005],[149.71753991000003,74.76557038000004],[149.29371178500003,74.77204010600008],[149.2089949880001,74.75800202000005],[148.17212975400003,74.80353424700007],[147.74878991000003,74.91608307500007],[147.66382897200003,74.95343659100007],[147.31511478000004,74.97345612200007],[147.0879012380001,75.00519440300008],[146.95582116000003,75.05418528900003],[146.6484481130001,75.12840403900003],[146.21802819100003,75.17633698100008],[146.1196395190001,75.20502350500004],[146.07178795700008,75.24030182500007],[146.1728621750001,75.29071686400005],[146.18376712300005,75.34398021000004],[146.16863040500004,75.39618561400005],[146.26392662900003,75.39134349200003],[146.28492272200003,75.40302155200004],[146.2563582690001,75.41474030200004],[146.26384524800005,75.43667226800005],[146.407074415,75.47134023600006],[146.35043379,75.50067780200004],[146.34148196700005,75.52265045800004],[146.3891707690001,75.58515045800004],[146.43620853000004,75.59674713700008],[146.6630965500001,75.55560944200005],[146.69418379,75.52521393400008],[146.77076256600003,75.50674062700006],[146.681976759,75.48493073100008],[146.688812696,75.47134023600006],[146.63428795700008,75.43773021000004],[146.79672285200002,75.36635976800005],[147.15503991000003,75.33637116100005],[147.32545006600003,75.34983958500004],[147.34742272200003,75.35521067900004],[147.31169681100005,75.37482330900008],[147.16814212300005,75.36204661700003],[147.27165774800005,75.40631745000007],[147.35027103000004,75.40985748900005],[147.36052493600005,75.39679596600007],[147.43620853000004,75.38934967700004],[147.42156009200005,75.40643952000005],[147.33318118600005,75.43036530200004],[147.37387129,75.44037506700005],[147.68620853000004,75.44208405200004],[147.83855228000004,75.41909414300005],[148.40772545700008,75.42108795800004],[148.5800887380001,75.38251373900005],[148.5527449880001,75.34674713700008],[148.45728600400003,75.31085846600007],[148.44450931100005,75.28729889500005],[148.56031334700003,75.23859284100007],[148.5576278000001,75.22235748900005],[148.6103621750001,75.21552155200004],[148.89991295700008,75.22272370000007],[149.12680097700002,75.26862213700008],[150.1294051440001,75.22553131700005],[150.21469160200002,75.18699778900003],[150.163422071,75.15664297100005],[150.266449415,75.16571686400005],[150.41749108200008,75.13458893400008],[150.56080162900003,75.12872955900008],[150.47136478000004,75.10138580900008],[150.50025475400003,75.09446849200003],[150.6328231130001,75.11652252800008],[150.66041100400003,75.13239166900007],[150.66578209700003,75.15501536700003],[150.70964603000004,75.16689687700006],[150.8603621750001,75.16229889500005],[150.9580184250001,75.14232005400004],[150.85865319100003,75.12567780200004],[150.81226647200003,75.10301341400003],[150.7797957690001,75.07404205900008],[150.78736412900003,75.06728750200006]]],[[[144.72934004,75.43158600500004],[144.69792728000004,75.40477122600004],[144.7021590500001,75.37909577000005],[144.66724694100003,75.34153880400004],[144.6777449880001,75.32782623900005],[144.94109134200005,75.27334219000005],[144.72136478000004,75.24603913000004],[144.72087649800005,75.20050690300008],[144.68816165500004,75.15997955900008],[144.49634850400003,75.11196523600006],[144.376312696,75.05304596600007],[143.9985457690001,75.02496979400007],[143.75074303500003,75.08177317900004],[143.51587975400003,75.08730703300006],[143.36060631600003,75.07111237200007],[143.0825301440001,75.11082591400003],[143.0498153000001,75.12872955900008],[142.89812259200005,75.14154694200005],[142.87224368600005,75.15664297100005],[142.83757571700005,75.22553131700005],[142.70777428500003,75.23859284100007],[142.70980879,75.25478750200006],[142.67554772200003,75.26727936400005],[142.64210045700008,75.31997304900005],[142.53500410200002,75.34552643400008],[142.49431399800005,75.37567780200004],[142.53589928500003,75.42723216400003],[142.5107528000001,75.45189036700003],[142.534515821,75.47654857000003],[142.61988366000003,75.49046458500004],[142.63738040500004,75.51605866100005],[142.72437584700003,75.55068594000005],[142.84693444100003,75.56134674700007],[143.01351972700002,75.60244375200006],[143.0429793630001,75.64667389500005],[143.00114993600005,75.70795319200005],[142.90406334700003,75.72455475500004],[142.7148543630001,75.71149323100008],[142.6601668630001,75.73297760600008],[142.51490319100003,75.71893952000005],[142.3379012380001,75.72565338700008],[142.2900496750001,75.71149323100008],[142.36646569100003,75.70648834800005],[142.4340926440001,75.67796458500004],[142.3813582690001,75.66181061400005],[142.0083113940001,75.66372304900005],[142.20687910200002,75.63580963700008],[142.0083113940001,75.62274811400005],[142.1396590500001,75.59516022300005],[142.0805770190001,75.53473541900007],[142.18702233200008,75.47134023600006],[142.15601647200003,75.39935944200005],[142.16285241000003,75.37909577000005],[142.19988040500004,75.34882233300004],[142.4101668630001,75.26675039300005],[142.4394637380001,75.20311107000003],[142.58033287900003,75.15973541900007],[142.60417728000004,75.11562734600005],[142.66871178500003,75.08795807500007],[143.01295006600003,75.06513092700004],[143.44800866000003,75.00580475500004],[143.61451256600003,75.01113515800006],[143.70777428500003,74.94745514500005],[143.46452884200005,74.90005117400005],[143.00342858200008,74.88214752800008],[142.924164259,74.89411041900007],[142.8212996750001,74.87641022300005],[142.71509850400003,74.89516836100006],[142.6504012380001,74.87567780200004],[142.62525475400003,74.84813060100004],[142.71404056100005,74.84813060100004],[142.67798912900003,74.83397044500003],[142.514008009,74.81736888200004],[142.35564212300005,74.82453034100007],[141.97413170700008,74.93378327000005],[141.97413170700008,74.94537995000007],[142.0805770190001,74.96482982000003],[142.2954207690001,74.92279694200005],[142.36451256600003,74.93065013200004],[142.19874108200008,75.00421784100007],[141.8437606130001,74.99896881700005],[141.3711043630001,74.91950104400007],[141.11402428500003,74.91665273600006],[140.549164259,74.87763092700004],[140.35132897200003,74.84007396000004],[140.068695509,74.82794830900008],[140.0078231130001,74.86237213700008],[139.9736434250001,74.90338776200008],[139.86996504,74.92381419500003],[139.8496199880001,74.96482982000003],[139.71941165500004,74.96482982000003],[139.65202884200005,74.98078034100007],[139.45850670700008,74.93065013200004],[139.48316491000003,74.92283763200004],[139.48023522200003,74.86859772300005],[139.5166121750001,74.85594310100004],[139.64478600400003,74.88910553600005],[139.56202233200008,74.84552643400008],[139.49626712300005,74.76756419500003],[139.34343509200005,74.68740469000005],[139.12720787900003,74.65228913000004],[139.015961134,74.65753815300008],[138.81560306100005,74.71405670800004],[138.16570071700005,74.77619049700007],[137.89527428500003,74.84617747600004],[137.84734134200005,74.88206614800004],[137.793793165,74.97540924700007],[137.6513778000001,75.02277252800008],[137.43279056100005,75.05044179900005],[137.134125196,75.14154694200005],[136.90992272200003,75.27334219000005],[136.9243270190001,75.32050202000005],[136.86215254,75.36204661700003],[137.03931725400003,75.38800690300008],[137.1176863940001,75.34320709800005],[137.25375410200002,75.33637116100005],[137.37623131600003,75.35040924700007],[137.4223738940001,75.36981842700004],[137.4306746750001,75.38934967700004],[137.39730879,75.41718170800004],[137.27613366000003,75.42548248900005],[137.14332116000003,75.41022370000007],[137.12907962300005,75.43036530200004],[137.1445418630001,75.43650950700004],[137.14869225400003,75.46482982000003],[137.30103600400003,75.47134023600006],[137.1806746750001,75.55072663000004],[137.20484459700003,75.58860911700003],[137.29363040500004,75.60162995000007],[137.22388756600003,75.63666413000004],[137.14014733200008,75.65281810100004],[137.159515821,75.66876862200007],[137.15699303500003,75.69106679900005],[137.06763756600003,75.72577545800004],[137.19849694100003,75.78961823100008],[137.5883895190001,75.77358633000006],[137.69068444100003,75.74567291900007],[137.7426863940001,75.74909088700008],[137.70972741000003,75.78839752800008],[137.60141035200002,75.80931224200003],[137.431976759,75.88727448100008],[137.41431725400003,75.94086334800005],[137.432953321,75.95319245000007],[137.7119246750001,76.01312897300005],[138.02751712300005,76.03192780200004],[138.11597741000003,76.07526276200008],[138.08130944100003,76.08649323100008],[137.9726668630001,76.05414459800005],[138.138031446,76.11884186400005],[138.37663821700005,76.15717194200005],[138.32829837300005,76.13605377800008],[138.37818444100003,76.10659414300005],[138.3916121750001,76.07387929900005],[138.4321395190001,76.06338125200006],[138.4516707690001,76.06777578300006],[138.45297285200002,76.08974844000005],[138.47966556100005,76.10871002800008],[138.45923912900003,76.12299225500004],[138.53272545700008,76.18610260600008],[139.0488387380001,76.23908112200007],[138.89730879,76.21873607000003],[138.96078535200002,76.20693594000005],[138.97535241000003,76.15778229400007],[139.10962975400003,76.09686920800004],[139.55396569100003,76.01137929900005],[139.62427819100003,75.98582591400003],[139.82545006600003,75.97003815300008],[139.91163170700008,75.93744538000004],[139.89714603000004,75.92523834800005],[139.83578535200002,75.93060944200005],[139.82878665500004,75.90656159100007],[139.791351759,75.89447663000004],[139.79859459700003,75.88617584800005],[139.9560653000001,75.83584219000005],[140.1504012380001,75.80052317900004],[140.25993899800005,75.83112213700008],[140.50953209700003,75.79047272300005],[140.5459090500001,75.75551992400005],[140.45630944100003,75.70465729400007],[140.432953321,75.65656159100007],[140.47584069100003,75.64032623900005],[140.90186608200008,75.61591217700004],[140.98650149800005,75.62067291900007],[141.06226647200003,75.65009186400005],[140.97429446700005,75.67796458500004],[141.0078231130001,75.69106679900005],[140.86443118600005,75.73883698100008],[140.9052840500001,75.80890534100007],[140.90495853000004,75.84837474200003],[140.87875410200002,75.89691803600005],[140.90894616000003,75.98411692900004],[140.9326278000001,76.01312897300005],[141.0009871750001,76.04743073100008],[141.2309676440001,76.05707428600005],[141.62468509200005,76.01312897300005],[141.51482181100005,76.05414459800005],[141.31006920700008,76.18447500200006],[141.7021590500001,76.12099844000005],[142.14568118600005,76.01190827000005],[142.5468856130001,75.86298248900005],[142.9287215500001,75.83222077000005],[143.05884850400003,75.80683014500005],[143.38559004,75.80707428600005],[143.35889733200008,75.83441803600005],[143.58480879,75.86981842700004],[143.68580162900003,75.86269765800006],[143.80225670700008,75.82904694200005],[143.858734571,75.84186432500007],[143.94711347700002,75.83478424700007],[144.1914168630001,75.76699453300006],[144.60962975400003,75.69847239800004],[144.72413170700008,75.69501373900005],[144.80982506600003,75.64423248900005],[145.174164259,75.60822174700007],[145.2763778000001,75.58344147300005],[145.39039147200003,75.51683177300004],[145.07195071700005,75.50063711100006],[144.72934004,75.43158600500004]]],[[[152.7734481130001,76.08340078300006],[152.55486087300005,76.13934967700004],[152.620453321,76.16941966400003],[152.82927493600005,76.19619375200006],[152.87769616000003,76.19122955900008],[152.86353600400003,76.16632721600007],[152.89079837300005,76.13446686400005],[152.85718834700003,76.10126373900005],[152.7734481130001,76.08340078300006]]],[[[149.255800625,76.63376798500008],[148.43178885200007,76.62932582800005],[148.46875551200003,76.65693777300004],[148.8667354600001,76.73399787000005],[149.45349656400003,76.76877913300007],[149.44397621200005,76.75049546700006],[149.26321830200004,76.71058331400008],[149.23821753200002,76.66795754600008],[149.26200151700004,76.64519143200005],[149.255800625,76.63376798500008]]],[[[156.52881920700008,77.12107982000003],[156.58863366000003,77.12555573100008],[156.67302493600005,77.09540436400005],[156.6533309250001,77.08417389500005],[156.49170983200008,77.09821198100008],[156.52881920700008,77.12107982000003]]]]}}]}
